data,bioma,sem_filtro_mean,erro_3k_mean,boa_mean,sem_filtro_count,erro_3k_count,boa_count
2000-02-18,Mata Atlântica,,,,0,0,0
2000-02-18,Cerrado,,,,0,0,0
2000-02-18,Caatinga,,,,0,0,0
2000-02-26,Mata Atlântica,27.08843902592325,27.08843902592325,28.523860651385387,58663,58663,3727
2000-02-26,Cerrado,27.947498435709246,27.947498435709246,28.9720935200074,59665,59665,17225
2000-02-26,Caatinga,28.97914822706828,28.97914822706828,29.834413429767956,296724,296724,92535
2000-03-05,Mata Atlântica,28.57850606187098,28.57850606187098,31.70867972168757,61917,61917,22919
2000-03-05,Cerrado,29.725097444773844,29.725097444773844,30.78659097647983,102809,102809,62462
2000-03-05,Caatinga,28.55308207193538,28.55308207193538,29.734420950266525,200027,200027,60548
2000-03-13,Mata Atlântica,28.749699218425285,28.749699218425285,28.96414444184359,126302,126302,69119
2000-03-13,Cerrado,28.53895420615072,28.53895420615072,28.77626275478015,114328,114328,42627
2000-03-13,Caatinga,29.525392846080575,29.525392846080575,29.58008626059117,411529,411529,284335
2000-03-21,Mata Atlântica,27.33591034375154,27.33591034375154,27.568235374061334,100144,100144,11917
2000-03-21,Cerrado,30.29426029778586,30.29426029778586,30.436234742034443,124029,124029,117765
2000-03-21,Caatinga,29.195558574763467,29.195558574763467,29.454606071395183,376215,376215,178822
2000-03-29,Mata Atlântica,26.072802171645815,26.072802171645815,27.1954814761344,76772,76772,6173
2000-03-29,Cerrado,28.81453778748826,28.81453778748826,29.57607692601723,112356,112356,49591
2000-03-29,Caatinga,28.500470083453205,28.500470083453205,29.233883731534856,279509,279509,91617
2000-04-06,Mata Atlântica,26.144011444169745,26.144011444169745,26.714992155731622,66965,66965,11612
2000-04-06,Cerrado,30.344422262825244,30.344422262825244,30.56665713840121,121599,121599,70695
2000-04-06,Caatinga,30.31723499610771,30.31723499610771,30.93059446827161,353324,353324,177902
2000-04-14,Mata Atlântica,26.885066162448737,26.885066162448737,27.96330167038066,97126,97126,27149
2000-04-14,Cerrado,29.634512929407954,29.634512929407954,30.894574291058554,100272,100272,39756
2000-04-14,Caatinga,29.48560699896299,29.48560699896299,30.815697490941908,297656,297656,105822
2000-04-22,Mata Atlântica,26.023473059638583,26.023473059638583,27.775994125462184,20848,20848,4885
2000-04-22,Cerrado,27.593384892217873,27.593384892217873,28.641026462788737,38743,38743,10562
2000-04-22,Caatinga,28.66061913424888,28.66061913424888,28.86991601761181,130397,130397,44522
2000-04-30,Mata Atlântica,25.644794328272546,25.644794328272546,26.81439647708723,108850,108850,37809
2000-04-30,Cerrado,29.761946299577176,29.761946299577176,29.78308818544079,123996,123996,120292
2000-04-30,Caatinga,29.579531646668055,29.579531646668055,30.416786216419446,369843,369843,228576
2000-05-08,Mata Atlântica,24.406661950145974,24.406661950145974,25.069840748260997,75560,75560,17655
2000-05-08,Cerrado,28.522346206148608,28.522346206148608,28.60290194885912,124024,124024,118454
2000-05-08,Caatinga,28.17644671444724,28.17644671444724,28.96222020620078,314355,314355,179511
2000-05-16,Mata Atlântica,26.57751459238981,26.57751459238981,26.81328717711377,118525,118525,80001
2000-05-16,Cerrado,30.286911265168317,30.286911265168317,30.323358070277493,124035,124035,120832
2000-05-16,Caatinga,31.09215592444745,31.09215592444745,31.389777254059954,396764,396764,312715
2000-05-24,Mata Atlântica,25.18540345665856,25.18540345665856,26.090839501560314,103700,103700,50535
2000-05-24,Cerrado,29.99976340962756,29.99976340962756,30.02342788562423,124035,124035,122107
2000-05-24,Caatinga,29.11394028380057,29.11394028380057,29.73060608180649,381701,381701,274032
2000-06-01,Mata Atlântica,25.263825810003013,25.263825810003013,25.85852614875709,110412,110412,69879
2000-06-01,Cerrado,29.433693896964904,29.433693896964904,29.452882733549046,124035,124035,123209
2000-06-01,Caatinga,30.00650733878615,30.00650733878615,30.488988143259974,389777,389777,295615
2000-06-09,Mata Atlântica,23.826132444154503,23.826132444154503,24.452065686011938,91388,91388,14163
2000-06-09,Cerrado,29.70544283942429,29.70544283942429,29.721422960306196,124035,124035,123493
2000-06-09,Caatinga,28.225418882708166,28.225418882708166,29.460713345929452,386224,386224,254800
2000-06-17,Mata Atlântica,24.213738526290594,24.213738526290594,26.080614386544234,90634,90634,25969
2000-06-17,Cerrado,30.369133698398254,30.369133698398254,30.372154058938,124035,124035,123915
2000-06-17,Caatinga,30.284434468873158,30.284434468873158,31.055342876489735,362301,362301,276515
2000-06-25,Mata Atlântica,24.673248227214792,24.673248227214792,25.234671739772658,120895,120895,49356
2000-06-25,Cerrado,30.070102853902227,30.070102853902227,30.06984119345596,124035,124035,124025
2000-06-25,Caatinga,28.756951947933892,28.756951947933892,29.414445079482107,413018,413018,323820
2000-07-03,Mata Atlântica,22.25325556139488,22.25325556139488,23.499716977677892,91874,91874,9683
2000-07-03,Cerrado,28.58867864020482,28.58867864020482,28.718279385835555,124031,124031,118013
2000-07-03,Caatinga,27.91004184020419,27.91004184020419,30.065103966589373,394455,394455,211517
2000-07-11,Mata Atlântica,24.33838286358038,24.33838286358038,24.534424515193965,120946,120946,59340
2000-07-11,Cerrado,30.31479777998349,30.31479777998349,30.328643089399037,124035,124035,123466
2000-07-11,Caatinga,30.210649413705582,30.210649413705582,30.599413001132994,411515,411515,342522
2000-07-19,Mata Atlântica,25.23550905973835,25.23550905973835,26.86454622953783,90706,90706,32388
2000-07-19,Cerrado,32.241882101685405,32.241882101685405,32.241629050929866,124035,124035,124023
2000-07-19,Caatinga,31.27931937084353,31.27931937084353,31.937896111926353,408139,408139,325866
2000-07-27,Mata Atlântica,23.08623269174528,23.08623269174528,23.594842434509,108496,108496,32318
2000-07-27,Cerrado,30.84219942972174,30.84219942972174,30.846457115697014,124035,124035,123894
2000-07-27,Caatinga,29.636073707680186,29.636073707680186,30.929457402222205,394391,394391,273499
2000-08-04,Mata Atlântica,25.61156867302621,25.61156867302621,26.314987153162345,84216,84216,56521
2000-08-04,Cerrado,31.798619704947182,31.798619704947182,32.13234005265427,121627,121627,113156
2000-08-04,Caatinga,32.89159118189362,32.89159118189362,33.82878150260948,264344,264344,216883
2000-08-12,Mata Atlântica,25.777410185049234,25.777410185049234,27.44611979200272,10231,10231,1899
2000-08-12,Cerrado,29.52240531999455,29.52240531999455,29.73872763405675,18874,18874,15805
2000-08-12,Caatinga,31.011905071570386,31.011905071570386,31.70179070514397,224050,224050,171306
2000-08-20,Mata Atlântica,26.256715829201163,26.256715829201163,27.95049376591068,107902,107902,47221
2000-08-20,Cerrado,35.16972231048439,35.16972231048439,35.169476836800904,124035,124035,124027
2000-08-20,Caatinga,33.72439331251392,33.72439331251392,35.00651044645214,398617,398617,301708
2000-08-28,Mata Atlântica,27.688630724809,27.688630724809,29.628991172732867,77234,77234,17641
2000-08-28,Cerrado,35.94890553838627,35.94890553838627,35.95630795311261,124035,124035,123129
2000-08-28,Caatinga,35.213056110941594,35.213056110941594,35.98074085248884,382293,382293,311803
2000-09-05,Mata Atlântica,24.962520098441356,24.962520098441356,25.323241757330837,35661,35661,3892
2000-09-05,Cerrado,33.825286425130756,33.825286425130756,33.85693229245963,123610,123610,106860
2000-09-05,Caatinga,34.38811443756487,34.38811443756487,35.33021588698617,250570,250570,173103
2000-09-13,Mata Atlântica,26.462814134781397,26.462814134781397,28.164640254945365,88373,88373,6639
2000-09-13,Cerrado,36.63640513609911,36.63640513609911,36.65103401741548,124035,124035,123421
2000-09-13,Caatinga,33.88228935326034,33.88228935326034,35.86565818270135,357036,357036,216034
2000-09-21,Mata Atlântica,28.59060269516263,28.59060269516263,31.057911091173175,125387,125387,43816
2000-09-21,Cerrado,37.654136411770565,37.654136411770565,37.65402470153474,124035,124035,124022
2000-09-21,Caatinga,36.538932244707496,36.538932244707496,37.27608535226174,414096,414096,323891
2000-09-29,Mata Atlântica,31.691391784581135,31.691391784581135,32.75438711083242,126244,126244,93986
2000-09-29,Cerrado,38.082672985416124,38.082672985416124,38.29938261423699,123796,123796,101992
2000-09-29,Caatinga,38.046221157365665,38.046221157365665,38.36266867511737,414219,414219,335678
2000-10-07,Mata Atlântica,30.368808863368457,30.368808863368457,32.788653930645744,117892,117892,18589
2000-10-07,Cerrado,38.28024023803751,38.28024023803751,38.279763063766715,124035,124035,124023
2000-10-07,Caatinga,38.24575051978096,38.24575051978096,38.771620215311195,414279,414279,327506
2000-10-15,Mata Atlântica,31.081726023029805,31.081726023029805,33.20488105934637,109699,109699,20528
2000-10-15,Cerrado,40.37776126448411,40.37776126448411,40.37907256712822,124035,124035,123979
2000-10-15,Caatinga,38.97348602488448,38.97348602488448,39.40088076785085,414828,414828,336491
2000-10-23,Mata Atlântica,31.53827174937849,31.53827174937849,33.786366350225045,87952,87952,31523
2000-10-23,Cerrado,39.17974579425344,39.17974579425344,39.681157451345705,101726,101726,74558
2000-10-23,Caatinga,39.99415250732474,39.99415250732474,41.21750734472846,322877,322877,189278
2000-10-31,Mata Atlântica,30.610742781384243,30.610742781384243,32.07112354878831,40945,40945,6676
2000-10-31,Cerrado,31.345475488113326,31.345475488113326,36.885130787339804,3060,3060,141
2000-10-31,Caatinga,40.48166904297499,40.48166904297499,41.21614699669189,244676,244676,154568
2000-11-08,Mata Atlântica,29.78298572318679,29.78298572318679,31.52221878011146,38672,38672,17179
2000-11-08,Cerrado,31.547607367829045,31.547607367829045,32.608578326461235,16563,16563,1208
2000-11-08,Caatinga,32.939178024637286,32.939178024637286,33.919415190484656,188278,188278,81281
2000-11-16,Mata Atlântica,29.151025013878755,29.151025013878755,30.4247414106558,109603,109603,11502
2000-11-16,Cerrado,34.010515946113365,34.010515946113365,33.92244303225942,124035,124035,112643
2000-11-16,Caatinga,31.56895026533157,31.56895026533157,32.32159123232084,395266,395266,235797
2000-11-24,Mata Atlântica,30.258269451787633,30.258269451787633,31.616061979846286,115338,115338,31064
2000-11-24,Cerrado,36.30654457277411,36.30654457277411,36.286625957414664,123180,123180,81840
2000-11-24,Caatinga,33.17127254712708,33.17127254712708,33.648784295790456,404312,404312,264137
2000-12-02,Mata Atlântica,31.083077343603392,31.083077343603392,32.16326895464097,23037,23037,6056
2000-12-02,Cerrado,30.72309299372022,30.72309299372022,32.76844308189437,15141,15141,1314
2000-12-02,Caatinga,34.625004967945756,34.625004967945756,37.08015600417158,217772,217772,86382
2000-12-10,Mata Atlântica,29.0932570715841,29.0932570715841,31.533972639761988,65248,65248,7207
2000-12-10,Cerrado,30.758512782048165,30.758512782048165,31.328079676224966,37554,37554,9806
2000-12-10,Caatinga,32.845883655625734,32.845883655625734,33.267480423218444,300255,300255,172906
2000-12-18,Mata Atlântica,29.813345979028398,29.813345979028398,31.07950008803314,107802,107802,39977
2000-12-18,Cerrado,31.05627273454759,31.05627273454759,31.460416413091323,120337,120337,78365
2000-12-18,Caatinga,29.0552214320257,29.0552214320257,29.39294506069656,394600,394600,206332
2000-12-26,Mata Atlântica,29.189709430925305,29.189709430925305,30.112428186614597,98835,98835,14099
2000-12-26,Cerrado,32.44717357402882,32.44717357402882,32.60570097158919,123792,123792,85652
2000-12-26,Caatinga,30.59632665387444,30.59632665387444,30.67874983575189,395036,395036,253831
2001-01-01,Mata Atlântica,29.795532352841747,29.795532352841747,30.497651511315123,113409,113409,32684
2001-01-01,Cerrado,29.485890947358826,29.485890947358826,30.068669596576253,117567,117567,56410
2001-01-01,Caatinga,29.627536317710806,29.627536317710806,29.924025967279654,407081,407081,276853
2001-01-09,Mata Atlântica,27.595915811617324,27.595915811617324,29.00356624762235,96297,96297,4859
2001-01-09,Cerrado,31.468696855587865,31.468696855587865,31.607757029795483,123979,123979,110492
2001-01-09,Caatinga,28.818694631435225,28.818694631435225,29.07816741316739,372207,372207,165289
2001-01-17,Mata Atlântica,29.857099328127763,29.857099328127763,30.6849203256382,121143,121143,14016
2001-01-17,Cerrado,32.59927232393291,32.59927232393291,33.0647910865468,118236,118236,76110
2001-01-17,Caatinga,30.986284993774138,30.986284993774138,30.846099455652276,397074,397074,228071
2001-01-25,Mata Atlântica,30.828148654731425,30.828148654731425,31.90013312142726,127858,127858,38060
2001-01-25,Cerrado,30.87584660539822,30.87584660539822,31.30139281746386,122184,122184,69286
2001-01-25,Caatinga,32.24565765987361,32.24565765987361,31.793463197089366,411591,411591,251555
2001-02-02,Mata Atlântica,33.19281071368522,33.19281071368522,34.533762586582355,126698,126698,68267
2001-02-02,Cerrado,31.844198175079608,31.844198175079608,33.101792321328254,123220,123220,61507
2001-02-02,Caatinga,33.88693079203715,33.88693079203715,34.03507802057836,413056,413056,304016
2001-02-10,Mata Atlântica,31.835716628386702,31.835716628386702,33.711557725440045,117123,117123,36073
2001-02-10,Cerrado,32.07236534517649,32.07236534517649,32.99511584969244,118970,118970,86918
2001-02-10,Caatinga,33.750192433844525,33.750192433844525,33.59657398850848,412292,412292,322014
2001-02-18,Mata Atlântica,32.147271285387404,32.147271285387404,32.64200336468386,101511,101511,17496
2001-02-18,Cerrado,30.574462013406947,30.574462013406947,30.734663652516666,121928,121928,101852
2001-02-18,Caatinga,34.101783606768784,34.101783606768784,33.98190323758813,368785,368785,243909
2001-02-26,Mata Atlântica,29.50450977953169,29.50450977953169,32.18696024802378,22049,22049,487
2001-02-26,Cerrado,30.705830380846628,30.705830380846628,31.072631304800755,108604,108604,50089
2001-02-26,Caatinga,32.56345129070648,32.56345129070648,32.63519315236378,295339,295339,146905
2001-03-06,Mata Atlântica,29.455233680186186,29.455233680186186,29.439276251742587,100162,100162,17657
2001-03-06,Cerrado,31.13780696378805,31.13780696378805,31.61447873642009,118854,118854,80994
2001-03-06,Caatinga,33.21863682612,33.21863682612,33.14844459568449,393582,393582,282642
2001-03-14,Mata Atlântica,28.469423101049717,28.469423101049717,30.053628635928664,111808,111808,24814
2001-03-14,Cerrado,29.066232445960885,29.066232445960885,29.83583084199661,121402,121402,63342
2001-03-14,Caatinga,28.85642138675172,28.85642138675172,29.31605761175054,343227,343227,144277
2001-03-22,Mata Atlântica,29.119596063155026,29.119596063155026,30.466964443534906,113276,113276,12370
2001-03-22,Cerrado,30.073484960917632,30.073484960917632,30.58466681817585,121772,121772,78715
2001-03-22,Caatinga,31.777588381661964,31.777588381661964,31.669174239882157,407051,407051,257853
2001-03-30,Mata Atlântica,26.562353931853625,26.562353931853625,28.91038134549609,81788,81788,3109
2001-03-30,Cerrado,30.70278722264257,30.70278722264257,30.881113281983293,124031,124031,105703
2001-03-30,Caatinga,31.324985846486285,31.324985846486285,31.539354701828568,388004,388004,229203
2001-04-07,Mata Atlântica,29.4121824514288,29.4121824514288,30.504443750464056,125993,125993,50100
2001-04-07,Cerrado,32.42894741129631,32.42894741129631,32.43272227439857,124035,124035,122295
2001-04-07,Caatinga,32.29501015613381,32.29501015613381,32.658789635415204,386232,386232,283948
2001-04-15,Mata Atlântica,28.563549478059766,28.563549478059766,30.188826244444275,96043,96043,33683
2001-04-15,Cerrado,29.39253458908254,29.39253458908254,30.104360146934997,80571,80571,37850
2001-04-15,Caatinga,32.12533437959222,32.12533437959222,32.6775406375645,242206,242206,81172
2001-04-23,Mata Atlântica,26.858740407516812,26.858740407516812,28.118235107777064,112755,112755,16604
2001-04-23,Cerrado,30.5839540421657,30.5839540421657,30.620367042616756,123936,123936,122708
2001-04-23,Caatinga,31.06772063900246,31.06772063900246,31.69188441019223,398671,398671,226190
2001-05-01,Mata Atlântica,27.584188156318287,27.584188156318287,28.56711831847484,125992,125992,58924
2001-05-01,Cerrado,31.963745525951534,31.963745525951534,32.013633586911155,124035,124035,121801
2001-05-01,Caatinga,32.85863178643921,32.85863178643921,33.230984722317444,409393,409393,324678
2001-05-09,Mata Atlântica,29.738660175851614,29.738660175851614,30.65551210668778,111637,111637,68671
2001-05-09,Cerrado,29.757591904536717,29.757591904536717,29.939934710687513,122641,122641,90042
2001-05-09,Caatinga,33.824495534526456,33.824495534526456,33.85632680668901,413750,413750,341034
2001-05-17,Mata Atlântica,27.31737629732045,27.31737629732045,27.670224700521334,128267,128267,66760
2001-05-17,Cerrado,30.591962602614196,30.591962602614196,30.609477241383296,124035,124035,122610
2001-05-17,Caatinga,32.61362977013617,32.61362977013617,32.807207195840604,414998,414998,351018
2001-05-25,Mata Atlântica,26.42327405199699,26.42327405199699,30.81799350760952,60621,60621,8886
2001-05-25,Cerrado,30.58149789887072,30.58149789887072,30.640136830015376,123615,123615,120622
2001-05-25,Caatinga,32.18139839000492,32.18139839000492,32.73703013679987,368548,368548,246616
2001-06-02,Mata Atlântica,24.586399290983863,24.586399290983863,25.698333617791786,115140,115140,11897
2001-06-02,Cerrado,30.085949320677734,30.085949320677734,30.11405648746418,124035,124035,123184
2001-06-02,Caatinga,30.042700731977703,30.042700731977703,31.237640720943126,395525,395525,241911
2001-06-10,Mata Atlântica,23.806891961515866,23.806891961515866,25.303711662435035,74338,74338,16527
2001-06-10,Cerrado,28.729695940759576,28.729695940759576,28.809398581844736,123522,123522,118519
2001-06-10,Caatinga,28.87124581807418,28.87124581807418,30.240475318821787,336560,336560,205359
2001-06-26,Mata Atlântica,,,,0,0,0
2001-06-26,Cerrado,,,,0,0,0
2001-06-26,Caatinga,,,,0,0,0
2001-07-04,Mata Atlântica,23.381762784634528,23.381762784634528,24.34020803037337,117078,117078,10416
2001-07-04,Cerrado,29.810669359857386,29.810669359857386,29.9072130131739,124023,124023,121426
2001-07-04,Caatinga,28.762925877893917,28.762925877893917,30.837556640812398,385257,385257,224755
2001-07-12,Mata Atlântica,24.65629747787104,24.65629747787104,25.562406427831892,115740,115740,40236
2001-07-12,Cerrado,29.752393184029355,29.752393184029355,29.770382063088288,124035,124035,123557
2001-07-12,Caatinga,29.470861230332225,29.470861230332225,30.654431638361537,385496,385496,277884
2001-07-20,Mata Atlântica,25.472009948942567,25.472009948942567,26.088217140275447,126963,126963,72030
2001-07-20,Cerrado,32.43239697762674,32.43239697762674,32.43716314155472,124035,124035,123838
2001-07-20,Caatinga,30.196848074359984,30.196848074359984,31.787440687253692,407349,407349,273853
2001-07-28,Mata Atlântica,23.80188644487896,23.80188644487896,25.308284260374393,97449,97449,16317
2001-07-28,Cerrado,29.50228256392193,29.50228256392193,29.709579169450777,124035,124035,114975
2001-07-28,Caatinga,29.5953739704872,29.5953739704872,30.974243822959163,412059,412059,236097
2001-08-05,Mata Atlântica,23.559610964301505,23.559610964301505,24.517350540114816,111090,111090,32851
2001-08-05,Cerrado,30.453043206417394,30.453043206417394,30.529900499005567,124034,124034,120139
2001-08-05,Caatinga,29.019914837002247,29.019914837002247,30.99685555108185,381449,381449,188617
2001-08-13,Mata Atlântica,22.964318349762106,22.964318349762106,24.33626732634296,104859,104859,11472
2001-08-13,Cerrado,31.852283580919785,31.852283580919785,31.920567943407345,123948,123948,122409
2001-08-13,Caatinga,29.964740951831473,29.964740951831473,32.53938407268951,372500,372500,217682
2001-08-21,Mata Atlântica,26.093342065179,26.093342065179,28.035214319715127,95316,95316,13001
2001-08-21,Cerrado,35.3951709768329,35.3951709768329,35.39874133189053,124035,124035,123869
2001-08-21,Caatinga,32.72495828359877,32.72495828359877,34.63953466036006,398144,398144,267425
2001-08-29,Mata Atlântica,25.806039203750487,25.806039203750487,28.494903449135045,93913,93913,8141
2001-08-29,Cerrado,35.198394605866426,35.198394605866426,35.20717168659456,124035,124035,123851
2001-08-29,Caatinga,33.240206826432306,33.240206826432306,34.99797137207016,340029,340029,243402
2001-09-06,Mata Atlântica,27.81150250907426,27.81150250907426,29.555204667198183,117249,117249,39836
2001-09-06,Cerrado,38.41215724613758,38.41215724613758,38.41333996084872,124035,124035,123984
2001-09-06,Caatinga,35.61226301045885,35.61226301045885,36.60925888436678,408553,408553,332858
2001-09-14,Mata Atlântica,27.734971456773437,27.734971456773437,29.325304501189933,86842,86842,35373
2001-09-14,Cerrado,35.35013398033982,35.35013398033982,35.34661756298337,124035,124035,122477
2001-09-14,Caatinga,35.68749978493641,35.68749978493641,35.77687552972249,413668,413668,378594
2001-09-22,Mata Atlântica,28.617685345358606,28.617685345358606,30.710300158198372,104159,104159,21401
2001-09-22,Cerrado,38.73189253099749,38.73189253099749,38.739558448577384,124035,124035,123225
2001-09-22,Caatinga,36.632264191328645,36.632264191328645,37.87033520535058,399255,399255,292398
2001-09-30,Mata Atlântica,31.772634431557663,31.772634431557663,33.0519782030016,121189,121189,71177
2001-09-30,Cerrado,40.74018448070872,40.74018448070872,40.81783420276691,123988,123988,115656
2001-09-30,Caatinga,39.80930085754594,39.80930085754594,39.84773803400901,415041,415041,388342
2001-10-08,Mata Atlântica,28.14248846466173,28.14248846466173,33.11329926018659,16996,16996,1962
2001-10-08,Cerrado,37.40892418012307,37.40892418012307,37.69731444933962,93872,93872,48898
2001-10-08,Caatinga,39.15666972247754,39.15666972247754,39.647276649310015,336968,336968,214799
2001-10-16,Mata Atlântica,29.592960971010893,29.592960971010893,30.642424266453517,36867,36867,1907
2001-10-16,Cerrado,32.72382316682755,32.72382316682755,33.30320811549016,79153,79153,29921
2001-10-16,Caatinga,38.01963521765431,38.01963521765431,39.091970529930386,306276,306276,166415
2001-10-24,Mata Atlântica,28.216391590334165,28.216391590334165,29.702180891169057,109958,109958,21199
2001-10-24,Cerrado,36.71293456391433,36.71293456391433,36.72442292017314,124035,124035,120422
2001-10-24,Caatinga,36.286254063011924,36.286254063011924,36.682065924082096,393120,393120,313063
2001-11-01,Mata Atlântica,31.113326007692546,31.113326007692546,33.83397079004939,78826,78826,21015
2001-11-01,Cerrado,34.74512372238911,34.74512372238911,35.08020540653521,96200,96200,40974
2001-11-01,Caatinga,39.15600544207202,39.15600544207202,39.70265701722618,394094,394094,299801
2001-11-09,Mata Atlântica,31.33516546165027,31.33516546165027,33.07191528366851,120831,120831,49483
2001-11-09,Cerrado,36.425553250759634,36.425553250759634,36.84585986930951,119249,119249,82395
2001-11-09,Caatinga,39.391346656123694,39.391346656123694,39.48409906876945,414049,414049,342227
2001-11-17,Mata Atlântica,32.344762345807105,32.344762345807105,33.241356627277355,87524,87524,18983
2001-11-17,Cerrado,33.233263235763104,33.233263235763104,33.615270548438694,49662,49662,25302
2001-11-17,Caatinga,39.19685051196116,39.19685051196116,39.16984695771261,393143,393143,303528
2001-11-25,Mata Atlântica,30.616381887474994,30.616381887474994,32.37452400619872,78757,78757,13339
2001-11-25,Cerrado,31.90560301437761,31.90560301437761,32.873194123950015,83496,83496,35435
2001-11-25,Caatinga,36.74444272455222,36.74444272455222,36.74548459029438,300882,300882,151747
2001-12-03,Mata Atlântica,28.919870457725658,28.919870457725658,29.74659942653416,109740,109740,11021
2001-12-03,Cerrado,32.82295827575816,32.82295827575816,32.706957133522344,124026,124026,108943
2001-12-03,Caatinga,33.05526424464744,33.05526424464744,32.88353501738541,372785,372785,158433
2001-12-11,Mata Atlântica,28.45008643750545,28.45008643750545,30.628541936646712,78989,78989,5751
2001-12-11,Cerrado,35.128692304318406,35.128692304318406,35.10939161493179,123879,123879,105360
2001-12-11,Caatinga,34.49391247645366,34.49391247645366,34.294288464151585,375443,375443,211271
2001-12-19,Mata Atlântica,31.816296072981626,31.816296072981626,33.29032376534877,110059,110059,31877
2001-12-19,Cerrado,31.8822259671685,31.8822259671685,32.139281762084075,104802,104802,65447
2001-12-19,Caatinga,34.56353980355776,34.56353980355776,34.558335810144484,373132,373132,218879
2001-12-27,Mata Atlântica,27.96843692036743,27.96843692036743,31.417273898168684,9956,9956,317
2001-12-27,Cerrado,31.507290360691616,31.507290360691616,31.68713665947692,39479,39479,21815
2001-12-27,Caatinga,35.84001770415634,35.84001770415634,36.46865845832002,225020,225020,145681
2002-01-01,Mata Atlântica,26.432027679343,26.432027679343,29.729764782530584,11959,11959,715
2002-01-01,Cerrado,28.241200205148747,28.241200205148747,30.34103302229466,17689,17689,2389
2002-01-01,Caatinga,26.807008825628127,26.807008825628127,28.256947699108885,41129,41129,7618
2002-01-09,Mata Atlântica,26.831060065153416,26.831060065153416,28.494807071269506,51275,51275,1716
2002-01-09,Cerrado,26.048167300056654,26.048167300056654,26.34334875640376,49440,49440,5634
2002-01-09,Caatinga,26.470890749160024,26.470890749160024,27.35254196401122,161485,161485,16931
2002-01-17,Mata Atlântica,27.41245580543281,27.41245580543281,30.045475870788838,94462,94462,8360
2002-01-17,Cerrado,29.643417499812543,29.643417499812543,30.665874049147433,123341,123341,62273
2002-01-17,Caatinga,27.646558667774794,27.646558667774794,28.5711850289854,366870,366870,141218
2002-01-25,Mata Atlântica,29.633106570315707,29.633106570315707,30.325409107108523,127886,127886,42624
2002-01-25,Cerrado,30.528834429715086,30.528834429715086,30.611451319002388,122445,122445,64977
2002-01-25,Caatinga,29.742519652991447,29.742519652991447,29.93807157758455,413817,413817,287875
2002-02-02,Mata Atlântica,28.268771323959637,28.268771323959637,30.583666167731817,65028,65028,13361
2002-02-02,Cerrado,25.58184320430222,25.58184320430222,27.46020085820578,25003,25003,2902
2002-02-02,Caatinga,28.874761303924597,28.874761303924597,29.769029331745028,246026,246026,108038
2002-02-10,Mata Atlântica,28.332890119549756,28.332890119549756,28.76592434150006,120467,120467,17395
2002-02-10,Cerrado,29.4209257857506,29.4209257857506,29.874395204126095,123978,123978,56653
2002-02-10,Caatinga,28.351425292589592,28.351425292589592,28.599599755072614,409749,409749,261003
2002-02-18,Mata Atlântica,29.849276574851565,29.849276574851565,30.607521419420117,127915,127915,73811
2002-02-18,Cerrado,31.314850340992592,31.314850340992592,31.46726098963158,124035,124035,111141
2002-02-18,Caatinga,30.2675726358029,30.2675726358029,30.35330323900009,414947,414947,316199
2002-02-26,Mata Atlântica,28.707475904598468,28.707475904598468,29.045715939626895,103092,103092,12751
2002-02-26,Cerrado,31.554163843778877,31.554163843778877,31.650495394578066,124031,124031,118897
2002-02-26,Caatinga,29.40590826554034,29.40590826554034,29.805821101669633,383231,383231,197091
2002-03-06,Mata Atlântica,26.423708029282743,26.423708029282743,27.292992543672806,65072,65072,1136
2002-03-06,Cerrado,32.091558959417675,32.091558959417675,32.37554243234803,123598,123598,87092
2002-03-06,Caatinga,30.41180696943948,30.41180696943948,31.242297571556573,345596,345596,196510
2002-03-14,Mata Atlântica,28.75897631031395,28.75897631031395,30.05899156571838,100261,100261,15107
2002-03-14,Cerrado,31.85967369232485,31.85967369232485,32.35438670758039,115161,115161,84012
2002-03-14,Caatinga,31.868119945436394,31.868119945436394,32.93315420955127,366752,366752,196552
2002-03-22,Mata Atlântica,24.475121845100755,24.475121845100755,26.465883306320954,2881,2881,10
2002-03-22,Cerrado,30.549348838417945,30.549348838417945,30.71791256174392,112619,112619,102465
2002-03-22,Caatinga,29.639132583741034,29.639132583741034,30.106098259450434,75853,75853,38436
2002-03-30,Mata Atlântica,27.175520252745574,27.175520252745574,28.063879283901013,101372,101372,10054
2002-03-30,Cerrado,31.09759567968139,31.09759567968139,31.288910307017826,122022,122022,106659
2002-03-30,Caatinga,31.19563018651216,31.19563018651216,32.208180488913754,362398,362398,176132
2002-04-07,Mata Atlântica,28.618874108714525,28.618874108714525,29.799010208170177,105571,105571,39178
2002-04-07,Cerrado,30.056666838700554,30.056666838700554,30.830152643813022,111862,111862,62691
2002-04-07,Caatinga,31.21971575018556,31.21971575018556,31.698986561866704,254358,254358,87759
2002-04-15,Mata Atlântica,26.83936312861366,26.83936312861366,27.51736927656922,102802,102802,21630
2002-04-15,Cerrado,30.610144140912823,30.610144140912823,30.700144451019373,123951,123951,120007
2002-04-15,Caatinga,30.465045707391415,30.465045707391415,31.058336656872513,405626,405626,230742
2002-04-23,Mata Atlântica,26.956361867512218,26.956361867512218,27.33937652003987,116012,116012,27653
2002-04-23,Cerrado,31.058659807448237,31.058659807448237,31.12333979851311,124035,124035,121647
2002-04-23,Caatinga,31.019313024287193,31.019313024287193,31.589191146027094,410951,410951,287241
2002-05-01,Mata Atlântica,27.54383082333868,27.54383082333868,29.31457416617144,118610,118610,25789
2002-05-01,Cerrado,31.902243324283745,31.902243324283745,31.909397263679615,124035,124035,122280
2002-05-01,Caatinga,32.25291078880478,32.25291078880478,32.527106146905986,409216,409216,344168
2002-05-09,Mata Atlântica,25.312028147013528,25.312028147013528,25.714457130039836,90716,90716,6473
2002-05-09,Cerrado,31.183040950032616,31.183040950032616,31.23649892762018,124035,124035,121426
2002-05-09,Caatinga,30.08347056190761,30.08347056190761,31.43104822944843,390482,390482,233103
2002-05-17,Mata Atlântica,27.040170326709678,27.040170326709678,27.551478464298253,118858,118858,60728
2002-05-17,Cerrado,32.18978606614069,32.18978606614069,32.214240108211335,124035,124035,121976
2002-05-17,Caatinga,31.403611473963785,31.403611473963785,31.854487514982083,398006,398006,303467
2002-05-25,Mata Atlântica,25.240991490576377,25.240991490576377,25.456255066558562,124953,124953,84188
2002-05-25,Cerrado,28.973004798326755,28.973004798326755,28.977935734994468,124035,124035,123853
2002-05-25,Caatinga,28.93129160822453,28.93129160822453,29.255124426739588,398001,398001,326992
2002-06-02,Mata Atlântica,24.515313700963926,24.515313700963926,24.9509430023291,98588,98588,21679
2002-06-02,Cerrado,30.077234456449794,30.077234456449794,30.114174253469795,124035,124035,123016
2002-06-02,Caatinga,29.635677248095615,29.635677248095615,30.80229519503356,405611,405611,236973
2002-06-10,Mata Atlântica,24.28983091169637,24.28983091169637,25.22314527846559,111969,111969,20321
2002-06-10,Cerrado,30.29911169501411,30.29911169501411,30.310044283114365,124035,124035,123726
2002-06-10,Caatinga,28.811052030339326,28.811052030339326,30.553609520262505,352429,352429,213929
2002-06-18,Mata Atlântica,23.26219753649128,23.26219753649128,24.878504952121386,88151,88151,13576
2002-06-18,Cerrado,28.09080775350372,28.09080775350372,28.176154432191144,123998,123998,114311
2002-06-18,Caatinga,27.55547569654507,27.55547569654507,29.205107319431868,365906,365906,205911
2002-06-26,Mata Atlântica,22.765264460093437,22.765264460093437,23.52062011362776,102541,102541,16226
2002-06-26,Cerrado,30.083542463093362,30.083542463093362,30.137065210270965,124035,124035,122673
2002-06-26,Caatinga,28.344892479592193,28.344892479592193,30.455384905956205,341422,341422,212502
2002-07-04,Mata Atlântica,23.99023839354486,23.99023839354486,24.428896897418653,126768,126768,54266
2002-07-04,Cerrado,30.89441557682637,30.89441557682637,30.921346821969955,124035,124035,123430
2002-07-04,Caatinga,29.558351821803665,29.558351821803665,30.313408430770988,413877,413877,321970
2002-07-12,Mata Atlântica,24.575612752794036,24.575612752794036,25.436842949350165,89241,89241,30829
2002-07-12,Cerrado,31.92076030917718,31.92076030917718,31.922883928516036,124035,124035,123934
2002-07-12,Caatinga,31.063973913631237,31.063973913631237,31.64948572613156,387619,387619,314615
2002-07-20,Mata Atlântica,23.51425123893645,23.51425123893645,24.56135528319292,85738,85738,18569
2002-07-20,Cerrado,31.176857767596662,31.176857767596662,31.18982055806138,124035,124035,123544
2002-07-20,Caatinga,30.24468586058839,30.24468586058839,31.652885578414836,347627,347627,226154
2002-07-28,Mata Atlântica,25.092726615342528,25.092726615342528,26.241978356476615,117753,117753,23781
2002-07-28,Cerrado,33.2665632997305,33.2665632997305,33.266378980873256,124035,124035,124027
2002-07-28,Caatinga,31.143145690580862,31.143145690580862,32.77899497453653,408223,408223,269112
2002-08-05,Mata Atlântica,25.634682116951332,25.634682116951332,27.357970481074005,123561,123561,29630
2002-08-05,Cerrado,34.08915594759736,34.08915594759736,34.08884457811782,124035,124035,124024
2002-08-05,Caatinga,31.77202421739063,31.77202421739063,33.25644181342712,407935,407935,283482
2002-08-13,Mata Atlântica,24.31815303036516,24.31815303036516,25.53619266026205,119611,119611,29192
2002-08-13,Cerrado,33.15362376048936,33.15362376048936,33.19216921442268,124035,124035,122757
2002-08-13,Caatinga,30.44149902421125,30.44149902421125,32.360815206743474,379462,379462,221695
2002-08-21,Mata Atlântica,23.55872734614539,23.55872734614539,25.578501622687842,100514,100514,7706
2002-08-21,Cerrado,33.33911142188781,33.33911142188781,33.391221366212605,124034,124034,123011
2002-08-21,Caatinga,30.54822116378802,30.54822116378802,32.9491640072821,400755,400755,229040
2002-08-29,Mata Atlântica,27.587152470858754,27.587152470858754,29.053148002172474,98393,98393,49302
2002-08-29,Cerrado,36.62217384482872,36.62217384482872,36.62232973368766,124035,124035,123953
2002-08-29,Caatinga,35.26664708234314,35.26664708234314,35.479161894242196,407422,407422,365474
2002-09-06,Mata Atlântica,26.373327729582453,26.373327729582453,29.05070610359205,100571,100571,21351
2002-09-06,Cerrado,35.78227746212034,35.78227746212034,35.87207367699537,124035,124035,120239
2002-09-06,Caatinga,34.4791076378187,34.4791076378187,35.80266150123623,405052,405052,275323
2002-09-14,Mata Atlântica,27.29358708678428,27.29358708678428,29.491993821599664,92909,92909,15695
2002-09-14,Cerrado,38.06454283324324,38.06454283324324,38.06436881785069,124035,124035,124021
2002-09-14,Caatinga,36.163622759624104,36.163622759624104,36.79285242574189,409068,409068,331158
2002-09-22,Mata Atlântica,27.87438273486349,27.87438273486349,30.676564785731667,73711,73711,15404
2002-09-22,Cerrado,35.476404285043635,35.476404285043635,35.77367924305722,119818,119818,88708
2002-09-22,Caatinga,36.51018620912852,36.51018620912852,37.278984823262846,370630,370630,249492
2002-09-30,Mata Atlântica,28.584252903372967,28.584252903372967,30.06729112759788,118470,118470,29603
2002-09-30,Cerrado,39.14688334211211,39.14688334211211,39.1664412213267,124035,124035,122532
2002-09-30,Caatinga,36.89655798941884,36.89655798941884,37.43446791923617,411332,411332,320742
2002-10-08,Mata Atlântica,29.380731115786265,29.380731115786265,30.9185071429612,121350,121350,14441
2002-10-08,Cerrado,40.7371083642499,40.7371083642499,40.73805089124674,124035,124035,124011
2002-10-08,Caatinga,36.53909679123978,36.53909679123978,37.518463474151886,378395,378395,262223
2002-10-16,Mata Atlântica,30.758416186780767,30.758416186780767,32.952375010960274,117566,117566,44689
2002-10-16,Cerrado,41.53812651546883,41.53812651546883,41.5067741275593,124035,124035,121149
2002-10-16,Caatinga,38.86678720203102,38.86678720203102,38.842590819479305,413349,413349,349429
2002-10-24,Mata Atlântica,31.801407271058764,31.801407271058764,34.063218694147885,94477,94477,26614
2002-10-24,Cerrado,41.86325387070976,41.86325387070976,41.91578088613168,124025,124025,114342
2002-10-24,Caatinga,39.99048405285608,39.99048405285608,39.8945803198809,414740,414740,370677
2002-11-01,Mata Atlântica,33.24664557491151,33.24664557491151,37.833474291864015,25351,25351,6095
2002-11-01,Cerrado,34.36939516096185,34.36939516096185,34.50635289384983,61021,61021,12685
2002-11-01,Caatinga,39.84896129402098,39.84896129402098,40.84721944720108,235294,235294,124999
2002-11-09,Mata Atlântica,29.53207475864287,29.53207475864287,31.44929554688782,111090,111090,12687
2002-11-09,Cerrado,38.109327978063114,38.109327978063114,38.15399271677009,124035,124035,122233
2002-11-09,Caatinga,36.45347589873481,36.45347589873481,36.22472917257125,412365,412365,324330
2002-11-17,Mata Atlântica,32.02668351884933,32.02668351884933,33.876947156693035,67501,67501,18811
2002-11-17,Cerrado,39.724648957980065,39.724648957980065,39.53639002263247,124035,124035,101286
2002-11-17,Caatinga,37.91605176757143,37.91605176757143,37.25058752369282,405129,405129,301297
2002-11-25,Mata Atlântica,32.342131405125244,32.342131405125244,33.446510562439876,122362,122362,23718
2002-11-25,Cerrado,39.5391760655328,39.5391760655328,39.442824070772915,124035,124035,118901
2002-11-25,Caatinga,37.99074854069031,37.99074854069031,38.37888462436249,392206,392206,254790
2002-12-03,Mata Atlântica,33.87730055461979,33.87730055461979,35.38681535417451,93916,93916,21376
2002-12-03,Cerrado,39.145857029597025,39.145857029597025,38.91342413188418,123068,123068,90328
2002-12-03,Caatinga,39.617538154140796,39.617538154140796,39.23427917526744,410650,410650,346055
2002-12-11,Mata Atlântica,32.87598014493807,32.87598014493807,34.36797007348759,114693,114693,46698
2002-12-11,Cerrado,32.311464352546515,32.311464352546515,32.57364190798971,46583,46583,12138
2002-12-11,Caatinga,35.02620649819214,35.02620649819214,35.13620811630151,383527,383527,207444
2002-12-19,Mata Atlântica,33.66088674109714,33.66088674109714,34.294044965531945,126609,126609,61092
2002-12-19,Cerrado,33.836887319975865,33.836887319975865,33.865428309408074,123382,123382,83906
2002-12-19,Caatinga,36.51892951574959,36.51892951574959,36.19675887318596,413640,413640,325100
2002-12-27,Mata Atlântica,29.820923190903873,29.820923190903873,31.001210847909714,19295,19295,716
2002-12-27,Cerrado,25.02995248383512,25.02995248383512,26.90285714285717,1046,1046,28
2002-12-27,Caatinga,31.58269696003275,31.58269696003275,33.37944109981258,64513,64513,9624
2003-01-01,Mata Atlântica,31.481889312543128,31.481889312543128,32.98600666022099,103535,103535,47184
2003-01-01,Cerrado,30.582243867532963,30.582243867532963,31.43645061650624,85729,85729,28299
2003-01-01,Caatinga,33.69440639995711,33.69440639995711,34.71603215580568,397875,397875,268190
2003-01-09,Mata Atlântica,32.85453521105002,32.85453521105002,33.151845843508006,116857,116857,81202
2003-01-09,Cerrado,32.37004453248624,32.37004453248624,32.819848870309166,114401,114401,89524
2003-01-09,Caatinga,34.591569279026274,34.591569279026274,34.065424025768834,412528,412528,324330
2003-01-17,Mata Atlântica,30.051106759448555,30.051106759448555,30.971984409797425,84004,84004,16972
2003-01-17,Cerrado,29.534577728125306,29.534577728125306,30.423533862310986,114843,114843,59868
2003-01-17,Caatinga,28.973133002052514,28.973133002052514,29.252151763110884,277387,277387,128165
2003-01-25,Mata Atlântica,30.633457036887087,30.633457036887087,31.183747381821323,97512,97512,16752
2003-01-25,Cerrado,29.83934123722641,29.83934123722641,30.528879362536795,122351,122351,63894
2003-01-25,Caatinga,29.44602379537671,29.44602379537671,29.28615239924952,316898,316898,151817
2003-02-02,Mata Atlântica,29.107200765010635,29.107200765010635,30.66621480281687,99778,99778,12326
2003-02-02,Cerrado,30.976600318600028,30.976600318600028,30.944695976200244,124035,124035,110621
2003-02-02,Caatinga,31.040864595001963,31.040864595001963,30.59093506171311,400885,400885,246407
2003-02-10,Mata Atlântica,29.837014103288574,29.837014103288574,31.554720762482688,86565,86565,13994
2003-02-10,Cerrado,33.18587961382961,33.18587961382961,34.19843135348941,109955,109955,71897
2003-02-10,Caatinga,31.915557738412577,31.915557738412577,32.541672518934895,296889,296889,106930
2003-02-18,Mata Atlântica,29.493897394414255,29.493897394414255,30.31189475027557,95517,95517,15581
2003-02-18,Cerrado,29.205207420766307,29.205207420766307,30.342314262811282,104446,104446,53825
2003-02-18,Caatinga,31.834688258880327,31.834688258880327,32.327478187964644,301591,301591,149430
2003-02-26,Mata Atlântica,32.419423642138426,32.419423642138426,35.18664628801958,101620,101620,36140
2003-02-26,Cerrado,31.181253111018687,31.181253111018687,31.96123332297157,111480,111480,89370
2003-02-26,Caatinga,34.53378397786999,34.53378397786999,34.95015723196138,403991,403991,311091
2003-03-06,Mata Atlântica,31.884061506755042,31.884061506755042,33.79985239708709,113213,113213,17921
2003-03-06,Cerrado,31.484757880975586,31.484757880975586,32.19434552445139,116378,116378,66973
2003-03-06,Caatinga,34.5346638410004,34.5346638410004,34.399806496911275,396849,396849,182553
2003-03-14,Mata Atlântica,31.838013961248727,31.838013961248727,34.13421895191068,108445,108445,30872
2003-03-14,Cerrado,30.013680467499324,30.013680467499324,30.616264663913658,117289,117289,70524
2003-03-14,Caatinga,33.437799663689525,33.437799663689525,33.38148987011226,335486,335486,162774
2003-03-22,Mata Atlântica,29.295208923758835,29.295208923758835,30.043184077314518,82908,82908,5628
2003-03-22,Cerrado,27.76107908905548,27.76107908905548,28.03236929601116,70116,70116,12496
2003-03-22,Caatinga,29.968784065699666,29.968784065699666,29.824580424788365,355310,355310,95432
2003-03-30,Mata Atlântica,31.552489718663345,31.552489718663345,32.68209312137399,120144,120144,31294
2003-03-30,Cerrado,29.203085083094113,29.203085083094113,29.476187441723482,116060,116060,61368
2003-03-30,Caatinga,32.299697632438765,32.299697632438765,31.933845082467364,390391,390391,229349
2003-04-07,Mata Atlântica,30.4517973512095,30.4517973512095,32.434536598097466,106937,106937,25464
2003-04-07,Cerrado,29.336956326586574,29.336956326586574,30.027684806436806,123254,123254,62168
2003-04-07,Caatinga,32.36076405486932,32.36076405486932,32.27457080691582,408443,408443,251338
2003-04-15,Mata Atlântica,27.23237122377631,27.23237122377631,28.204721087467366,79332,79332,6815
2003-04-15,Cerrado,30.010395905249734,30.010395905249734,30.032255582800463,124035,124035,115680
2003-04-15,Caatinga,31.03501644834472,31.03501644834472,30.905219814440674,385398,385398,221757
2003-04-23,Mata Atlântica,27.252104342506975,27.252104342506975,28.64415090979057,109506,109506,23921
2003-04-23,Cerrado,31.0640557208052,31.0640557208052,31.08437583104324,124035,124035,122599
2003-04-23,Caatinga,32.17546038252138,32.17546038252138,32.212806211920395,380056,380056,267787
2003-05-01,Mata Atlântica,29.9515659980197,29.9515659980197,30.716257017450832,126088,126088,77512
2003-05-01,Cerrado,30.706590231613813,30.706590231613813,31.01826848213771,120057,120057,85361
2003-05-01,Caatinga,33.15014551548854,33.15014551548854,33.659718358145966,408506,408506,311723
2003-05-09,Mata Atlântica,25.355152370992357,25.355152370992357,26.383352871977966,57113,57113,4378
2003-05-09,Cerrado,28.55355524457658,28.55355524457658,28.673331005189606,124024,124024,112258
2003-05-09,Caatinga,29.669317680329314,29.669317680329314,30.33168605357992,368524,368524,224716
2003-05-17,Mata Atlântica,26.115098576982227,26.115098576982227,26.477170383794597,119036,119036,57560
2003-05-17,Cerrado,30.48581248784308,30.48581248784308,30.48602699061256,124035,124035,124007
2003-05-17,Caatinga,29.926287755999443,29.926287755999443,30.51169854992412,389459,389459,291161
2003-05-25,Mata Atlântica,27.645886361745898,27.645886361745898,28.33954740341513,95023,95023,59929
2003-05-25,Cerrado,30.174590498933927,30.174590498933927,30.24400792075471,123936,123936,109458
2003-05-25,Caatinga,31.383932079267343,31.383932079267343,31.885334046268138,363006,363006,258942
2003-06-02,Mata Atlântica,24.863436815197158,24.863436815197158,26.24392093333555,113373,113373,14062
2003-06-02,Cerrado,29.523494117963775,29.523494117963775,29.61300371359774,123616,123616,120676
2003-06-02,Caatinga,28.648187960258138,28.648187960258138,30.904820316127843,350576,350576,169375
2003-06-10,Mata Atlântica,25.80465630827208,25.80465630827208,26.028638284585586,127822,127822,65869
2003-06-10,Cerrado,29.425878466862624,29.425878466862624,29.425675837047503,124035,124035,124025
2003-06-10,Caatinga,29.209058704083272,29.209058704083272,30.001101440653215,403198,403198,295495
2003-06-18,Mata Atlântica,25.78702444182191,25.78702444182191,26.43051374894004,116143,116143,52226
2003-06-18,Cerrado,29.817547154208512,29.817547154208512,29.822663576172616,124035,124035,123754
2003-06-18,Caatinga,29.769739259568546,29.769739259568546,30.717083482731386,380008,380008,265299
2003-06-26,Mata Atlântica,25.307872057847284,25.307872057847284,25.547475404207482,123671,123671,62251
2003-06-26,Cerrado,30.170352379086278,30.170352379086278,30.170071222795375,124035,124035,124023
2003-06-26,Caatinga,28.642554965397544,28.642554965397544,30.135055495842792,393227,393227,247933
2003-07-04,Mata Atlântica,26.26859198762243,26.26859198762243,26.956629231858617,126400,126400,62040
2003-07-04,Cerrado,30.75702659208671,30.75702659208671,30.75681010697619,124035,124035,124026
2003-07-04,Caatinga,30.023855118320647,30.023855118320647,30.90892725745699,414454,414454,303401
2003-07-12,Mata Atlântica,23.487440869555776,23.487440869555776,24.129409143824194,104895,104895,18374
2003-07-12,Cerrado,29.650800454894437,29.650800454894437,29.67004272833665,124035,124035,123232
2003-07-12,Caatinga,28.07439968495119,28.07439968495119,30.153230592276408,350133,350133,202421
2003-07-20,Mata Atlântica,23.480840263474075,23.480840263474075,24.43654035616039,96413,96413,14593
2003-07-20,Cerrado,29.885306664259193,29.885306664259193,29.9467827030408,124035,124035,121678
2003-07-20,Caatinga,28.12222474873129,28.12222474873129,30.327700375047343,372873,372873,199857
2003-07-28,Mata Atlântica,23.82904701431731,23.82904701431731,24.940673567210556,105289,105289,12969
2003-07-28,Cerrado,31.219259579157782,31.219259579157782,31.287861773627505,124035,124035,122349
2003-07-28,Caatinga,29.523187393372606,29.523187393372606,31.614183720253575,399412,399412,241375
2003-08-05,Mata Atlântica,25.91673400002292,25.91673400002292,27.386849688282833,122998,122998,44595
2003-08-05,Cerrado,33.658306733722995,33.658306733722995,33.65925477948383,124035,124035,124003
2003-08-05,Caatinga,31.23741749440354,31.23741749440354,32.870458157397834,395355,395355,274885
2003-08-13,Mata Atlântica,25.304141115395957,25.304141115395957,27.26419266321449,64898,64898,13691
2003-08-13,Cerrado,33.35035741927192,33.35035741927192,33.482065615606885,124035,124035,115961
2003-08-13,Caatinga,32.64328050046684,32.64328050046684,34.161628890999665,385013,385013,266410
2003-08-21,Mata Atlântica,27.352726022805356,27.352726022805356,29.98002678504292,96469,96469,30105
2003-08-21,Cerrado,34.63644844368788,34.63644844368788,34.67611473674674,124035,124035,122780
2003-08-21,Caatinga,33.2694845776929,33.2694845776929,34.670963704432836,366333,366333,270643
2003-08-29,Mata Atlântica,25.010156796296997,25.010156796296997,26.301466221151212,48649,48649,4604
2003-08-29,Cerrado,33.57136026857347,33.57136026857347,33.64664504354372,124015,124015,117713
2003-08-29,Caatinga,32.78739236852811,32.78739236852811,34.69919180527116,352068,352068,210414
2003-09-06,Mata Atlântica,26.453108959870214,26.453108959870214,29.573869108138698,98799,98799,16312
2003-09-06,Cerrado,35.59642796837985,35.59642796837985,35.60262249077565,124035,124035,123893
2003-09-06,Caatinga,33.428425081626784,33.428425081626784,35.356981577739276,372306,372306,256550
2003-09-14,Mata Atlântica,27.435538016486202,27.435538016486202,30.552864039311064,105258,105258,22420
2003-09-14,Cerrado,37.237624438135285,37.237624438135285,37.24466987667352,124035,124035,123841
2003-09-14,Caatinga,35.16479558465277,35.16479558465277,37.07981691694565,390299,390299,255502
2003-09-22,Mata Atlântica,30.837348000055602,30.837348000055602,32.744163727037886,126493,126493,70108
2003-09-22,Cerrado,40.35227705286042,40.35227705286042,40.35244467226374,124035,124035,123982
2003-09-22,Caatinga,38.953674845979975,38.953674845979975,39.185431665004366,414620,414620,373024
2003-09-30,Mata Atlântica,29.454930141612017,29.454930141612017,32.78302679966347,95518,95518,21877
2003-09-30,Cerrado,37.73841975036714,37.73841975036714,37.772835667221514,124035,124035,121526
2003-09-30,Caatinga,37.99873206243055,37.99873206243055,38.51337851966105,408434,408434,320951
2003-10-08,Mata Atlântica,31.473249865200064,31.473249865200064,33.67733313843507,120860,120860,36777
2003-10-08,Cerrado,40.21774510359062,40.21774510359062,40.27298763624759,124031,124031,113103
2003-10-08,Caatinga,38.85384705633023,38.85384705633023,39.21626505012327,414363,414363,325862
2003-10-16,Mata Atlântica,33.47397736515205,33.47397736515205,35.27018129118609,123342,123342,78051
2003-10-16,Cerrado,37.758918489412686,37.758918489412686,37.81282234112332,124035,124035,113860
2003-10-16,Caatinga,39.84320350833046,39.84320350833046,39.88811192307308,413306,413306,372207
2003-10-24,Mata Atlântica,31.042240670827855,31.042240670827855,33.99798465041024,71748,71748,6826
2003-10-24,Cerrado,37.76400505974294,37.76400505974294,37.904589610899514,123315,123315,96230
2003-10-24,Caatinga,38.74982588007115,38.74982588007115,39.2033765063865,367703,367703,251625
2003-11-01,Mata Atlântica,29.873369997545453,29.873369997545453,30.928108066513488,26044,26044,2238
2003-11-01,Cerrado,36.49238448613458,36.49238448613458,37.57132084368917,22440,22440,4945
2003-11-01,Caatinga,39.99121871601761,39.99121871601761,40.58300588314302,236146,236146,127417
2003-11-09,Mata Atlântica,31.63760745487225,31.63760745487225,34.30672659185804,115914,115914,37449
2003-11-09,Cerrado,35.30571137934842,35.30571137934842,35.37815557722647,123896,123896,110620
2003-11-09,Caatinga,36.2271346278189,36.2271346278189,36.55324268224646,405351,405351,316180
2003-11-17,Mata Atlântica,32.41497490849311,32.41497490849311,34.29979082692212,116338,116338,17512
2003-11-17,Cerrado,36.80148255684881,36.80148255684881,36.73207040595155,124014,124014,113467
2003-11-17,Caatinga,36.22950988227627,36.22950988227627,36.663900354628915,408772,408772,274282
2003-11-25,Mata Atlântica,32.80798159172097,32.80798159172097,35.5566874894662,86101,86101,24373
2003-11-25,Cerrado,37.578547207347235,37.578547207347235,37.94377878582963,117328,117328,72010
2003-11-25,Caatinga,36.851340734309915,36.851340734309915,36.942406546246374,332040,332040,186904
2003-12-03,Mata Atlântica,34.681371998858125,34.681371998858125,36.94131235011747,122567,122567,48528
2003-12-03,Cerrado,33.81132575728765,33.81132575728765,34.18498947446891,115413,115413,88945
2003-12-03,Caatinga,37.92938345933813,37.92938345933813,37.78891257927292,382210,382210,264057
2003-12-11,Mata Atlântica,34.82036923760178,34.82036923760178,36.40203960940928,122572,122572,42703
2003-12-11,Cerrado,35.86236077636819,35.86236077636819,36.06092990847201,124024,124024,112308
2003-12-11,Caatinga,37.87553940283139,37.87553940283139,37.983838798985026,412072,412072,290770
2003-12-19,Mata Atlântica,30.51873710845651,30.51873710845651,29.286493691922423,17324,17324,682
2003-12-19,Cerrado,31.94431215626786,31.94431215626786,32.58678854311384,43556,43556,25017
2003-12-19,Caatinga,35.65172464369558,35.65172464369558,35.617376424843194,278468,278468,152757
2003-12-27,Mata Atlântica,31.054480543735544,31.054480543735544,31.772600916202162,24542,24542,609
2003-12-27,Cerrado,32.794932238396505,32.794932238396505,32.79934928909581,123658,123658,119051
2003-12-27,Caatinga,34.936401316628945,34.936401316628945,34.794142696659335,227596,227596,167406
2004-01-01,Mata Atlântica,34.19757689054042,34.19757689054042,34.58837282354117,115606,115606,42516
2004-01-01,Cerrado,32.752585632432165,32.752585632432165,32.880476705851365,120630,120630,97094
2004-01-01,Caatinga,36.20898842702098,36.20898842702098,35.54909345322867,400470,400470,246755
2004-01-09,Mata Atlântica,30.912277879480246,30.912277879480246,33.318779975517934,6059,6059,588
2004-01-09,Cerrado,32.427065048392144,32.427065048392144,33.31682370771254,23322,23322,5427
2004-01-09,Caatinga,36.76236680909758,36.76236680909758,36.60606577214705,149988,149988,67210
2004-01-17,Mata Atlântica,27.584441293615118,27.584441293615118,28.82057754855333,44063,44063,8081
2004-01-17,Cerrado,27.76509538028331,27.76509538028331,28.074750566207538,7893,7893,1609
2004-01-17,Caatinga,28.80019794801184,28.80019794801184,29.551459389525323,87579,87579,14979
2004-01-25,Mata Atlântica,26.48135690363434,26.48135690363434,27.546260352922992,77650,77650,3319
2004-01-25,Cerrado,26.61120613796935,26.61120613796935,28.04233623853364,26297,26297,5329
2004-01-25,Caatinga,26.91788085162663,26.91788085162663,28.191284687403435,185808,185808,37500
2004-02-02,Mata Atlântica,28.850575820216587,28.850575820216587,31.569486345789432,86865,86865,12706
2004-02-02,Cerrado,28.046336094197873,28.046336094197873,29.774058221940845,92528,92528,28044
2004-02-02,Caatinga,29.059380086002385,29.059380086002385,30.144346481174296,310603,310603,103894
2004-02-10,Mata Atlântica,28.318324774807813,28.318324774807813,29.103767716896435,102467,102467,10748
2004-02-10,Cerrado,29.602913318570312,29.602913318570312,29.92844324881637,119373,119373,71413
2004-02-10,Caatinga,28.236265504796243,28.236265504796243,28.524432930570267,392225,392225,202204
2004-02-18,Mata Atlântica,29.06222456811324,29.06222456811324,30.895109058559065,112873,112873,18729
2004-02-18,Cerrado,28.365189670621817,28.365189670621817,28.945698878238563,74893,74893,27691
2004-02-18,Caatinga,28.782752655047688,28.782752655047688,29.158860923889158,375563,375563,161301
2004-02-26,Mata Atlântica,29.596638456952455,29.596638456952455,30.920934022519607,99849,99849,29045
2004-02-26,Cerrado,27.34520581650715,27.34520581650715,27.91835810503248,95121,95121,28683
2004-02-26,Caatinga,28.74023083670223,28.74023083670223,29.269616977296195,348778,348778,112297
2004-03-05,Mata Atlântica,27.548830477754905,27.548830477754905,28.955231352155714,111393,111393,5656
2004-03-05,Cerrado,28.638399252269846,28.638399252269846,29.25099205334529,123811,123811,80468
2004-03-05,Caatinga,27.293953130640432,27.293953130640432,27.74505951087884,369304,369304,150512
2004-03-13,Mata Atlântica,26.61998117102451,26.61998117102451,28.26730521445419,40144,40144,1327
2004-03-13,Cerrado,30.42938422702299,30.42938422702299,31.748357598998975,92759,92759,50533
2004-03-13,Caatinga,28.246579856424717,28.246579856424717,29.294286437378798,263442,263442,93640
2004-03-21,Mata Atlântica,29.62716574003146,29.62716574003146,30.773889721919318,31982,31982,1543
2004-03-21,Cerrado,25.949837146812904,25.949837146812904,27.38362798106017,39108,39108,12003
2004-03-21,Caatinga,28.54396382146371,28.54396382146371,29.035744298073755,286652,286652,130706
2004-03-29,Mata Atlântica,27.617501639496375,27.617501639496375,28.123885953532685,94680,94680,9116
2004-03-29,Cerrado,29.798247597269622,29.798247597269622,29.945868952895392,123822,123822,110298
2004-03-29,Caatinga,28.572681816318987,28.572681816318987,28.717783618495577,396796,396796,248505
2004-04-06,Mata Atlântica,27.449264602798294,27.449264602798294,28.159699385001108,70143,70143,4317
2004-04-06,Cerrado,28.854559247261967,28.854559247261967,28.74639744725809,109058,109058,48276
2004-04-06,Caatinga,29.28454062650743,29.28454062650743,29.342590197030656,364413,364413,160630
2004-04-14,Mata Atlântica,26.061616989748707,26.061616989748707,28.225645892418967,93826,93826,13540
2004-04-14,Cerrado,29.12220374158628,29.12220374158628,29.23919663492125,123710,123710,96444
2004-04-14,Caatinga,28.733817290053256,28.733817290053256,28.93659579705052,374764,374764,220860
2004-04-22,Mata Atlântica,26.1771950658452,26.1771950658452,26.603725255511243,113223,113223,52426
2004-04-22,Cerrado,28.948839257254377,28.948839257254377,29.093975993049444,124034,124034,91957
2004-04-22,Caatinga,28.316687746376758,28.316687746376758,28.129708396609754,364989,364989,222185
2004-04-30,Mata Atlântica,24.803682731174433,24.803682731174433,25.002875603208008,102728,102728,22181
2004-04-30,Cerrado,29.442208474780855,29.442208474780855,29.51323469269391,123952,123952,121730
2004-04-30,Caatinga,28.027251460028154,28.027251460028154,28.482100036865617,388411,388411,225550
2004-05-08,Mata Atlântica,26.384642618029964,26.384642618029964,26.916669491666774,116886,116886,58008
2004-05-08,Cerrado,29.826464085710267,29.826464085710267,29.836981390610312,124035,124035,118646
2004-05-08,Caatinga,29.13688485973555,29.13688485973555,29.343514716204698,408040,408040,303421
2004-05-16,Mata Atlântica,24.793309124435677,24.793309124435677,26.899805377961655,50757,50757,1979
2004-05-16,Cerrado,29.015124833561803,29.015124833561803,29.295357992140566,123862,123862,107263
2004-05-16,Caatinga,27.18935779945947,27.18935779945947,28.23472377126,381426,381426,182180
2004-05-24,Mata Atlântica,25.865931256698552,25.865931256698552,25.920209572997685,123698,123698,76802
2004-05-24,Cerrado,28.647198667357376,28.647198667357376,28.756345448490883,124018,124018,117302
2004-05-24,Caatinga,28.436439421079765,28.436439421079765,28.80949321373294,401421,401421,290031
2004-06-01,Mata Atlântica,24.92750271825647,24.92750271825647,25.700401876976194,99533,99533,33427
2004-06-01,Cerrado,28.920480998415666,28.920480998415666,29.016795154080487,123624,123624,121297
2004-06-01,Caatinga,28.6530509962193,28.6530509962193,29.21520433532201,386391,386391,280008
2004-06-09,Mata Atlântica,23.904470117890973,23.904470117890973,24.400162126840367,109140,109140,25210
2004-06-09,Cerrado,28.290537690061715,28.290537690061715,28.309537593844926,124035,124035,123433
2004-06-09,Caatinga,27.16825014683699,27.16825014683699,28.08005176505036,403515,403515,228436
2004-06-17,Mata Atlântica,22.66295752015822,22.66295752015822,23.274660055325242,102253,102253,10568
2004-06-17,Cerrado,28.00825362390104,28.00825362390104,28.17153025074171,123998,123998,120501
2004-06-17,Caatinga,26.53934139024783,26.53934139024783,27.713509960269192,390561,390561,204279
2004-06-25,Mata Atlântica,23.423193303825915,23.423193303825915,24.635309623440612,95895,95895,17318
2004-06-25,Cerrado,27.935702784301128,27.935702784301128,28.00650209134856,124012,124012,122286
2004-06-25,Caatinga,27.60059318688714,27.60059318688714,28.40219546092253,385275,385275,263042
2004-07-03,Mata Atlântica,23.668680972644577,23.668680972644577,23.738384954657494,117739,117739,28009
2004-07-03,Cerrado,29.718054930045405,29.718054930045405,29.740116592486142,124035,124035,123547
2004-07-03,Caatinga,28.246254300022365,28.246254300022365,29.177187155572796,372093,372093,258759
2004-07-11,Mata Atlântica,23.284480695683534,23.284480695683534,24.205611923551388,86419,86419,6710
2004-07-11,Cerrado,28.999359034854272,28.999359034854272,29.152699754837876,123978,123978,119999
2004-07-11,Caatinga,27.857170244574014,27.857170244574014,29.04683355199752,385549,385549,211013
2004-07-19,Mata Atlântica,21.341715800015102,21.341715800015102,22.124908752143178,108277,108277,32797
2004-07-19,Cerrado,27.65175192147678,27.65175192147678,27.768227665254763,124024,124024,121709
2004-07-19,Caatinga,27.53568053858191,27.53568053858191,28.02770200983202,405040,405040,292408
2004-07-27,Mata Atlântica,23.590951851120025,23.590951851120025,23.744457955298323,122648,122648,35900
2004-07-27,Cerrado,29.142487505742388,29.142487505742388,29.193400648331036,124035,124035,121970
2004-07-27,Caatinga,28.40435959753727,28.40435959753727,29.309023079365453,390540,390540,239961
2004-08-04,Mata Atlântica,24.618233318364975,24.618233318364975,25.798549422539992,106439,106439,45730
2004-08-04,Cerrado,31.257490798304893,31.257490798304893,31.297100632178253,124035,124035,123247
2004-08-04,Caatinga,29.80479725128646,29.80479725128646,30.786099758975478,355213,355213,251945
2004-08-12,Mata Atlântica,24.154767748363405,24.154767748363405,25.131033465715614,121506,121506,20976
2004-08-12,Cerrado,31.576616905010756,31.576616905010756,31.67781448208507,124019,124019,122246
2004-08-12,Caatinga,29.495068922116044,29.495068922116044,30.687496101018148,403899,403899,271591
2004-08-20,Mata Atlântica,27.438712300323857,27.438712300323857,28.949513229078292,118662,118662,38333
2004-08-20,Cerrado,35.27117072466146,35.27117072466146,35.2861575424929,124035,124035,123762
2004-08-20,Caatinga,33.403087244968034,33.403087244968034,33.805001326963364,411022,411022,332068
2004-08-28,Mata Atlântica,28.68130901766445,28.68130901766445,29.616285895708355,127169,127169,69707
2004-08-28,Cerrado,35.61016114133925,35.61016114133925,35.6099644881092,124034,124034,124025
2004-08-28,Caatinga,34.80942098739067,34.80942098739067,34.87374036718919,415030,415030,368464
2004-09-05,Mata Atlântica,27.308930250066794,27.308930250066794,28.732178055057748,113702,113702,7155
2004-09-05,Cerrado,36.086379510345274,36.086379510345274,36.08886777513668,124035,124035,123960
2004-09-05,Caatinga,32.76969874515553,32.76969874515553,34.08298378487654,400281,400281,251296
2004-09-13,Mata Atlântica,27.618911294561702,27.618911294561702,29.254650488349796,91652,91652,8819
2004-09-13,Cerrado,35.9496443874658,35.9496443874658,36.026774927207455,124004,124004,120786
2004-09-13,Caatinga,33.85290135357146,33.85290135357146,35.374657592055854,393994,393994,228597
2004-09-21,Mata Atlântica,29.76208988739512,29.76208988739512,32.12972649798978,110555,110555,26861
2004-09-21,Cerrado,38.25206938048001,38.25206938048001,38.252019754974135,124035,124035,124025
2004-09-21,Caatinga,35.03448863637066,35.03448863637066,36.57047525435688,383918,383918,245325
2004-09-29,Mata Atlântica,31.510206080138804,31.510206080138804,33.546517999267415,117437,117437,27039
2004-09-29,Cerrado,39.937223418760865,39.937223418760865,39.85958567056844,124035,124035,121499
2004-09-29,Caatinga,37.26519638004494,37.26519638004494,37.932964627759645,398026,398026,286482
2004-10-07,Mata Atlântica,32.09265658652009,32.09265658652009,33.46451725041905,109967,109967,32636
2004-10-07,Cerrado,38.921929536895085,38.921929536895085,38.928773925808805,124035,124035,122392
2004-10-07,Caatinga,38.747404803149855,38.747404803149855,39.07269998735541,403807,403807,318768
2004-10-15,Mata Atlântica,31.91451849359296,31.91451849359296,33.386100357680725,114232,114232,31491
2004-10-15,Cerrado,38.79771171832724,38.79771171832724,38.80219209088354,124034,124034,112964
2004-10-15,Caatinga,38.08828543443226,38.08828543443226,38.26019761362107,392324,392324,296690
2004-10-23,Mata Atlântica,30.153409927717114,30.153409927717114,33.12204741197673,47373,47373,7709
2004-10-23,Cerrado,38.51814643885875,38.51814643885875,38.50764929092302,123877,123877,96809
2004-10-23,Caatinga,38.22810818605755,38.22810818605755,38.33590198221011,374290,374290,264463
2004-10-31,Mata Atlântica,31.78824321817686,31.78824321817686,32.67489621024014,113491,113491,15232
2004-10-31,Cerrado,38.68162295403363,38.68162295403363,38.54715066355981,124035,124035,118017
2004-10-31,Caatinga,37.990791409007,37.990791409007,38.07393976763316,401865,401865,275534
2004-11-08,Mata Atlântica,32.7039061676037,32.7039061676037,34.65899671530994,108584,108584,46288
2004-11-08,Cerrado,39.354217694011695,39.354217694011695,39.2639641079155,124020,124020,99760
2004-11-08,Caatinga,39.09041614266608,39.09041614266608,39.18368045913618,412398,412398,337211
2004-11-16,Mata Atlântica,34.93572895676456,34.93572895676456,35.77984062702515,74169,74169,47641
2004-11-16,Cerrado,39.59872610782184,39.59872610782184,39.96052519023267,115258,115258,97689
2004-11-16,Caatinga,40.368989078579176,40.368989078579176,39.97620972554912,411033,411033,320015
2004-11-24,Mata Atlântica,28.218629177872334,28.218629177872334,31.102824377714537,56781,56781,5284
2004-11-24,Cerrado,30.95823433731641,30.95823433731641,31.016325365321663,35961,35961,6242
2004-11-24,Caatinga,33.11314737274788,33.11314737274788,34.66793379682558,191691,191691,75095
2004-12-02,Mata Atlântica,30.61440100739656,30.61440100739656,31.427841000835866,125864,125864,41582
2004-12-02,Cerrado,35.16671183754524,35.16671183754524,35.17167302302276,124034,124034,116611
2004-12-02,Caatinga,34.382809038992534,34.382809038992534,33.96695563788751,414610,414610,317868
2004-12-10,Mata Atlântica,29.878101725038686,29.878101725038686,32.74893271551448,76786,76786,9989
2004-12-10,Cerrado,31.592462521894035,31.592462521894035,31.343816363485715,94914,94914,64901
2004-12-10,Caatinga,33.190974989286666,33.190974989286666,33.141910665810684,401252,401252,270601
2004-12-18,Mata Atlântica,31.42239769782173,31.42239769782173,32.03728820888754,126604,126604,31386
2004-12-18,Cerrado,30.06766586615188,30.06766586615188,30.118905168100603,108384,108384,40305
2004-12-18,Caatinga,33.38905903767094,33.38905903767094,32.704852216507454,392343,392343,229137
2004-12-26,Mata Atlântica,31.751153573244395,31.751153573244395,32.43987025847377,120708,120708,54384
2004-12-26,Cerrado,33.21323682196621,33.21323682196621,33.32704352428597,121410,121410,90762
2004-12-26,Caatinga,34.98456147004299,34.98456147004299,34.80050902173926,400141,400141,280047
2005-01-01,Mata Atlântica,31.804924525862287,31.804924525862287,33.575410267938096,85118,85118,16189
2005-01-01,Cerrado,32.486547642792644,32.486547642792644,32.59331550324703,123904,123904,108271
2005-01-01,Caatinga,35.37210420030583,35.37210420030583,35.04191537445199,405430,405430,321179
2005-01-09,Mata Atlântica,33.26248228743746,33.26248228743746,34.26191152650625,108253,108253,24906
2005-01-09,Cerrado,32.895412366497055,32.895412366497055,32.95398189342927,95285,95285,40240
2005-01-09,Caatinga,35.72052943184843,35.72052943184843,35.08365919443949,345407,345407,155566
2005-01-17,Mata Atlântica,32.30932327411574,32.30932327411574,33.54147939511533,122993,122993,44507
2005-01-17,Cerrado,28.832883538454958,28.832883538454958,29.384376707568627,73069,73069,26049
2005-01-17,Caatinga,31.5158344116237,31.5158344116237,31.477078230086864,387994,387994,167007
2005-01-25,Mata Atlântica,35.15733152485385,35.15733152485385,35.87000261240024,124826,124826,94748
2005-01-25,Cerrado,28.972545168757836,28.972545168757836,29.56404880186629,67051,67051,8940
2005-01-25,Caatinga,32.12947418414483,32.12947418414483,33.808186075361654,356268,356268,123364
2005-02-02,Mata Atlântica,29.83580694012714,29.83580694012714,30.292017051299865,113979,113979,18351
2005-02-02,Cerrado,29.388295090569397,29.388295090569397,29.513909621846654,123998,123998,111635
2005-02-02,Caatinga,31.183496963178488,31.183496963178488,30.47076400027857,405610,405610,266895
2005-02-10,Mata Atlântica,30.64196480665386,30.64196480665386,31.601989416616668,52576,52576,9497
2005-02-10,Cerrado,29.295129859966536,29.295129859966536,29.85518319893927,105116,105116,56933
2005-02-10,Caatinga,30.40399960297134,30.40399960297134,30.112725026728636,198631,198631,99210
2005-02-18,Mata Atlântica,29.277533247148273,29.277533247148273,30.116602318686315,121484,121484,46887
2005-02-18,Cerrado,28.776682831334778,28.776682831334778,29.30864176459461,122252,122252,50027
2005-02-18,Caatinga,29.409843190456275,29.409843190456275,29.706225136924413,391094,391094,239385
2005-02-26,Mata Atlântica,29.623902290028177,29.623902290028177,30.180969849983313,114569,114569,46546
2005-02-26,Cerrado,28.573207754315014,28.573207754315014,29.005438743200113,104619,104619,26366
2005-02-26,Caatinga,30.44379318607093,30.44379318607093,30.96986432421084,407515,407515,272907
2005-03-06,Mata Atlântica,30.056158453214156,30.056158453214156,30.623744547991485,111851,111851,27035
2005-03-06,Cerrado,28.609692707506806,28.609692707506806,29.21267181758,89974,89974,40595
2005-03-06,Caatinga,31.539526738177276,31.539526738177276,31.889293807558715,359249,359249,208376
2005-03-14,Mata Atlântica,28.817984795815587,28.817984795815587,29.349904034603064,112023,112023,21789
2005-03-14,Cerrado,27.205868739513775,27.205868739513775,28.046444295543594,87641,87641,15296
2005-03-14,Caatinga,28.833538909900355,28.833538909900355,28.81403480901018,352384,352384,126574
2005-03-22,Mata Atlântica,27.738290893023166,27.738290893023166,27.780889236139394,112433,112433,15045
2005-03-22,Cerrado,28.020847958299104,28.020847958299104,28.65298061012398,117760,117760,41359
2005-03-22,Caatinga,29.027700099401233,29.027700099401233,29.06131858141015,372452,372452,141587
2005-03-30,Mata Atlântica,27.02876347295069,27.02876347295069,27.272042514675125,94843,94843,8164
2005-03-30,Cerrado,28.35980950164751,28.35980950164751,28.97254890436178,122484,122484,85099
2005-03-30,Caatinga,27.305240387052773,27.305240387052773,28.308609449287804,304603,304603,101379
2005-04-07,Mata Atlântica,26.895012404306716,26.895012404306716,27.194432637035938,105555,105555,25286
2005-04-07,Cerrado,29.572864804917742,29.572864804917742,29.683779218459183,124035,124035,119621
2005-04-07,Caatinga,28.679141698676922,28.679141698676922,28.917782295219375,395962,395962,236325
2005-04-15,Mata Atlântica,25.212876561691026,25.212876561691026,26.418247730224557,71410,71410,5100
2005-04-15,Cerrado,29.637500080797714,29.637500080797714,29.809469797240297,123738,123738,91180
2005-04-15,Caatinga,28.196612289977466,28.196612289977466,29.247616394999493,261068,261068,130125
2005-04-23,Mata Atlântica,27.1807731244927,27.1807731244927,28.085565037222842,116046,116046,47411
2005-04-23,Cerrado,29.480449416578768,29.480449416578768,29.948158196763202,112709,112709,72396
2005-04-23,Caatinga,29.882576604837062,29.882576604837062,30.22410993314591,385228,385228,263268
2005-05-01,Mata Atlântica,24.523397003840216,24.523397003840216,24.7014050110775,103985,103985,32023
2005-05-01,Cerrado,27.747063599281486,27.747063599281486,27.792597728373064,124035,124035,121642
2005-05-01,Caatinga,26.1781777870979,26.1781777870979,26.783890579572613,300861,300861,202059
2005-05-09,Mata Atlântica,25.085953441381985,25.085953441381985,26.87790564492705,108164,108164,9866
2005-05-09,Cerrado,27.372600304884493,27.372600304884493,27.59270853556634,124019,124019,106974
2005-05-09,Caatinga,26.201922911023576,26.201922911023576,27.46342980369396,386087,386087,129479
2005-05-17,Mata Atlântica,25.942045869872807,25.942045869872807,26.261389373966338,122980,122980,64867
2005-05-17,Cerrado,28.345405158994065,28.345405158994065,28.26942806195633,124035,124035,114849
2005-05-17,Caatinga,27.047552605491816,27.047552605491816,27.500919761652856,406724,406724,282967
2005-05-25,Mata Atlântica,24.92608188501321,24.92608188501321,25.872748011573368,109366,109366,15105
2005-05-25,Cerrado,26.358564853697416,26.358564853697416,26.864950230662835,122450,122450,74825
2005-05-25,Caatinga,26.9995246631589,26.9995246631589,27.789870249047336,382988,382988,137858
2005-06-02,Mata Atlântica,22.33433262019499,22.33433262019499,23.37695992574975,64029,64029,5186
2005-06-02,Cerrado,26.63503380109648,26.63503380109648,26.827725985974904,123238,123238,112333
2005-06-02,Caatinga,25.954837337045305,25.954837337045305,27.34850675073036,306254,306254,147487
2005-06-10,Mata Atlântica,24.427854468351995,24.427854468351995,24.771649877216635,126896,126896,47557
2005-06-10,Cerrado,28.217930152535825,28.217930152535825,28.218823729270557,124035,124035,123978
2005-06-10,Caatinga,27.286735501780043,27.286735501780043,28.044107622074534,405848,405848,287349
2005-06-18,Mata Atlântica,25.472337119218682,25.472337119218682,25.75798345768077,122667,122667,90958
2005-06-18,Cerrado,29.02208442969209,29.02208442969209,29.0408783303597,124035,124035,121736
2005-06-18,Caatinga,28.233991850837604,28.233991850837604,28.64203235247106,403357,403357,309850
2005-06-26,Mata Atlântica,23.496852775923983,23.496852775923983,23.494336659874737,119680,119680,41427
2005-06-26,Cerrado,28.547768976856606,28.547768976856606,28.582515380345484,124035,124035,123112
2005-06-26,Caatinga,26.95419497832084,26.95419497832084,28.310982416404343,397009,397009,245851
2005-07-04,Mata Atlântica,23.36920812463835,23.36920812463835,24.269325369598626,109604,109604,45383
2005-07-04,Cerrado,28.521699258679767,28.521699258679767,28.557696081620403,124023,124023,123131
2005-07-04,Caatinga,27.648063394527558,27.648063394527558,28.39422889671511,327019,327019,244750
2005-07-12,Mata Atlântica,24.680087056665087,24.680087056665087,24.8388969119869,127135,127135,83603
2005-07-12,Cerrado,29.17361413088783,29.17361413088783,29.206234101344673,124035,124035,123360
2005-07-12,Caatinga,28.020304155162165,28.020304155162165,28.39292613355661,412785,412785,350861
2005-07-20,Mata Atlântica,24.488469890741367,24.488469890741367,25.71002710549287,118663,118663,54654
2005-07-20,Cerrado,30.430221424414356,30.430221424414356,30.436407184501075,124035,124035,123865
2005-07-20,Caatinga,28.11153830808824,28.11153830808824,30.14412418355459,398319,398319,242412
2005-07-28,Mata Atlântica,23.387284880393718,23.387284880393718,23.908787536106484,122678,122678,23345
2005-07-28,Cerrado,29.54997265427472,29.54997265427472,29.690915563786668,123923,123923,120645
2005-07-28,Caatinga,27.843231542411733,27.843231542411733,30.08958968045924,409035,409035,198866
2005-08-05,Mata Atlântica,23.47918981389652,23.47918981389652,25.024276296779107,94857,94857,13847
2005-08-05,Cerrado,30.311372550921988,30.311372550921988,30.451081150699725,123926,123926,121000
2005-08-05,Caatinga,28.605772262904416,28.605772262904416,30.937477015573517,384111,384111,205660
2005-08-13,Mata Atlântica,23.50486263687717,23.50486263687717,25.12889974766385,90892,90892,5355
2005-08-13,Cerrado,32.72864562507933,32.72864562507933,32.74693421328019,124014,124014,123594
2005-08-13,Caatinga,29.8779339108949,29.8779339108949,31.92330321551693,400768,400768,248649
2005-08-21,Mata Atlântica,25.18848642949863,25.18848642949863,26.799301931842404,121564,121564,24215
2005-08-21,Cerrado,33.84212835279211,33.84212835279211,33.844858021322665,124035,124035,123965
2005-08-21,Caatinga,31.37476980711054,31.37476980711054,32.62752283767792,412387,412387,297926
2005-08-29,Mata Atlântica,26.70980927765582,26.70980927765582,28.534656296344256,115038,115038,14955
2005-08-29,Cerrado,35.94015717323601,35.94015717323601,35.93993728228274,124035,124035,124026
2005-08-29,Caatinga,33.32370247801478,33.32370247801478,34.979829413401596,406517,406517,273009
2005-09-06,Mata Atlântica,26.849496259771495,26.849496259771495,28.323977241708068,95087,95087,7478
2005-09-06,Cerrado,35.46386589125632,35.46386589125632,35.50707082380055,123898,123898,122984
2005-09-06,Caatinga,32.8863403452628,32.8863403452628,34.71865087407117,377629,377629,236219
2005-09-14,Mata Atlântica,27.293606794825905,27.293606794825905,29.86219964653864,96434,96434,25001
2005-09-14,Cerrado,37.62190379569256,37.62190379569256,37.62334533084826,124035,124035,123998
2005-09-14,Caatinga,35.816330787487445,35.816330787487445,36.057076123328045,414284,414284,368424
2005-09-22,Mata Atlântica,28.943235929320355,28.943235929320355,30.33420140580787,30571,30571,2360
2005-09-22,Cerrado,34.700343833211065,34.700343833211065,35.36207321417307,106727,106727,73597
2005-09-22,Caatinga,35.32647703368897,35.32647703368897,36.130523304852076,375736,375736,242387
2005-09-30,Mata Atlântica,28.881969475580963,28.881969475580963,29.681146426508374,115672,115672,5758
2005-09-30,Cerrado,37.73889299467402,37.73889299467402,37.74532002467669,124035,124035,123764
2005-09-30,Caatinga,36.147781403671836,36.147781403671836,37.53375160399289,406019,406019,248317
2005-10-08,Mata Atlântica,29.96071659980563,29.96071659980563,32.207104923916575,123460,123460,24199
2005-10-08,Cerrado,39.614794040219,39.614794040219,39.61479358050345,124035,124035,124023
2005-10-08,Caatinga,37.16570727019761,37.16570727019761,37.91556857760313,409828,409828,295799
2005-10-16,Mata Atlântica,31.989159369726874,31.989159369726874,34.48199224096782,127486,127486,31982
2005-10-16,Cerrado,40.6499054409034,40.6499054409034,40.650407549737466,124035,124035,123816
2005-10-16,Caatinga,39.18399103633091,39.18399103633091,39.56544372133611,414545,414545,331802
2005-10-24,Mata Atlântica,33.53854856682021,33.53854856682021,35.4451299807718,124634,124634,58459
2005-10-24,Cerrado,40.9604713919362,40.9604713919362,40.965774610477176,124035,124035,121637
2005-10-24,Caatinga,40.14693958328734,40.14693958328734,40.04999944592364,414152,414152,366683
2005-11-01,Mata Atlântica,32.81599688225184,32.81599688225184,34.60018068801531,126029,126029,28855
2005-11-01,Cerrado,38.66682098351663,38.66682098351663,38.67306065555012,124035,124035,123436
2005-11-01,Caatinga,39.12424737594728,39.12424737594728,39.21344214123941,415006,415006,339177
2005-11-09,Mata Atlântica,31.853565858046387,31.853565858046387,33.23692856870743,12439,12439,526
2005-11-09,Cerrado,38.84106267489608,38.84106267489608,38.83698914656657,99084,99084,74375
2005-11-09,Caatinga,38.732361488435224,38.732361488435224,39.20720705284283,295076,295076,174442
2005-11-17,Mata Atlântica,32.57787998025793,32.57787998025793,33.96756453191519,115598,115598,38523
2005-11-17,Cerrado,36.41728541733931,36.41728541733931,36.37521858817607,122870,122870,99308
2005-11-17,Caatinga,37.787368385686136,37.787368385686136,37.57979419160362,412755,412755,349403
2005-11-25,Mata Atlântica,28.612901033263825,28.612901033263825,29.848406223808503,59255,59255,4797
2005-11-25,Cerrado,33.51084663768477,33.51084663768477,33.40259893226907,92900,92900,60677
2005-11-25,Caatinga,32.30339729869356,32.30339729869356,32.572809907218534,344903,344903,221956
2005-12-03,Mata Atlântica,29.1527408012027,29.1527408012027,30.903381464432584,86492,86492,24262
2005-12-03,Cerrado,30.96020468790585,30.96020468790585,29.659434328106606,15869,15869,1396
2005-12-03,Caatinga,33.31047533709635,33.31047533709635,34.939811113893924,288241,288241,157886
2005-12-11,Mata Atlântica,30.0186911709966,30.0186911709966,32.79494712590196,60774,60774,6309
2005-12-11,Cerrado,30.020199092974792,30.020199092974792,30.32535903918209,72518,72518,31072
2005-12-11,Caatinga,30.362743256876012,30.362743256876012,30.693001439232763,345365,345365,182012
2005-12-19,Mata Atlântica,29.900848348143057,29.900848348143057,30.70001613948775,122884,122884,19059
2005-12-19,Cerrado,33.29524781077236,33.29524781077236,33.11594395546155,123995,123995,110423
2005-12-19,Caatinga,31.84094376273301,31.84094376273301,31.79485762245175,412897,412897,285556
2005-12-27,Mata Atlântica,27.98643513729669,27.98643513729669,29.667673066302857,5519,5519,243
2005-12-27,Cerrado,26.499224206856283,26.499224206856283,27.530739053036683,9846,9846,1596
2005-12-27,Caatinga,31.00375807929605,31.00375807929605,31.48962738673383,83242,83242,16224
2006-01-01,Mata Atlântica,29.56353198626587,29.56353198626587,30.682796863494243,108666,108666,9851
2006-01-01,Cerrado,31.28089098099097,31.28089098099097,31.35565280866636,123520,123520,83979
2006-01-01,Caatinga,31.95978955038565,31.95978955038565,31.82925083143216,391170,391170,256808
2006-01-09,Mata Atlântica,28.12250808785464,28.12250808785464,29.150235299902736,117835,117835,12774
2006-01-09,Cerrado,31.0799272799171,31.0799272799171,31.146469461080716,124034,124034,120682
2006-01-09,Caatinga,31.890515451429845,31.890515451429845,32.33044324552332,401312,401312,236228
2006-01-17,Mata Atlântica,28.866862884278923,28.866862884278923,30.897590232771783,112363,112363,22929
2006-01-17,Cerrado,32.966579531968975,32.966579531968975,32.96858231319661,124035,124035,121082
2006-01-17,Caatinga,33.02304848434137,33.02304848434137,33.108850100366325,377324,377324,232246
2006-01-25,Mata Atlântica,30.766346442138513,30.766346442138513,32.17106892268357,114383,114383,24000
2006-01-25,Cerrado,32.96524667818542,32.96524667818542,32.98436528571305,123204,123204,77886
2006-01-25,Caatinga,35.04655585307596,35.04655585307596,35.256648321301135,375437,375437,259875
2006-02-02,Mata Atlântica,30.667078645010264,30.667078645010264,32.887849921376365,96749,96749,14018
2006-02-02,Cerrado,31.262112092773116,31.262112092773116,31.962951362534643,80670,80670,24164
2006-02-02,Caatinga,34.35269425074829,34.35269425074829,34.26527750509003,363714,363714,137621
2006-02-10,Mata Atlântica,31.379237668135033,31.379237668135033,31.809397929155736,121626,121626,20997
2006-02-10,Cerrado,29.294998098326868,29.294998098326868,30.284619913150085,111265,111265,65672
2006-02-10,Caatinga,32.782967357095956,32.782967357095956,32.58158273353902,375507,375507,178150
2006-02-18,Mata Atlântica,33.003936210672975,33.003936210672975,33.55297306787296,124895,124895,43966
2006-02-18,Cerrado,29.11668453149369,29.11668453149369,29.930472933239663,99485,99485,30860
2006-02-18,Caatinga,33.29972314826691,33.29972314826691,33.35759507396912,380382,380382,181934
2006-02-26,Mata Atlântica,33.41384168247293,33.41384168247293,33.79997015219047,128061,128061,63746
2006-02-26,Cerrado,29.574578106910735,29.574578106910735,30.522154020105297,110301,110301,52211
2006-02-26,Caatinga,33.4972308904949,33.4972308904949,32.819382066268545,403171,403171,221388
2006-03-06,Mata Atlântica,31.058148297250856,31.058148297250856,31.50689941429419,39919,39919,5696
2006-03-06,Cerrado,27.66524411861301,27.66524411861301,28.545070220896843,43513,43513,8653
2006-03-06,Caatinga,30.944445690010863,30.944445690010863,31.652477721053646,122127,122127,22541
2006-03-14,Mata Atlântica,27.32340432875606,27.32340432875606,28.800322913334607,48443,48443,1447
2006-03-14,Cerrado,28.67650405366226,28.67650405366226,29.725275383260133,108463,108463,63763
2006-03-14,Caatinga,28.001072842579234,28.001072842579234,28.66333191082807,287650,287650,86019
2006-03-22,Mata Atlântica,27.662894917898157,27.662894917898157,28.74264548212605,75776,75776,7706
2006-03-22,Cerrado,29.435318590126787,29.435318590126787,29.98358630507157,123548,123548,75749
2006-03-22,Caatinga,28.654763364065793,28.654763364065793,29.38988910845979,237625,237625,86337
2006-03-30,Mata Atlântica,26.66180399469922,26.66180399469922,28.210689498845124,55724,55724,1749
2006-03-30,Cerrado,26.79295978443383,26.79295978443383,27.60807629415998,70967,70967,9787
2006-03-30,Caatinga,27.51690928235541,27.51690928235541,27.928235883107845,260232,260232,51530
2006-04-07,Mata Atlântica,28.894208064552735,28.894208064552735,29.95736964186664,97542,97542,49911
2006-04-07,Cerrado,27.277768954825113,27.277768954825113,28.930694849665898,70963,70963,9118
2006-04-07,Caatinga,27.75654510458621,27.75654510458621,28.17649555509457,317196,317196,83491
2006-04-15,Mata Atlântica,25.847033040476585,25.847033040476585,26.391206965769886,79447,79447,17143
2006-04-15,Cerrado,28.11947908459352,28.11947908459352,28.93309023040021,112983,112983,56909
2006-04-15,Caatinga,26.867094741496224,26.867094741496224,27.17644936090754,275728,275728,83394
2006-04-23,Mata Atlântica,25.595998902844595,25.595998902844595,26.274053159852524,88269,88269,8697
2006-04-23,Cerrado,28.23744115149026,28.23744115149026,28.44871517069331,123595,123595,101764
2006-04-23,Caatinga,26.250585394970244,26.250585394970244,26.97609474748067,311518,311518,155596
2006-05-01,Mata Atlântica,26.54090636562847,26.54090636562847,26.811887183443645,121980,121980,47713
2006-05-01,Cerrado,28.732031055799528,28.732031055799528,29.39615300950424,119489,119489,78556
2006-05-01,Caatinga,27.40813679403233,27.40813679403233,27.86102246816879,362547,362547,212729
2006-05-09,Mata Atlântica,26.070454662011638,26.070454662011638,27.223727550476056,96052,96052,20789
2006-05-09,Cerrado,27.499130287048207,27.499130287048207,27.8481856851334,114735,114735,81984
2006-05-09,Caatinga,28.59582747169527,28.59582747169527,29.34762216657317,346198,346198,218798
2006-05-17,Mata Atlântica,25.234651797738636,25.234651797738636,25.267041323351204,125828,125828,76874
2006-05-17,Cerrado,27.412800450613833,27.412800450613833,27.411088788562054,124035,124035,123501
2006-05-17,Caatinga,27.587158943868104,27.587158943868104,27.350939214984557,407835,407835,316439
2006-05-25,Mata Atlântica,25.380623016183677,25.380623016183677,25.57475811630958,126243,126243,72113
2006-05-25,Cerrado,27.67759026722067,27.67759026722067,27.733866392914074,124035,124035,120295
2006-05-25,Caatinga,25.93175763402187,25.93175763402187,26.639527416304457,375465,375465,255028
2006-06-02,Mata Atlântica,24.068619785939365,24.068619785939365,25.25634187524279,111409,111409,30739
2006-06-02,Cerrado,27.213467510195674,27.213467510195674,27.271040110014248,124035,124035,122339
2006-06-02,Caatinga,26.37036218221141,26.37036218221141,27.311018582409563,361493,361493,228347
2006-06-10,Mata Atlântica,23.890168456049686,23.890168456049686,24.242314529730074,105572,105572,53564
2006-06-10,Cerrado,27.36755610798041,27.36755610798041,27.38137214710355,124035,124035,123615
2006-06-10,Caatinga,26.786538363467667,26.786538363467667,27.168801651167403,360856,360856,268526
2006-06-18,Mata Atlântica,22.897925900132464,22.897925900132464,24.24935796216004,108320,108320,18147
2006-06-18,Cerrado,26.745595215977662,26.745595215977662,26.82974356845166,123682,123682,121447
2006-06-18,Caatinga,25.77459738915877,25.77459738915877,27.233296498718378,389531,389531,229289
2006-06-26,Mata Atlântica,23.157843068384672,23.157843068384672,25.235941538506946,60606,60606,23189
2006-06-26,Cerrado,27.642658844710834,27.642658844710834,27.745817508240016,123921,123921,120567
2006-06-26,Caatinga,26.758974295917685,26.758974295917685,27.814941926842152,306945,306945,194952
2006-07-04,Mata Atlântica,24.423722965034948,24.423722965034948,24.704785352448322,127511,127511,78328
2006-07-04,Cerrado,28.520617634500915,28.520617634500915,28.533625821661783,124035,124035,123642
2006-07-04,Caatinga,26.90738206712056,26.90738206712056,27.511849284579455,408031,408031,312858
2006-07-12,Mata Atlântica,22.60871549479241,22.60871549479241,22.83547113900239,122917,122917,49973
2006-07-12,Cerrado,27.11281746245631,27.11281746245631,27.149690987046686,124035,124035,122428
2006-07-12,Caatinga,25.876324889694104,25.876324889694104,26.49267187465112,385561,385561,256918
2006-07-20,Mata Atlântica,24.524458112581762,24.524458112581762,24.981713964147,125279,125279,64321
2006-07-20,Cerrado,30.204940876891214,30.204940876891214,30.20471063457427,124035,124035,124027
2006-07-20,Caatinga,28.437866953216183,28.437866953216183,29.282886158679833,409892,409892,321415
2006-07-28,Mata Atlântica,25.89938899000682,25.89938899000682,26.772834929091193,124160,124160,56592
2006-07-28,Cerrado,31.832683758415385,31.832683758415385,31.834219535210387,124035,124035,123990
2006-07-28,Caatinga,29.89104510490555,29.89104510490555,30.78946623544302,412466,412466,309831
2006-08-05,Mata Atlântica,24.250402988864042,24.250402988864042,25.775864681096955,111946,111946,15675
2006-08-05,Cerrado,30.776403149470806,30.776403149470806,30.81056482462588,124035,124035,123122
2006-08-05,Caatinga,28.738179218382992,28.738179218382992,30.731982100121517,401441,401441,238395
2006-08-13,Mata Atlântica,25.529928656559523,25.529928656559523,27.367955363366114,105571,105571,28717
2006-08-13,Cerrado,32.95859931938355,32.95859931938355,32.961346977363405,124035,124035,123947
2006-08-13,Caatinga,30.096471962184474,30.096471962184474,31.729619073926994,404085,404085,275299
2006-08-21,Mata Atlântica,27.52380586642265,27.52380586642265,28.55291583607304,126950,126950,74194
2006-08-21,Cerrado,34.35965004598823,34.35965004598823,34.367961954897986,124035,124035,123847
2006-08-21,Caatinga,32.749661750762655,32.749661750762655,33.347580852972825,414531,414531,344881
2006-08-29,Mata Atlântica,27.883939559079867,27.883939559079867,28.707686433220918,121881,121881,77321
2006-08-29,Cerrado,35.26505103001456,35.26505103001456,35.272171506798244,124035,124035,123588
2006-08-29,Caatinga,33.79737035232334,33.79737035232334,34.01866937616695,414964,414964,376054
2006-09-06,Mata Atlântica,24.869243293358288,24.869243293358288,29.12612551775666,76774,76774,7846
2006-09-06,Cerrado,34.38978951598601,34.38978951598601,34.405869505730045,124035,124035,123527
2006-09-06,Caatinga,31.994809931652227,31.994809931652227,33.59620496851372,371759,371759,255814
2006-09-14,Mata Atlântica,28.313765717846863,28.313765717846863,30.793303717518057,98006,98006,18042
2006-09-14,Cerrado,38.0400396216573,38.0400396216573,38.05023326330437,124035,124035,123827
2006-09-14,Caatinga,34.70453922740638,34.70453922740638,35.96830733737046,396752,396752,292818
2006-09-22,Mata Atlântica,30.10881763187848,30.10881763187848,31.564692655164528,103381,103381,52065
2006-09-22,Cerrado,36.087837601348596,36.087837601348596,36.43681459309755,123908,123908,93975
2006-09-22,Caatinga,36.397714064295904,36.397714064295904,37.085359939696026,391664,391664,299774
2006-09-30,Mata Atlântica,28.695779901115575,28.695779901115575,30.54235322501156,69303,69303,14092
2006-09-30,Cerrado,37.37098706322007,37.37098706322007,37.362892362610765,124026,124026,110888
2006-09-30,Caatinga,35.84057293247429,35.84057293247429,37.16180152461879,364993,364993,251817
2006-10-08,Mata Atlântica,28.52443220859431,28.52443220859431,28.973885144650566,54754,54754,3164
2006-10-08,Cerrado,37.30459424952006,37.30459424952006,37.41837106942403,121971,121971,105362
2006-10-08,Caatinga,37.72903422710098,37.72903422710098,38.595304516981535,370183,370183,279736
2006-10-16,Mata Atlântica,29.691726591283484,29.691726591283484,31.195766529030948,40417,40417,2368
2006-10-16,Cerrado,33.07701252658549,33.07701252658549,33.32238590229852,17223,17223,2089
2006-10-16,Caatinga,36.882956108668814,36.882956108668814,37.74891998770044,231065,231065,72805
2006-10-24,Mata Atlântica,31.429570085595593,31.429570085595593,32.60230983124172,96625,96625,64663
2006-10-24,Cerrado,33.21289512239921,33.21289512239921,33.7762558914653,79421,79421,24050
2006-10-24,Caatinga,36.89831932574611,36.89831932574611,37.4995898107138,370902,370902,232099
2006-11-01,Mata Atlântica,29.722816095467596,29.722816095467596,30.262577543465042,93879,93879,14015
2006-11-01,Cerrado,33.87522066405819,33.87522066405819,34.081368096918446,120141,120141,92279
2006-11-01,Caatinga,34.074140591353476,34.074140591353476,34.68477616238986,393285,393285,249485
2006-11-09,Mata Atlântica,25.030239976651238,25.030239976651238,26.156944894329392,70100,70100,2362
2006-11-09,Cerrado,32.228366273151934,32.228366273151934,33.05980761870538,121143,121143,99342
2006-11-09,Caatinga,28.633425584440715,28.633425584440715,30.265436108139504,338823,338823,117736
2006-11-17,Mata Atlântica,29.384802828151685,29.384802828151685,30.882179093537605,114028,114028,20738
2006-11-17,Cerrado,34.888342023454015,34.888342023454015,35.027111573796816,124035,124035,116634
2006-11-17,Caatinga,32.08823987963475,32.08823987963475,32.7542551591264,390268,390268,256387
2006-11-25,Mata Atlântica,28.066665884442653,28.066665884442653,27.90907037245408,89954,89954,8828
2006-11-25,Cerrado,31.83799101534711,31.83799101534711,31.954774605369092,99207,99207,46063
2006-11-25,Caatinga,31.773411810615688,31.773411810615688,32.29928282082445,397364,397364,253819
2006-12-03,Mata Atlântica,29.20136659060006,29.20136659060006,29.64375531193818,108076,108076,18558
2006-12-03,Cerrado,33.73081587622131,33.73081587622131,33.68006779904519,124006,124006,113001
2006-12-03,Caatinga,33.95281952207996,33.95281952207996,34.310033595575085,409877,409877,308384
2006-12-11,Mata Atlântica,28.250002872185856,28.250002872185856,28.440803093117875,50355,50355,3111
2006-12-11,Cerrado,29.31866355248553,29.31866355248553,29.931614665985357,97648,97648,46820
2006-12-11,Caatinga,30.724100472742236,30.724100472742236,30.92058207229028,364254,364254,178413
2006-12-19,Mata Atlântica,30.867480566829613,30.867480566829613,31.504085077209997,127691,127691,39120
2006-12-19,Cerrado,33.063629952793555,33.063629952793555,33.08093436601543,124032,124032,115318
2006-12-19,Caatinga,33.72071081107806,33.72071081107806,33.755783149834286,414417,414417,329505
2006-12-27,Mata Atlântica,30.106310855608115,30.106310855608115,31.57617664572275,47321,47321,3230
2006-12-27,Cerrado,29.698481500830752,29.698481500830752,30.633353923038072,60946,60946,12574
2006-12-27,Caatinga,33.79806268876427,33.79806268876427,34.193833185294274,314737,314737,145848
2007-01-01,Mata Atlântica,27.58749682361238,27.58749682361238,28.582660344293753,36860,36860,1271
2007-01-01,Cerrado,30.81484099380046,30.81484099380046,31.433447422370055,123079,123079,84494
2007-01-01,Caatinga,32.84104437105905,32.84104437105905,32.87575839671534,357068,357068,207120
2007-01-09,Mata Atlântica,30.394860044247793,30.394860044247793,31.353418903603576,88414,88414,23764
2007-01-09,Cerrado,30.698621032600027,30.698621032600027,31.044515290225497,120275,120275,80672
2007-01-09,Caatinga,33.658790462038795,33.658790462038795,33.48376429860986,351052,351052,239857
2007-01-17,Mata Atlântica,31.01938195061029,31.01938195061029,32.05181849177017,125313,125313,35427
2007-01-17,Cerrado,33.073453797077214,33.073453797077214,33.10202948855835,124035,124035,121192
2007-01-17,Caatinga,34.86722751593436,34.86722751593436,34.434688142845964,413737,413737,323051
2007-01-25,Mata Atlântica,31.4157670290921,31.4157670290921,31.89024451259104,106500,106500,31698
2007-01-25,Cerrado,31.59036818472984,31.59036818472984,31.94165669340826,110416,110416,83106
2007-01-25,Caatinga,34.33266964105016,34.33266964105016,34.093531429641665,385981,385981,265023
2007-02-02,Mata Atlântica,29.128526574514478,29.128526574514478,31.12848100392305,90140,90140,4919
2007-02-02,Cerrado,28.740293208877993,28.740293208877993,29.22650636358813,111969,111969,74337
2007-02-02,Caatinga,30.61418241432269,30.61418241432269,30.177955061155068,284938,284938,137717
2007-02-10,Mata Atlântica,30.778131408646736,30.778131408646736,30.704573222798142,113230,113230,62715
2007-02-10,Cerrado,30.207560045481653,30.207560045481653,30.614420133795985,120833,120833,88346
2007-02-10,Caatinga,32.044314252121225,32.044314252121225,31.676118588363128,371818,371818,222698
2007-02-18,Mata Atlântica,26.438460883682044,26.438460883682044,27.618647271792355,34441,34441,1319
2007-02-18,Cerrado,27.665055263839996,27.665055263839996,28.646834277554525,104322,104322,28037
2007-02-18,Caatinga,26.7393392906401,26.7393392906401,27.465327163711624,230247,230247,63281
2007-02-26,Mata Atlântica,26.739525590354287,26.739525590354287,27.515419988916893,106555,106555,8604
2007-02-26,Cerrado,27.90009540140712,27.90009540140712,28.31386564451622,123443,123443,77790
2007-02-26,Caatinga,27.363169152344504,27.363169152344504,27.993953202434806,389892,389892,131269
2007-03-06,Mata Atlântica,25.80684583626052,25.80684583626052,26.14110731073482,88952,88952,8433
2007-03-06,Cerrado,30.373049605556808,30.373049605556808,30.73039679930786,123921,123921,94352
2007-03-06,Caatinga,27.471571405352837,27.471571405352837,28.509242735688407,357551,357551,143073
2007-03-14,Mata Atlântica,28.45459703621199,28.45459703621199,29.26480986608504,121968,121968,43233
2007-03-14,Cerrado,29.322210576559876,29.322210576559876,29.58665208125289,123365,123365,69387
2007-03-14,Caatinga,28.828795680980594,28.828795680980594,29.71187962309026,351378,351378,181172
2007-03-22,Mata Atlântica,26.93243608185286,26.93243608185286,28.276850844963086,110895,110895,6076
2007-03-22,Cerrado,30.825893863004417,30.825893863004417,30.90063521032055,124017,124017,120540
2007-03-22,Caatinga,28.568600212446764,28.568600212446764,30.17482948286875,400426,400426,183172
2007-03-30,Mata Atlântica,29.3987710545747,29.3987710545747,30.260551699916817,128094,128094,58680
2007-03-30,Cerrado,31.684754192204025,31.684754192204025,31.711537232174337,124035,124035,116076
2007-03-30,Caatinga,30.764570579915805,30.764570579915805,31.05212776989801,414592,414592,320134
2007-04-07,Mata Atlântica,28.771003549636273,28.771003549636273,29.622147047677654,120267,120267,73197
2007-04-07,Cerrado,30.450523170113893,30.450523170113893,30.631516930856794,122283,122283,100671
2007-04-07,Caatinga,30.604773083010745,30.604773083010745,30.74174572867233,408407,408407,310933
2007-04-15,Mata Atlântica,25.303312579839336,25.303312579839336,26.99798916786621,58629,58629,2108
2007-04-15,Cerrado,29.56642875064186,29.56642875064186,29.78495879649476,122412,122412,85273
2007-04-15,Caatinga,29.066332631943553,29.066332631943553,29.882975584331344,287176,287176,140490
2007-04-23,Mata Atlântica,25.445688372546094,25.445688372546094,26.548810910181004,91049,91049,10170
2007-04-23,Cerrado,30.749748429868532,30.749748429868532,30.854671049907193,123963,123963,101597
2007-04-23,Caatinga,29.4249330478132,29.4249330478132,30.932851940662196,311215,311215,169719
2007-05-01,Mata Atlântica,26.316517401179865,26.316517401179865,26.756442073414256,109727,109727,34370
2007-05-01,Cerrado,30.510564084393735,30.510564084393735,30.520965037714745,124035,124035,123651
2007-05-01,Caatinga,29.886136687868518,29.886136687868518,30.60963115742605,389789,389789,252006
2007-05-09,Mata Atlântica,26.058031531321113,26.058031531321113,26.527069716922053,116313,116313,68777
2007-05-09,Cerrado,31.967896954504642,31.967896954504642,31.967599504091435,124035,124035,124022
2007-05-09,Caatinga,30.377062031058795,30.377062031058795,31.061051326801028,337515,337515,245109
2007-05-17,Mata Atlântica,26.249572519213046,26.249572519213046,26.5966317150237,126861,126861,44875
2007-05-17,Cerrado,31.269170474046557,31.269170474046557,31.273173308593165,124035,124035,123909
2007-05-17,Caatinga,29.86020804539433,29.86020804539433,31.068563346894443,405189,405189,266880
2007-05-25,Mata Atlântica,25.89526972971343,25.89526972971343,26.59039100595843,96547,96547,38439
2007-05-25,Cerrado,30.353614215204352,30.353614215204352,30.36532925489648,124035,124035,122625
2007-05-25,Caatinga,30.647912396376537,30.647912396376537,31.26246643865622,389228,389228,288618
2007-06-02,Mata Atlântica,26.45302627431681,26.45302627431681,26.508444018137492,128050,128050,107522
2007-06-02,Cerrado,30.85755711199624,30.85755711199624,30.85718929584701,124035,124035,124020
2007-06-02,Caatinga,30.121042991986204,30.121042991986204,30.259083791279764,414219,414219,366080
2007-06-10,Mata Atlântica,24.782344003310303,24.782344003310303,25.38158335031753,107681,107681,43811
2007-06-10,Cerrado,30.92582813051407,30.92582813051407,30.93511961484954,124035,124035,123793
2007-06-10,Caatinga,28.659158260883174,28.659158260883174,30.060134683828732,385619,385619,243536
2007-06-18,Mata Atlântica,24.097925740092972,24.097925740092972,25.61276346290138,110743,110743,22666
2007-06-18,Cerrado,28.7271251302773,28.7271251302773,28.974158487147367,124035,124035,114608
2007-06-18,Caatinga,28.044422236188975,28.044422236188975,29.30685870556452,408052,408052,252205
2007-06-26,Mata Atlântica,23.613303014657987,23.613303014657987,23.942133933560296,117063,117063,15337
2007-06-26,Cerrado,29.257944749653337,29.257944749653337,29.411607678950585,124034,124034,117882
2007-06-26,Caatinga,27.564223580710753,27.564223580710753,29.030456533923097,380554,380554,209763
2007-07-04,Mata Atlântica,24.425119316080565,24.425119316080565,25.372941815934077,110491,110491,42276
2007-07-04,Cerrado,29.895342469618313,29.895342469618313,29.9106199462257,124035,124035,123720
2007-07-04,Caatinga,27.61599127170165,27.61599127170165,29.62218699521845,347153,347153,218605
2007-07-12,Mata Atlântica,25.251671540421157,25.251671540421157,26.98806134039714,124696,124696,28859
2007-07-12,Cerrado,31.876234135592632,31.876234135592632,31.87736275736358,124035,124035,123991
2007-07-12,Caatinga,29.935801238566977,29.935801238566977,30.929302841919327,411523,411523,310112
2007-07-20,Mata Atlântica,25.50287606131596,25.50287606131596,26.610720903284598,125042,125042,36990
2007-07-20,Cerrado,32.85891384746084,32.85891384746084,32.858790264027284,124035,124035,124019
2007-07-20,Caatinga,30.43746166381085,30.43746166381085,31.55247231295152,412032,412032,293958
2007-07-28,Mata Atlântica,23.271704164821443,23.271704164821443,24.245864068807485,114747,114747,24962
2007-07-28,Cerrado,31.52912196736772,31.52912196736772,31.58226713009711,124035,124035,123018
2007-07-28,Caatinga,28.586713319197255,28.586713319197255,30.309724064474487,398137,398137,240849
2007-08-05,Mata Atlântica,24.17484117587572,24.17484117587572,25.367907751059338,111179,111179,9873
2007-08-05,Cerrado,31.8193488827372,31.8193488827372,31.832145896000213,124035,124035,123755
2007-08-05,Caatinga,29.421167610983236,29.421167610983236,30.967666464098794,409710,409710,252681
2007-08-13,Mata Atlântica,23.45024707048991,23.45024707048991,25.389678372134647,107942,107942,15832
2007-08-13,Cerrado,32.20357444372299,32.20357444372299,32.278307222226715,124035,124035,122489
2007-08-13,Caatinga,29.263542884456626,29.263542884456626,31.723066499092774,395771,395771,215929
2007-08-21,Mata Atlântica,27.00409617819659,27.00409617819659,28.900488123244234,124434,124434,41423
2007-08-21,Cerrado,36.29755173973313,36.29755173973313,36.29731055976626,124035,124035,124022
2007-08-21,Caatinga,32.720413449216885,32.720413449216885,33.711018528475286,411678,411678,313019
2007-08-29,Mata Atlântica,26.07336584480085,26.07336584480085,27.673378165386033,113516,113516,16704
2007-08-29,Cerrado,35.31875735589173,35.31875735589173,35.33897230439253,124035,124035,123641
2007-08-29,Caatinga,31.59816340419317,31.59816340419317,33.33121462931763,393669,393669,243045
2007-09-06,Mata Atlântica,24.3352931174039,24.3352931174039,27.588902989812855,79069,79069,4317
2007-09-06,Cerrado,35.18733313149247,35.18733313149247,35.21544895988994,124035,124035,123566
2007-09-06,Caatinga,31.516674865516194,31.516674865516194,33.72150138868513,364436,364436,213682
2007-09-14,Mata Atlântica,28.496035657345605,28.496035657345605,30.357247923503255,113994,113994,42480
2007-09-14,Cerrado,38.79056226704698,38.79056226704698,38.791387512224475,124035,124035,124008
2007-09-14,Caatinga,34.65301522952432,34.65301522952432,35.14288343731662,411241,411241,339358
2007-09-22,Mata Atlântica,28.905068878566425,28.905068878566425,31.400348935086008,117695,117695,21463
2007-09-22,Cerrado,38.987647717299566,38.987647717299566,38.991090855895784,124034,124034,123963
2007-09-22,Caatinga,35.360267535685566,35.360267535685566,36.93749417641048,409578,409578,283688
2007-09-30,Mata Atlântica,26.12548286548138,26.12548286548138,28.758959065394986,18686,18686,458
2007-09-30,Cerrado,39.80570809347421,39.80570809347421,39.84187890958234,124009,124009,123061
2007-09-30,Caatinga,36.14947674219085,36.14947674219085,37.30770542571649,343662,343662,263127
2007-10-08,Mata Atlântica,28.800625082407628,28.800625082407628,30.85959725619779,95929,95929,7171
2007-10-08,Cerrado,40.756315376561425,40.756315376561425,40.71273244019158,124035,124035,120499
2007-10-08,Caatinga,37.09269739319229,37.09269739319229,38.09582172322437,383358,383358,275145
2007-10-16,Mata Atlântica,31.415688858460875,31.415688858460875,33.951317720311906,100429,100429,41006
2007-10-16,Cerrado,41.0288407475819,41.0288407475819,41.08622296006379,124035,124035,117390
2007-10-16,Caatinga,39.110562614095805,39.110562614095805,39.16418800774018,406725,406725,379400
2007-10-24,Mata Atlântica,33.63883203569408,33.63883203569408,36.2357541945661,122401,122401,58708
2007-10-24,Cerrado,42.31817441895988,42.31817441895988,42.33612127676581,124035,124035,121910
2007-10-24,Caatinga,40.27712233730185,40.27712233730185,40.236661941845945,415006,415006,375278
2007-11-01,Mata Atlântica,33.87715083415611,33.87715083415611,34.925632222255025,128085,128085,92604
2007-11-01,Cerrado,41.447947858482266,41.447947858482266,41.465049924430254,124027,124027,111713
2007-11-01,Caatinga,40.802443346915936,40.802443346915936,40.63264575457498,415010,415010,374941
2007-11-09,Mata Atlântica,33.45883319678407,33.45883319678407,37.09150650861853,108658,108658,30402
2007-11-09,Cerrado,42.14230844586861,42.14230844586861,42.13973264839251,124035,124035,118079
2007-11-09,Caatinga,40.18613825974819,40.18613825974819,40.335488367235364,407782,407782,331245
2007-11-17,Mata Atlântica,33.74580902215845,33.74580902215845,36.592492220233446,81307,81307,21572
2007-11-17,Cerrado,42.50225913039916,42.50225913039916,42.5667454574625,124035,124035,113993
2007-11-17,Caatinga,40.17438213981362,40.17438213981362,40.746976520816915,387862,387862,304951
2007-11-25,Mata Atlântica,30.550157250685086,30.550157250685086,29.109818728292293,8460,8460,923
2007-11-25,Cerrado,30.398422732571987,30.398422732571987,,417,417,0
2007-11-25,Caatinga,37.71472585775036,37.71472585775036,37.88493149136461,114068,114068,45697
2007-12-03,Mata Atlântica,31.11528269980328,31.11528269980328,32.01673428456652,112180,112180,54652
2007-12-03,Cerrado,35.32986831405763,35.32986831405763,35.42540122036509,92731,92731,42558
2007-12-03,Caatinga,35.87739381213013,35.87739381213013,35.41878516518864,380999,380999,263990
2007-12-11,Mata Atlântica,30.528857577411028,30.528857577411028,32.08620934915562,107460,107460,33859
2007-12-11,Cerrado,36.42449417660102,36.42449417660102,36.411826346396936,123893,123893,103266
2007-12-11,Caatinga,33.42263138093452,33.42263138093452,32.752575018968656,388225,388225,252432
2007-12-19,Mata Atlântica,29.71013142034737,29.71013142034737,31.37609781570887,119109,119109,30145
2007-12-19,Cerrado,33.90002463044274,33.90002463044274,33.99207318347329,124005,124005,103013
2007-12-19,Caatinga,32.13076653737455,32.13076653737455,32.45258831220979,404994,404994,299908
2007-12-27,Mata Atlântica,28.83868322542248,28.83868322542248,29.87625500676607,73156,73156,22138
2007-12-27,Cerrado,35.89211933206033,35.89211933206033,35.79344588077282,124014,124014,111728
2007-12-27,Caatinga,32.478970070027,32.478970070027,32.2764024739006,394493,394493,291618
2008-01-01,Mata Atlântica,30.193416543933456,30.193416543933456,32.07673327703656,117678,117678,35207
2008-01-01,Cerrado,36.90305688327228,36.90305688327228,37.0129952588914,123934,123934,110381
2008-01-01,Caatinga,34.66134252128148,34.66134252128148,34.708103496289326,412512,412512,309664
2008-01-09,Mata Atlântica,29.9342527122085,29.9342527122085,32.444646024172414,122731,122731,15202
2008-01-09,Cerrado,32.493013153983846,32.493013153983846,32.55697670502835,122739,122739,103274
2008-01-09,Caatinga,33.53086561005016,33.53086561005016,33.452427665950346,409626,409626,285520
2008-01-17,Mata Atlântica,31.045363726167807,31.045363726167807,33.01754752023132,72311,72311,21979
2008-01-17,Cerrado,32.3013237075513,32.3013237075513,32.49361521352602,120758,120758,72720
2008-01-17,Caatinga,34.78088995631906,34.78088995631906,34.84851370685149,395435,395435,269158
2008-01-25,Mata Atlântica,30.450489556834814,30.450489556834814,32.234281185522335,42321,42321,2069
2008-01-25,Cerrado,31.707843828196754,31.707843828196754,32.21219108201795,99991,99991,74988
2008-01-25,Caatinga,33.404756348783884,33.404756348783884,33.34065753329124,305714,305714,172332
2008-02-02,Mata Atlântica,30.668224582955308,30.668224582955308,31.942279243343958,127358,127358,44816
2008-02-02,Cerrado,31.381314444474384,31.381314444474384,32.25352883728484,122113,122113,80422
2008-02-02,Caatinga,32.45813480402485,32.45813480402485,32.49368538140583,414913,414913,328582
2008-02-10,Mata Atlântica,30.15345532370826,30.15345532370826,30.7304062551976,105055,105055,15446
2008-02-10,Cerrado,30.84267993783632,30.84267993783632,31.11222673001266,124009,124009,101123
2008-02-10,Caatinga,33.704852975211224,33.704852975211224,33.63743806288897,402751,402751,250231
2008-02-18,Mata Atlântica,30.54829300442235,30.54829300442235,30.99266575800932,106335,106335,37805
2008-02-18,Cerrado,29.867885298479298,29.867885298479298,30.22830714638067,109171,109171,62669
2008-02-18,Caatinga,33.81374526978747,33.81374526978747,33.57874492703367,403493,403493,239515
2008-02-26,Mata Atlântica,29.777951396354418,29.777951396354418,30.90757672638097,69199,69199,35091
2008-02-26,Cerrado,28.166385290900887,28.166385290900887,30.351651422677712,28478,28478,5892
2008-02-26,Caatinga,29.994039875634133,29.994039875634133,31.570019259113124,210681,210681,80798
2008-03-05,Mata Atlântica,30.035854961902633,30.035854961902633,30.544709276604276,126531,126531,41672
2008-03-05,Cerrado,29.43780739773983,29.43780739773983,29.70154238712462,123640,123640,92623
2008-03-05,Caatinga,31.12628166089626,31.12628166089626,31.05043598878087,412804,412804,278125
2008-03-13,Mata Atlântica,30.142323587772676,30.142323587772676,30.944998784250284,116994,116994,49592
2008-03-13,Cerrado,29.02348770898417,29.02348770898417,29.9979465161441,113053,113053,61419
2008-03-13,Caatinga,30.894127884794035,30.894127884794035,32.35559514213495,343488,343488,118740
2008-03-21,Mata Atlântica,27.79812001012428,27.79812001012428,29.516782949906368,92414,92414,10440
2008-03-21,Cerrado,28.531328548612056,28.531328548612056,29.222302688632997,88539,88539,36270
2008-03-21,Caatinga,29.1767384839799,29.1767384839799,30.027118830964465,237381,237381,76256
2008-03-29,Mata Atlântica,27.73236282050637,27.73236282050637,28.909870096440834,86708,86708,11974
2008-03-29,Cerrado,25.23450797436767,25.23450797436767,26.074658414248532,41766,41766,11130
2008-03-29,Caatinga,26.923165499408594,26.923165499408594,27.47350374261937,130087,130087,33405
2008-04-06,Mata Atlântica,28.117958102254715,28.117958102254715,29.729375843640234,118708,118708,25530
2008-04-06,Cerrado,29.55764413094308,29.55764413094308,29.79019632710725,123644,123644,98532
2008-04-06,Caatinga,27.612307506825225,27.612307506825225,28.173576680007343,376936,376936,118959
2008-04-14,Mata Atlântica,27.95735514821362,27.95735514821362,29.091175991959634,120612,120612,23112
2008-04-14,Cerrado,29.204966264196866,29.204966264196866,29.37254636658652,124000,124000,90222
2008-04-14,Caatinga,28.125396217646205,28.125396217646205,28.241169821207478,394522,394522,171014
2008-04-22,Mata Atlântica,29.168939880528313,29.168939880528313,29.9256636063409,123939,123939,41201
2008-04-22,Cerrado,30.0663854525597,30.0663854525597,30.071793642441946,123401,123401,94002
2008-04-22,Caatinga,30.143906651529512,30.143906651529512,30.187735237240464,411677,411677,304915
2008-04-30,Mata Atlântica,28.273711445347786,28.273711445347786,28.78962371160645,125474,125474,64142
2008-04-30,Cerrado,29.569121741658762,29.569121741658762,29.508775709827624,124035,124035,112263
2008-04-30,Caatinga,29.19641891722633,29.19641891722633,29.201255773330704,412911,412911,295714
2008-05-08,Mata Atlântica,25.647749428262156,25.647749428262156,26.269317291710568,102824,102824,25041
2008-05-08,Cerrado,28.96867006707642,28.96867006707642,29.069117476494625,124022,124022,118310
2008-05-08,Caatinga,27.884204021136032,27.884204021136032,28.30977326297457,335452,335452,200797
2008-05-16,Mata Atlântica,25.586706307361684,25.586706307361684,26.24505754801741,111091,111091,34831
2008-05-16,Cerrado,28.408608649985894,28.408608649985894,28.457721977606347,124035,124035,110117
2008-05-16,Caatinga,27.979668246758806,27.979668246758806,28.35246812323538,378686,378686,269083
2008-05-24,Mata Atlântica,27.275723215274162,27.275723215274162,28.404203142539092,118949,118949,43378
2008-05-24,Cerrado,30.010212469345163,30.010212469345163,30.018254919561144,124035,124035,123367
2008-05-24,Caatinga,28.669287318147887,28.669287318147887,29.50599741650924,403729,403729,269467
2008-06-01,Mata Atlântica,25.12252693574535,25.12252693574535,25.806192195627254,105139,105139,23292
2008-06-01,Cerrado,28.6928894333381,28.6928894333381,28.779298565462657,123974,123974,120516
2008-06-01,Caatinga,27.54583405913854,27.54583405913854,28.441415106788384,395838,395838,221791
2008-06-09,Mata Atlântica,26.282333596539743,26.282333596539743,26.668892291716173,128006,128006,78994
2008-06-09,Cerrado,29.468320736760777,29.468320736760777,29.473606416820406,124035,124035,123824
2008-06-09,Caatinga,28.1075497888929,28.1075497888929,28.445195839289585,411969,411969,315786
2008-06-17,Mata Atlântica,24.939233683911695,24.939233683911695,25.27252312288444,115465,115465,59579
2008-06-17,Cerrado,29.586451478645962,29.586451478645962,29.641086907420153,124021,124021,122660
2008-06-17,Caatinga,28.354696223913095,28.354696223913095,28.96651448332862,401060,401060,285580
2008-06-25,Mata Atlântica,22.95479628656124,22.95479628656124,24.100568861488185,91729,91729,10662
2008-06-25,Cerrado,28.71861208820261,28.71861208820261,28.899671217611683,124006,124006,119604
2008-06-25,Caatinga,27.002073551337894,27.002073551337894,28.80766954813011,370951,370951,192286
2008-07-03,Mata Atlântica,23.614798764275662,23.614798764275662,23.83608069610398,122416,122416,63309
2008-07-03,Cerrado,29.412939163707957,29.412939163707957,29.449232796180027,124035,124035,123154
2008-07-03,Caatinga,27.853798610132994,27.853798610132994,28.277935668236708,410569,410569,325560
2008-07-11,Mata Atlântica,23.559922681577735,23.559922681577735,23.981306327586847,124669,124669,48110
2008-07-11,Cerrado,28.46300555977032,28.46300555977032,28.550227824745637,124035,124035,120074
2008-07-11,Caatinga,27.37930815835349,27.37930815835349,27.988951301396245,410572,410572,299359
2008-07-19,Mata Atlântica,25.415314318382876,25.415314318382876,25.944204545418643,127198,127198,63109
2008-07-19,Cerrado,31.72455662030099,31.72455662030099,31.72434868171715,124035,124035,124027
2008-07-19,Caatinga,29.225639472441483,29.225639472441483,29.9222868106088,412741,412741,321721
2008-07-27,Mata Atlântica,25.034237464179785,25.034237464179785,27.17552191732124,121280,121280,40558
2008-07-27,Cerrado,31.336910903255628,31.336910903255628,31.344655310272458,124035,124035,123818
2008-07-27,Caatinga,29.331799270057413,29.331799270057413,30.60623479514738,404505,404505,273655
2008-08-04,Mata Atlântica,26.456694782861845,26.456694782861845,28.102474949431972,120172,120172,23362
2008-08-04,Cerrado,33.99719178447822,33.99719178447822,34.002793838777876,124035,124035,123915
2008-08-04,Caatinga,30.954384906192963,30.954384906192963,32.521009121094615,408352,408352,239073
2008-08-12,Mata Atlântica,24.929438976619107,24.929438976619107,26.051437908819043,119408,119408,16136
2008-08-12,Cerrado,32.16299792003971,32.16299792003971,32.20969853551842,124035,124035,122924
2008-08-12,Caatinga,29.441950759753155,29.441950759753155,31.834864322553045,394345,394345,198736
2008-08-20,Mata Atlântica,25.735215813765368,25.735215813765368,27.546338843840967,102360,102360,17207
2008-08-20,Cerrado,33.769126897293354,33.769126897293354,33.793391506729385,124035,124035,123484
2008-08-20,Caatinga,31.31653350036786,31.31653350036786,32.454342043051206,384557,384557,272996
2008-08-28,Mata Atlântica,28.324825940571586,28.324825940571586,30.650505269760174,126888,126888,43153
2008-08-28,Cerrado,35.71831076600131,35.71831076600131,35.718320021248054,124035,124035,123975
2008-08-28,Caatinga,34.247240875252935,34.247240875252935,34.61472832141101,413644,413644,341565
2008-09-05,Mata Atlântica,30.032485473466753,30.032485473466753,31.7337650541357,118295,118295,64836
2008-09-05,Cerrado,38.378528629661616,38.378528629661616,38.37845094052767,124035,124035,124032
2008-09-05,Caatinga,34.617976881600406,34.617976881600406,35.2339429174501,389029,389029,316912
2008-09-13,Mata Atlântica,30.335824578017167,30.335824578017167,33.09749650362698,102643,102643,32642
2008-09-13,Cerrado,37.891396551049766,37.891396551049766,37.90147280341696,124035,124035,123515
2008-09-13,Caatinga,35.174722960086235,35.174722960086235,36.19836978054609,405254,405254,292002
2008-09-21,Mata Atlântica,30.414044893959332,30.414044893959332,32.975661314419064,71159,71159,31116
2008-09-21,Cerrado,37.28781484554811,37.28781484554811,37.776881344924874,123847,123847,87976
2008-09-21,Caatinga,36.87828596357323,36.87828596357323,37.111845011715374,394114,394114,316871
2008-09-29,Mata Atlântica,31.659410218618305,31.659410218618305,34.52814075893509,97874,97874,32233
2008-09-29,Cerrado,40.256194570362375,40.256194570362375,40.25579263785407,124035,124035,124015
2008-09-29,Caatinga,38.187519041810525,38.187519041810525,38.51188228855017,396453,396453,344586
2008-10-07,Mata Atlântica,29.24756156478668,29.24756156478668,32.421198098610965,76870,76870,8453
2008-10-07,Cerrado,38.48251515185141,38.48251515185141,38.53056808438504,124035,124035,123112
2008-10-07,Caatinga,35.987408576851514,35.987408576851514,37.192180813711026,377835,377835,255301
2008-10-15,Mata Atlântica,31.977604629406734,31.977604629406734,34.17454504266509,123083,123083,40549
2008-10-15,Cerrado,41.213676478783704,41.213676478783704,41.156723313160086,123999,123999,115894
2008-10-15,Caatinga,39.04866331147181,39.04866331147181,39.37332935296698,411453,411453,340339
2008-10-23,Mata Atlântica,34.107021819605905,34.107021819605905,36.361514924525906,122139,122139,60643
2008-10-23,Cerrado,42.33885103420442,42.33885103420442,42.33733159752628,124035,124035,123737
2008-10-23,Caatinga,39.816107138037275,39.816107138037275,40.04660494434084,409176,409176,344796
2008-10-31,Mata Atlântica,36.04158066099078,36.04158066099078,37.35804711745037,128161,128161,89916
2008-10-31,Cerrado,43.17252941627042,43.17252941627042,43.15040210700138,124035,124035,120321
2008-10-31,Caatinga,42.76180564480502,42.76180564480502,42.710683243275604,415041,415041,391735
2008-11-08,Mata Atlântica,36.11179650883763,36.11179650883763,38.962449413854536,80758,80758,34483
2008-11-08,Cerrado,37.17272438653943,37.17272438653943,37.1001340390434,101170,101170,41893
2008-11-08,Caatinga,39.88162013656834,39.88162013656834,40.97220288182038,362319,362319,200950
2008-11-16,Mata Atlântica,35.42390695579783,35.42390695579783,38.497234686118,50791,50791,11833
2008-11-16,Cerrado,35.539286653682154,35.539286653682154,35.71741772527312,53130,53130,15377
2008-11-16,Caatinga,40.66937813323448,40.66937813323448,40.6523145192372,365108,365108,200198
2008-11-24,Mata Atlântica,31.418675824238527,31.418675824238527,35.29323288900205,9879,9879,730
2008-11-24,Cerrado,31.732559217228808,31.732559217228808,32.796461038961056,2586,2586,36
2008-11-24,Caatinga,39.75261924606108,39.75261924606108,40.22437818865509,181388,181388,98588
2008-12-02,Mata Atlântica,30.982075499646935,30.982075499646935,32.357093010538804,49303,49303,24140
2008-12-02,Cerrado,34.06790707993493,34.06790707993493,34.20154116486616,110469,110469,74032
2008-12-02,Caatinga,33.23069093740275,33.23069093740275,33.93762521679323,333840,333840,182699
2008-12-10,Mata Atlântica,29.65746164677073,29.65746164677073,31.241739899556112,91358,91358,11577
2008-12-10,Cerrado,30.722217415272656,30.722217415272656,31.133906102170368,81434,81434,14959
2008-12-10,Caatinga,32.23240582401219,32.23240582401219,32.34769046951451,280937,280937,85718
2008-12-18,Mata Atlântica,28.514352696065114,28.514352696065114,29.698691952138677,24350,24350,1448
2008-12-18,Cerrado,28.838127801314638,28.838127801314638,28.50953843064305,16286,16286,6448
2008-12-18,Caatinga,31.4368802333552,31.4368802333552,31.944122019009736,262668,262668,150061
2008-12-26,Mata Atlântica,29.54461472747596,29.54461472747596,31.430918216995853,84673,84673,21384
2008-12-26,Cerrado,32.34890279000861,32.34890279000861,32.94345192670897,122128,122128,102206
2008-12-26,Caatinga,31.359836510582653,31.359836510582653,30.943577753491137,399390,399390,276589
2009-01-01,Mata Atlântica,27.552909902780563,27.552909902780563,29.059104993237057,50083,50083,6619
2009-01-01,Cerrado,32.36025052968319,32.36025052968319,32.41246302449569,106179,106179,58240
2009-01-01,Caatinga,33.256767965898746,33.256767965898746,32.739261005674294,363192,363192,221743
2009-01-09,Mata Atlântica,27.41513774354134,27.41513774354134,29.198846401015203,102555,102555,9821
2009-01-09,Cerrado,31.577134328029818,31.577134328029818,31.61990626935783,123976,123976,107338
2009-01-09,Caatinga,30.689347721493817,30.689347721493817,31.69457826059152,394031,394031,224517
2009-01-17,Mata Atlântica,28.229143804763666,28.229143804763666,27.812143562030926,70436,70436,8511
2009-01-17,Cerrado,29.6976501494293,29.6976501494293,30.261996401347087,89437,89437,37380
2009-01-17,Caatinga,32.083135343493524,32.083135343493524,33.287754664191155,353491,353491,174212
2009-01-25,Mata Atlântica,29.395016925829072,29.395016925829072,29.759656245547042,122333,122333,26336
2009-01-25,Cerrado,30.35869827259068,30.35869827259068,30.582703665755933,123932,123932,111380
2009-01-25,Caatinga,31.755468796021354,31.755468796021354,30.836175499504424,394062,394062,259774
2009-02-02,Mata Atlântica,28.85390102991617,28.85390102991617,30.15050600024183,108255,108255,4396
2009-02-02,Cerrado,29.733261402221768,29.733261402221768,31.160442722253126,118328,118328,43657
2009-02-02,Caatinga,31.0008571299961,31.0008571299961,31.04833183899105,356089,356089,101390
2009-02-10,Mata Atlântica,29.62532565136315,29.62532565136315,32.001997388854626,90895,90895,9634
2009-02-10,Cerrado,27.484372410303358,27.484372410303358,28.31538351392657,90417,90417,49594
2009-02-10,Caatinga,31.708534393257395,31.708534393257395,30.935117295709816,390035,390035,230426
2009-02-18,Mata Atlântica,29.161951182958894,29.161951182958894,31.653183257360254,78201,78201,15864
2009-02-18,Cerrado,29.866982951968772,29.866982951968772,30.492408168068287,119438,119438,58503
2009-02-18,Caatinga,30.804437542622075,30.804437542622075,31.408733826395128,260554,260554,134022
2009-02-26,Mata Atlântica,30.399583671841977,30.399583671841977,31.875832382517043,125948,125948,42912
2009-02-26,Cerrado,30.19850732599418,30.19850732599418,31.618234088015264,120916,120916,78472
2009-02-26,Caatinga,32.016915917374675,32.016915917374675,32.13070733733237,393297,393297,222874
2009-03-06,Mata Atlântica,30.547044681633537,30.547044681633537,31.93669624642843,125446,125446,42705
2009-03-06,Cerrado,29.991114700501903,29.991114700501903,30.75783084307701,120657,120657,84726
2009-03-06,Caatinga,32.876550935275105,32.876550935275105,32.8115048741904,402421,402421,243506
2009-03-14,Mata Atlântica,32.35734796526538,32.35734796526538,33.207774237341454,109858,109858,73635
2009-03-14,Cerrado,28.76000364784447,28.76000364784447,31.47812074985863,74259,74259,23839
2009-03-14,Caatinga,32.082166778066025,32.082166778066025,32.5141567791326,341177,341177,156810
2009-03-22,Mata Atlântica,30.854385814070096,30.854385814070096,33.15083762767555,66345,66345,25369
2009-03-22,Cerrado,28.607165282979352,28.607165282979352,29.402951665477403,91984,91984,30688
2009-03-22,Caatinga,31.606270237433595,31.606270237433595,31.937106970531335,304795,304795,90691
2009-03-30,Mata Atlântica,30.342497374592778,30.342497374592778,32.1688593940505,80459,80459,26451
2009-03-30,Cerrado,30.073160858812432,30.073160858812432,31.16488845428106,89544,89544,31683
2009-03-30,Caatinga,30.996964176677245,30.996964176677245,31.837353506768405,245146,245146,75297
2009-04-07,Mata Atlântica,27.007451138383452,27.007451138383452,27.844595376513524,65491,65491,5087
2009-04-07,Cerrado,28.001020964295922,28.001020964295922,28.537321018890957,111859,111859,46623
2009-04-07,Caatinga,28.57690494417136,28.57690494417136,28.804631811547473,322457,322457,127145
2009-04-15,Mata Atlântica,26.633781514007826,26.633781514007826,27.541727414081755,59796,59796,8466
2009-04-15,Cerrado,28.014461066144232,28.014461066144232,28.962447143952815,119631,119631,59045
2009-04-15,Caatinga,28.170720049663935,28.170720049663935,28.844199168071594,319869,319869,106746
2009-04-23,Mata Atlântica,27.51426923336748,27.51426923336748,28.251238264009793,121129,121129,41566
2009-04-23,Cerrado,27.399501960912083,27.399501960912083,27.536873569035386,99871,99871,45710
2009-04-23,Caatinga,29.298282955671098,29.298282955671098,29.512734807185534,314030,314030,146072
2009-05-01,Mata Atlântica,25.1933798932092,25.1933798932092,25.778817143410986,79834,79834,28561
2009-05-01,Cerrado,25.728190739848312,25.728190739848312,26.083125116990253,83560,83560,38634
2009-05-01,Caatinga,26.946491468877444,26.946491468877444,27.38340773109241,233276,233276,119680
2009-05-09,Mata Atlântica,26.33143416750558,26.33143416750558,26.73206141535018,113752,113752,53971
2009-05-09,Cerrado,28.191378479171902,28.191378479171902,28.505154685202083,123672,123672,101411
2009-05-09,Caatinga,27.709452857840724,27.709452857840724,28.170480931367734,324364,324364,197177
2009-05-17,Mata Atlântica,23.85848879981724,23.85848879981724,24.580142481078923,74523,74523,29692
2009-05-17,Cerrado,26.103128339803348,26.103128339803348,26.202812672273126,123928,123928,96540
2009-05-17,Caatinga,25.15408670327275,25.15408670327275,25.725972089153938,306849,306849,181425
2009-05-25,Mata Atlântica,25.16261208922596,25.16261208922596,25.781318191777007,121421,121421,49933
2009-05-25,Cerrado,28.604920021509983,28.604920021509983,28.625260281103248,124035,124035,122750
2009-05-25,Caatinga,27.86853683078745,27.86853683078745,28.243686720756717,396110,396110,301734
2009-06-02,Mata Atlântica,24.96656476415162,24.96656476415162,25.211489768982524,92709,92709,34467
2009-06-02,Cerrado,26.24022786792604,26.24022786792604,26.710791189341,123548,123548,80849
2009-06-02,Caatinga,26.13881665456024,26.13881665456024,26.50945052560922,361908,361908,169158
2009-06-10,Mata Atlântica,23.822319027040802,23.822319027040802,24.4698883199962,89175,89175,21461
2009-06-10,Cerrado,27.096895745881955,27.096895745881955,27.190469864011728,123531,123531,116343
2009-06-10,Caatinga,26.75102702918344,26.75102702918344,27.569771446376254,377818,377818,217642
2009-06-18,Mata Atlântica,23.96530745585312,23.96530745585312,24.306607249548996,109402,109402,19301
2009-06-18,Cerrado,28.365758137376794,28.365758137376794,28.39365446072183,124035,124035,123243
2009-06-18,Caatinga,26.962123497518782,26.962123497518782,27.93934364088563,365965,365965,223840
2009-06-26,Mata Atlântica,24.96993384941791,24.96993384941791,25.82693513551824,123649,123649,44991
2009-06-26,Cerrado,29.84854390198837,29.84854390198837,29.87131532197847,124035,124035,123366
2009-06-26,Caatinga,28.026028612841685,28.026028612841685,29.384788115049442,401166,401166,244480
2009-07-04,Mata Atlântica,23.69993163796124,23.69993163796124,24.40645552583587,103744,103744,8683
2009-07-04,Cerrado,28.52682313220639,28.52682313220639,28.607316299691306,123926,123926,121445
2009-07-04,Caatinga,27.20524494397404,27.20524494397404,28.60621235552055,353045,353045,173094
2009-07-12,Mata Atlântica,24.513040738660816,24.513040738660816,25.45790843730153,115333,115333,43155
2009-07-12,Cerrado,30.20211265434233,30.20211265434233,30.226054394354655,124035,124035,123309
2009-07-12,Caatinga,28.469407581328397,28.469407581328397,29.537077515036245,402946,402946,267675
2009-07-20,Mata Atlântica,25.45305339342698,25.45305339342698,25.824129098003915,122787,122787,46669
2009-07-20,Cerrado,31.52586839038293,31.52586839038293,31.53088152695125,124035,124035,123905
2009-07-20,Caatinga,29.236775478572287,29.236775478572287,30.70799217465934,403220,403220,235297
2009-07-28,Mata Atlântica,25.160080252235115,25.160080252235115,25.991570186952195,124363,124363,35431
2009-07-28,Cerrado,31.9015388709478,31.9015388709478,31.901192754766633,124035,124035,124022
2009-07-28,Caatinga,29.733851911129282,29.733851911129282,31.290647980537727,412188,412188,245468
2009-08-05,Mata Atlântica,25.524534705795073,25.524534705795073,26.890731466296682,124857,124857,33112
2009-08-05,Cerrado,32.78341641953791,32.78341641953791,32.78489480256144,124035,124035,123987
2009-08-05,Caatinga,30.189324323412357,30.189324323412357,31.507303889761246,407486,407486,269115
2009-08-13,Mata Atlântica,25.224326201313207,25.224326201313207,26.964680512358736,110109,110109,44559
2009-08-13,Cerrado,32.26865225462863,32.26865225462863,32.284870864368465,124035,124035,123659
2009-08-13,Caatinga,31.17289928923288,31.17289928923288,32.54221978666195,354315,354315,258271
2009-08-21,Mata Atlântica,25.97573464595392,25.97573464595392,27.722270500820756,91648,91648,23081
2009-08-21,Cerrado,33.67250353774871,33.67250353774871,33.70033620425196,124023,124023,120757
2009-08-21,Caatinga,32.50156680376385,32.50156680376385,33.61679936448609,387849,387849,274430
2009-08-29,Mata Atlântica,26.949918804826186,26.949918804826186,30.113712286179354,104015,104015,23273
2009-08-29,Cerrado,35.967085590990756,35.967085590990756,35.9684713697267,124035,124035,123702
2009-08-29,Caatinga,34.34254293515371,34.34254293515371,35.29727287544153,399792,399792,304646
2009-09-06,Mata Atlântica,26.583706079930142,26.583706079930142,28.157867690636333,95966,95966,10057
2009-09-06,Cerrado,34.66854373267978,34.66854373267978,34.70277177916956,124027,124027,121113
2009-09-06,Caatinga,33.41485766621177,33.41485766621177,34.649702005955845,390035,390035,240947
2009-09-14,Mata Atlântica,29.380196542497394,29.380196542497394,30.93005578054688,127251,127251,43695
2009-09-14,Cerrado,39.05210799747289,39.05210799747289,39.047975233705365,124035,124035,123662
2009-09-14,Caatinga,37.27679086275715,37.27679086275715,37.80758292646046,413555,413555,337010
2009-09-22,Mata Atlântica,30.295626602629202,30.295626602629202,31.366830737803802,126516,126516,70107
2009-09-22,Cerrado,37.45361845178801,37.45361845178801,37.53455400112512,124035,124035,108686
2009-09-22,Caatinga,38.019392940838195,38.019392940838195,38.19942829561669,415016,415016,370420
2009-09-30,Mata Atlântica,31.41733422890615,31.41733422890615,34.61241420508084,112115,112115,46855
2009-09-30,Cerrado,39.274484108043836,39.274484108043836,39.16658414583615,124035,124035,117412
2009-09-30,Caatinga,40.0259252482144,40.0259252482144,40.171279413931785,414971,414971,382536
2009-10-08,Mata Atlântica,30.776700677998086,30.776700677998086,33.15007893874811,91416,91416,33940
2009-10-08,Cerrado,33.128916530989194,33.128916530989194,33.8432073000682,79396,79396,18250
2009-10-08,Caatinga,35.06733098054364,35.06733098054364,35.83812511329165,247133,247133,105633
2009-10-16,Mata Atlântica,31.033426960241698,31.033426960241698,34.14657624785089,102187,102187,14546
2009-10-16,Cerrado,35.09938959012606,35.09938959012606,35.81441704071982,109762,109762,57302
2009-10-16,Caatinga,37.84599972310901,37.84599972310901,38.28585590205321,402747,402747,287356
2009-10-24,Mata Atlântica,28.313612533698745,28.313612533698745,30.75903971006182,11132,11132,168
2009-10-24,Cerrado,29.043630960600954,29.043630960600954,31.03091584533741,7714,7714,134
2009-10-24,Caatinga,31.383300375134066,31.383300375134066,32.49324029324417,168848,168848,62679
2009-11-01,Mata Atlântica,29.880897431024945,29.880897431024945,31.211497271417564,117222,117222,22211
2009-11-01,Cerrado,29.870858124240396,29.870858124240396,31.195180523868366,85951,85951,40527
2009-11-01,Caatinga,32.08353240430585,32.08353240430585,32.35756677232895,402984,402984,239591
2009-11-09,Mata Atlântica,30.335995473984852,30.335995473984852,31.70771370859015,117560,117560,15047
2009-11-09,Cerrado,32.91301137329199,32.91301137329199,32.92031523809238,124026,124026,112877
2009-11-09,Caatinga,33.11603376605023,33.11603376605023,33.539229865809034,407062,407062,271231
2009-11-17,Mata Atlântica,30.698762182163218,30.698762182163218,31.877706273068345,126571,126571,38716
2009-11-17,Cerrado,34.21554326760332,34.21554326760332,33.86660472083585,124035,124035,106809
2009-11-17,Caatinga,34.235628522922994,34.235628522922994,33.97110660419994,414081,414081,327594
2009-11-25,Mata Atlântica,32.50140936262212,32.50140936262212,33.535213978483114,122386,122386,44036
2009-11-25,Cerrado,34.88408033083249,34.88408033083249,34.75188560868143,122509,122509,96650
2009-11-25,Caatinga,36.39524963172753,36.39524963172753,36.36952777358619,397489,397489,323341
2009-12-03,Mata Atlântica,32.48827094674003,32.48827094674003,32.95684425797903,120160,120160,37509
2009-12-03,Cerrado,31.921949276074237,31.921949276074237,32.23821739813291,119166,119166,82463
2009-12-03,Caatinga,34.365683811583075,34.365683811583075,33.71777456263656,391285,391285,302306
2009-12-11,Mata Atlântica,32.927231341742,32.927231341742,33.73573086003157,120623,120623,38898
2009-12-11,Cerrado,32.48488556344103,32.48488556344103,32.7096382208971,123940,123940,92601
2009-12-11,Caatinga,33.77692351290335,33.77692351290335,33.49904114460044,379480,379480,249631
2009-12-19,Mata Atlântica,32.374594354190606,32.374594354190606,33.14521772578588,86654,86654,7564
2009-12-19,Cerrado,31.926918095222813,31.926918095222813,32.305938985065005,105249,105249,58124
2009-12-19,Caatinga,34.90343691879874,34.90343691879874,35.16413573908511,317862,317862,196213
2009-12-27,Mata Atlântica,32.14327822783744,32.14327822783744,33.18678584458231,23305,23305,1039
2009-12-27,Cerrado,29.07632396907526,29.07632396907526,29.92122135054903,25560,25560,6991
2009-12-27,Caatinga,33.16566072572319,33.16566072572319,33.92734449020861,146838,146838,46513
2010-01-01,Mata Atlântica,31.637210525966044,31.637210525966044,32.79594306194226,119387,119387,6675
2010-01-01,Cerrado,29.856396410601345,29.856396410601345,30.486002804963853,120099,120099,66737
2010-01-01,Caatinga,30.13665708221775,30.13665708221775,30.17117233210626,346342,346342,117130
2010-01-09,Mata Atlântica,31.156086267112602,31.156086267112602,32.69693574299725,108718,108718,18920
2010-01-09,Cerrado,29.552303976642552,29.552303976642552,30.047435887760784,123949,123949,67797
2010-01-09,Caatinga,30.175672088954812,30.175672088954812,30.04511348619445,362936,362936,165523
2010-01-17,Mata Atlântica,32.20557914676007,32.20557914676007,32.28805561966846,120785,120785,13766
2010-01-17,Cerrado,30.963910123586775,30.963910123586775,31.04422620605703,124035,124035,110538
2010-01-17,Caatinga,32.16759171713931,32.16759171713931,32.00644856506531,411794,411794,265511
2010-01-25,Mata Atlântica,30.741897149143394,30.741897149143394,33.25468881886331,93892,93892,12206
2010-01-25,Cerrado,29.49510995512121,29.49510995512121,29.978846158986165,122493,122493,93393
2010-01-25,Caatinga,32.48422957627244,32.48422957627244,32.364157121314285,386167,386167,204608
2010-02-02,Mata Atlântica,32.638319141398085,32.638319141398085,35.151047942854184,86295,86295,19373
2010-02-02,Cerrado,32.610217001367864,32.610217001367864,32.657340423384184,124031,124031,119497
2010-02-02,Caatinga,34.099041687759055,34.099041687759055,34.27010312843163,327579,327579,213414
2010-02-10,Mata Atlântica,30.67749200694495,30.67749200694495,31.90923405181069,72702,72702,9598
2010-02-10,Cerrado,30.306723975171693,30.306723975171693,30.609607645092883,123190,123190,74185
2010-02-10,Caatinga,33.62740137622033,33.62740137622033,33.80467390001613,376336,376336,209499
2010-02-18,Mata Atlântica,33.1299511998787,33.1299511998787,35.02908411909018,107436,107436,42758
2010-02-18,Cerrado,30.71650458754246,30.71650458754246,31.141338695214554,117076,117076,71438
2010-02-18,Caatinga,34.874615244171856,34.874615244171856,35.07819678979212,357868,357868,237431
2010-02-26,Mata Atlântica,31.661433075761504,31.661433075761504,33.21871505223705,91336,91336,22341
2010-02-26,Cerrado,30.18428934049849,30.18428934049849,31.330659635665114,86021,86021,36719
2010-02-26,Caatinga,33.41061536627155,33.41061536627155,33.548745777851906,346366,346366,174023
2010-03-06,Mata Atlântica,32.06485718159341,32.06485718159341,32.464396815717166,127411,127411,96353
2010-03-06,Cerrado,30.7629532939665,30.7629532939665,30.761383539574204,123191,123191,78941
2010-03-06,Caatinga,33.23477989141369,33.23477989141369,33.35430938015172,412504,412504,353445
2010-03-14,Mata Atlântica,28.67732526899116,28.67732526899116,29.555427001064626,106491,106491,9679
2010-03-14,Cerrado,30.716214020251314,30.716214020251314,30.770807197333284,124035,124035,116447
2010-03-14,Caatinga,30.764173478558433,30.764173478558433,30.774171980313024,359825,359825,194523
2010-03-22,Mata Atlântica,29.173904785607434,29.173904785607434,30.669850486892816,110122,110122,36757
2010-03-22,Cerrado,28.90979024554574,28.90979024554574,29.08634371218098,124020,124020,90039
2010-03-22,Caatinga,29.527202948788936,29.527202948788936,30.052906414417688,340633,340633,144557
2010-03-30,Mata Atlântica,27.463754546021665,27.463754546021665,28.35303467433882,104384,104384,17479
2010-03-30,Cerrado,28.938281000057458,28.938281000057458,30.0592405838723,69524,69524,9436
2010-03-30,Caatinga,30.250188226429398,30.250188226429398,30.602918666426095,343923,343923,112905
2010-04-07,Mata Atlântica,26.696813911951537,26.696813911951537,27.536270411453433,64139,64139,17166
2010-04-07,Cerrado,27.57809479869662,27.57809479869662,27.71746602404119,123347,123347,96536
2010-04-07,Caatinga,26.72913394773849,26.72913394773849,26.9533057180041,239645,239645,134378
2010-04-15,Mata Atlântica,26.2954037878404,26.2954037878404,27.25125734651088,93795,93795,14222
2010-04-15,Cerrado,30.493158376019146,30.493158376019146,30.671866514384675,123796,123796,115657
2010-04-15,Caatinga,28.28209090461363,28.28209090461363,28.982737940640046,371405,371405,211693
2010-04-23,Mata Atlântica,27.134919650180358,27.134919650180358,27.95420017046145,125773,125773,25724
2010-04-23,Cerrado,31.197887054798173,31.197887054798173,31.245657600000868,124002,124002,122489
2010-04-23,Caatinga,29.259017580654685,29.259017580654685,29.968013501676108,412074,412074,232950
2010-05-01,Mata Atlântica,26.33227572119937,26.33227572119937,26.64763461081125,115939,115939,38260
2010-05-01,Cerrado,31.463312614804178,31.463312614804178,31.466788890871854,124035,124035,122941
2010-05-01,Caatinga,29.99556637264399,29.99556637264399,30.21181758377518,412135,412135,314746
2010-05-09,Mata Atlântica,27.332167041571722,27.332167041571722,28.42220208003545,105554,105554,45358
2010-05-09,Cerrado,29.95106598920226,29.95106598920226,29.87744071408452,124035,124035,109760
2010-05-09,Caatinga,30.88454456131944,30.88454456131944,31.05881710382152,397412,397412,326299
2010-05-17,Mata Atlântica,27.079167095082394,27.079167095082394,27.816017600567086,119150,119150,52698
2010-05-17,Cerrado,30.572715683671582,30.572715683671582,30.71400185494986,124034,124034,109891
2010-05-17,Caatinga,30.6941326549348,30.6941326549348,31.118359543122903,409175,409175,311298
2010-05-25,Mata Atlântica,25.883280933333936,25.883280933333936,26.815364013103963,100346,100346,11470
2010-05-25,Cerrado,30.11787981229565,30.11787981229565,30.183517876603144,124035,124035,121641
2010-05-25,Caatinga,30.475530310269818,30.475530310269818,30.961643645928447,405534,405534,273113
2010-06-02,Mata Atlântica,26.517981612949953,26.517981612949953,26.87874227494189,123850,123850,99055
2010-06-02,Cerrado,30.40887049447072,30.40887049447072,30.440799684543453,124035,124035,123122
2010-06-02,Caatinga,30.439835020245393,30.439835020245393,30.801299649037905,373988,373988,292719
2010-06-10,Mata Atlântica,25.37273243447617,25.37273243447617,25.526090029289698,125786,125786,95800
2010-06-10,Cerrado,28.928528140625478,28.928528140625478,28.928316467325747,124035,124035,124025
2010-06-10,Caatinga,29.01032181235329,29.01032181235329,29.47688802321542,376166,376166,307672
2010-06-18,Mata Atlântica,27.006342938341888,27.006342938341888,27.614128564793553,122963,122963,82543
2010-06-18,Cerrado,31.085671671374417,31.085671671374417,31.085504329845413,124035,124035,124027
2010-06-18,Caatinga,30.47497236918698,30.47497236918698,30.975261578958136,404103,404103,337915
2010-06-26,Mata Atlântica,23.686859300812124,23.686859300812124,24.620824199806286,99238,99238,14609
2010-06-26,Cerrado,28.470047088887636,28.470047088887636,28.53219997039738,124013,124013,120666
2010-06-26,Caatinga,27.34915559698302,27.34915559698302,28.547880004699426,365564,365564,198427
2010-07-04,Mata Atlântica,23.01096617382415,23.01096617382415,23.897408551391763,100039,100039,13884
2010-07-04,Cerrado,30.262652624194455,30.262652624194455,30.290174984381213,124035,124035,123377
2010-07-04,Caatinga,28.28206379816724,28.28206379816724,30.014935553332386,388239,388239,230103
2010-07-12,Mata Atlântica,23.893064858835103,23.893064858835103,25.357653774294292,100989,100989,8430
2010-07-12,Cerrado,29.402187129229908,29.402187129229908,29.446508525422963,124035,124035,122174
2010-07-12,Caatinga,27.904986448375453,27.904986448375453,29.83893470097925,392845,392845,211520
2010-07-20,Mata Atlântica,23.047936144499225,23.047936144499225,24.179048209458188,92341,92341,12845
2010-07-20,Cerrado,30.09366551417498,30.09366551417498,30.182676788092433,123939,123939,121949
2010-07-20,Caatinga,27.535193275785986,27.535193275785986,29.427490904726646,386378,386378,233950
2010-07-28,Mata Atlântica,23.60617474512193,23.60617474512193,24.70688611588689,123957,123957,19687
2010-07-28,Cerrado,30.417286992401245,30.417286992401245,30.71062673414737,123883,123883,115943
2010-07-28,Caatinga,28.100137791811154,28.100137791811154,30.084674133157105,409312,409312,231167
2010-08-05,Mata Atlântica,25.45016639788391,25.45016639788391,26.901619340858087,120565,120565,51800
2010-08-05,Cerrado,32.2481030423821,32.2481030423821,32.31581931751514,124035,124035,122490
2010-08-05,Caatinga,29.62096662755253,29.62096662755253,31.12741705845626,412767,412767,268819
2010-08-13,Mata Atlântica,24.445883659532413,24.445883659532413,25.841183981259466,115687,115687,49757
2010-08-13,Cerrado,31.51579264880075,31.51579264880075,31.519504860492813,124035,124035,123931
2010-08-13,Caatinga,30.014325888914,30.014325888914,30.946598943017744,411596,411596,311719
2010-08-21,Mata Atlântica,25.023414266330143,25.023414266330143,26.701072852211233,105322,105322,19490
2010-08-21,Cerrado,34.95857711387211,34.95857711387211,34.963684104640144,124034,124034,123929
2010-08-21,Caatinga,31.42248380054016,31.42248380054016,33.43709590280138,383986,383986,262840
2010-08-29,Mata Atlântica,27.925159876214458,27.925159876214458,29.23132536536008,127492,127492,54087
2010-08-29,Cerrado,35.061641717066934,35.061641717066934,35.06133729475749,124035,124035,124022
2010-08-29,Caatinga,32.758682362271756,32.758682362271756,33.338321690886325,414967,414967,336088
2010-09-06,Mata Atlântica,25.820715246167616,25.820715246167616,28.671962265559582,89143,89143,11304
2010-09-06,Cerrado,37.10785692164189,37.10785692164189,37.11259407657687,124035,124035,123921
2010-09-06,Caatinga,33.312070054430194,33.312070054430194,34.93758130455379,384569,384569,275321
2010-09-14,Mata Atlântica,27.089306041295206,27.089306041295206,30.085005673065215,107395,107395,14259
2010-09-14,Cerrado,37.25167472635865,37.25167472635865,37.25602581965264,124035,124035,123916
2010-09-14,Caatinga,32.88209841403595,32.88209841403595,35.46592104312562,397424,397424,212638
2010-09-22,Mata Atlântica,27.951505108540058,27.951505108540058,30.988085117588497,108058,108058,15772
2010-09-22,Cerrado,39.18050730301553,39.18050730301553,39.194533275090315,124035,124035,123729
2010-09-22,Caatinga,35.90919162607571,35.90919162607571,37.13681580155975,393288,393288,297008
2010-09-30,Mata Atlântica,31.49475108756176,31.49475108756176,32.715964345517435,109474,109474,71159
2010-09-30,Cerrado,40.491172895489086,40.491172895489086,40.49044783303017,124035,124035,123851
2010-09-30,Caatinga,39.432814535650465,39.432814535650465,39.57272111213365,414867,414867,383621
2010-10-08,Mata Atlântica,33.833334048002406,33.833334048002406,34.52638369480955,78308,78308,59173
2010-10-08,Cerrado,39.81675028813343,39.81675028813343,39.94446708716786,123910,123910,106320
2010-10-08,Caatinga,39.084170246965336,39.084170246965336,39.23808231726284,415037,415037,366999
2010-10-16,Mata Atlântica,32.2726380813433,32.2726380813433,34.27170758929793,117703,117703,54690
2010-10-16,Cerrado,39.02380573269062,39.02380573269062,38.938125951999545,123455,123455,98311
2010-10-16,Caatinga,37.42463601571555,37.42463601571555,37.91871399891502,404753,404753,294280
2010-10-24,Mata Atlântica,30.928491921924746,30.928491921924746,32.290970294642506,103559,103559,64077
2010-10-24,Cerrado,35.4508597540617,35.4508597540617,36.03130343481141,108776,108776,40217
2010-10-24,Caatinga,35.673695666310586,35.673695666310586,35.7685877657191,335923,335923,174072
2010-11-01,Mata Atlântica,32.400385376035786,32.400385376035786,34.52181538321087,119137,119137,40880
2010-11-01,Cerrado,34.345473379919355,34.345473379919355,35.4412898826654,109224,109224,55960
2010-11-01,Caatinga,36.41620348970178,36.41620348970178,36.58943227402511,412526,412526,311206
2010-11-09,Mata Atlântica,29.31254298385293,29.31254298385293,31.770580460435635,71903,71903,9177
2010-11-09,Cerrado,37.65557806030926,37.65557806030926,37.74580641719726,114707,114707,72283
2010-11-09,Caatinga,35.82286437985137,35.82286437985137,36.62887442584616,374318,374318,244000
2010-11-17,Mata Atlântica,30.731893428849606,30.731893428849606,31.69470784039356,78278,78278,29840
2010-11-17,Cerrado,32.03312956569443,32.03312956569443,32.69956565915669,75116,75116,21480
2010-11-17,Caatinga,35.5874529644243,35.5874529644243,35.98838718231014,371057,371057,230662
2010-11-25,Mata Atlântica,29.480539819704354,29.480539819704354,29.909496895654378,73340,73340,14392
2010-11-25,Cerrado,32.09602998233836,32.09602998233836,32.466154486839436,96545,96545,58771
2010-11-25,Caatinga,34.58975563437772,34.58975563437772,35.08034882984066,368189,368189,243412
2010-12-03,Mata Atlântica,30.730238627744946,30.730238627744946,31.027321390053192,74949,74949,24884
2010-12-03,Cerrado,34.53276887611536,34.53276887611536,34.684828960332155,117826,117826,98940
2010-12-03,Caatinga,34.513728028872904,34.513728028872904,34.083457443846136,345596,345596,223546
2010-12-11,Mata Atlântica,28.41423699851143,28.41423699851143,29.371163501999565,88236,88236,9630
2010-12-11,Cerrado,30.470817024863262,30.470817024863262,30.843036208345048,114101,114101,92112
2010-12-11,Caatinga,28.82560312281026,28.82560312281026,29.722568224130868,241298,241298,87548
2010-12-19,Mata Atlântica,29.87256557226991,29.87256557226991,32.45688142961046,111078,111078,21615
2010-12-19,Cerrado,32.96700710548342,32.96700710548342,33.27175609,121469,121469,63714
2010-12-19,Caatinga,32.44661133174332,32.44661133174332,32.70146057396957,402990,402990,313619
2010-12-27,Mata Atlântica,30.651071334934315,30.651071334934315,32.29562788373513,29043,29043,3322
2010-12-27,Cerrado,30.558890362256346,30.558890362256346,30.679467407376713,35701,35701,7549
2010-12-27,Caatinga,31.624242672907766,31.624242672907766,32.888629882310546,231503,231503,108257
2011-01-01,Mata Atlântica,28.460427723228204,28.460427723228204,28.73242356074756,63454,63454,2737
2011-01-01,Cerrado,31.019746790636006,31.019746790636006,31.38245850301202,109832,109832,78744
2011-01-01,Caatinga,30.204836456531364,30.204836456531364,29.926078600585992,322931,322931,192681
2011-01-09,Mata Atlântica,29.124902713964616,29.124902713964616,30.627344397020586,109381,109381,22387
2011-01-09,Cerrado,30.48277764580125,30.48277764580125,31.0488795839871,103528,103528,71675
2011-01-09,Caatinga,30.950793620407907,30.950793620407907,31.030263221672612,396440,396440,272364
2011-01-17,Mata Atlântica,30.465654615940565,30.465654615940565,32.256299532991044,119589,119589,32658
2011-01-17,Cerrado,29.94917182821584,29.94917182821584,30.258323681553147,124010,124010,85177
2011-01-17,Caatinga,31.142363515057017,31.142363515057017,31.146771748290934,402714,402714,258641
2011-01-25,Mata Atlântica,27.886265550699473,27.886265550699473,29.340578393489483,108609,108609,9371
2011-01-25,Cerrado,31.074760615542957,31.074760615542957,31.556004346277938,122998,122998,92200
2011-01-25,Caatinga,30.245876624961987,30.245876624961987,30.695244752522783,376331,376331,155985
2011-02-02,Mata Atlântica,28.98384466583583,28.98384466583583,30.881247744767425,106985,106985,4116
2011-02-02,Cerrado,30.045661754523806,30.045661754523806,30.97353000204991,120225,120225,73212
2011-02-02,Caatinga,31.254149579496637,31.254149579496637,31.592163768770405,347703,347703,156139
2011-02-10,Mata Atlântica,29.268174475828104,29.268174475828104,31.376993727301365,68298,68298,3751
2011-02-10,Cerrado,28.311211806382488,28.311211806382488,28.654341423909298,83815,83815,53260
2011-02-10,Caatinga,31.217198683373717,31.217198683373717,30.47433347441823,209005,209005,50906
2011-02-18,Mata Atlântica,29.282848877385323,29.282848877385323,31.653141814438342,97344,97344,22112
2011-02-18,Cerrado,28.136669604198254,28.136669604198254,29.766306761389746,101247,101247,42584
2011-02-18,Caatinga,31.499675936487698,31.499675936487698,32.21754469276573,235436,235436,93261
2011-02-26,Mata Atlântica,30.294894261923165,30.294894261923165,31.679163019719347,115892,115892,8526
2011-02-26,Cerrado,27.98698758356531,27.98698758356531,28.275948659683998,111578,111578,50646
2011-02-26,Caatinga,29.745356237651418,29.745356237651418,29.637014282606714,302188,302188,84193
2011-03-06,Mata Atlântica,31.67329276644647,31.67329276644647,32.969196316570766,60029,60029,4455
2011-03-06,Cerrado,26.859169978034398,26.859169978034398,27.49264603762339,65601,65601,21270
2011-03-06,Caatinga,29.51384802530418,29.51384802530418,29.853724612384934,176583,176583,29155
2011-03-14,Mata Atlântica,29.61871311819489,29.61871311819489,31.917701259332407,68624,68624,21132
2011-03-14,Cerrado,28.816936629340205,28.816936629340205,29.70868899157581,80557,80557,35675
2011-03-14,Caatinga,29.744812130225263,29.744812130225263,31.03077299433073,340429,340429,123531
2011-03-22,Mata Atlântica,26.970354885178182,26.970354885178182,28.03899628882451,90607,90607,8123
2011-03-22,Cerrado,27.666109564604437,27.666109564604437,28.68869878611977,98054,98054,37555
2011-03-22,Caatinga,27.482929374841625,27.482929374841625,27.83627077214686,227594,227594,45521
2011-03-30,Mata Atlântica,29.516153295003118,29.516153295003118,30.08925145958804,126900,126900,39193
2011-03-30,Cerrado,28.582865736765193,28.582865736765193,29.03784587663374,115942,115942,37568
2011-03-30,Caatinga,29.817846054542272,29.817846054542272,29.699937791510997,410884,410884,223663
2011-04-07,Mata Atlântica,26.179372022800184,26.179372022800184,27.74575810963703,65724,65724,2828
2011-04-07,Cerrado,27.232632448241727,27.232632448241727,27.39533802028819,117987,117987,54377
2011-04-07,Caatinga,28.56022645560098,28.56022645560098,28.456250804445002,325283,325283,161573
2011-04-15,Mata Atlântica,25.006144007520753,25.006144007520753,26.12269903746766,84916,84916,4551
2011-04-15,Cerrado,28.273458123800705,28.273458123800705,28.671344878946524,122161,122161,77530
2011-04-15,Caatinga,27.631860581826334,27.631860581826334,28.038655929746515,323467,323467,135208
2011-04-23,Mata Atlântica,26.107041726355067,26.107041726355067,26.702736790163748,105756,105756,18070
2011-04-23,Cerrado,29.525481497386735,29.525481497386735,29.572542360241187,124032,124032,118313
2011-04-23,Caatinga,28.475372188637035,28.475372188637035,28.8446658961231,395905,395905,239600
2011-05-01,Mata Atlântica,24.910549923548736,24.910549923548736,25.814575686465332,84657,84657,4714
2011-05-01,Cerrado,30.128053665938246,30.128053665938246,30.166270030256083,124011,124011,116984
2011-05-01,Caatinga,28.314322528567065,28.314322528567065,29.26980948422583,347161,347161,190878
2011-05-09,Mata Atlântica,25.196902119241976,25.196902119241976,25.68735524972608,110119,110119,35782
2011-05-09,Cerrado,28.952110812349396,28.952110812349396,28.95645363994411,124035,124035,119733
2011-05-09,Caatinga,27.943796448965013,27.943796448965013,28.38214409077861,321967,321967,184783
2011-05-17,Mata Atlântica,23.24705102264115,23.24705102264115,24.539497119565805,67599,67599,10187
2011-05-17,Cerrado,28.300408978481116,28.300408978481116,28.464209599933636,123126,123126,115696
2011-05-17,Caatinga,28.0009822453962,28.0009822453962,28.925236223316208,222300,222300,161616
2011-05-25,Mata Atlântica,25.103182208518486,25.103182208518486,25.277306966182277,125927,125927,62297
2011-05-25,Cerrado,29.486738826091415,29.486738826091415,29.501180179851243,124035,124035,123500
2011-05-25,Caatinga,28.671706996354093,28.671706996354093,29.1780711117044,404654,404654,292124
2011-06-02,Mata Atlântica,25.420389644183874,25.420389644183874,25.540256329711422,125401,125401,80800
2011-06-02,Cerrado,29.699173900542668,29.699173900542668,29.687393196183848,124035,124035,123270
2011-06-02,Caatinga,29.89475172925655,29.89475172925655,29.90891089856027,414964,414964,375181
2011-06-10,Mata Atlântica,24.059938785140844,24.059938785140844,24.636404834089298,103044,103044,31539
2011-06-10,Cerrado,28.122798517169816,28.122798517169816,28.219947453774758,124035,124035,120235
2011-06-10,Caatinga,29.074711507065278,29.074711507065278,29.64213751209963,377601,377601,256882
2011-06-18,Mata Atlântica,24.422040076655147,24.422040076655147,25.240770074534627,121404,121404,17067
2011-06-18,Cerrado,30.158883049857753,30.158883049857753,30.202509599792595,124035,124035,122967
2011-06-18,Caatinga,29.160533219304458,29.160533219304458,30.25551434873446,406279,406279,259650
2011-06-26,Mata Atlântica,25.399724350339415,25.399724350339415,25.87964523800833,116121,116121,51150
2011-06-26,Cerrado,30.5657665113101,30.5657665113101,30.566947521614477,124035,124035,123996
2011-06-26,Caatinga,30.007430549837203,30.007430549837203,30.345265270639867,412391,412391,316890
2011-07-04,Mata Atlântica,25.828307891227123,25.828307891227123,26.107710289733014,128247,128247,78314
2011-07-04,Cerrado,31.349315755402333,31.349315755402333,31.349195476800883,124035,124035,124029
2011-07-04,Caatinga,30.797071776096434,30.797071776096434,31.048966945073044,412578,412578,334778
2011-07-12,Mata Atlântica,24.191804315468396,24.191804315468396,25.63318132239462,113141,113141,14383
2011-07-12,Cerrado,30.74844949466165,30.74844949466165,30.779330954660768,124035,124035,123298
2011-07-12,Caatinga,29.249689336627412,29.249689336627412,30.044723512659413,375911,375911,255724
2011-07-20,Mata Atlântica,23.330551987147338,23.330551987147338,24.72616842019795,109113,109113,10417
2011-07-20,Cerrado,29.487813693820865,29.487813693820865,29.66002757112515,124003,124003,120152
2011-07-20,Caatinga,28.738722184838235,28.738722184838235,30.20660032562165,403605,403605,226237
2011-07-28,Mata Atlântica,25.88978324692964,25.88978324692964,26.732711759264625,124093,124093,71912
2011-07-28,Cerrado,32.145467163459976,32.145467163459976,32.14514512297293,124035,124035,124022
2011-07-28,Caatinga,31.32373120373545,31.32373120373545,31.488804824733425,414985,414985,378425
2011-08-05,Mata Atlântica,26.557743727826647,26.557743727826647,27.509198860980856,125144,125144,61803
2011-08-05,Cerrado,34.024973169491915,34.024973169491915,34.02673947285681,124035,124035,123969
2011-08-05,Caatinga,32.49269436503103,32.49269436503103,32.854341948672136,414947,414947,354760
2011-08-13,Mata Atlântica,25.240215407451554,25.240215407451554,26.860676799093152,122933,122933,44914
2011-08-13,Cerrado,33.665917105258856,33.665917105258856,33.666620216709724,124035,124035,124004
2011-08-13,Caatinga,31.810032162916585,31.810032162916585,32.283482540485025,412628,412628,327622
2011-08-21,Mata Atlântica,25.772155233180772,25.772155233180772,27.582868893942518,108386,108386,12254
2011-08-21,Cerrado,34.30898897677474,34.30898897677474,34.36681473463549,124035,124035,122868
2011-08-21,Caatinga,32.26751884429727,32.26751884429727,33.78861878055839,409615,409615,249453
2011-08-29,Mata Atlântica,27.68289057346862,27.68289057346862,28.885964784160436,121859,121859,49906
2011-08-29,Cerrado,36.724745296156435,36.724745296156435,36.72450691212791,124035,124035,124024
2011-08-29,Caatinga,34.064270432855544,34.064270432855544,34.73098761750285,413836,413836,309060
2011-09-06,Mata Atlântica,29.38096340445134,29.38096340445134,31.550751782990645,126124,126124,55810
2011-09-06,Cerrado,38.26403523057951,38.26403523057951,38.26388288287668,124035,124035,124028
2011-09-06,Caatinga,35.26374506728125,35.26374506728125,36.18787698327245,414604,414604,297666
2011-09-14,Mata Atlântica,26.920843255917983,26.920843255917983,28.662729397406853,82813,82813,7843
2011-09-14,Cerrado,35.982309923578214,35.982309923578214,36.08417216884607,123873,123873,122213
2011-09-14,Caatinga,32.54436714464996,32.54436714464996,33.974833304374144,341985,341985,209400
2011-09-22,Mata Atlântica,30.50729895448481,30.50729895448481,33.60261022617877,91911,91911,34504
2011-09-22,Cerrado,39.26534684500015,39.26534684500015,39.280749716330675,124035,124035,122952
2011-09-22,Caatinga,36.599273598987516,36.599273598987516,36.90897922560897,368573,368573,310809
2011-09-30,Mata Atlântica,29.154301028442518,29.154301028442518,31.397031894513503,57046,57046,4119
2011-09-30,Cerrado,38.6052835247818,38.6052835247818,38.510276774004716,123897,123897,97951
2011-09-30,Caatinga,36.72766371475542,36.72766371475542,37.245905478608336,374934,374934,254759
2011-10-08,Mata Atlântica,30.356721541638137,30.356721541638137,34.11612575202069,61194,61194,6359
2011-10-08,Cerrado,39.449779375313845,39.449779375313845,39.47220478888157,123960,123960,115892
2011-10-08,Caatinga,38.469704879267276,38.469704879267276,39.059857523617346,379930,379930,270211
2011-10-16,Mata Atlântica,29.876367455076036,29.876367455076036,37.635664110943885,12065,12065,1114
2011-10-16,Cerrado,34.394283231297415,34.394283231297415,34.66460344460191,101154,101154,81812
2011-10-16,Caatinga,35.70164434187203,35.70164434187203,36.034672860943914,246861,246861,122503
2011-10-24,Mata Atlântica,29.34787340727904,29.34787340727904,32.1378231759476,85610,85610,27464
2011-10-24,Cerrado,36.64886317556345,36.64886317556345,36.62555634396137,124008,124008,95417
2011-10-24,Caatinga,35.74353084564858,35.74353084564858,36.12685796889947,379418,379418,251683
2011-11-01,Mata Atlântica,26.165771820148354,26.165771820148354,28.445507444512675,27283,27283,4293
2011-11-01,Cerrado,33.965558970061785,33.965558970061785,34.18031540741834,78096,78096,42162
2011-11-01,Caatinga,34.581211402190135,34.581211402190135,35.46791079705871,214121,214121,112065
2011-11-09,Mata Atlântica,28.056855023074544,28.056855023074544,30.089503848365602,85445,85445,4599
2011-11-09,Cerrado,32.689913123167806,32.689913123167806,33.27787532404759,109714,109714,50190
2011-11-09,Caatinga,32.41168095000917,32.41168095000917,33.536370315338395,333907,333907,159651
2011-11-17,Mata Atlântica,28.670279252390184,28.670279252390184,31.807973477393976,41423,41423,1872
2011-11-17,Cerrado,31.268024245429412,31.268024245429412,32.60361301218416,99960,99960,22906
2011-11-17,Caatinga,32.68397274336529,32.68397274336529,33.64835034077706,294785,294785,80876
2011-11-25,Mata Atlântica,27.034064268818025,27.034064268818025,29.597775656743316,47236,47236,1918
2011-11-25,Cerrado,30.327145786155647,30.327145786155647,30.212759943221805,51009,51009,19326
2011-11-25,Caatinga,33.20287615212059,33.20287615212059,33.23937658283458,338549,338549,161481
2011-12-03,Mata Atlântica,28.32345578424902,28.32345578424902,29.357304608381156,93947,93947,20476
2011-12-03,Cerrado,33.14465923787091,33.14465923787091,33.17179268633846,123939,123939,110801
2011-12-03,Caatinga,33.152357059046416,33.152357059046416,32.74651209631692,399758,399758,273175
2011-12-11,Mata Atlântica,28.21887947597197,28.21887947597197,32.02982076638956,75864,75864,13178
2011-12-11,Cerrado,29.327240034582477,29.327240034582477,29.52046841223346,54849,54849,14780
2011-12-11,Caatinga,33.436490947585,33.436490947585,34.64143199699298,372986,372986,225233
2011-12-19,Mata Atlântica,28.498438767240657,28.498438767240657,29.493222722480947,96485,96485,14988
2011-12-19,Cerrado,31.61110646736549,31.61110646736549,31.584861295582872,121010,121010,84606
2011-12-19,Caatinga,32.252038697086284,32.252038697086284,32.301384017730555,371468,371468,222730
2011-12-27,Mata Atlântica,29.187528397534635,29.187528397534635,31.48024814166096,43909,43909,6096
2011-12-27,Cerrado,32.73148237092815,32.73148237092815,32.89557683993941,115191,115191,78815
2011-12-27,Caatinga,34.767212147357874,34.767212147357874,34.8337969869774,350276,350276,208201
2012-01-01,Mata Atlântica,29.715099848030654,29.715099848030654,28.54649250736708,67243,67243,10190
2012-01-01,Cerrado,28.661910044539265,28.661910044539265,28.84768842768364,99776,99776,41660
2012-01-01,Caatinga,31.184637461926158,31.184637461926158,30.805706089636093,368259,368259,228730
2012-01-09,Mata Atlântica,29.116082183014655,29.116082183014655,29.628926724411528,106576,106576,9520
2012-01-09,Cerrado,29.383620044246932,29.383620044246932,29.873240486262635,100184,100184,45240
2012-01-09,Caatinga,31.99730650007193,31.99730650007193,32.00792587150032,359741,359741,180536
2012-01-17,Mata Atlântica,27.700301568980812,27.700301568980812,28.774897488175412,100807,100807,8446
2012-01-17,Cerrado,29.004536756041553,29.004536756041553,29.935892208451357,112088,112088,58037
2012-01-17,Caatinga,32.975490863721156,32.975490863721156,33.048713384331485,357767,357767,198053
2012-01-25,Mata Atlântica,29.45425217046199,29.45425217046199,30.522972531385683,101235,101235,14297
2012-01-25,Cerrado,31.759077592232067,31.759077592232067,32.487608677500724,119944,119944,83783
2012-01-25,Caatinga,34.52296001420842,34.52296001420842,34.29475996630926,338245,338245,187775
2012-02-02,Mata Atlântica,29.519650742021078,29.519650742021078,30.405096508059835,120849,120849,29175
2012-02-02,Cerrado,31.21024442677662,31.21024442677662,31.23627650540556,124033,124033,121701
2012-02-02,Caatinga,34.34867130943671,34.34867130943671,34.12505165767557,392260,392260,263881
2012-02-10,Mata Atlântica,29.32802254396797,29.32802254396797,32.08238448092068,69152,69152,10049
2012-02-10,Cerrado,26.128699596866998,26.128699596866998,27.14559332093338,80530,80530,24587
2012-02-10,Caatinga,29.37013357893774,29.37013357893774,29.639252569485738,131635,131635,31149
2012-02-18,Mata Atlântica,29.69028569333085,29.69028569333085,32.73786823287584,119105,119105,23032
2012-02-18,Cerrado,29.809816982379576,29.809816982379576,30.43689785544012,119906,119906,74278
2012-02-18,Caatinga,32.01887205677636,32.01887205677636,32.174588085036994,364090,364090,186732
2012-02-26,Mata Atlântica,30.414485500935942,30.414485500935942,32.36706206519011,125617,125617,25750
2012-02-26,Cerrado,31.566201113887548,31.566201113887548,31.765935173769744,122462,122462,110763
2012-02-26,Caatinga,34.860245028775275,34.860245028775275,34.664829429257956,413325,413325,332907
2012-03-05,Mata Atlântica,29.726024897933975,29.726024897933975,32.940561151278494,94353,94353,14583
2012-03-05,Cerrado,32.16931848353857,32.16931848353857,32.238495433137835,124032,124032,116244
2012-03-05,Caatinga,34.92700329165385,34.92700329165385,35.04097055274809,405308,405308,283208
2012-03-13,Mata Atlântica,30.997076114622374,30.997076114622374,32.943671311466574,108523,108523,32779
2012-03-13,Cerrado,31.73289850124553,31.73289850124553,32.57845953246968,95614,95614,44601
2012-03-13,Caatinga,35.276982766654946,35.276982766654946,35.68056919181086,381790,381790,198797
2012-03-21,Mata Atlântica,30.497091783115977,30.497091783115977,31.606139182193672,122222,122222,44958
2012-03-21,Cerrado,31.289135461099242,31.289135461099242,31.362030730144912,123999,123999,114024
2012-03-21,Caatinga,34.91415557573918,34.91415557573918,34.41318783115428,412357,412357,285967
2012-03-29,Mata Atlântica,29.43726083824185,29.43726083824185,30.558967442170953,92016,92016,16669
2012-03-29,Cerrado,32.43585914020548,32.43585914020548,32.42138153387406,124035,124035,118236
2012-03-29,Caatinga,33.900153551161345,33.900153551161345,33.42191277946815,404384,404384,255203
2012-04-06,Mata Atlântica,29.460580524564943,29.460580524564943,31.483017761852157,98180,98180,26211
2012-04-06,Cerrado,32.909993979796404,32.909993979796404,32.871834426508705,124035,124035,120247
2012-04-06,Caatinga,34.95530970681426,34.95530970681426,35.041106786880256,412200,412200,320555
2012-04-14,Mata Atlântica,29.815998727124697,29.815998727124697,31.062644233312604,108917,108917,46879
2012-04-14,Cerrado,32.28522651086263,32.28522651086263,32.26217355737275,124029,124029,114389
2012-04-14,Caatinga,33.71961633231753,33.71961633231753,33.709033832730896,373774,373774,241181
2012-04-22,Mata Atlântica,31.004818708692238,31.004818708692238,31.87594178360577,127544,127544,73110
2012-04-22,Cerrado,33.05385440459739,33.05385440459739,33.07952541099011,124035,124035,118891
2012-04-22,Caatinga,35.961342481066985,35.961342481066985,35.80315791022275,415041,415041,366206
2012-04-30,Mata Atlântica,30.086089311997455,30.086089311997455,31.272149327961287,122024,122024,55223
2012-04-30,Cerrado,32.084506277466545,32.084506277466545,32.08785425694882,124035,124035,123868
2012-04-30,Caatinga,33.20739327656178,33.20739327656178,33.32892374290381,407717,407717,295071
2012-05-08,Mata Atlântica,28.542160451010936,28.542160451010936,29.54659679645049,109024,109024,35464
2012-05-08,Cerrado,32.65159809815509,32.65159809815509,32.62731791058064,124035,124035,120693
2012-05-08,Caatinga,34.341107477979975,34.341107477979975,34.3961248292266,411368,411368,330291
2012-05-16,Mata Atlântica,25.43536803471084,25.43536803471084,25.676882315570744,47134,47134,13197
2012-05-16,Cerrado,27.2435446639259,27.2435446639259,28.747416829020995,103470,103470,58141
2012-05-16,Caatinga,30.964580812116157,30.964580812116157,31.332988631833295,213589,213589,86926
2012-05-24,Mata Atlântica,25.803484680379228,25.803484680379228,26.33737042625463,109815,109815,39314
2012-05-24,Cerrado,31.669466174231935,31.669466174231935,31.667001772598063,124035,124035,123798
2012-05-24,Caatinga,32.54003002324362,32.54003002324362,33.044606705305675,396151,396151,308453
2012-06-01,Mata Atlântica,26.778388197155426,26.778388197155426,28.056728945096946,109297,109297,20401
2012-06-01,Cerrado,32.06462360009333,32.06462360009333,32.06455872523181,124035,124035,124024
2012-06-01,Caatinga,32.05918862806386,32.05918862806386,32.47569084789418,407729,407729,295607
2012-06-09,Mata Atlântica,24.121915639994725,24.121915639994725,25.57093913632564,95145,95145,12193
2012-06-09,Cerrado,30.69710256776564,30.69710256776564,30.75747019232582,123767,123767,121942
2012-06-09,Caatinga,30.89943932309319,30.89943932309319,31.783033374706594,384277,384277,246995
2012-06-17,Mata Atlântica,26.568995565986828,26.568995565986828,27.518501721960128,123792,123792,43844
2012-06-17,Cerrado,32.56058988786089,32.56058988786089,32.560496490237725,124035,124035,123932
2012-06-17,Caatinga,32.44739611149128,32.44739611149128,32.820143544744916,408579,408579,318562
2012-06-25,Mata Atlântica,23.581322384120348,23.581322384120348,24.28170039955131,112214,112214,18312
2012-06-25,Cerrado,30.28947902535907,30.28947902535907,30.327418213826636,123912,123912,122988
2012-06-25,Caatinga,29.297026468351362,29.297026468351362,30.507736892523035,397484,397484,248380
2012-07-03,Mata Atlântica,23.556840193708634,23.556840193708634,24.088335142786338,119367,119367,35487
2012-07-03,Cerrado,30.385777672179476,30.385777672179476,30.49343180507745,124023,124023,121527
2012-07-03,Caatinga,29.05505475762157,29.05505475762157,30.50102303165361,393810,393810,234417
2012-07-11,Mata Atlântica,23.649929957854123,23.649929957854123,24.46601402210932,114343,114343,41078
2012-07-11,Cerrado,32.349318911436725,32.349318911436725,32.36261655980253,124035,124035,123733
2012-07-11,Caatinga,30.861795944461516,30.861795944461516,32.17981013949696,359999,359999,244102
2012-07-19,Mata Atlântica,25.185254775038114,25.185254775038114,26.04402622550585,126834,126834,44060
2012-07-19,Cerrado,32.56438077029411,32.56438077029411,32.56416317853821,124035,124035,124026
2012-07-19,Caatinga,31.182086404597413,31.182086404597413,31.733805794686603,413944,413944,321895
2012-07-27,Mata Atlântica,25.085621843384946,25.085621843384946,26.42862064689783,117206,117206,28949
2012-07-27,Cerrado,32.13064666599612,32.13064666599612,32.1645137868214,124035,124035,123223
2012-07-27,Caatinga,30.15532512076833,30.15532512076833,31.69457577331835,389096,389096,242160
2012-08-04,Mata Atlântica,25.674614513431866,25.674614513431866,26.19902012028111,126356,126356,61893
2012-08-04,Cerrado,33.18685038146431,33.18685038146431,33.20561138570759,124035,124035,123646
2012-08-04,Caatinga,31.4632196905735,31.4632196905735,32.0097821383637,409366,409366,309902
2012-08-12,Mata Atlântica,23.26499727132646,23.26499727132646,24.69811652153202,114003,114003,5528
2012-08-12,Cerrado,32.74183235355368,32.74183235355368,32.81788111434647,124007,124007,122485
2012-08-12,Caatinga,29.780781770467662,29.780781770467662,32.210568588532524,358360,358360,188957
2012-08-20,Mata Atlântica,23.8954012286992,23.8954012286992,26.173053943401865,116251,116251,12455
2012-08-20,Cerrado,32.856300791739194,32.856300791739194,32.8563255468749,124035,124035,123978
2012-08-20,Caatinga,30.659013427326933,30.659013427326933,31.828222165956632,371317,371317,276366
2012-08-28,Mata Atlântica,27.004421444816217,27.004421444816217,28.94011896894075,118409,118409,27762
2012-08-28,Cerrado,38.30933851050104,38.30933851050104,38.30908818462865,124035,124035,124023
2012-08-28,Caatinga,34.77154683968904,34.77154683968904,35.71941624316477,400829,400829,308409
2012-09-05,Mata Atlântica,28.033982772507642,28.033982772507642,30.09210484288954,116050,116050,46797
2012-09-05,Cerrado,38.02929301000495,38.02929301000495,38.029225657259616,124032,124032,124016
2012-09-05,Caatinga,35.00680866941859,35.00680866941859,35.61122345457472,412182,412182,334610
2012-09-13,Mata Atlântica,29.58947782093719,29.58947782093719,31.045168181075255,117520,117520,58685
2012-09-13,Cerrado,39.80820248340871,39.80820248340871,39.80797017237184,124035,124035,124019
2012-09-13,Caatinga,37.668239122304264,37.668239122304264,37.807972277600705,415025,415025,376997
2012-09-21,Mata Atlântica,30.62581317612644,30.62581317612644,31.547335687656805,114791,114791,69918
2012-09-21,Cerrado,38.35381068112852,38.35381068112852,38.3806547293788,124020,124020,112327
2012-09-21,Caatinga,37.68315180809786,37.68315180809786,37.82302050285164,412680,412680,361146
2012-09-29,Mata Atlântica,29.1005512588889,29.1005512588889,32.102993172817385,104272,104272,17985
2012-09-29,Cerrado,41.28485096428657,41.28485096428657,41.28681218551736,124035,124035,123979
2012-09-29,Caatinga,36.76861540789921,36.76861540789921,38.464143502693084,384662,384662,248237
2012-10-07,Mata Atlântica,29.072168642439337,29.072168642439337,34.15831141492977,66527,66527,9933
2012-10-07,Cerrado,40.99962082899682,40.99962082899682,40.878919024254955,124035,124035,86236
2012-10-07,Caatinga,37.19734165580221,37.19734165580221,38.565251876373374,354086,354086,222010
2012-10-15,Mata Atlântica,30.17887911783832,30.17887911783832,34.047653893122366,73657,73657,15429
2012-10-15,Cerrado,42.01965185675437,42.01965185675437,41.97572620393511,123972,123972,103796
2012-10-15,Caatinga,40.243251888219824,40.243251888219824,40.55159089226777,386575,386575,309735
2012-10-23,Mata Atlântica,32.98091712502007,32.98091712502007,35.98392880877055,120448,120448,48821
2012-10-23,Cerrado,44.82104135578992,44.82104135578992,44.788593401829395,124035,124035,122539
2012-10-23,Caatinga,41.80614735489507,41.80614735489507,42.01512292175688,410766,410766,364647
2012-10-31,Mata Atlântica,35.31485882979659,35.31485882979659,36.06516536767236,92147,92147,65732
2012-10-31,Cerrado,43.56063139528585,43.56063139528585,44.514429859555555,94375,94375,45334
2012-10-31,Caatinga,43.06702650410748,43.06702650410748,42.95463404617344,362071,362071,226511
2012-11-08,Mata Atlântica,33.24291065006737,33.24291065006737,34.77200589380781,61814,61814,29195
2012-11-08,Cerrado,37.09357656694058,37.09357656694058,38.89838893477775,20244,20244,8637
2012-11-08,Caatinga,38.18842237216686,38.18842237216686,38.317446529402666,299650,299650,184123
2012-11-16,Mata Atlântica,29.87474369614274,29.87474369614274,30.47280953716662,61499,61499,13848
2012-11-16,Cerrado,33.80724454642895,33.80724454642895,35.029300586411274,40452,40452,10087
2012-11-16,Caatinga,36.21080176588416,36.21080176588416,36.98385661376558,319654,319654,188584
2012-11-24,Mata Atlântica,31.299353237810543,31.299353237810543,31.893636836695787,100636,100636,49451
2012-11-24,Cerrado,32.51306118151623,32.51306118151623,31.321681142346208,19878,19878,4965
2012-11-24,Caatinga,35.078861845098885,35.078861845098885,34.52863279198636,309755,309755,109189
2012-12-02,Mata Atlântica,29.9212799390992,29.9212799390992,30.972959082482756,101798,101798,16831
2012-12-02,Cerrado,35.32004286853557,35.32004286853557,34.99100614554017,123551,123551,78464
2012-12-02,Caatinga,34.96794589313404,34.96794589313404,33.931082496742604,354727,354727,231155
2012-12-10,Mata Atlântica,32.71117502861497,32.71117502861497,33.88701108329762,116675,116675,38346
2012-12-10,Cerrado,35.336710258842885,35.336710258842885,35.35584005165578,124030,124030,112999
2012-12-10,Caatinga,35.86770524440777,35.86770524440777,35.45029469242663,411145,411145,334152
2012-12-18,Mata Atlântica,33.30606977253693,33.30606977253693,34.0124940111423,125867,125867,72219
2012-12-18,Cerrado,38.35529298032701,38.35529298032701,38.224287953847124,124035,124035,113263
2012-12-18,Caatinga,37.97438900076662,37.97438900076662,37.55660945331871,414621,414621,340067
2012-12-26,Mata Atlântica,32.80529294562588,32.80529294562588,34.19574726241248,113948,113948,33484
2012-12-26,Cerrado,36.393687073814704,36.393687073814704,36.304580683497264,124034,124034,116087
2012-12-26,Caatinga,36.51568461168986,36.51568461168986,35.917199446254656,385933,385933,248344
2013-01-01,Mata Atlântica,32.48349982399057,32.48349982399057,33.40627480405283,110500,110500,14280
2013-01-01,Cerrado,36.74259004320105,36.74259004320105,36.9994918672332,123922,123922,96415
2013-01-01,Caatinga,37.42946227488307,37.42946227488307,36.94093447732064,401434,401434,266245
2013-01-09,Mata Atlântica,32.112803819220886,32.112803819220886,32.29840258512174,60805,60805,5946
2013-01-09,Cerrado,32.01148352108604,32.01148352108604,32.42385305542835,45517,45517,17330
2013-01-09,Caatinga,36.15465026489892,36.15465026489892,36.0576393574408,347383,347383,229063
2013-01-17,Mata Atlântica,29.60507385571215,29.60507385571215,31.887108433734976,5928,5928,249
2013-01-17,Cerrado,28.210523402783007,28.210523402783007,29.40332647598138,26675,26675,5652
2013-01-17,Caatinga,33.15653742596503,33.15653742596503,34.60135305384511,98285,98285,20318
2013-01-25,Mata Atlântica,31.38386802795587,31.38386802795587,33.99221437789264,92429,92429,19078
2013-01-25,Cerrado,30.14509911039796,30.14509911039796,31.061542084312265,106937,106937,42395
2013-01-25,Caatinga,33.98758680617506,33.98758680617506,33.822614443859614,412541,412541,297140
2013-02-02,Mata Atlântica,29.711204907834002,29.711204907834002,30.286573408952254,109799,109799,18928
2013-02-02,Cerrado,31.141294571010594,31.141294571010594,31.632365954345126,123220,123220,95353
2013-02-02,Caatinga,32.97182113387302,32.97182113387302,32.461862346857565,405188,405188,251875
2013-02-10,Mata Atlântica,31.469565477431363,31.469565477431363,33.52511602416191,126483,126483,14652
2013-02-10,Cerrado,32.46732657254833,32.46732657254833,32.46966076491,124034,124034,121485
2013-02-10,Caatinga,34.151462187404675,34.151462187404675,34.048144533390165,400529,400529,246828
2013-02-18,Mata Atlântica,29.43007756167835,29.43007756167835,30.550733052201185,78549,78549,8844
2013-02-18,Cerrado,32.44695478301254,32.44695478301254,32.51942840119182,124034,124034,101237
2013-02-18,Caatinga,33.53658068045263,33.53658068045263,33.70950494965638,320940,320940,194953
2013-02-26,Mata Atlântica,31.902510438306614,31.902510438306614,34.60118053782121,106325,106325,35087
2013-02-26,Cerrado,33.27447235046509,33.27447235046509,33.269977603357205,124032,124032,117110
2013-02-26,Caatinga,36.234378542482844,36.234378542482844,36.07262284459663,398533,398533,286795
2013-03-06,Mata Atlântica,32.490199817208925,32.490199817208925,33.99433349022278,123271,123271,35007
2013-03-06,Cerrado,34.4126164753462,34.4126164753462,34.59584719992613,123945,123945,99732
2013-03-06,Caatinga,37.7699949500228,37.7699949500228,37.51038538069343,414591,414591,329948
2013-03-14,Mata Atlântica,30.715740570063748,30.715740570063748,33.08395352275421,84459,84459,11276
2013-03-14,Cerrado,31.64804029542897,31.64804029542897,31.871377362025605,111232,111232,82767
2013-03-14,Caatinga,33.870400306686385,33.870400306686385,33.90766358768,259114,259114,149363
2013-03-22,Mata Atlântica,33.329199240757276,33.329199240757276,34.682509314685,114953,114953,53645
2013-03-22,Cerrado,29.131684381563005,29.131684381563005,29.707597137457203,98550,98550,29017
2013-03-22,Caatinga,34.53775980496275,34.53775980496275,34.38600913945319,319613,319613,129332
2013-03-30,Mata Atlântica,31.610024878140074,31.610024878140074,32.995593570887536,120461,120461,53107
2013-03-30,Cerrado,31.714212063133896,31.714212063133896,31.838352835274016,123940,123940,98314
2013-03-30,Caatinga,34.36031673277403,34.36031673277403,33.90433640467148,411391,411391,319569
2013-04-07,Mata Atlântica,30.608031696245053,30.608031696245053,33.10489842903506,81567,81567,7719
2013-04-07,Cerrado,30.61390267764528,30.61390267764528,30.727744842731475,123732,123732,98451
2013-04-07,Caatinga,34.934067323247966,34.934067323247966,34.658645505314496,402766,402766,274285
2013-04-15,Mata Atlântica,25.445072076282283,25.445072076282283,26.339100791306436,56711,56711,22387
2013-04-15,Cerrado,28.291359215403197,28.291359215403197,29.12601715075151,98233,98233,26951
2013-04-15,Caatinga,30.339986951196984,30.339986951196984,29.265271014704886,292895,292895,139980
2013-04-23,Mata Atlântica,25.301063385946637,25.301063385946637,25.70201050782255,75269,75269,10130
2013-04-23,Cerrado,29.325315236495623,29.325315236495623,29.429675337425554,124032,124032,108963
2013-04-23,Caatinga,29.016998124447486,29.016998124447486,29.304709477228123,306878,306878,168184
2013-05-01,Mata Atlântica,28.350313972769854,28.350313972769854,29.01292584705122,122422,122422,52956
2013-05-01,Cerrado,31.89284258231065,31.89284258231065,31.9219898846935,124035,124035,120885
2013-05-01,Caatinga,32.27391049932455,32.27391049932455,32.297168629719906,386691,386691,273614
2013-05-09,Mata Atlântica,25.131045014531406,25.131045014531406,25.33386706927413,84933,84933,15934
2013-05-09,Cerrado,30.566660013978673,30.566660013978673,30.738834406902356,124033,124033,117753
2013-05-09,Caatinga,29.35800428621669,29.35800428621669,30.637584348526527,339293,339293,121205
2013-05-17,Mata Atlântica,26.569146654625435,26.569146654625435,26.78575135158466,126167,126167,72139
2013-05-17,Cerrado,31.273847922598502,31.273847922598502,31.28214473343392,124035,124035,123582
2013-05-17,Caatinga,31.585302165537332,31.585302165537332,32.22394758091553,391432,391432,303362
2013-05-25,Mata Atlântica,26.979361790376075,26.979361790376075,27.084390877990145,117788,117788,67136
2013-05-25,Cerrado,31.362985702567574,31.362985702567574,31.36533113023805,124035,124035,118227
2013-05-25,Caatinga,32.436751762799396,32.436751762799396,33.031292518438875,401702,401702,295194
2013-06-02,Mata Atlântica,24.698708354695984,24.698708354695984,25.739622874695048,80514,80514,12769
2013-06-02,Cerrado,29.187169527579183,29.187169527579183,29.346372929088847,123919,123919,88481
2013-06-02,Caatinga,30.64993175838644,30.64993175838644,32.18441534714361,324205,324205,175908
2013-06-10,Mata Atlântica,23.90041523881235,23.90041523881235,24.757546385168588,86807,86807,15073
2013-06-10,Cerrado,30.296550451181307,30.296550451181307,30.360280833420028,124035,124035,122084
2013-06-10,Caatinga,30.045575967598836,30.045575967598836,31.624057453375183,335776,335776,217611
2013-06-18,Mata Atlântica,25.799073725487947,25.799073725487947,26.157248319489142,124766,124766,71466
2013-06-18,Cerrado,31.526280738013718,31.526280738013718,31.556951894728915,124035,124035,122722
2013-06-18,Caatinga,31.004393697905208,31.004393697905208,31.727328881911376,409834,409834,304998
2013-06-26,Mata Atlântica,25.45462013084197,25.45462013084197,26.384068684423074,125807,125807,43054
2013-06-26,Cerrado,32.07250089845811,32.07250089845811,32.07905664900707,124035,124035,123878
2013-06-26,Caatinga,30.83972780982648,30.83972780982648,31.815111555522787,409462,409462,281410
2013-07-04,Mata Atlântica,23.56453749936115,23.56453749936115,24.321948048119665,109471,109471,22264
2013-07-04,Cerrado,29.876266191386293,29.876266191386293,29.938115533032807,124002,124002,122272
2013-07-04,Caatinga,29.09440286302691,29.09440286302691,30.773198002133974,373793,373793,220803
2013-07-12,Mata Atlântica,25.203801331882058,25.203801331882058,26.120768619586368,117340,117340,55892
2013-07-12,Cerrado,31.53623734221699,31.53623734221699,31.557974028447777,124035,124035,122240
2013-07-12,Caatinga,31.010183662961445,31.010183662961445,31.903620396792654,401844,401844,314078
2013-07-20,Mata Atlântica,25.49418399540549,25.49418399540549,27.101542207935736,114182,114182,32680
2013-07-20,Cerrado,33.42257462941397,33.42257462941397,33.422424284703176,124035,124035,124027
2013-07-20,Caatinga,32.06325270031246,32.06325270031246,32.96953676834048,396144,396144,324587
2013-07-28,Mata Atlântica,25.425517021889885,25.425517021889885,25.88899095733859,126853,126853,52682
2013-07-28,Cerrado,33.522773957047725,33.522773957047725,33.524608873834325,124035,124035,123974
2013-07-28,Caatinga,30.437532002501086,30.437532002501086,32.781593339039425,396913,396913,254462
2013-08-05,Mata Atlântica,25.957952113599703,25.957952113599703,27.451518201020143,119434,119434,40274
2013-08-05,Cerrado,33.20452816280724,33.20452816280724,33.224347372056805,124035,124035,123537
2013-08-05,Caatinga,31.342308626148494,31.342308626148494,33.29585605436816,403921,403921,265045
2013-08-13,Mata Atlântica,25.146643834360514,25.146643834360514,27.109350666090236,109902,109902,25861
2013-08-13,Cerrado,33.93887778590894,33.93887778590894,33.96749844986024,124035,124035,122836
2013-08-13,Caatinga,32.07575505548297,32.07575505548297,34.0076383058067,392615,392615,257005
2013-08-21,Mata Atlântica,26.37974906436186,26.37974906436186,28.937340666736382,107034,107034,32998
2013-08-21,Cerrado,35.377436780564835,35.377436780564835,35.37727511928982,124035,124035,124028
2013-08-21,Caatinga,33.82546644930794,33.82546644930794,34.489559194677376,409173,409173,346067
2013-08-29,Mata Atlântica,25.655634287869717,25.655634287869717,26.55048830052895,99526,99526,16541
2013-08-29,Cerrado,35.477753647498226,35.477753647498226,35.61954874681631,123901,123901,107401
2013-08-29,Caatinga,33.47584773327642,33.47584773327642,35.565340957939405,380582,380582,224610
2013-09-06,Mata Atlântica,24.84650515375088,24.84650515375088,27.180907067619383,98343,98343,8613
2013-09-06,Cerrado,35.02336701223587,35.02336701223587,35.39820590206197,124026,124026,111395
2013-09-06,Caatinga,32.82921890497566,32.82921890497566,35.187444894978306,381318,381318,203668
2013-09-14,Mata Atlântica,26.553250175489236,26.553250175489236,28.651587192864458,78475,78475,8512
2013-09-14,Cerrado,38.858881421899355,38.858881421899355,38.8906179310303,124035,124035,123487
2013-09-14,Caatinga,36.11888831669232,36.11888831669232,37.552416170905126,351080,351080,258942
2013-09-22,Mata Atlântica,29.75766507593088,29.75766507593088,31.59808115759559,117353,117353,65242
2013-09-22,Cerrado,40.832889660796425,40.832889660796425,40.830898088403494,124035,124035,122610
2013-09-22,Caatinga,39.22174743476217,39.22174743476217,39.317036825243676,414985,414985,394048
2013-09-30,Mata Atlântica,30.81625577942961,30.81625577942961,33.76088331179374,104173,104173,29656
2013-09-30,Cerrado,42.63103168992123,42.63103168992123,42.78878409747798,124002,124002,113311
2013-09-30,Caatinga,40.34467343757907,40.34467343757907,40.45359251514896,414805,414805,358310
2013-10-08,Mata Atlântica,27.604602320880424,27.604602320880424,29.408111706554223,69053,69053,4984
2013-10-08,Cerrado,39.358872430015865,39.358872430015865,39.33391313667766,124028,124028,115298
2013-10-08,Caatinga,37.59884736772886,37.59884736772886,38.87228909952354,313683,313683,213078
2013-10-16,Mata Atlântica,29.312673709072463,29.312673709072463,31.352520780748478,83990,83990,7039
2013-10-16,Cerrado,38.862757649535425,38.862757649535425,38.85681410475632,123033,123033,86520
2013-10-16,Caatinga,38.56460836504856,38.56460836504856,39.1059309438432,372119,372119,249608
2013-10-24,Mata Atlântica,30.473011733447198,30.473011733447198,33.32255138597134,124282,124282,26232
2013-10-24,Cerrado,40.06787123211091,40.06787123211091,40.002360533053604,124035,124035,106841
2013-10-24,Caatinga,38.93785885483352,38.93785885483352,39.17099992285454,414890,414890,321995
2013-11-01,Mata Atlântica,28.331148254299563,28.331148254299563,29.25767562895692,87438,87438,15451
2013-11-01,Cerrado,36.023143455492495,36.023143455492495,36.0896959100106,122954,122954,79128
2013-11-01,Caatinga,37.36820333630996,37.36820333630996,37.98489635673483,356395,356395,211483
2013-11-09,Mata Atlântica,30.66397535656874,30.66397535656874,32.48401674583225,93788,93788,18280
2013-11-09,Cerrado,34.96905625576905,34.96905625576905,34.763646220129964,111463,111463,62438
2013-11-09,Caatinga,37.882116626599235,37.882116626599235,38.15311024318133,369928,369928,200089
2013-11-17,Mata Atlântica,31.377587730178835,31.377587730178835,33.661706480296765,120151,120151,24953
2013-11-17,Cerrado,39.24831946082725,39.24831946082725,38.90944049487903,124011,124011,98659
2013-11-17,Caatinga,39.72708586056043,39.72708586056043,39.68882494809424,405479,405479,263489
2013-11-25,Mata Atlântica,30.341912860291202,30.341912860291202,31.209936976993014,96391,96391,7842
2013-11-25,Cerrado,33.75063193092976,33.75063193092976,33.77675646267569,124008,124008,121894
2013-11-25,Caatinga,34.09757785078014,34.09757785078014,34.2837048834878,356128,356128,240724
2013-12-03,Mata Atlântica,30.831405566339036,30.831405566339036,32.324810282581595,94327,94327,41592
2013-12-03,Cerrado,35.85977405383063,35.85977405383063,35.92901572971617,121743,121743,88077
2013-12-03,Caatinga,36.0146034344471,36.0146034344471,36.143866821517754,412836,412836,309519
2013-12-11,Mata Atlântica,30.874654595952112,30.874654595952112,33.065291685628544,60091,60091,20103
2013-12-11,Cerrado,30.696710761473618,30.696710761473618,31.982241917994823,9161,9161,1368
2013-12-11,Caatinga,37.04533305380545,37.04533305380545,37.25465317106767,235564,235564,139776
2013-12-19,Mata Atlântica,30.262900368716924,30.262900368716924,31.959056438719852,29957,29957,3172
2013-12-19,Cerrado,30.202403782184607,30.202403782184607,31.20530824579685,33855,33855,4314
2013-12-19,Caatinga,31.18477759997066,31.18477759997066,31.624771549263166,218888,218888,81154
2013-12-27,Mata Atlântica,28.80192467844788,28.80192467844788,29.565453569712552,95319,95319,16562
2013-12-27,Cerrado,30.191629425355643,30.191629425355643,30.720966457308162,114627,114627,73731
2013-12-27,Caatinga,30.868411086191216,30.868411086191216,31.302165152341498,334636,334636,202933
2014-01-01,Mata Atlântica,29.793474434031044,29.793474434031044,31.249662567679,127862,127862,25554
2014-01-01,Cerrado,33.537946586485496,33.537946586485496,33.54725988389879,124035,124035,122353
2014-01-01,Caatinga,31.79596182487205,31.79596182487205,31.891083315230144,414092,414092,260202
2014-01-09,Mata Atlântica,27.796300695880184,27.796300695880184,29.458820941066495,79513,79513,5363
2014-01-09,Cerrado,31.55357954423643,31.55357954423643,32.070250284649454,119717,119717,65458
2014-01-09,Caatinga,30.065493493128884,30.065493493128884,29.742819128463978,240907,240907,80440
2014-01-17,Mata Atlântica,28.489119804647352,28.489119804647352,30.767142869812364,93290,93290,12678
2014-01-17,Cerrado,32.22104735960156,32.22104735960156,32.73940204038749,114207,114207,57654
2014-01-17,Caatinga,33.522179319340864,33.522179319340864,33.86441161543824,400268,400268,264392
2014-01-25,Mata Atlântica,29.313508292237326,29.313508292237326,30.517168053402518,107227,107227,10265
2014-01-25,Cerrado,29.71467029085172,29.71467029085172,29.963190646061886,123915,123915,101378
2014-01-25,Caatinga,31.28625167514998,31.28625167514998,31.54085268244974,353765,353765,155918
2014-02-02,Mata Atlântica,28.18199493691733,28.18199493691733,30.11326832601395,110484,110484,21231
2014-02-02,Cerrado,31.30133348116856,31.30133348116856,31.40687572838152,123981,123981,92054
2014-02-02,Caatinga,32.10176975250705,32.10176975250705,32.42185789136557,363390,363390,208670
2014-02-10,Mata Atlântica,28.29784946614669,28.29784946614669,30.269743998606714,97953,97953,4116
2014-02-10,Cerrado,31.90035795344404,31.90035795344404,31.942080521444115,105936,105936,54043
2014-02-10,Caatinga,33.475555746217005,33.475555746217005,34.00323564913708,334594,334594,153423
2014-02-18,Mata Atlântica,28.990706304391924,28.990706304391924,28.910198257039866,112375,112375,17045
2014-02-18,Cerrado,28.147695257633906,28.147695257633906,29.926144278040063,72350,72350,35346
2014-02-18,Caatinga,32.692518267814656,32.692518267814656,32.553853069197,345261,345261,129199
2014-02-26,Mata Atlântica,27.325210559335417,27.325210559335417,30.7314023143825,46420,46420,2783
2014-02-26,Cerrado,30.199295896862676,30.199295896862676,31.2942161344466,91020,91020,46356
2014-02-26,Caatinga,31.022313263223648,31.022313263223648,31.830276303332553,158346,158346,48050
2014-03-06,Mata Atlântica,27.271194567941034,27.271194567941034,28.65460378868357,104391,104391,7045
2014-03-06,Cerrado,29.67474390304517,29.67474390304517,30.14908954501836,121687,121687,98958
2014-03-06,Caatinga,30.6907752993598,30.6907752993598,30.8502120842406,385597,385597,166376
2014-03-14,Mata Atlântica,27.60567353940216,27.60567353940216,28.448459694276885,65822,65822,4086
2014-03-14,Cerrado,30.37888773242287,30.37888773242287,30.615603737936578,123583,123583,106021
2014-03-14,Caatinga,32.485812000242966,32.485812000242966,32.764197687813585,276875,276875,163456
2014-03-22,Mata Atlântica,28.978115110774336,28.978115110774336,30.838510865391054,79526,79526,5878
2014-03-22,Cerrado,29.429358535831177,29.429358535831177,30.30979248725349,97900,97900,44936
2014-03-22,Caatinga,32.937449098919195,32.937449098919195,33.37240606180803,340390,340390,151842
2014-03-30,Mata Atlântica,28.111630424753702,28.111630424753702,29.81487539740029,86133,86133,4890
2014-03-30,Cerrado,29.8896679798583,29.8896679798583,30.0734304439781,122116,122116,67750
2014-03-30,Caatinga,31.948067459328332,31.948067459328332,31.593717527037853,354390,354390,180818
2014-04-07,Mata Atlântica,28.39270401653367,28.39270401653367,28.71634100779814,114910,114910,30943
2014-04-07,Cerrado,28.81542086274596,28.81542086274596,29.151388608272086,122261,122261,57946
2014-04-07,Caatinga,30.425095271356657,30.425095271356657,30.098739345611694,361791,361791,168220
2014-04-15,Mata Atlântica,29.04617041683098,29.04617041683098,30.38585195361959,123192,123192,33048
2014-04-15,Cerrado,30.599208038453266,30.599208038453266,30.645620866022522,123892,123892,101053
2014-04-15,Caatinga,30.911199966857115,30.911199966857115,31.206111946609152,393903,393903,245406
2014-04-23,Mata Atlântica,28.114729200436866,28.114729200436866,29.010300630254637,124332,124332,28625
2014-04-23,Cerrado,29.886401812080084,29.886401812080084,29.907564469362757,124035,124035,114396
2014-04-23,Caatinga,32.21470001888075,32.21470001888075,32.414340337184235,409387,409387,297705
2014-05-01,Mata Atlântica,28.331577393534612,28.331577393534612,29.89856213731689,120403,120403,55873
2014-05-01,Cerrado,29.745489682472304,29.745489682472304,29.799995807261872,124035,124035,119809
2014-05-01,Caatinga,29.36618647623437,29.36618647623437,30.252958870912817,360554,360554,229884
2014-05-09,Mata Atlântica,26.241481282356883,26.241481282356883,26.76040934602656,122463,122463,54016
2014-05-09,Cerrado,29.580200203228873,29.580200203228873,29.603557361818652,124035,124035,121657
2014-05-09,Caatinga,29.940807657968826,29.940807657968826,30.120482089411123,401272,401272,303815
2014-05-17,Mata Atlântica,27.16893282809097,27.16893282809097,28.23947274899155,107751,107751,44658
2014-05-17,Cerrado,30.211725073609188,30.211725073609188,30.172713558904466,123999,123999,113237
2014-05-17,Caatinga,29.39244564775726,29.39244564775726,30.20952698736057,352611,352611,232858
2014-05-25,Mata Atlântica,27.26056806671293,27.26056806671293,27.946987156602297,127175,127175,62911
2014-05-25,Cerrado,29.650863442621244,29.650863442621244,29.676145449135387,124035,124035,117661
2014-05-25,Caatinga,30.99994634484248,30.99994634484248,31.23462266010928,414806,414806,341743
2014-06-02,Mata Atlântica,26.552418942418104,26.552418942418104,27.397582646259387,115414,115414,40312
2014-06-02,Cerrado,30.507585280219168,30.507585280219168,30.50921365438379,124035,124035,123875
2014-06-02,Caatinga,31.087272561227493,31.087272561227493,31.197500276980353,415004,415004,361771
2014-06-10,Mata Atlântica,23.9096118874536,23.9096118874536,25.077707676906485,94137,94137,4259
2014-06-10,Cerrado,29.12263713542214,29.12263713542214,29.2603210140064,123913,123913,120384
2014-06-10,Caatinga,28.638909388402237,28.638909388402237,30.323869847186938,384255,384255,186145
2014-06-18,Mata Atlântica,23.449462582453418,23.449462582453418,23.96277118521366,92344,92344,32158
2014-06-18,Cerrado,29.04815951387002,29.04815951387002,29.114067440225273,124032,124032,121754
2014-06-18,Caatinga,28.474353767091493,28.474353767091493,29.68880367974608,358796,358796,236274
2014-06-26,Mata Atlântica,24.968602825090226,24.968602825090226,26.19599669547831,125418,125418,23150
2014-06-26,Cerrado,31.18174405209779,31.18174405209779,31.198096533328673,124035,124035,123656
2014-06-26,Caatinga,30.15624009262357,30.15624009262357,30.865836987961266,408661,408661,308635
2014-07-04,Mata Atlântica,23.30199746886132,23.30199746886132,24.386320879891446,102600,102600,5791
2014-07-04,Cerrado,30.37738281501158,30.37738281501158,30.445078675908533,123967,123967,122325
2014-07-04,Caatinga,28.664060890130813,28.664060890130813,30.494004099304345,357674,357674,198490
2014-07-12,Mata Atlântica,24.808036840726718,24.808036840726718,26.082081557128713,112693,112693,41027
2014-07-12,Cerrado,29.49570415336333,29.49570415336333,29.66520091390699,124035,124035,116542
2014-07-12,Caatinga,29.472159565543524,29.472159565543524,30.90080209168566,371337,371337,232679
2014-07-20,Mata Atlântica,24.245520916256243,24.245520916256243,26.079067557163295,69512,69512,4486
2014-07-20,Cerrado,31.349819972872822,31.349819972872822,31.40065384271151,123946,123946,122739
2014-07-20,Caatinga,29.53974721881617,29.53974721881617,31.784208977421965,348808,348808,180188
2014-07-28,Mata Atlântica,23.95481795739668,23.95481795739668,25.06134642612938,112141,112141,31836
2014-07-28,Cerrado,31.737344277495406,31.737344277495406,31.771499599978124,124035,124035,120093
2014-07-28,Caatinga,30.012361002747753,30.012361002747753,31.912599676355736,361225,361225,218040
2014-08-05,Mata Atlântica,24.440683110682926,24.440683110682926,25.475586226829876,118598,118598,29332
2014-08-05,Cerrado,33.101812646877015,33.101812646877015,33.10320442300051,124035,124035,124006
2014-08-05,Caatinga,30.31648567853705,30.31648567853705,31.8220946550882,401633,401633,269237
2014-08-13,Mata Atlântica,24.471244212597952,24.471244212597952,26.910376959349797,122036,122036,24059
2014-08-13,Cerrado,33.58433098070643,33.58433098070643,33.60164159631869,124035,124035,123652
2014-08-13,Caatinga,30.269948847659045,30.269948847659045,32.318333592081636,409879,409879,249049
2014-08-21,Mata Atlântica,26.76537063244817,26.76537063244817,27.87035803824215,120961,120961,45009
2014-08-21,Cerrado,35.62680715689491,35.62680715689491,35.627691862742616,124035,124035,123990
2014-08-21,Caatinga,31.97184383443874,31.97184383443874,34.179306817951776,401890,401890,237328
2014-08-29,Mata Atlântica,28.992921450694144,28.992921450694144,29.713483334117285,127879,127879,93159
2014-08-29,Cerrado,38.06600287597363,38.06600287597363,38.06606723444915,124035,124035,123924
2014-08-29,Caatinga,36.169035340275116,36.169035340275116,36.41875742581725,415041,415041,369110
2014-09-06,Mata Atlântica,25.89553823508641,25.89553823508641,28.418316071687556,80671,80671,8481
2014-09-06,Cerrado,36.01953107036424,36.01953107036424,36.05506000698001,123916,123916,123339
2014-09-06,Caatinga,33.25725414434086,33.25725414434086,34.79136836801179,378476,378476,253203
2014-09-14,Mata Atlântica,29.393951570310318,29.393951570310318,32.527302105319905,121824,121824,38106
2014-09-14,Cerrado,40.17335429638037,40.17335429638037,40.17313312389129,124035,124035,124024
2014-09-14,Caatinga,36.894329144991325,36.894329144991325,37.83229281159818,413450,413450,323977
2014-09-22,Mata Atlântica,29.32142943790785,29.32142943790785,30.139110326255405,96574,96574,40663
2014-09-22,Cerrado,40.37093097825432,40.37093097825432,40.297565716487334,124035,124035,116981
2014-09-22,Caatinga,36.49325005485801,36.49325005485801,37.89661872939241,375414,375414,262868
2014-09-30,Mata Atlântica,29.894764604675657,29.894764604675657,33.28060889713023,102788,102788,21569
2014-09-30,Cerrado,39.762512992049615,39.762512992049615,39.81542582996755,124035,124035,116510
2014-09-30,Caatinga,38.80367980090307,38.80367980090307,39.327552996914434,391409,391409,313458
2014-10-08,Mata Atlântica,31.97561788372276,31.97561788372276,34.986575678430285,92547,92547,45589
2014-10-08,Cerrado,40.715492348821776,40.715492348821776,40.716377959797725,124035,124035,123564
2014-10-08,Caatinga,36.733380785667194,36.733380785667194,38.01588954298435,384939,384939,282894
2014-10-16,Mata Atlântica,32.15889438763564,32.15889438763564,35.66849585411637,109401,109401,19593
2014-10-16,Cerrado,42.286841543141215,42.286841543141215,42.288767687449045,124035,124035,112249
2014-10-16,Caatinga,39.918153520571884,39.918153520571884,40.558434692534604,411262,411262,312525
2014-10-24,Mata Atlântica,30.347839606876388,30.347839606876388,30.874066082209254,34486,34486,1437
2014-10-24,Cerrado,40.89034678211788,40.89034678211788,40.8666080923572,121721,121721,82894
2014-10-24,Caatinga,39.679256154668415,39.679256154668415,40.09761769040301,345279,345279,238450
2014-11-01,Mata Atlântica,30.35479269403687,30.35479269403687,32.77763942753237,90523,90523,12503
2014-11-01,Cerrado,39.64988207440118,39.64988207440118,39.38503768129025,123988,123988,91555
2014-11-01,Caatinga,39.23884956197395,39.23884956197395,39.802509486114054,401191,401191,273363
2014-11-09,Mata Atlântica,33.449087402916135,33.449087402916135,38.118380630936535,13579,13579,1955
2014-11-09,Cerrado,36.5143769094723,36.5143769094723,36.52152293308282,99960,99960,46996
2014-11-09,Caatinga,37.53853965275862,37.53853965275862,37.95152097108073,277095,277095,99571
2014-11-17,Mata Atlântica,27.730032824100658,27.730032824100658,29.39203915497614,38381,38381,1864
2014-11-17,Cerrado,33.15736105634584,33.15736105634584,33.852260239094676,80683,80683,12415
2014-11-17,Caatinga,32.99486026236931,32.99486026236931,33.77571102411609,277876,277876,109265
2014-11-25,Mata Atlântica,29.88246528763442,29.88246528763442,32.67540543103817,90719,90719,19159
2014-11-25,Cerrado,34.972045845847965,34.972045845847965,34.71942945132477,116950,116950,61578
2014-11-25,Caatinga,33.06895662081151,33.06895662081151,33.05010972953801,384510,384510,259488
2014-12-03,Mata Atlântica,30.11965592356768,30.11965592356768,31.904120362679077,111125,111125,16558
2014-12-03,Cerrado,37.51600923858466,37.51600923858466,37.385776745255605,121805,121805,84824
2014-12-03,Caatinga,33.71521072466593,33.71521072466593,34.33610076239872,363957,363957,189464
2014-12-11,Mata Atlântica,29.54562921485767,29.54562921485767,31.131479118464632,43358,43358,2224
2014-12-11,Cerrado,29.721185407151925,29.721185407151925,32.04823768123417,16562,16562,1930
2014-12-11,Caatinga,32.35506603452014,32.35506603452014,33.61284061482468,137522,137522,28547
2014-12-19,Mata Atlântica,28.036008708004726,28.036008708004726,29.434612312155203,94129,94129,12231
2014-12-19,Cerrado,32.29476000534632,32.29476000534632,32.866510778746104,122223,122223,94157
2014-12-19,Caatinga,29.293364839437494,29.293364839437494,30.400804041951293,308644,308644,135331
2014-12-27,Mata Atlântica,28.861659871642004,28.861659871642004,30.768437043014586,102919,102919,25744
2014-12-27,Cerrado,32.43047229998942,32.43047229998942,32.44783715730565,124033,124033,102551
2014-12-27,Caatinga,30.95771170196213,30.95771170196213,31.038242343705296,371132,371132,270428
2015-01-01,Mata Atlântica,29.985513207804985,29.985513207804985,31.0850262707592,124093,124093,17981
2015-01-01,Cerrado,33.52916018112786,33.52916018112786,33.64184093804973,124034,124034,102882
2015-01-01,Caatinga,31.877330143949195,31.877330143949195,32.066690561552775,379647,379647,229222
2015-01-09,Mata Atlântica,29.520678938371514,29.520678938371514,31.220936633254574,112151,112151,13781
2015-01-09,Cerrado,34.33672667973292,34.33672667973292,34.45636857904846,123922,123922,96100
2015-01-09,Caatinga,32.115702592556126,32.115702592556126,33.08223998772345,355946,355946,201627
2015-01-17,Mata Atlântica,30.673496165734207,30.673496165734207,32.95888761464193,103816,103816,11254
2015-01-17,Cerrado,34.73135478137483,34.73135478137483,35.15050515344339,122426,122426,79633
2015-01-17,Caatinga,34.151062043523936,34.151062043523936,34.48831836214716,390330,390330,235643
2015-01-25,Mata Atlântica,31.494628495099686,31.494628495099686,33.04050928076762,115966,115966,25579
2015-01-25,Cerrado,33.04175865767485,33.04175865767485,33.044742875748916,124035,124035,122784
2015-01-25,Caatinga,34.173644051391165,34.173644051391165,34.38613821531997,389049,389049,291006
2015-02-02,Mata Atlântica,30.276748199250456,30.276748199250456,32.12352301359184,77922,77922,12084
2015-02-02,Cerrado,30.907320899411772,30.907320899411772,31.56724048565225,63291,63291,30464
2015-02-02,Caatinga,33.93610571582818,33.93610571582818,35.3519753131566,240374,240374,101319
2015-02-10,Mata Atlântica,30.477829057349144,30.477829057349144,31.484126460285026,116845,116845,26646
2015-02-10,Cerrado,31.78803827167662,31.78803827167662,31.917003249108735,124009,124009,113007
2015-02-10,Caatinga,32.5296158530359,32.5296158530359,32.178812736928826,403540,403540,247312
2015-02-18,Mata Atlântica,27.624199811779505,27.624199811779505,29.210061998045397,37358,37358,2496
2015-02-18,Cerrado,29.221448815122223,29.221448815122223,29.680309072298606,121365,121365,89877
2015-02-18,Caatinga,31.423860811850187,31.423860811850187,32.29220201749549,201092,201092,88610
2015-02-26,Mata Atlântica,27.954289938067827,27.954289938067827,29.874663121491036,91115,91115,14088
2015-02-26,Cerrado,30.201797230030323,30.201797230030323,30.877543388242888,123282,123282,76908
2015-02-26,Caatinga,31.380566711528555,31.380566711528555,31.93223736357072,377498,377498,204271
2015-03-06,Mata Atlântica,28.846426728961024,28.846426728961024,30.408519295769,117490,117490,15280
2015-03-06,Cerrado,30.429858912249472,30.429858912249472,31.03286183238087,110616,110616,75967
2015-03-06,Caatinga,32.41143716350233,32.41143716350233,32.65415778325732,396880,396880,199648
2015-03-14,Mata Atlântica,28.501572020216425,28.501572020216425,30.657136218618906,85493,85493,4295
2015-03-14,Cerrado,31.018440508816823,31.018440508816823,31.904594738854456,113452,113452,86613
2015-03-14,Caatinga,34.08743192851416,34.08743192851416,35.11296030866814,376734,376734,247110
2015-03-22,Mata Atlântica,30.530518134641046,30.530518134641046,31.097796406391424,122489,122489,52214
2015-03-22,Cerrado,29.611909893386017,29.611909893386017,30.049813106871273,117737,117737,62197
2015-03-22,Caatinga,32.034861700361745,32.034861700361745,31.807490639551176,367792,367792,207920
2015-03-30,Mata Atlântica,31.003399270852476,31.003399270852476,31.577644505295815,127162,127162,56025
2015-03-30,Cerrado,31.27751153600749,31.27751153600749,31.922443067347075,121675,121675,72316
2015-03-30,Caatinga,34.96539156753763,34.96539156753763,35.04806408248387,413838,413838,342895
2015-04-07,Mata Atlântica,28.63788890667199,28.63788890667199,29.150245939653022,95618,95618,22588
2015-04-07,Cerrado,30.049326830652603,30.049326830652603,30.427338808984228,121198,121198,75498
2015-04-07,Caatinga,31.11168329151761,31.11168329151761,31.52336926313965,301276,301276,134306
2015-04-15,Mata Atlântica,30.03670984992728,30.03670984992728,31.651638653952702,113330,113330,22277
2015-04-15,Cerrado,29.989820928753538,29.989820928753538,30.279884516924287,123629,123629,83552
2015-04-15,Caatinga,33.0505594692917,33.0505594692917,33.33725974766358,382810,382810,213754
2015-04-23,Mata Atlântica,27.7245599486737,27.7245599486737,29.73717032363495,38892,38892,1619
2015-04-23,Cerrado,27.46283857967464,27.46283857967464,28.61451344067514,43551,43551,6748
2015-04-23,Caatinga,31.72892948125869,31.72892948125869,32.18402167585167,240639,240639,55203
2015-05-01,Mata Atlântica,26.605158006237545,26.605158006237545,27.224923050289195,93080,93080,13065
2015-05-01,Cerrado,28.96871351029717,28.96871351029717,29.043961944926945,123496,123496,93082
2015-05-01,Caatinga,30.230973468848127,30.230973468848127,30.571162346458845,381052,381052,238980
2015-05-09,Mata Atlântica,27.67094996015054,27.67094996015054,28.8983903430229,103469,103469,42246
2015-05-09,Cerrado,28.347716246322225,28.347716246322225,28.8145326969238,123234,123234,95378
2015-05-09,Caatinga,29.969022950269324,29.969022950269324,30.63816712101756,380785,380785,259840
2015-05-17,Mata Atlântica,24.086151989292258,24.086151989292258,24.55610866965713,59642,59642,12490
2015-05-17,Cerrado,28.383714138132476,28.383714138132476,28.378912184699537,124035,124035,120736
2015-05-17,Caatinga,28.67063423584528,28.67063423584528,28.84701635398542,312584,312584,200547
2015-05-25,Mata Atlântica,26.16943082792721,26.16943082792721,26.365667861963335,124361,124361,30049
2015-05-25,Cerrado,30.53134713634636,30.53134713634636,30.531184460943162,124035,124035,124028
2015-05-25,Caatinga,29.73676693809451,29.73676693809451,30.723877251441863,408139,408139,275008
2015-06-02,Mata Atlântica,23.976420168603653,23.976420168603653,25.637085349297056,74965,74965,7082
2015-06-02,Cerrado,29.85793405296456,29.85793405296456,29.927682817798317,124025,124025,122307
2015-06-02,Caatinga,29.05616285152223,29.05616285152223,31.250138022526706,314490,314490,160109
2015-06-10,Mata Atlântica,25.593213904172817,25.593213904172817,26.201762388846237,127213,127213,57290
2015-06-10,Cerrado,31.126673889354635,31.126673889354635,31.131737590154305,124035,124035,123839
2015-06-10,Caatinga,29.394864436363047,29.394864436363047,30.764377930020643,408846,408846,273387
2015-06-18,Mata Atlântica,24.403751849785017,24.403751849785017,25.174391204926458,119399,119399,34765
2015-06-18,Cerrado,29.211024501594952,29.211024501594952,29.267253695264706,124034,124034,122389
2015-06-18,Caatinga,28.22928821815777,28.22928821815777,29.493174113403732,384446,384446,249831
2015-06-26,Mata Atlântica,22.949798568583756,22.949798568583756,23.766485162547877,97594,97594,19462
2015-06-26,Cerrado,28.240847275305125,28.240847275305125,28.304321828295333,124024,124024,119281
2015-06-26,Caatinga,27.929826971602573,27.929826971602573,29.645496413687226,313857,313857,206458
2015-07-04,Mata Atlântica,25.328302463460748,25.328302463460748,26.085739578783446,111073,111073,65770
2015-07-04,Cerrado,31.025052942703688,31.025052942703688,31.042585474727655,124035,124035,123273
2015-07-04,Caatinga,30.42207613909598,30.42207613909598,31.74440139516064,363525,363525,259412
2015-07-12,Mata Atlântica,23.173765512525105,23.173765512525105,24.132416277616358,98904,98904,15478
2015-07-12,Cerrado,29.391960965985145,29.391960965985145,29.698390494461403,123595,123595,108815
2015-07-12,Caatinga,27.89692023571317,27.89692023571317,30.42222453742271,389304,389304,177553
2015-07-20,Mata Atlântica,23.47480604485251,23.47480604485251,24.878834270295872,108163,108163,10017
2015-07-20,Cerrado,32.30028375576899,32.30028375576899,32.33563052553819,124035,124035,123418
2015-07-20,Caatinga,30.065632103182672,30.065632103182672,31.758804204976112,387260,387260,270224
2015-07-28,Mata Atlântica,24.935066764399455,24.935066764399455,25.719702400258157,126447,126447,51325
2015-07-28,Cerrado,32.18193512643559,32.18193512643559,32.19267664482423,124035,124035,123818
2015-07-28,Caatinga,30.206893029486608,30.206893029486608,31.946657840240103,404668,404668,277671
2015-08-05,Mata Atlântica,23.90643392601854,23.90643392601854,25.2716001336798,117675,117675,22619
2015-08-05,Cerrado,32.65477568903986,32.65477568903986,32.69366252626875,124035,124035,123267
2015-08-05,Caatinga,30.740163657455057,30.740163657455057,32.45740639714472,403766,403766,270647
2015-08-13,Mata Atlântica,24.568393738743524,24.568393738743524,25.5178919826637,124097,124097,40156
2015-08-13,Cerrado,32.227863187324715,32.227863187324715,32.58536438475061,124024,124024,113126
2015-08-13,Caatinga,29.880882045618446,29.880882045618446,31.141182099504253,395213,395213,217368
2015-08-21,Mata Atlântica,26.34586795106041,26.34586795106041,28.717016532695332,120843,120843,16139
2015-08-21,Cerrado,37.74753045887741,37.74753045887741,37.74738670567831,124035,124035,124026
2015-08-21,Caatinga,34.30458114035088,34.30458114035088,35.576623089283494,412288,412288,312750
2015-08-29,Mata Atlântica,28.933740529621115,28.933740529621115,29.55056078369542,128202,128202,95607
2015-08-29,Cerrado,38.42258652453762,38.42258652453762,38.42244804556858,124035,124035,124021
2015-08-29,Caatinga,36.02761130453811,36.02761130453811,36.33021650311864,415039,415039,369563
2015-09-06,Mata Atlântica,28.961531070370963,28.961531070370963,31.338575746441148,110427,110427,27969
2015-09-06,Cerrado,39.52016086889665,39.52016086889665,39.52262366127705,124035,124035,123926
2015-09-06,Caatinga,37.573829293337276,37.573829293337276,38.36069441834424,414738,414738,345883
2015-09-14,Mata Atlântica,29.308848984036576,29.308848984036576,33.164225640304885,109856,109856,19453
2015-09-14,Cerrado,40.10505036131916,40.10505036131916,40.10492995261151,124035,124035,124027
2015-09-14,Caatinga,35.662526166232226,35.662526166232226,37.618173020373966,402564,402564,266711
2015-09-22,Mata Atlântica,31.42912901557414,31.42912901557414,34.22269888384491,127251,127251,54418
2015-09-22,Cerrado,43.11635740902424,43.11635740902424,43.11625935407645,124035,124035,124025
2015-09-22,Caatinga,39.474602100550165,39.474602100550165,40.17041144557231,414783,414783,341826
2015-09-30,Mata Atlântica,32.50589585652175,32.50589585652175,35.06236754510215,116403,116403,40079
2015-09-30,Cerrado,43.4681643346971,43.4681643346971,43.46808253679398,124035,124035,124029
2015-09-30,Caatinga,39.76994558680827,39.76994558680827,40.297426761713446,413830,413830,346173
2015-10-08,Mata Atlântica,32.288114654795,32.288114654795,35.2553185564551,108146,108146,39184
2015-10-08,Cerrado,42.74858709737124,42.74858709737124,42.74847680893425,124035,124035,124024
2015-10-08,Caatinga,38.31922405812876,38.31922405812876,40.11695833766201,403311,403311,283617
2015-10-16,Mata Atlântica,34.106457846466135,34.106457846466135,36.955942400960765,121458,121458,56564
2015-10-16,Cerrado,46.01417104512927,46.01417104512927,46.01409715762092,124035,124035,124024
2015-10-16,Caatinga,41.805522740413444,41.805522740413444,41.86350727551634,415008,415008,384225
2015-10-24,Mata Atlântica,33.29096640646087,33.29096640646087,36.45759025061291,99947,99947,15787
2015-10-24,Cerrado,42.55041438637109,42.55041438637109,42.45474365204397,122408,122408,94311
2015-10-24,Caatinga,41.70261529447063,41.70261529447063,42.02000587226051,399873,399873,308488
2015-11-01,Mata Atlântica,34.57365496236085,34.57365496236085,37.07476404521178,127201,127201,48287
2015-11-01,Cerrado,42.63237560013139,42.63237560013139,42.6373014189264,124035,124035,115098
2015-11-01,Caatinga,41.48165786906043,41.48165786906043,41.903758819318554,414724,414724,334519
2015-11-09,Mata Atlântica,35.719612898860106,35.719612898860106,37.95550074790264,113206,113206,64407
2015-11-09,Cerrado,44.213541060843944,44.213541060843944,44.24824976501824,124035,124035,115500
2015-11-09,Caatinga,41.95013072575934,41.95013072575934,42.16307629285738,414934,414934,348775
2015-11-17,Mata Atlântica,36.30163311474807,36.30163311474807,38.34742071614659,90607,90607,48520
2015-11-17,Cerrado,38.363739094301295,38.363739094301295,38.56544453592505,89267,89267,30078
2015-11-17,Caatinga,42.49655483112856,42.49655483112856,42.337728829454704,380423,380423,217721
2015-11-25,Mata Atlântica,35.350235799923034,35.350235799923034,35.890369228529266,114113,114113,55789
2015-11-25,Cerrado,38.16556938174482,38.16556938174482,38.169310928708725,124035,124035,118344
2015-11-25,Caatinga,40.42195200403223,40.42195200403223,40.06511723362997,414994,414994,382212
2015-12-03,Mata Atlântica,36.584884788240366,36.584884788240366,37.3879479799603,127467,127467,91159
2015-12-03,Cerrado,36.95775375605734,36.95775375605734,36.988438747223896,120921,120921,86193
2015-12-03,Caatinga,40.09290660066134,40.09290660066134,39.71430790170916,415008,415008,374135
2015-12-11,Mata Atlântica,35.96704761630727,35.96704761630727,37.180693558739485,128261,128261,69275
2015-12-11,Cerrado,39.96882079438787,39.96882079438787,39.914139127282226,124035,124035,117939
2015-12-11,Caatinga,40.978080396819784,40.978080396819784,40.69833811026925,414980,414980,379136
2015-12-19,Mata Atlântica,33.435022520807195,33.435022520807195,35.80954031752731,96691,96691,15139
2015-12-19,Cerrado,38.50149935557404,38.50149935557404,38.1060797516813,124019,124019,104335
2015-12-19,Caatinga,37.903371691160146,37.903371691160146,38.101173863525645,342313,342313,193098
2015-12-27,Mata Atlântica,34.84161952028525,34.84161952028525,36.081237132198524,83327,83327,8407
2015-12-27,Cerrado,36.196284636783496,36.196284636783496,35.91863592786348,87842,87842,39357
2015-12-27,Caatinga,37.619460152294614,37.619460152294614,38.044308210897434,229553,229553,89708
2016-01-01,Mata Atlântica,39.32165434429114,39.32165434429114,39.81613897916567,127933,127933,107117
2016-01-01,Cerrado,34.00608410905745,34.00608410905745,34.52825123568497,71442,71442,11004
2016-01-01,Caatinga,39.11929234313791,39.11929234313791,39.77480105809141,352932,352932,127138
2016-01-09,Mata Atlântica,30.071767365869665,30.071767365869665,30.01042094855147,42502,42502,4931
2016-01-09,Cerrado,31.383775099704017,31.383775099704017,31.713748628175104,57920,57920,19757
2016-01-09,Caatinga,32.5044700201626,32.5044700201626,32.66382651547712,241181,241181,79613
2016-01-17,Mata Atlântica,28.90381767185123,28.90381767185123,33.586612377850194,4782,4782,3
2016-01-17,Cerrado,24.443608162206836,24.443608162206836,26.30221410820114,9858,9858,206
2016-01-17,Caatinga,25.96853930637708,25.96853930637708,28.62310884886455,4136,4136,11
2016-01-25,Mata Atlântica,28.98911546168038,28.98911546168038,31.550047016731085,83135,83135,8403
2016-01-25,Cerrado,30.346343869907273,30.346343869907273,30.76507188857283,123721,123721,106211
2016-01-25,Caatinga,29.11416760471051,29.11416760471051,29.793806593365737,354231,354231,149998
2016-02-02,Mata Atlântica,30.036641483916206,30.036641483916206,31.05289312504624,113919,113919,17401
2016-02-02,Cerrado,31.618244350209757,31.618244350209757,31.551870088269023,123978,123978,88124
2016-02-02,Caatinga,30.415893665131637,30.415893665131637,31.09877793126265,407858,407858,264872
2016-02-10,Mata Atlântica,32.48131105418857,32.48131105418857,33.72849296132199,128133,128133,57162
2016-02-10,Cerrado,32.33196917865865,32.33196917865865,32.34209445672172,124035,124035,118762
2016-02-10,Caatinga,31.89055751317378,31.89055751317378,32.04528864861312,414655,414655,293580
2016-02-18,Mata Atlântica,23.647680920278308,23.647680920278308,22.921448683654827,1790,1790,29
2016-02-18,Cerrado,32.53042522234636,32.53042522234636,32.9955682469875,108927,108927,95652
2016-02-18,Caatinga,30.427559424475593,30.427559424475593,31.629036296956716,180322,180322,131271
2016-02-26,Mata Atlântica,31.94617812873881,31.94617812873881,33.786525904995244,112249,112249,39245
2016-02-26,Cerrado,34.373723844644246,34.373723844644246,34.373916240637364,124015,124015,111643
2016-02-26,Caatinga,32.38440155901708,32.38440155901708,32.752314591022824,366729,366729,253628
2016-03-05,Mata Atlântica,31.66046895733885,31.66046895733885,32.89226794287429,104767,104767,15019
2016-03-05,Cerrado,32.03348538760019,32.03348538760019,32.40934272315858,116841,116841,68597
2016-03-05,Caatinga,32.505797209420436,32.505797209420436,32.97621000157716,366573,366573,197621
2016-03-13,Mata Atlântica,31.111814273454428,31.111814273454428,31.541067937850677,112609,112609,14258
2016-03-13,Cerrado,32.54836465467209,32.54836465467209,32.55914627214037,124035,124035,113161
2016-03-13,Caatinga,32.54571797342221,32.54571797342221,32.639451768934755,392889,392889,232870
2016-03-21,Mata Atlântica,31.847385840517457,31.847385840517457,32.998115787113775,100043,100043,23581
2016-03-21,Cerrado,33.62934489715758,33.62934489715758,33.487260145733764,124035,124035,104016
2016-03-21,Caatinga,33.27084814058438,33.27084814058438,33.60010539848765,364178,364178,237124
2016-03-29,Mata Atlântica,31.12340130975283,31.12340130975283,32.19202645004907,102008,102008,16726
2016-03-29,Cerrado,32.64728452073794,32.64728452073794,32.44334208782899,119938,119938,84115
2016-03-29,Caatinga,32.93269245605368,32.93269245605368,33.307180814246124,349887,349887,220213
2016-04-06,Mata Atlântica,32.036590628564134,32.036590628564134,33.390746077390936,117272,117272,39246
2016-04-06,Cerrado,33.62917599417231,33.62917599417231,33.50937988833274,124031,124031,108350
2016-04-06,Caatinga,32.773978168581785,32.773978168581785,32.98455577206306,385230,385230,242530
2016-04-14,Mata Atlântica,30.012865865149443,30.012865865149443,32.27680020321496,117675,117675,36569
2016-04-14,Cerrado,32.87135548835212,32.87135548835212,32.93454772431709,124006,124006,120832
2016-04-14,Caatinga,31.91376091983306,31.91376091983306,32.552576355342374,395293,395293,239467
2016-04-22,Mata Atlântica,30.028781268953825,30.028781268953825,30.869444507528826,126646,126646,50329
2016-04-22,Cerrado,34.83795170061034,34.83795170061034,34.81454221279344,124035,124035,121515
2016-04-22,Caatinga,33.309532340320274,33.309532340320274,33.456460801982544,413591,413591,299987
2016-04-30,Mata Atlântica,29.714068153707586,29.714068153707586,31.901386231109043,112894,112894,21392
2016-04-30,Cerrado,32.55809525217893,32.55809525217893,32.6036153409727,124035,124035,107081
2016-04-30,Caatinga,33.02672590955823,33.02672590955823,33.24082994088159,412868,412868,285975
2016-05-08,Mata Atlântica,30.244569330447575,30.244569330447575,32.19292478428139,113422,113422,64851
2016-05-08,Cerrado,33.2464551870686,33.2464551870686,33.25036560150614,124035,124035,123052
2016-05-08,Caatinga,32.4193019883125,32.4193019883125,32.75046932440011,392222,392222,298751
2016-05-16,Mata Atlântica,29.7444895535119,29.7444895535119,31.092966558078572,110250,110250,72393
2016-05-16,Cerrado,32.79913953440262,32.79913953440262,32.91428040393913,124035,124035,117676
2016-05-16,Caatinga,32.23175168033648,32.23175168033648,32.51340857788246,393283,393283,310576
2016-05-24,Mata Atlântica,27.409792707055438,27.409792707055438,28.114017324959864,108852,108852,73466
2016-05-24,Cerrado,32.76746782592891,32.76746782592891,32.795231829278855,124035,124035,120420
2016-05-24,Caatinga,30.922874745163615,30.922874745163615,31.637798779697107,333815,333815,252035
2016-06-01,Mata Atlântica,29.968432061707897,29.968432061707897,31.13968890761852,128063,128063,83981
2016-06-01,Cerrado,33.376699615639595,33.376699615639595,33.33000028866341,124035,124035,119041
2016-06-01,Caatinga,33.03838560781869,33.03838560781869,33.084867858417,414955,414955,377994
2016-06-09,Mata Atlântica,26.745180102882774,26.745180102882774,27.115882206606248,86655,86655,26689
2016-06-09,Cerrado,31.27090727881019,31.27090727881019,31.27256147986778,124035,124035,120985
2016-06-09,Caatinga,31.317540969052168,31.317540969052168,31.659078594181118,395877,395877,297805
2016-06-17,Mata Atlântica,26.689905611716075,26.689905611716075,28.16924586205163,121432,121432,55393
2016-06-17,Cerrado,30.827906693718106,30.827906693718106,30.83254852575956,124035,124035,123635
2016-06-17,Caatinga,29.71283655227704,29.71283655227704,30.539459970025817,386018,386018,290376
2016-06-25,Mata Atlântica,24.198284902418184,24.198284902418184,24.720344778741058,98758,98758,24311
2016-06-25,Cerrado,29.741139677725158,29.741139677725158,29.89702747955261,123879,123879,119076
2016-06-25,Caatinga,27.66629498068448,27.66629498068448,28.966296435447592,384604,384604,194222
2016-07-03,Mata Atlântica,25.657430062343607,25.657430062343607,26.421566764161597,121981,121981,52996
2016-07-03,Cerrado,32.17388359240236,32.17388359240236,32.18414540565455,124035,124035,123828
2016-07-03,Caatinga,29.6865810779352,29.6865810779352,30.99437512080817,396976,396976,267143
2016-07-11,Mata Atlântica,27.550269241056704,27.550269241056704,28.16926952713647,128308,128308,78548
2016-07-11,Cerrado,34.864500289043676,34.864500289043676,34.86440961615059,124035,124035,124027
2016-07-11,Caatinga,31.946941655527247,31.946941655527247,32.52646905710055,414002,414002,333328
2016-07-19,Mata Atlântica,24.612309509308236,24.612309509308236,26.3955581671673,89667,89667,9903
2016-07-19,Cerrado,31.75384303612847,31.75384303612847,31.764092692651587,124035,124035,123788
2016-07-19,Caatinga,30.22035861651149,30.22035861651149,31.178099082420616,396899,396899,273144
2016-07-27,Mata Atlântica,24.944390643848514,24.944390643848514,27.046321401317716,103785,103785,24060
2016-07-27,Cerrado,32.805352319740415,32.805352319740415,32.825876958001636,124035,124035,123608
2016-07-27,Caatinga,29.67917172134843,29.67917172134843,31.533959014519592,402594,402594,221965
2016-08-04,Mata Atlântica,26.39770858465693,26.39770858465693,27.484252528802315,126821,126821,48962
2016-08-04,Cerrado,35.738975910948284,35.738975910948284,35.738811229721804,124035,124035,124023
2016-08-04,Caatinga,32.532347896935285,32.532347896935285,33.49638904518153,412838,412838,297189
2016-08-12,Mata Atlântica,27.960935389970388,27.960935389970388,29.103891924119115,113357,113357,52966
2016-08-12,Cerrado,37.36539972773491,37.36539972773491,37.388365226381815,124032,124032,123139
2016-08-12,Caatinga,34.14164508111502,34.14164508111502,34.390773136688686,413961,413961,355117
2016-08-20,Mata Atlântica,27.529165040642628,27.529165040642628,29.738898482837566,104172,104172,47878
2016-08-20,Cerrado,36.2609985722611,36.2609985722611,36.26074890735971,124035,124035,124023
2016-08-20,Caatinga,34.89521224177622,34.89521224177622,35.310492920758286,413127,413127,345382
2016-08-28,Mata Atlântica,26.590853045295766,26.590853045295766,30.488964814689133,76027,76027,12245
2016-08-28,Cerrado,37.10534319064908,37.10534319064908,37.16845313782435,124028,124028,123126
2016-08-28,Caatinga,34.04755913802948,34.04755913802948,35.63107308172791,363900,363900,253774
2016-09-05,Mata Atlântica,27.186511971351926,27.186511971351926,30.17406151246286,124870,124870,19958
2016-09-05,Cerrado,38.56733239858664,38.56733239858664,38.567179698909555,124035,124035,124026
2016-09-05,Caatinga,34.10090281485587,34.10090281485587,35.83123020430555,405055,405055,274034
2016-09-13,Mata Atlântica,30.119103971763707,30.119103971763707,33.738959560657364,101098,101098,26613
2016-09-13,Cerrado,40.79502528556874,40.79502528556874,40.79488031115115,124035,124035,124025
2016-09-13,Caatinga,37.16232561446988,37.16232561446988,37.80592905216977,408341,408341,336715
2016-09-21,Mata Atlântica,31.931210493157966,31.931210493157966,35.02120669625402,69277,69277,13206
2016-09-21,Cerrado,39.79208754680463,39.79208754680463,39.85755643589405,118040,118040,86153
2016-09-21,Caatinga,39.3470374227958,39.3470374227958,39.567744796486075,369702,369702,298149
2016-09-29,Mata Atlântica,31.78307125661687,31.78307125661687,34.16363254217012,78460,78460,23634
2016-09-29,Cerrado,38.60609867883495,38.60609867883495,38.50282958167629,124017,124017,110084
2016-09-29,Caatinga,38.74249173532735,38.74249173532735,39.25949024375181,374125,374125,289481
2016-10-07,Mata Atlântica,28.540749577972335,28.540749577972335,29.5966128173684,76524,76524,9124
2016-10-07,Cerrado,38.9111443764972,38.9111443764972,38.834803943802186,124033,124033,108069
2016-10-07,Caatinga,36.39220682392313,36.39220682392313,37.337180484494866,376074,376074,245202
2016-10-15,Mata Atlântica,29.692725973576177,29.692725973576177,33.37351566413372,109363,109363,18696
2016-10-15,Cerrado,41.74146038713117,41.74146038713117,41.715602695436516,124035,124035,118804
2016-10-15,Caatinga,37.61996437464577,37.61996437464577,39.176201049057134,393126,393126,272153
2016-10-23,Mata Atlântica,31.616286116451235,31.616286116451235,33.90470767433765,120579,120579,30947
2016-10-23,Cerrado,40.056830076751524,40.056830076751524,39.94497846583682,123996,123996,108478
2016-10-23,Caatinga,39.725456814194565,39.725456814194565,40.075506593134016,414153,414153,342912
2016-10-31,Mata Atlântica,28.85453164167316,28.85453164167316,30.257924588335584,88704,88704,4778
2016-10-31,Cerrado,40.83069188043676,40.83069188043676,40.68525287141098,124035,124035,114142
2016-10-31,Caatinga,38.040884280734765,38.040884280734765,39.55169268905418,387446,387446,223834
2016-11-08,Mata Atlântica,29.380852075195353,29.380852075195353,30.555540360708115,39537,39537,1048
2016-11-08,Cerrado,40.33866074408331,40.33866074408331,40.46044529795321,72470,72470,29298
2016-11-08,Caatinga,40.13090562234972,40.13090562234972,40.14833523016276,178495,178495,77977
2016-11-16,Mata Atlântica,31.300790728079456,31.300790728079456,35.239886107132854,45108,45108,6556
2016-11-16,Cerrado,33.13984830140389,33.13984830140389,33.16514621569009,95911,95911,50531
2016-11-16,Caatinga,34.93954062453308,34.93954062453308,35.19192246853825,367722,367722,231293
2016-11-24,Mata Atlântica,31.363833664286062,31.363833664286062,34.33483497513358,110390,110390,37805
2016-11-24,Cerrado,37.93992025584456,37.93992025584456,37.7420367500058,124023,124023,102908
2016-11-24,Caatinga,37.98336298084122,37.98336298084122,37.8112497439732,415041,415041,396324
2016-12-02,Mata Atlântica,32.9059489490621,32.9059489490621,35.968981263376094,52198,52198,9419
2016-12-02,Cerrado,35.26379535537593,35.26379535537593,35.052680689944125,119865,119865,62547
2016-12-02,Caatinga,37.17294880493212,37.17294880493212,37.16131774202526,359666,359666,167806
2016-12-10,Mata Atlântica,31.551371356853977,31.551371356853977,32.006636515762416,121312,121312,40504
2016-12-10,Cerrado,30.12009542855133,30.12009542855133,30.589165903980827,95110,95110,48480
2016-12-10,Caatinga,34.24864576509208,34.24864576509208,32.73757610395858,399743,399743,210507
2016-12-18,Mata Atlântica,28.30386838680157,28.30386838680157,30.25761203224273,56479,56479,5672
2016-12-18,Cerrado,33.59978988533159,33.59978988533159,33.6341221294453,123593,123593,86961
2016-12-18,Caatinga,32.796731080916885,32.796731080916885,33.2580576129633,301146,301146,150867
2016-12-26,Mata Atlântica,30.09248565729396,30.09248565729396,31.417858357010893,84427,84427,10293
2016-12-26,Cerrado,34.86408910612181,34.86408910612181,34.599859658425366,120623,120623,91855
2016-12-26,Caatinga,34.924270908485155,34.924270908485155,35.05360192205401,350941,350941,217412
2017-01-01,Mata Atlântica,31.930581312292034,31.930581312292034,33.21618454824109,113687,113687,28340
2017-01-01,Cerrado,35.89174768610902,35.89174768610902,35.92287375405351,124027,124027,116965
2017-01-01,Caatinga,37.13438205055038,37.13438205055038,36.86753357197196,396210,396210,297505
2017-01-09,Mata Atlântica,32.93537620815996,32.93537620815996,34.84419632665676,122101,122101,43838
2017-01-09,Cerrado,35.597127243134715,35.597127243134715,36.24844825644871,116692,116692,86811
2017-01-09,Caatinga,37.024586734625444,37.024586734625444,36.82466629573343,399119,399119,237122
2017-01-17,Mata Atlântica,31.17141171575167,31.17141171575167,32.96003255765227,94939,94939,6945
2017-01-17,Cerrado,31.41317873342233,31.41317873342233,31.92205887890898,118593,118593,89858
2017-01-17,Caatinga,35.64632998098351,35.64632998098351,34.85982997138731,344038,344038,186514
2017-01-25,Mata Atlântica,31.49809849360768,31.49809849360768,32.94301780480249,101287,101287,7936
2017-01-25,Cerrado,30.932126533990644,30.932126533990644,31.628258699641076,121855,121855,85777
2017-01-25,Caatinga,35.70712962854569,35.70712962854569,35.68748005006653,342425,342425,210259
2017-02-02,Mata Atlântica,32.736881679266745,32.736881679266745,32.85823377001256,29352,29352,1153
2017-02-02,Cerrado,29.507482997221317,29.507482997221317,29.753314801916442,61619,61619,14288
2017-02-02,Caatinga,36.30326247741304,36.30326247741304,36.697123862938035,235319,235319,77514
2017-02-10,Mata Atlântica,26.429805063006654,26.429805063006654,27.289613268562967,57368,57368,1566
2017-02-10,Cerrado,28.585029999453813,28.585029999453813,29.250036993969562,74777,74777,53573
2017-02-10,Caatinga,30.858192662352813,30.858192662352813,31.050812169656563,167431,167431,85777
2017-02-18,Mata Atlântica,28.65354483284197,28.65354483284197,30.157549035691247,76137,76137,3103
2017-02-18,Cerrado,30.5596656495992,30.5596656495992,31.684264073493264,114618,114618,69309
2017-02-18,Caatinga,34.03870746071978,34.03870746071978,33.2250141764535,336751,336751,154627
2017-02-26,Mata Atlântica,30.473533952157045,30.473533952157045,31.55530453741247,111717,111717,19669
2017-02-26,Cerrado,30.01935631461362,30.01935631461362,30.66982136654024,122805,122805,75769
2017-02-26,Caatinga,35.746248020736594,35.746248020736594,35.220019475282385,412883,412883,289922
2017-03-06,Mata Atlântica,30.478177678877454,30.478177678877454,32.071769705369135,100350,100350,19469
2017-03-06,Cerrado,32.476250812435055,32.476250812435055,32.90868207762307,122287,122287,103002
2017-03-06,Caatinga,34.57082915087279,34.57082915087279,34.63788139342105,314553,314553,230607
2017-03-14,Mata Atlântica,30.7323330610757,30.7323330610757,32.507889211122574,93965,93965,7653
2017-03-14,Cerrado,31.548413287536583,31.548413287536583,32.01070748938028,115331,115331,73051
2017-03-14,Caatinga,35.59884676074936,35.59884676074936,35.803797159038496,389838,389838,231499
2017-03-22,Mata Atlântica,31.496132058094975,31.496132058094975,32.71525259988798,119181,119181,45622
2017-03-22,Cerrado,31.045907288905106,31.045907288905106,32.161750768553084,115420,115420,75011
2017-03-22,Caatinga,35.2425469321004,35.2425469321004,34.73323662177242,379085,379085,199797
2017-03-30,Mata Atlântica,26.87642213833023,26.87642213833023,27.99785701284582,64575,64575,9964
2017-03-30,Cerrado,30.52405786674731,30.52405786674731,30.56455610217034,121552,121552,107267
2017-03-30,Caatinga,30.791589816981418,30.791589816981418,31.13407149012749,276559,276559,154394
2017-04-07,Mata Atlântica,28.047183396586345,28.047183396586345,28.82218974138191,115504,115504,15975
2017-04-07,Cerrado,31.16776243583584,31.16776243583584,31.166069274965754,124035,124035,118116
2017-04-07,Caatinga,31.498056680285558,31.498056680285558,31.332003679038838,393357,393357,233561
2017-04-15,Mata Atlântica,28.09832348474299,28.09832348474299,28.946933638649384,116911,116911,40847
2017-04-15,Cerrado,31.63895647450114,31.63895647450114,30.983511368448692,123693,123693,93178
2017-04-15,Caatinga,32.24166425113855,32.24166425113855,32.442035382521155,389145,389145,253782
2017-04-23,Mata Atlântica,26.808515384965677,26.808515384965677,29.288999009717767,66909,66909,10454
2017-04-23,Cerrado,31.58141911522097,31.58141911522097,31.561209254738102,123971,123971,114088
2017-04-23,Caatinga,32.343910407382474,32.343910407382474,32.729279298297634,381467,381467,243301
2017-05-01,Mata Atlântica,25.95865380995002,25.95865380995002,27.099273227428608,106486,106486,17295
2017-05-01,Cerrado,31.020305304236597,31.020305304236597,31.090889827470665,123587,123587,118667
2017-05-01,Caatinga,32.18204268334877,32.18204268334877,32.7027616473318,402312,402312,282323
2017-05-09,Mata Atlântica,28.340018290357996,28.340018290357996,28.786259581266922,126384,126384,85537
2017-05-09,Cerrado,32.86751466249076,32.86751466249076,32.854578227772684,124035,124035,123362
2017-05-09,Caatinga,33.65673884166272,33.65673884166272,33.54805440491612,414914,414914,356668
2017-05-17,Mata Atlântica,25.797211308057207,25.797211308057207,27.57926922018346,41631,41631,3386
2017-05-17,Cerrado,31.11433991814949,31.11433991814949,31.240555822574997,123861,123861,113165
2017-05-17,Caatinga,32.733138496710495,32.733138496710495,33.87661797055268,378270,378270,211161
2017-05-25,Mata Atlântica,25.05956838875529,25.05956838875529,25.59718536690597,119330,119330,35639
2017-05-25,Cerrado,31.3367035506295,31.3367035506295,31.34263453946849,124035,124035,123861
2017-05-25,Caatinga,30.631607040318535,30.631607040318535,31.367711212096296,371435,371435,293153
2017-06-02,Mata Atlântica,26.702377606923182,26.702377606923182,27.262629173506493,122355,122355,64405
2017-06-02,Cerrado,31.99775983434511,31.99775983434511,32.00348111414312,124035,124035,123810
2017-06-02,Caatinga,31.8165343997594,31.8165343997594,32.75613655812912,405433,405433,291728
2017-06-10,Mata Atlântica,25.73535299500048,25.73535299500048,26.571502785240686,123210,123210,30300
2017-06-10,Cerrado,31.90808881168955,31.90808881168955,31.907895279272225,124035,124035,124025
2017-06-10,Caatinga,31.01764482217507,31.01764482217507,32.15905198374981,398538,398538,270106
2017-06-18,Mata Atlântica,24.27617432720399,24.27617432720399,25.41854922114823,118875,118875,26106
2017-06-18,Cerrado,30.462601829293448,30.462601829293448,30.462813451426946,124035,124035,124012
2017-06-18,Caatinga,29.599869560731804,29.599869560731804,31.02722904615796,354058,354058,248224
2017-06-26,Mata Atlântica,23.305770961937085,23.305770961937085,24.245945974032363,112829,112829,31006
2017-06-26,Cerrado,29.637821563124827,29.637821563124827,29.743787755530743,123886,123886,120253
2017-06-26,Caatinga,28.74024362591186,28.74024362591186,30.661677455779646,349077,349077,193179
2017-07-04,Mata Atlântica,21.899409202348938,21.899409202348938,22.832867386737096,101964,101964,20628
2017-07-04,Cerrado,27.909747735896413,27.909747735896413,28.100603404101268,123851,123851,115400
2017-07-04,Caatinga,27.092383112309374,27.092383112309374,29.4431997681241,343182,343182,178754
2017-07-12,Mata Atlântica,22.604394567903547,22.604394567903547,23.22081648467893,115851,115851,33408
2017-07-12,Cerrado,29.303785156522938,29.303785156522938,29.460695184588886,124018,124018,120225
2017-07-12,Caatinga,27.621195890668908,27.621195890668908,29.17365166671675,382036,382036,226592
2017-07-20,Mata Atlântica,23.049610967422147,23.049610967422147,24.309839585476965,120958,120958,20924
2017-07-20,Cerrado,31.096804762952644,31.096804762952644,31.110998535175792,124035,124035,123722
2017-07-20,Caatinga,29.49573669226447,29.49573669226447,31.08810292298624,401049,401049,264644
2017-07-28,Mata Atlântica,23.87818594508012,23.87818594508012,24.321369902553247,123991,123991,55636
2017-07-28,Cerrado,32.06662550915038,32.06662550915038,32.12095240183108,124035,124035,122859
2017-07-28,Caatinga,29.60630695832097,29.60630695832097,31.082640927568715,395919,395919,262609
2017-08-05,Mata Atlântica,25.713467345672825,25.713467345672825,25.781322536888172,127840,127840,87679
2017-08-05,Cerrado,34.928450082283234,34.928450082283234,34.928661586239436,124035,124035,124023
2017-08-05,Caatinga,33.11944083774652,33.11944083774652,33.597859415216845,414496,414496,350164
2017-08-13,Mata Atlântica,25.203086984378142,25.203086984378142,26.113121554720102,114719,114719,28971
2017-08-13,Cerrado,36.61750116989247,36.61750116989247,36.61728521631289,124035,124035,124026
2017-08-13,Caatinga,33.209826547283804,33.209826547283804,34.52868182188269,401590,401590,276480
2017-08-21,Mata Atlântica,24.835644428795565,24.835644428795565,25.869865875305706,116021,116021,29816
2017-08-21,Cerrado,35.056325831168486,35.056325831168486,35.10705224061717,124035,124035,122893
2017-08-21,Caatinga,32.980970696080874,32.980970696080874,34.94806463422309,374099,374099,243042
2017-08-29,Mata Atlântica,25.392809554027384,25.392809554027384,27.585369302600565,116123,116123,34849
2017-08-29,Cerrado,37.23268663944793,37.23268663944793,37.244165277013934,124035,124035,123866
2017-08-29,Caatinga,34.09740957789776,34.09740957789776,35.329902418138815,399994,399994,288857
2017-09-06,Mata Atlântica,25.40344719743055,25.40344719743055,27.521410497537254,118670,118670,17671
2017-09-06,Cerrado,37.442121495397416,37.442121495397416,37.503942412854684,124034,124034,123080
2017-09-06,Caatinga,32.79820955490619,32.79820955490619,36.050886656232784,380226,380226,204695
2017-09-14,Mata Atlântica,25.15339903793665,25.15339903793665,27.20575539078307,110059,110059,10562
2017-09-14,Cerrado,37.75588349991374,37.75588349991374,37.848959572753145,124035,124035,121587
2017-09-14,Caatinga,32.81082999913411,32.81082999913411,36.49945488881828,364584,364584,180552
2017-09-22,Mata Atlântica,26.49652861312184,26.49652861312184,30.706342376466054,85009,85009,12231
2017-09-22,Cerrado,39.00424458734591,39.00424458734591,39.03479529332721,124035,124035,123414
2017-09-22,Caatinga,35.304646721143136,35.304646721143136,38.00362598547352,377835,377835,240905
2017-09-30,Mata Atlântica,28.683932796548834,28.683932796548834,31.188802240854695,80660,80660,10186
2017-09-30,Cerrado,42.67179116690446,42.67179116690446,42.74266033177882,124035,124035,119943
2017-09-30,Caatinga,38.00461503431921,38.00461503431921,39.2600201074222,402878,402878,296741
2017-10-08,Mata Atlântica,29.241693797578275,29.241693797578275,33.11881619568578,113496,113496,16173
2017-10-08,Cerrado,44.47818323523105,44.47818323523105,44.47807686069657,124035,124035,124028
2017-10-08,Caatinga,39.23002299795119,39.23002299795119,40.629547923371646,413602,413602,297601
2017-10-16,Mata Atlântica,29.81578286926617,29.81578286926617,33.82619941979584,106755,106755,26686
2017-10-16,Cerrado,43.24560196361626,43.24560196361626,43.23584564876654,124035,124035,122847
2017-10-16,Caatinga,38.76355787297362,38.76355787297362,40.20703599349085,393193,393193,278234
2017-10-24,Mata Atlântica,32.13475611065669,32.13475611065669,34.40189188219403,104467,104467,29958
2017-10-24,Cerrado,44.16564562998021,44.16564562998021,44.2238441181493,123989,123989,114171
2017-10-24,Caatinga,41.00776257162261,41.00776257162261,41.164016173598505,411542,411542,339182
2017-11-01,Mata Atlântica,28.71201162040639,28.71201162040639,30.714584335593887,19927,19927,1652
2017-11-01,Cerrado,36.848622948625135,36.848622948625135,36.408169301454706,42725,42725,7224
2017-11-01,Caatinga,38.30171275898619,38.30171275898619,38.87749345372841,231994,231994,107332
2017-11-09,Mata Atlântica,29.838494603703968,29.838494603703968,31.81085113579434,63288,63288,6923
2017-11-09,Cerrado,36.586074422327314,36.586074422327314,36.80445690682508,101003,101003,66418
2017-11-09,Caatinga,38.351038122912705,38.351038122912705,38.11404184674247,347721,347721,185890
2017-11-17,Mata Atlântica,29.814655094339436,29.814655094339436,31.815077196788696,114200,114200,24504
2017-11-17,Cerrado,36.23334808746376,36.23334808746376,36.624813537189354,105472,105472,32524
2017-11-17,Caatinga,37.061009811544,37.061009811544,37.280698996310356,391764,391764,247126
2017-11-25,Mata Atlântica,30.587058609252516,30.587058609252516,31.877001357139285,117378,117378,25849
2017-11-25,Cerrado,36.92000240855316,36.92000240855316,36.81539089096539,123790,123790,87575
2017-11-25,Caatinga,37.38332318220228,37.38332318220228,37.3698553180628,386173,386173,283761
2017-12-03,Mata Atlântica,34.03630174752167,34.03630174752167,35.4477526951133,83249,83249,39360
2017-12-03,Cerrado,34.720233781449885,34.720233781449885,35.10351797926372,87396,87396,31601
2017-12-03,Caatinga,39.153654522870006,39.153654522870006,38.795730047631345,401940,401940,286470
2017-12-11,Mata Atlântica,25.735702846036453,25.735702846036453,27.17071180620885,42523,42523,8055
2017-12-11,Cerrado,31.364711694258315,31.364711694258315,32.53468451578353,69455,69455,31882
2017-12-11,Caatinga,31.921970807393386,31.921970807393386,33.13718058684423,263900,263900,114329
2017-12-19,Mata Atlântica,28.126924434519072,28.126924434519072,29.215862293179892,106737,106737,9074
2017-12-19,Cerrado,33.651825048498296,33.651825048498296,33.5131528148499,123795,123795,86512
2017-12-19,Caatinga,34.04550114754677,34.04550114754677,33.70956497247385,344719,344719,214761
2017-12-27,Mata Atlântica,30.468596304873966,30.468596304873966,31.995195033312047,106524,106524,11017
2017-12-27,Cerrado,33.86728034612251,33.86728034612251,35.18986159526709,95066,95066,55885
2017-12-27,Caatinga,35.752935591169916,35.752935591169916,35.27971065561837,362341,362341,180844
2018-01-01,Mata Atlântica,30.949454764503464,30.949454764503464,32.63575148067695,124146,124146,15174
2018-01-01,Cerrado,31.28280432719389,31.28280432719389,31.66434816544003,121115,121115,70182
2018-01-01,Caatinga,35.04459049798329,35.04459049798329,34.63255112339035,401222,401222,196573
2018-01-09,Mata Atlântica,29.36832450849212,29.36832450849212,30.91938458032124,106619,106619,18212
2018-01-09,Cerrado,31.205995076757205,31.205995076757205,31.627913686925584,123763,123763,78696
2018-01-09,Caatinga,33.29390596154233,33.29390596154233,33.61870256787186,399858,399858,209958
2018-01-17,Mata Atlântica,31.013880066061848,31.013880066061848,32.23933791900076,123306,123306,21040
2018-01-17,Cerrado,33.56383212296897,33.56383212296897,33.569364449165775,124035,124035,117383
2018-01-17,Caatinga,35.97625966400461,35.97625966400461,36.425626006701876,396794,396794,233672
2018-01-25,Mata Atlântica,30.1185149405698,30.1185149405698,32.50387598125703,74773,74773,4336
2018-01-25,Cerrado,27.57262657210827,27.57262657210827,29.1130459654688,36890,36890,4859
2018-01-25,Caatinga,34.59852109581514,34.59852109581514,35.6209738524121,249533,249533,77838
2018-02-02,Mata Atlântica,31.162439342640006,31.162439342640006,33.08534164062876,61111,61111,19376
2018-02-02,Cerrado,28.771815686264013,28.771815686264013,30.07138784833831,50719,50719,15488
2018-02-02,Caatinga,34.487871042198705,34.487871042198705,33.72214334847525,235882,235882,115559
2018-02-10,Mata Atlântica,27.93507055978436,27.93507055978436,28.57982237282065,105124,105124,9467
2018-02-10,Cerrado,29.3963259077504,29.3963259077504,29.81941431058513,123905,123905,81269
2018-02-10,Caatinga,28.75611793532261,28.75611793532261,29.16872780454999,259201,259201,105206
2018-02-18,Mata Atlântica,28.29422150781874,28.29422150781874,29.440234535086983,76683,76683,7327
2018-02-18,Cerrado,27.679906765600844,27.679906765600844,29.22934157969136,67007,67007,18776
2018-02-18,Caatinga,30.020607618802625,30.020607618802625,29.967376577711292,257502,257502,79462
2018-02-26,Mata Atlântica,30.64613990583198,30.64613990583198,31.38847061243231,123063,123063,43947
2018-02-26,Cerrado,29.881537870771798,29.881537870771798,30.3580466082577,123412,123412,88915
2018-02-26,Caatinga,32.38785289902374,32.38785289902374,32.227223755305566,378159,378159,212315
2018-03-06,Mata Atlântica,30.981086625182744,30.981086625182744,31.217791231349718,70648,70648,22934
2018-03-06,Cerrado,30.551323306586273,30.551323306586273,32.05717927896633,58174,58174,19154
2018-03-06,Caatinga,31.072565443710513,31.072565443710513,31.23649676700328,189938,189938,42614
2018-03-14,Mata Atlântica,29.469848416792118,29.469848416792118,31.009198113207535,105895,105895,17002
2018-03-14,Cerrado,28.487397873476564,28.487397873476564,29.50288977022463,118244,118244,23808
2018-03-14,Caatinga,30.371234202384894,30.371234202384894,31.042462603649543,375101,375101,159602
2018-03-22,Mata Atlântica,26.446160968416503,26.446160968416503,27.952129465392634,82008,82008,3329
2018-03-22,Cerrado,28.566346618328062,28.566346618328062,28.96834209068188,120448,120448,58501
2018-03-22,Caatinga,28.745496386410316,28.745496386410316,28.881090825277454,298446,298446,101377
2018-03-30,Mata Atlântica,27.836374255811638,27.836374255811638,28.80844938771044,105784,105784,13848
2018-03-30,Cerrado,30.170208708342034,30.170208708342034,30.22028099160832,117883,117883,52639
2018-03-30,Caatinga,30.39267373702993,30.39267373702993,30.13448860895214,357505,357505,176988
2018-04-07,Mata Atlântica,27.27993896647682,27.27993896647682,28.167945842258817,81740,81740,6692
2018-04-07,Cerrado,27.581061784131577,27.581061784131577,28.29789406407162,85582,85582,20683
2018-04-07,Caatinga,29.552042659408034,29.552042659408034,29.534964967185232,351281,351281,112229
2018-04-15,Mata Atlântica,25.09742971755532,25.09742971755532,25.621104011561982,85069,85069,11863
2018-04-15,Cerrado,29.245298794648463,29.245298794648463,29.5036113035428,123729,123729,100526
2018-04-15,Caatinga,29.18644444940452,29.18644444940452,29.034798717238054,352080,352080,156796
2018-04-23,Mata Atlântica,25.56337920036143,25.56337920036143,26.552076414346242,69052,69052,5363
2018-04-23,Cerrado,30.828084329967332,30.828084329967332,30.805103487333152,124031,124031,119474
2018-04-23,Caatinga,30.088456208667086,30.088456208667086,30.811254804629414,335889,335889,187639
2018-05-01,Mata Atlântica,25.988525881155653,25.988525881155653,27.036021272263408,100622,100622,12101
2018-05-01,Cerrado,30.455718522098813,30.455718522098813,30.488257777516587,124030,124030,120261
2018-05-01,Caatinga,29.618275905341704,29.618275905341704,30.385247041261387,322118,322118,165716
2018-05-09,Mata Atlântica,25.64139504359548,25.64139504359548,26.168307705096275,121744,121744,34945
2018-05-09,Cerrado,31.401263430090523,31.401263430090523,31.409220700937393,124035,124035,123517
2018-05-09,Caatinga,30.730991182086335,30.730991182086335,31.92835475070874,400832,400832,230906
2018-05-17,Mata Atlântica,27.036232853957962,27.036232853957962,27.56198391835921,124904,124904,85875
2018-05-17,Cerrado,30.88104005082858,30.88104005082858,30.887733591724963,124035,124035,117458
2018-05-17,Caatinga,31.451782862942125,31.451782862942125,31.897861356756266,410574,410574,322955
2018-05-25,Mata Atlântica,23.462786998410103,23.462786998410103,24.365877124484147,80161,80161,17615
2018-05-25,Cerrado,29.294791690380734,29.294791690380734,29.329851721099324,124035,124035,122417
2018-05-25,Caatinga,29.147611494187377,29.147611494187377,30.322249880306952,358098,358098,223034
2018-06-02,Mata Atlântica,25.100898689458912,25.100898689458912,26.309676810908865,82705,82705,34297
2018-06-02,Cerrado,30.732591549228236,30.732591549228236,30.80610557894967,124009,124009,121613
2018-06-02,Caatinga,30.38643678982089,30.38643678982089,31.119445982652262,349617,349617,251151
2018-06-10,Mata Atlântica,24.356260274633417,24.356260274633417,25.61818901982506,120341,120341,20187
2018-06-10,Cerrado,31.1044204944285,31.1044204944285,31.108997973900344,124035,124035,123922
2018-06-10,Caatinga,29.73213352458107,29.73213352458107,30.888154038789246,402133,402133,265074
2018-06-18,Mata Atlântica,23.779384046924626,23.779384046924626,24.956474302781942,98266,98266,12788
2018-06-18,Cerrado,29.59971209455782,29.59971209455782,29.626612450160316,124035,124035,123266
2018-06-18,Caatinga,28.24661594428854,28.24661594428854,29.693904475502706,398330,398330,211045
2018-06-26,Mata Atlântica,23.31852050886057,23.31852050886057,24.793178499452722,110624,110624,20685
2018-06-26,Cerrado,30.510970409226566,30.510970409226566,30.561096511219223,124035,124035,122389
2018-06-26,Caatinga,28.962469322723294,28.962469322723294,31.236671316974334,407323,407323,207565
2018-07-04,Mata Atlântica,24.66497514731066,24.66497514731066,25.40917239684618,126925,126925,54046
2018-07-04,Cerrado,31.34472439148226,31.34472439148226,31.34466963639465,124035,124035,124031
2018-07-04,Caatinga,30.163946757291736,30.163946757291736,31.08263357833772,405506,405506,275058
2018-07-12,Mata Atlântica,24.00353593911273,24.00353593911273,24.902317143095885,121195,121195,27996
2018-07-12,Cerrado,31.584783024582237,31.584783024582237,31.62269204632513,124035,124035,123133
2018-07-12,Caatinga,30.209297607276497,30.209297607276497,31.591618638543366,398685,398685,239497
2018-07-20,Mata Atlântica,23.51024511689746,23.51024511689746,24.0493845093259,119607,119607,15760
2018-07-20,Cerrado,30.9597073040792,30.9597073040792,31.073491044039645,124035,124035,121524
2018-07-20,Caatinga,29.645933430308176,29.645933430308176,31.603894344448097,379424,379424,207588
2018-07-28,Mata Atlântica,24.996935938185604,24.996935938185604,26.69941318156298,115819,115819,22076
2018-07-28,Cerrado,34.08101045181817,34.08101045181817,34.08088732416385,124035,124035,124023
2018-07-28,Caatinga,32.04122777503313,32.04122777503313,32.88024459573279,402805,402805,300289
2018-08-05,Mata Atlântica,26.15952261397679,26.15952261397679,27.412316940045166,117719,117719,46500
2018-08-05,Cerrado,34.84071079588818,34.84071079588818,34.841602570913544,124035,124035,123981
2018-08-05,Caatinga,33.96269160619202,33.96269160619202,34.118780490321186,412213,412213,360163
2018-08-13,Mata Atlântica,26.495171321096876,26.495171321096876,28.159753050245413,84773,84773,6089
2018-08-13,Cerrado,34.657935711142414,34.657935711142414,34.72018375617513,123904,123904,116704
2018-08-13,Caatinga,34.178477539477484,34.178477539477484,35.224641842804566,351640,351640,244050
2018-08-21,Mata Atlântica,25.87622557961766,25.87622557961766,28.86163725892913,114437,114437,7993
2018-08-21,Cerrado,35.44166623957081,35.44166623957081,35.441608318003205,124035,124035,124022
2018-08-21,Caatinga,33.40292163739706,33.40292163739706,34.94176849095531,403330,403330,255336
2018-08-29,Mata Atlântica,26.658272095724517,26.658272095724517,29.0632693222111,117803,117803,36155
2018-08-29,Cerrado,37.25945413187886,37.25945413187886,37.25934959652583,124035,124035,124018
2018-08-29,Caatinga,35.38494260870405,35.38494260870405,36.131081388187624,408941,408941,337320
2018-09-06,Mata Atlântica,28.096511183133938,28.096511183133938,31.390168800404847,101215,101215,38826
2018-09-06,Cerrado,36.55981768745182,36.55981768745182,36.60054588251791,124035,124035,122839
2018-09-06,Caatinga,35.32810087857995,35.32810087857995,35.72547357259298,412837,412837,333818
2018-09-14,Mata Atlântica,30.210888301277894,30.210888301277894,32.51578864594582,111558,111558,40524
2018-09-14,Cerrado,40.094712187630655,40.094712187630655,40.08681264614739,124035,124035,121895
2018-09-14,Caatinga,38.095924045774524,38.095924045774524,38.59614596685656,407745,407745,337589
2018-09-22,Mata Atlântica,30.97890148485439,30.97890148485439,33.56361114125171,125288,125288,34491
2018-09-22,Cerrado,40.873777210824706,40.873777210824706,40.85378100151711,124035,124035,121619
2018-09-22,Caatinga,38.29982169293541,38.29982169293541,39.07439356304757,409167,409167,300724
2018-09-30,Mata Atlântica,32.03682703274382,32.03928367802248,34.690392961347406,90926,90893,19867
2018-09-30,Cerrado,42.25311389684415,42.25311389684415,42.03511210445284,124035,124035,102231
2018-09-30,Caatinga,39.35880343732005,39.35880343732005,40.174504862432755,402550,402550,284943
2018-10-08,Mata Atlântica,32.36051635994177,32.36051635994177,35.255222258919005,117654,117654,31465
2018-10-08,Cerrado,43.436246700083316,43.436246700083316,43.44452156186987,124021,124021,118006
2018-10-08,Caatinga,41.032676029457186,41.032676029457186,41.30341533986926,413327,413327,322413
2018-10-16,Mata Atlântica,34.850314042867325,34.850314042867325,37.44877718294458,63828,63828,30050
2018-10-16,Cerrado,37.227997769022714,37.227997769022714,37.56112470831905,120936,120936,80945
2018-10-16,Caatinga,41.24434422607188,41.24434422607188,41.81491837795139,387722,387722,268326
2018-10-24,Mata Atlântica,32.183936370600655,32.183936370600655,35.74765572506691,37275,37275,8425
2018-10-24,Cerrado,39.346551948493264,39.346551948493264,39.893633343170734,103260,103260,61083
2018-10-24,Caatinga,40.71266420257665,40.71266420257665,41.11989281197856,376210,376210,266111
2018-11-01,Mata Atlântica,32.5389962390034,32.5389962390034,35.062543901870406,70226,70226,16157
2018-11-01,Cerrado,34.97205667946237,34.97205667946237,34.973210504395226,90989,90989,42930
2018-11-01,Caatinga,39.10698537343276,39.10698537343276,38.69506241163471,372271,372271,229219
2018-11-09,Mata Atlântica,27.659745157535628,27.659745157535628,28.730573199451122,40426,40426,1140
2018-11-09,Cerrado,31.884763103680864,31.884763103680864,33.27379967635474,82613,82613,25662
2018-11-09,Caatinga,35.928654352916716,35.928654352916716,36.71561996510977,235859,235859,86170
2018-11-17,Mata Atlântica,29.26822383845542,29.26822383845542,30.010640761495754,89708,89708,7383
2018-11-17,Cerrado,35.6603659632212,35.6603659632212,35.63375844086883,121445,121445,99597
2018-11-17,Caatinga,36.74653219861758,36.74653219861758,36.78063361949064,373228,373228,234492
2018-11-25,Mata Atlântica,28.24942664033681,28.24942664033681,29.528266054422616,40783,40783,1975
2018-11-25,Cerrado,31.520238083969698,31.520238083969698,31.610451973355627,98415,98415,64389
2018-11-25,Caatinga,32.99937296694937,32.99937296694937,33.08758699519957,170154,170154,89413
2018-12-03,Mata Atlântica,29.30698435241917,29.30698435241917,30.096379415268494,49983,49983,9889
2018-12-03,Cerrado,28.651256832225553,28.651256832225553,29.685403464399855,47712,47712,8608
2018-12-03,Caatinga,30.48664106602585,30.48664106602585,31.665009088344952,318474,318474,119271
2018-12-11,Mata Atlântica,28.354837853327183,28.354837853327183,30.183671965277235,115117,115117,16100
2018-12-11,Cerrado,31.42717256587986,31.42717256587986,31.587844115349395,123967,123967,98803
2018-12-11,Caatinga,30.34316794545314,30.34316794545314,30.943556597926598,398576,398576,237979
2018-12-19,Mata Atlântica,29.992918242890248,29.992918242890248,31.06264861744278,119453,119453,32881
2018-12-19,Cerrado,35.51214133300485,35.51214133300485,35.42323212884146,124035,124035,115781
2018-12-19,Caatinga,33.53597115176192,33.53597115176192,33.471382021855554,413334,413334,335015
2018-12-27,Mata Atlântica,30.94011429516175,30.94011429516175,31.59509928186614,40454,40454,11221
2018-12-27,Cerrado,29.579031832212507,29.579031832212507,30.196177585013693,50124,50124,15224
2018-12-27,Caatinga,33.407806380400196,33.407806380400196,34.20314680959638,348562,348562,196834
2019-01-01,Mata Atlântica,30.42801633094386,30.42801633094386,30.895126878310787,125465,125465,18787
2019-01-01,Cerrado,31.867198507103808,31.867198507103808,31.88322313732843,124035,124035,120502
2019-01-01,Caatinga,33.08987160635713,33.08987160635713,32.85581174262317,385150,385150,233414
2019-01-09,Mata Atlântica,29.03745519394502,29.03745519394502,30.698676473145984,57024,57024,1838
2019-01-09,Cerrado,31.851364213221665,31.851364213221665,32.25937572204624,122388,122388,80058
2019-01-09,Caatinga,33.21574330804565,33.21574330804565,33.61316615351818,321086,321086,174674
2019-01-17,Mata Atlântica,30.91125646467065,30.91125646467065,33.304705783160706,125240,125240,20792
2019-01-17,Cerrado,33.2835625014452,33.2835625014452,33.46921673589765,124026,124026,111832
2019-01-17,Caatinga,35.91191869817264,35.91191869817264,36.091685693356105,413203,413203,313238
2019-01-25,Mata Atlântica,30.79890019546082,30.79890019546082,31.501103785267468,112370,112370,6675
2019-01-25,Cerrado,33.08502961295519,33.08502961295519,33.088645160791934,124035,124035,120663
2019-01-25,Caatinga,35.063786300484246,35.063786300484246,35.41545344102074,371644,371644,228775
2019-02-02,Mata Atlântica,32.617880880479746,32.617880880479746,34.40889116263756,113245,113245,20849
2019-02-02,Cerrado,33.60214563710995,33.60214563710995,34.79836537998638,86265,86265,43598
2019-02-02,Caatinga,35.990584793697515,35.990584793697515,35.49720876709764,316788,316788,139798
2019-02-10,Mata Atlântica,33.054907654019715,33.054907654019715,33.8029081665363,116172,116172,40197
2019-02-10,Cerrado,30.93345695989336,30.93345695989336,31.07883977664558,123972,123972,112620
2019-02-10,Caatinga,34.34831657956297,34.34831657956297,34.28745687061642,368196,368196,269016
2019-02-18,Mata Atlântica,33.76729739161113,33.76729739161113,34.213903837501654,121778,121778,62268
2019-02-18,Cerrado,30.021401013043373,30.021401013043373,30.936768377385608,116855,116855,60263
2019-02-18,Caatinga,33.07958899957707,33.07958899957707,32.7947694542479,380787,380787,232465
2019-02-26,Mata Atlântica,32.209021593110286,32.209021593110286,32.08471036341985,108690,108690,6549
2019-02-26,Cerrado,29.596423140192673,29.596423140192673,30.16329476188993,100779,100779,59513
2019-02-26,Caatinga,31.928054740123276,31.928054740123276,32.03551486291106,345123,345123,121181
2019-03-06,Mata Atlântica,32.32958058153883,32.32958058153883,33.65388284464095,125284,125284,28650
2019-03-06,Cerrado,30.273123510018394,30.273123510018394,30.802595978907508,122901,122901,87238
2019-03-06,Caatinga,34.68389835483373,34.68389835483373,34.44305031965741,413424,413424,289466
2019-03-14,Mata Atlântica,34.11717489156054,34.11717489156054,35.27416399329579,122645,122645,58879
2019-03-14,Cerrado,31.513169557884634,31.513169557884634,32.17088925625738,116392,116392,77976
2019-03-14,Caatinga,36.1599773900457,36.1599773900457,36.26428702160947,411553,411553,294767
2019-03-22,Mata Atlântica,28.524563443793824,28.524563443793824,29.53996238032322,51391,51391,3786
2019-03-22,Cerrado,28.845390551726467,28.845390551726467,29.19250288276134,115606,115606,78693
2019-03-22,Caatinga,29.808483945072844,29.808483945072844,30.25718975978853,294727,294727,161727
2019-03-30,Mata Atlântica,28.949307413390596,28.949307413390596,29.672159149174107,102459,102459,20250
2019-03-30,Cerrado,30.139323377096208,30.139323377096208,30.14909356192748,123878,123878,96045
2019-03-30,Caatinga,29.665471341133486,29.665471341133486,29.8807614902401,322102,322102,155473
2019-04-07,Mata Atlântica,28.747231217015077,28.747231217015077,30.26334436788952,94991,94991,18742
2019-04-07,Cerrado,28.190486524810595,28.190486524810595,29.1063813431764,89055,89055,23923
2019-04-07,Caatinga,29.561112137031053,29.561112137031053,30.19767307963184,361379,361379,123119
2019-04-15,Mata Atlântica,28.48242829745798,28.48242829745798,29.05392512798137,113669,113669,46207
2019-04-15,Cerrado,28.980136244812613,28.980136244812613,29.183790214023432,122083,122083,52578
2019-04-15,Caatinga,29.28071214371777,29.28071214371777,29.838901062363814,354989,354989,188105
2019-04-23,Mata Atlântica,27.826092496331587,27.826092496331587,28.056860334481744,128189,128189,44535
2019-04-23,Cerrado,30.853597541925357,30.853597541925357,30.78551713090901,124035,124035,118257
2019-04-23,Caatinga,31.085548042671395,31.085548042671395,31.25943287973016,412873,412873,281544
2019-05-01,Mata Atlântica,28.0753601077501,28.0753601077501,28.493600623263408,114868,114868,57530
2019-05-01,Cerrado,31.267734830043118,31.267734830043118,31.290115998504028,124006,124006,120719
2019-05-01,Caatinga,31.719198641284958,31.719198641284958,32.21528535208688,406963,406963,298053
2019-05-09,Mata Atlântica,26.484809411415142,26.484809411415142,26.764224699191285,111777,111777,24960
2019-05-09,Cerrado,31.326552714121767,31.326552714121767,31.34767318851455,124027,124027,122880
2019-05-09,Caatinga,31.352110981856352,31.352110981856352,32.093779932449394,395018,395018,219000
2019-05-17,Mata Atlântica,26.655236196676135,26.655236196676135,27.46469439842733,106414,106414,25857
2019-05-17,Cerrado,30.191686971071576,30.191686971071576,30.19485979073182,124035,124035,122576
2019-05-17,Caatinga,30.722211530859113,30.722211530859113,31.23520977137354,384905,384905,251647
2019-05-25,Mata Atlântica,28.109688126255683,28.109688126255683,28.85741713821811,128159,128159,67524
2019-05-25,Cerrado,30.934239526405477,30.934239526405477,30.93396199190984,124035,124035,124013
2019-05-25,Caatinga,32.02203524834694,32.02203524834694,32.105365912604654,415029,415029,346081
2019-06-02,Mata Atlântica,27.266227806406295,27.266227806406295,27.806530207384437,125335,125335,70396
2019-06-02,Cerrado,30.589024105007013,30.589024105007013,30.588776249272787,124035,124035,124025
2019-06-02,Caatinga,31.54740902496747,31.54740902496747,31.758079093614654,414685,414685,352133
2019-06-10,Mata Atlântica,24.27243188964832,24.27243188964832,25.371338783594798,108767,108767,10109
2019-06-10,Cerrado,28.46252281494101,28.46252281494101,28.606779454602577,124033,124033,116065
2019-06-10,Caatinga,28.310444255064173,28.310444255064173,29.970507440613076,394642,394642,193272
2019-06-18,Mata Atlântica,24.984787609904593,24.984787609904593,25.65591180190403,117643,117643,42037
2019-06-18,Cerrado,29.944486222444237,29.944486222444237,29.95085451507908,124035,124035,123716
2019-06-18,Caatinga,28.738745727476832,28.738745727476832,30.135985637490137,398523,398523,252557
2019-06-26,Mata Atlântica,25.149659963459253,25.149659963459253,25.72082627016145,127158,127158,39051
2019-06-26,Cerrado,30.810076387576792,30.810076387576792,30.819882951269033,124035,124035,123733
2019-06-26,Caatinga,29.867223947262737,29.867223947262737,31.319956999327104,412068,412068,269224
2019-07-04,Mata Atlântica,25.883139957738322,25.883139957738322,26.641606813192215,119565,119565,72435
2019-07-04,Cerrado,31.424189891830103,31.424189891830103,31.421809660700774,124035,124035,123882
2019-07-04,Caatinga,31.810031441313864,31.810031441313864,31.855025941371537,396498,396498,359740
2019-07-12,Mata Atlântica,26.38783985773598,26.38783985773598,26.530064489101864,128341,128341,86210
2019-07-12,Cerrado,31.69987703399963,31.69987703399963,31.699722706588155,124035,124035,124027
2019-07-12,Caatinga,30.808835242173636,30.808835242173636,30.894331019567666,415041,415041,382300
2019-07-20,Mata Atlântica,23.018851648386498,23.018851648386498,24.14522569602783,97854,97854,20108
2019-07-20,Cerrado,30.007338212333146,30.007338212333146,30.226680977173274,124032,124032,116357
2019-07-20,Caatinga,28.223478380372438,28.223478380372438,30.75613496513622,391911,391911,200027
2019-07-28,Mata Atlântica,24.787575383468308,24.787575383468308,25.93608064251124,116857,116857,33497
2019-07-28,Cerrado,33.07851707439893,33.07851707439893,33.07832085156074,124035,124035,124024
2019-07-28,Caatinga,30.778117161848666,30.778117161848666,32.34961877104263,410494,410494,291379
2019-08-05,Mata Atlântica,25.079247378815637,25.079247378815637,26.571203418254623,114702,114702,30313
2019-08-05,Cerrado,32.50232258575855,32.50232258575855,32.52826075841978,124035,124035,123220
2019-08-05,Caatinga,29.88428816075173,29.88428816075173,31.70967769231182,381706,381706,254269
2019-08-13,Mata Atlântica,25.919211704323022,25.919211704323022,26.701551827720113,126205,126205,49903
2019-08-13,Cerrado,34.23040319166984,34.23040319166984,34.27731886223648,124020,124020,123066
2019-08-13,Caatinga,31.5027718687386,31.5027718687386,33.33303439363612,406686,406686,269146
2019-08-21,Mata Atlântica,24.68039977426629,24.68039977426629,26.949700523723983,84363,84363,4518
2019-08-21,Cerrado,34.851369465321994,34.851369465321994,34.85728166677254,124035,124035,123890
2019-08-21,Caatinga,32.39672926058154,32.39672926058154,34.14224708417815,401604,401604,269073
2019-08-29,Mata Atlântica,26.77058676142099,26.77058676142099,28.048941780285876,117293,117293,24556
2019-08-29,Cerrado,37.281821599351865,37.281821599351865,37.28603371053566,124035,124035,123934
2019-08-29,Caatinga,34.036159355728735,34.036159355728735,35.99058055880677,404575,404575,267680
2019-09-06,Mata Atlântica,27.816806515315296,27.816806515315296,30.98930701185844,85511,85511,21285
2019-09-06,Cerrado,38.93153611055276,38.93153611055276,38.93773947211914,124035,124035,123941
2019-09-06,Caatinga,34.539259683901385,34.539259683901385,36.557606025552246,371632,371632,254325
2019-09-14,Mata Atlântica,28.430257929728793,28.430257929728793,30.742825451738593,125680,125680,20203
2019-09-14,Cerrado,40.28964643983291,40.28964643983291,40.28956670741876,124035,124035,124031
2019-09-14,Caatinga,36.04367482287067,36.04367482287067,38.19149998087688,410600,410600,270088
2019-09-22,Mata Atlântica,27.630326175660564,27.630326175660564,30.064669416145364,72760,72760,17623
2019-09-22,Cerrado,40.04955944004216,40.04955944004216,40.06255620243387,124035,124035,123675
2019-09-22,Caatinga,36.84382616979516,36.84382616979516,38.092743869528384,393908,393908,302676
2019-09-30,Mata Atlântica,28.036282759947305,28.036282759947305,31.468658323323385,87177,87177,7099
2019-09-30,Cerrado,38.84468549381082,38.84468549381082,38.51641542285425,123884,123884,100603
2019-09-30,Caatinga,38.42655014363958,38.42655014363958,39.52821549009011,384322,384322,282647
2019-10-08,Mata Atlântica,29.386024680686898,29.386024680686898,34.194292926224314,103295,103295,15193
2019-10-08,Cerrado,42.27359491124808,42.27359491124808,42.23892777362626,124035,124035,122740
2019-10-08,Caatinga,39.00481489110544,39.00481489110544,39.61699594463033,403852,403852,328998
2019-10-16,Mata Atlântica,31.732457766975028,31.732457766975028,33.52917688571763,122578,122578,65540
2019-10-16,Cerrado,42.11769371465779,42.11769371465779,41.89409367516319,122330,122330,88091
2019-10-16,Caatinga,40.27585924647918,40.27585924647918,40.160617620343594,414983,414983,349003
2019-10-24,Mata Atlântica,31.770720472580297,31.770720472580297,34.05287857681237,119832,119832,26063
2019-10-24,Cerrado,40.97646873868826,40.97646873868826,40.94074323755788,124035,124035,120549
2019-10-24,Caatinga,40.323407869794956,40.323407869794956,40.36828938296301,414794,414794,361620
2019-11-01,Mata Atlântica,33.36540903746267,33.36540903746267,35.598378204851585,126710,126710,58505
2019-11-01,Cerrado,40.81636460365516,40.81636460365516,40.46692124716026,123575,123575,89151
2019-11-01,Caatinga,41.19430133145073,41.19430133145073,41.01578334633624,415012,415012,351973
2019-11-09,Mata Atlântica,33.945955191381344,33.945955191381344,36.05973842273027,124758,124758,43638
2019-11-09,Cerrado,42.157263038472536,42.157263038472536,42.126419840759496,124035,124035,113648
2019-11-09,Caatinga,41.669869421008414,41.669869421008414,41.838921443006754,414911,414911,351578
2019-11-17,Mata Atlântica,34.29936135553571,34.29936135553571,36.776497483673104,98208,98208,31456
2019-11-17,Cerrado,38.21094358504575,38.21094358504575,38.02424482650806,116797,116797,76037
2019-11-17,Caatinga,40.04719716877526,40.04719716877526,39.97374932973536,391366,391366,237209
2019-11-25,Mata Atlântica,34.3770034504681,34.3770034504681,35.92497060877466,108408,108408,64467
2019-11-25,Cerrado,35.789512938457314,35.789512938457314,36.82724133091083,72575,72575,33909
2019-11-25,Caatinga,40.72578857337587,40.72578857337587,40.833127529613854,388002,388002,312323
2019-12-03,Mata Atlântica,33.29439811643518,33.29439811643518,34.008519965177676,127653,127653,75111
2019-12-03,Cerrado,33.31382434091524,33.31382434091524,33.738144684921465,89202,89202,24804
2019-12-03,Caatinga,39.32557726972795,39.32557726972795,39.15485747211612,411923,411923,298087
2019-12-11,Mata Atlântica,30.738006499094123,30.738006499094123,32.53740955106873,116894,116894,22811
2019-12-11,Cerrado,36.345979084341785,36.345979084341785,36.00765698811612,123757,123757,85339
2019-12-11,Caatinga,38.19173062345592,38.19173062345592,38.09535148812289,409758,409758,323835
2019-12-19,Mata Atlântica,31.466489354481467,31.466489354481467,32.37274000785974,118630,118630,14108
2019-12-19,Cerrado,38.40917668586462,38.40917668586462,38.18850971794377,123872,123872,93466
2019-12-19,Caatinga,39.012442157735435,39.012442157735435,38.812496324828494,395929,395929,264952
2019-12-27,Mata Atlântica,28.18716435760216,28.18716435760216,29.709818854387713,41920,41920,2158
2019-12-27,Cerrado,33.872462340283604,33.872462340283604,33.9975219735811,72459,72459,24535
2019-12-27,Caatinga,36.500654287553516,36.500654287553516,35.62350127798075,164975,164975,50780
2020-01-01,Mata Atlântica,28.660588672907856,28.660588672907856,29.808981238312132,42022,42022,5464
2020-01-01,Cerrado,28.419959758612595,28.419959758612595,31.055937880159203,33118,33118,7540
2020-01-01,Caatinga,29.473763087905805,29.473763087905805,29.91876815692789,111074,111074,11980
2020-01-09,Mata Atlântica,31.9645010080161,31.9645010080161,32.85215948377954,127702,127702,55521
2020-01-09,Cerrado,32.93535922934128,32.93535922934128,33.062474547519614,123931,123931,95021
2020-01-09,Caatinga,34.629213060689644,34.629213060689644,34.048697132889174,414772,414772,312026
2020-01-17,Mata Atlântica,32.30162028952284,32.30162028952284,33.25675947212799,112569,112569,21119
2020-01-17,Cerrado,32.482203325035194,32.482203325035194,32.92103164765476,110338,110338,69859
2020-01-17,Caatinga,35.013748632976004,35.013748632976004,34.82013420525222,377670,377670,234464
2020-01-25,Mata Atlântica,29.363912421061386,29.363912421061386,31.21488222193308,104794,104794,24120
2020-01-25,Cerrado,31.339257327678236,31.339257327678236,31.779066520422052,123672,123672,96991
2020-01-25,Caatinga,30.716147974731726,30.716147974731726,30.7895254501811,392040,392040,215675
2020-02-02,Mata Atlântica,30.039337768490114,30.039337768490114,32.22206206627295,82330,82330,15237
2020-02-02,Cerrado,30.80182822718483,30.80182822718483,32.298490556127106,79613,79613,21873
2020-02-02,Caatinga,30.518215163097725,30.518215163097725,31.76909483208987,133831,133831,39242
2020-02-10,Mata Atlântica,31.16623306675942,31.16623306675942,32.8277460050715,120954,120954,39981
2020-02-10,Cerrado,29.7829927025221,29.7829927025221,30.222050442596434,123516,123516,71059
2020-02-10,Caatinga,31.3098663054128,31.3098663054128,31.465190270319116,409981,409981,273826
2020-02-18,Mata Atlântica,32.223270050944784,32.223270050944784,34.39003854732157,80401,80401,32730
2020-02-18,Cerrado,29.993606201917736,29.993606201917736,30.589383500929504,120674,120674,56266
2020-02-18,Caatinga,32.44373435272421,32.44373435272421,32.864346095447246,349184,349184,211715
2020-02-26,Mata Atlântica,31.645056771793502,31.645056771793502,32.666711196082844,123008,123008,38508
2020-02-26,Cerrado,30.189908942739468,30.189908942739468,30.99510196647179,112921,112921,62085
2020-02-26,Caatinga,32.71985923796972,32.71985923796972,32.640077137589365,400167,400167,218673
2020-03-05,Mata Atlântica,28.977446074876475,28.977446074876475,29.928996726057164,17282,17282,597
2020-03-05,Cerrado,26.816662988618976,26.816662988618976,27.759223040522976,20244,20244,1529
2020-03-05,Caatinga,29.370516018463604,29.370516018463604,30.12564395692425,119713,119713,18786
2020-03-13,Mata Atlântica,27.823242140280364,27.823242140280364,30.09296774932389,91981,91981,11331
2020-03-13,Cerrado,28.49036366119316,28.49036366119316,28.498931731112716,80895,80895,14757
2020-03-13,Caatinga,28.366742110772137,28.366742110772137,28.249149999165954,224774,224774,55441
2020-03-21,Mata Atlântica,27.517856970511207,27.517856970511207,28.089355432273468,76502,76502,31692
2020-03-21,Cerrado,28.45097146385104,28.45097146385104,28.403402873508117,67596,67596,12864
2020-03-21,Caatinga,28.575705294322027,28.575705294322027,28.65413833479898,343801,343801,178713
2020-03-29,Mata Atlântica,30.14925297404786,30.14925297404786,30.276035536240677,128239,128239,105368
2020-03-29,Cerrado,30.887764945875414,30.887764945875414,30.845878919473982,124035,124035,115731
2020-03-29,Caatinga,29.699874317443214,29.699874317443214,29.666306659625416,391625,391625,277276
2020-04-06,Mata Atlântica,27.980164166197127,27.980164166197127,29.648454968975237,47761,47761,3024
2020-04-06,Cerrado,30.036497007863066,30.036497007863066,30.268068696431136,104636,104636,46896
2020-04-06,Caatinga,30.17299211086426,30.17299211086426,30.798315979547585,324997,324997,189252
2020-04-14,Mata Atlântica,26.897492468686956,26.897492468686956,27.653033155867046,77591,77591,4630
2020-04-14,Cerrado,28.308795938428055,28.308795938428055,28.972251068554428,99196,99196,37507
2020-04-14,Caatinga,27.333016469788546,27.333016469788546,27.462061436923268,280348,280348,64280
2020-04-22,Mata Atlântica,25.728231059986207,25.728231059986207,25.97217496380546,110076,110076,51059
2020-04-22,Cerrado,28.30536658351112,28.30536658351112,28.37621075666982,124035,124035,116923
2020-04-22,Caatinga,26.05658536449272,26.05658536449272,26.481967858435766,348914,348914,228035
2020-04-30,Mata Atlântica,26.091036548625336,26.091036548625336,26.736902467860645,107544,107544,22911
2020-04-30,Cerrado,30.138123999591908,30.138123999591908,30.19470449738793,124035,124035,116438
2020-04-30,Caatinga,27.13625609352854,27.13625609352854,27.70822024139925,358447,358447,183284
2020-05-08,Mata Atlântica,25.445741934819956,25.445741934819956,26.186987354339067,87968,87968,47341
2020-05-08,Cerrado,27.30186875052279,27.30186875052279,27.32644927844541,124013,124013,91508
2020-05-08,Caatinga,26.115123329511302,26.115123329511302,26.570356367371986,305619,305619,163900
2020-05-16,Mata Atlântica,24.736244011872618,24.736244011872618,26.134331090346695,48253,48253,1508
2020-05-16,Cerrado,28.050705414507444,28.050705414507444,28.495975879008405,123118,123118,87744
2020-05-16,Caatinga,27.585106028204798,27.585106028204798,28.235928779782785,337215,337215,168604
2020-05-24,Mata Atlântica,25.614095534494762,25.614095534494762,26.012183519545417,121101,121101,64662
2020-05-24,Cerrado,27.77517060648076,27.77517060648076,27.90461001475979,124033,124033,113979
2020-05-24,Caatinga,27.55898523935612,27.55898523935612,28.135432404386414,405017,405017,266759
2020-06-01,Mata Atlântica,24.73332969872027,24.73332969872027,25.011172388566294,117110,117110,45444
2020-06-01,Cerrado,28.54614699376056,28.54614699376056,28.586681982100192,124035,124035,121203
2020-06-01,Caatinga,26.85282431379623,26.85282431379623,27.56279469000677,363540,363540,236873
2020-06-09,Mata Atlântica,25.06317761595863,25.06317761595863,26.21831803282824,121839,121839,26981
2020-06-09,Cerrado,28.27768228353362,28.27768228353362,28.331859449439794,124007,124007,122484
2020-06-09,Caatinga,26.57699840035688,26.57699840035688,27.817267982741676,386531,386531,219440
2020-06-17,Mata Atlântica,24.247188809713908,24.247188809713908,24.625235045395794,119645,119645,43892
2020-06-17,Cerrado,27.58677252320528,27.58677252320528,27.717344226565686,124033,124033,120249
2020-06-17,Caatinga,26.357789768101217,26.357789768101217,27.59537553892463,401609,401609,227372
2020-06-25,Mata Atlântica,24.287899834163806,24.287899834163806,24.319137797163307,128136,128136,64936
2020-06-25,Cerrado,28.953699199180477,28.953699199180477,29.000231112004442,124035,124035,122362
2020-06-25,Caatinga,27.281568946843105,27.281568946843105,28.17997396727757,412760,412760,277461
2020-07-03,Mata Atlântica,24.460755240030476,24.460755240030476,24.61868660135428,124250,124250,32816
2020-07-03,Cerrado,29.77115728070746,29.77115728070746,29.80858392780659,124035,124035,123148
2020-07-03,Caatinga,27.395406947138685,27.395406947138685,28.90836323593336,400840,400840,233146
2020-07-11,Mata Atlântica,23.595493323517783,23.595493323517783,25.268875307789237,116233,116233,36995
2020-07-11,Cerrado,29.773106964473957,29.773106964473957,29.798870447215172,124034,124034,123357
2020-07-11,Caatinga,27.67771857224135,27.67771857224135,28.93744008028086,407564,407564,261591
2020-07-19,Mata Atlântica,23.61621744393698,23.61621744393698,24.43052136276875,120473,120473,34039
2020-07-19,Cerrado,29.224040822714468,29.224040822714468,29.3163578873731,124035,124035,121699
2020-07-19,Caatinga,26.601430566291803,26.601430566291803,28.057559634536823,391335,391335,202738
2020-07-27,Mata Atlântica,23.898750774708795,23.898750774708795,24.598783638511406,118763,118763,44988
2020-07-27,Cerrado,29.48075524693947,29.48075524693947,29.533254965010286,124035,124035,122796
2020-07-27,Caatinga,27.694766714840984,27.694766714840984,29.310572365088913,407389,407389,249857
2020-08-04,Mata Atlântica,22.51847477306122,22.51847477306122,23.484642150221525,89631,89631,10198
2020-08-04,Cerrado,29.8745871688459,29.8745871688459,29.94956559995581,124035,124035,121633
2020-08-04,Caatinga,27.074823206504835,27.074823206504835,29.54151484061881,360024,360024,188791
2020-08-12,Mata Atlântica,24.31263259388014,24.31263259388014,25.780535505578232,100912,100912,12891
2020-08-12,Cerrado,33.841071119541965,33.841071119541965,33.8416098416037,124035,124035,124015
2020-08-12,Caatinga,30.297504942915378,30.297504942915378,32.41139144412951,384749,384749,254765
2020-08-20,Mata Atlântica,25.424041641896086,25.424041641896086,25.469401855992192,127682,127682,88595
2020-08-20,Cerrado,35.78868136525143,35.78868136525143,35.788231269853085,124035,124035,124019
2020-08-20,Caatinga,32.225760224193856,32.225760224193856,33.41144868391781,413181,413181,316572
2020-08-28,Mata Atlântica,25.494249741012776,25.494249741012776,27.619822957548084,119804,119804,12592
2020-08-28,Cerrado,35.05419349344555,35.05419349344555,35.06724091294586,124035,124035,123751
2020-08-28,Caatinga,31.368939444617535,31.368939444617535,33.573717894433905,404882,404882,238425
2020-09-05,Mata Atlântica,26.159410524243427,26.159410524243427,27.17019051978445,124402,124402,23668
2020-09-05,Cerrado,36.549172742811066,36.549172742811066,36.552693973185036,124035,124035,123962
2020-09-05,Caatinga,32.47815280905232,32.47815280905232,34.74403422375836,406863,406863,257485
2020-09-13,Mata Atlântica,27.533261818429065,27.533261818429065,29.3054594493509,127553,127553,40862
2020-09-13,Cerrado,37.71780450267371,37.71780450267371,37.717605897053275,124035,124035,124003
2020-09-13,Caatinga,34.53508574083657,34.53508574083657,35.00714220937539,413630,413630,362081
2020-09-21,Mata Atlântica,29.204801021521142,29.204801021521142,31.527512562891257,122846,122846,55820
2020-09-21,Cerrado,39.51669759269026,39.51669759269026,39.430716968976874,124035,124035,117497
2020-09-21,Caatinga,35.68946219406428,35.68946219406428,37.10665992540246,409088,409088,292701
2020-09-29,Mata Atlântica,30.582777902212797,30.582777902212797,32.33861342888449,121577,121577,55184
2020-09-29,Cerrado,42.18662897912741,42.18662897912741,42.18646159129025,124033,124033,124027
2020-09-29,Caatinga,37.86316181393293,37.86316181393293,38.76825555245226,408623,408623,337103
2020-10-07,Mata Atlântica,32.663405181091335,32.663405181091335,34.01805873539777,124387,124387,85450
2020-10-07,Cerrado,42.573920024298815,42.573920024298815,42.586573791033665,124035,124035,122798
2020-10-07,Caatinga,40.37649138643687,40.37649138643687,40.31350455953744,415041,415041,395085
2020-10-15,Mata Atlântica,30.25678647036275,30.25678647036275,32.44856896447012,97520,97520,34230
2020-10-15,Cerrado,42.3953057789351,42.3953057789351,42.38529208822747,124035,124035,123296
2020-10-15,Caatinga,39.657548813799956,39.657548813799956,39.9157562014952,414531,414531,367701
2020-10-23,Mata Atlântica,30.39820464661423,30.39820464661423,30.949853216813995,35731,35731,1853
2020-10-23,Cerrado,39.47487038588921,39.47487038588921,40.6347861560042,70950,70950,19717
2020-10-23,Caatinga,38.83355698845289,38.83355698845289,39.352943960390974,300563,300563,157794
2020-10-31,Mata Atlântica,28.28487527612958,28.28487527612958,28.518225007926265,9505,9505,329
2020-10-31,Cerrado,34.58522988046702,34.58522988046702,35.99882526591159,45826,45826,16446
2020-10-31,Caatinga,34.84585289313733,34.84585289313733,36.26932657768649,111014,111014,32492
2020-11-08,Mata Atlântica,29.625245697242985,29.625245697242985,30.961233381035807,121664,121664,18019
2020-11-08,Cerrado,36.973695646882916,36.973695646882916,36.66041508879305,123792,123792,110371
2020-11-08,Caatinga,32.2908444613789,32.2908444613789,32.98256491659208,405901,405901,257821
2020-11-16,Mata Atlântica,29.340463182950028,29.340463182950028,29.313265810885472,30871,30871,874
2020-11-16,Cerrado,28.596305386629655,28.596305386629655,28.660367012993074,10386,10386,187
2020-11-16,Caatinga,30.29638640557316,30.29638640557316,30.723065641836047,160655,160655,34804
2020-11-24,Mata Atlântica,27.214957802046158,27.214957802046158,28.738024030253438,97477,97477,5463
2020-11-24,Cerrado,33.27860884411915,33.27860884411915,33.2275530250653,123779,123779,89161
2020-11-24,Caatinga,29.44862077876118,29.44862077876118,30.13875844169281,382201,382201,209602
2020-12-02,Mata Atlântica,29.053549796992705,29.053549796992705,31.130007030218508,101830,101830,19069
2020-12-02,Cerrado,35.763408107057444,35.763408107057444,34.77881717594847,119943,119943,69208
2020-12-02,Caatinga,31.72353211073548,31.72353211073548,32.30674835382445,341973,341973,182723
2020-12-10,Mata Atlântica,29.978156264164348,29.978156264164348,30.435978664828355,125942,125942,25761
2020-12-10,Cerrado,34.7788882223556,34.7788882223556,34.6985962027927,124035,124035,116771
2020-12-10,Caatinga,32.539762795256905,32.539762795256905,32.42233861361977,412701,412701,301996
2020-12-18,Mata Atlântica,29.799681077102278,29.799681077102278,30.541861076777632,117325,117325,13325
2020-12-18,Cerrado,33.711515294254006,33.711515294254006,35.39229562313661,80833,80833,42320
2020-12-18,Caatinga,33.01860482248239,33.01860482248239,33.10117419243367,388674,388674,218460
2020-12-26,Mata Atlântica,29.42265194469788,29.42265194469788,31.11762189734026,94019,94019,7023
2020-12-26,Cerrado,32.65943707217957,32.65943707217957,32.67058752407702,124025,124025,117427
2020-12-26,Caatinga,33.06423088026117,33.06423088026117,33.228866131446644,401821,401821,257671
2021-01-01,Mata Atlântica,30.69328977961393,30.69328977961393,32.501493627821546,112370,112370,10667
2021-01-01,Cerrado,33.487192904214396,33.487192904214396,33.44436367294743,124033,124033,119520
2021-01-01,Caatinga,34.20284972435479,34.20284972435479,34.22097568093413,393587,393587,266110
2021-01-09,Mata Atlântica,29.31391155035842,29.31391155035842,32.723412640331354,47708,47708,2280
2021-01-09,Cerrado,30.759570241746697,30.759570241746697,31.19231536759595,104932,104932,42131
2021-01-09,Caatinga,32.48899902602624,32.48899902602624,33.17277256769611,263578,263578,81071
2021-01-17,Mata Atlântica,29.02154276531858,29.02154276531858,30.57747812289126,93071,93071,17166
2021-01-17,Cerrado,30.447088072080422,30.447088072080422,30.59009387515542,124030,124030,106197
2021-01-17,Caatinga,31.826186841052124,31.826186841052124,32.75448228625549,303588,303588,187643
2021-01-25,Mata Atlântica,28.535610829393402,28.535610829393402,29.57330339186372,59503,59503,3643
2021-01-25,Cerrado,31.994750867394078,31.994750867394078,32.060771907172054,124004,124004,90150
2021-01-25,Caatinga,33.327072815157585,33.327072815157585,33.79196900448208,292700,292700,165294
2021-02-02,Mata Atlântica,31.789615603013537,31.789615603013537,36.76552468449342,26284,26284,2225
2021-02-02,Cerrado,30.86539445166649,30.86539445166649,31.24333267301503,86730,86730,46442
2021-02-02,Caatinga,34.300381102756226,34.300381102756226,34.029893051432055,279014,279014,120632
2021-02-10,Mata Atlântica,30.107859938338713,30.107859938338713,30.708932601430167,104620,104620,22440
2021-02-10,Cerrado,29.247272868524412,29.247272868524412,30.097220098376994,66292,66292,25725
2021-02-10,Caatinga,32.51292568639278,32.51292568639278,32.04477505977743,382429,382429,253590
2021-02-18,Mata Atlântica,29.311953132779443,29.311953132779443,30.864384560680605,67789,67789,5477
2021-02-18,Cerrado,27.433539028826768,27.433539028826768,28.22448688607133,53668,53668,10618
2021-02-18,Caatinga,30.1475821755068,30.1475821755068,29.988373134015472,287886,287886,123323
2021-02-26,Mata Atlântica,29.416000396043998,29.416000396043998,30.22506723670944,122647,122647,50134
2021-02-26,Cerrado,29.996645060752204,29.996645060752204,30.10191134862216,123971,123971,113732
2021-02-26,Caatinga,31.165641947085096,31.165641947085096,30.79671155912712,384105,384105,274252
2021-03-06,Mata Atlântica,31.480112466251075,31.480112466251075,32.11738060682621,127900,127900,76981
2021-03-06,Cerrado,29.251369360329143,29.251369360329143,29.98062560654082,108391,108391,54791
2021-03-06,Caatinga,32.62002765709896,32.62002765709896,32.436657044788824,412294,412294,320773
2021-03-14,Mata Atlântica,30.439047790056954,30.439047790056954,31.910482402045346,119414,119414,27648
2021-03-14,Cerrado,29.463756026130163,29.463756026130163,30.039573411475175,122726,122726,70977
2021-03-14,Caatinga,32.66974056745004,32.66974056745004,32.358732481477865,408360,408360,226612
2021-03-22,Mata Atlântica,31.432171770441595,31.432171770441595,32.61868529129633,126980,126980,70897
2021-03-22,Cerrado,31.259352709089548,31.259352709089548,31.337724830172544,123635,123635,109232
2021-03-22,Caatinga,33.32373036329688,33.32373036329688,33.00799437700662,411006,411006,299464
2021-03-30,Mata Atlântica,31.621193665832006,31.621193665832006,32.3146028739319,114632,114632,64404
2021-03-30,Cerrado,31.097625275065976,31.097625275065976,31.191869130562882,120334,120334,75797
2021-03-30,Caatinga,33.05319825758613,33.05319825758613,32.741080700817335,403512,403512,282957
2021-04-07,Mata Atlântica,29.428945077681206,29.428945077681206,29.786268555941565,125880,125880,59811
2021-04-07,Cerrado,30.435195505496946,30.435195505496946,30.541457274500765,121794,121794,56546
2021-04-07,Caatinga,31.97138538348993,31.97138538348993,32.04824057989793,396128,396128,225930
2021-04-15,Mata Atlântica,29.0966417326508,29.0966417326508,30.555930657050098,75532,75532,28951
2021-04-15,Cerrado,31.456705364390512,31.456705364390512,31.30097445890354,118466,118466,78920
2021-04-15,Caatinga,31.816421198209927,31.816421198209927,32.34191432057665,274866,274866,148552
2021-04-23,Mata Atlântica,28.276723283291776,28.276723283291776,28.915139555316525,119888,119888,41157
2021-04-23,Cerrado,29.091478441531038,29.091478441531038,29.26067378930914,119452,119452,74252
2021-04-23,Caatinga,29.85021628095275,29.85021628095275,30.015751880285453,398290,398290,220221
2021-05-01,Mata Atlântica,25.617708334292352,25.617708334292352,26.5579362994415,105236,105236,11001
2021-05-01,Cerrado,29.74187301966367,29.74187301966367,29.803104111433267,124034,124034,117772
2021-05-01,Caatinga,29.22177873592205,29.22177873592205,30.64673856241015,383901,383901,202281
2021-05-09,Mata Atlântica,26.249095193800986,26.249095193800986,27.02224619780852,117444,117444,61859
2021-05-09,Cerrado,28.032382650943028,28.032382650943028,28.133344264228022,124035,124035,119739
2021-05-09,Caatinga,28.578603467192135,28.578603467192135,29.00632990620317,367423,367423,279414
2021-05-17,Mata Atlântica,27.92250803807362,27.92250803807362,28.451622770065455,127097,127097,89644
2021-05-17,Cerrado,31.636633545817514,31.636633545817514,31.63730487638154,124035,124035,123991
2021-05-17,Caatinga,31.179696528749847,31.179696528749847,31.41278828330889,412830,412830,353252
2021-05-25,Mata Atlântica,27.978741720185223,27.978741720185223,28.794457819780362,126742,126742,49918
2021-05-25,Cerrado,30.839079719573405,30.839079719573405,30.838743283373972,124035,124035,124008
2021-05-25,Caatinga,30.66680699915773,30.66680699915773,31.278233844940843,413457,413457,304158
2021-06-02,Mata Atlântica,25.075198461331986,25.075198461331986,26.01965512760808,92814,92814,5179
2021-06-02,Cerrado,29.818122970312388,29.818122970312388,29.89766545075346,124030,124030,120565
2021-06-02,Caatinga,29.32993695414854,29.32993695414854,31.37766930349641,366817,366817,202466
2021-06-10,Mata Atlântica,24.65778583439875,24.65778583439875,25.200080248481896,114746,114746,27215
2021-06-10,Cerrado,29.4984765596346,29.4984765596346,29.548944449997858,124035,124035,113509
2021-06-10,Caatinga,29.605775132078517,29.605775132078517,30.603611324163793,384289,384289,255389
2021-06-18,Mata Atlântica,24.571585608163716,24.571585608163716,25.105418309450613,113750,113750,24487
2021-06-18,Cerrado,31.212585446582427,31.212585446582427,31.220351845258378,124035,124035,123825
2021-06-18,Caatinga,30.463412887392504,30.463412887392504,31.55683989263835,368814,368814,264341
2021-06-26,Mata Atlântica,24.00598704621152,24.00598704621152,24.35628997509749,119299,119299,47218
2021-06-26,Cerrado,29.914704330622726,29.914704330622726,29.932456036678673,124035,124035,123566
2021-06-26,Caatinga,28.423889835901218,28.423889835901218,29.201590816286217,402824,402824,276506
2021-07-04,Mata Atlântica,24.781092399576373,24.781092399576373,25.632015958724068,103083,103083,45122
2021-07-04,Cerrado,30.400546028971256,30.400546028971256,30.40442013527055,124035,124035,123900
2021-07-04,Caatinga,28.981928771372644,28.981928771372644,30.602412204240903,334869,334869,221816
2021-07-12,Mata Atlântica,26.920350026980156,26.920350026980156,28.185708534306016,127529,127529,66692
2021-07-12,Cerrado,31.842927932739634,31.842927932739634,31.84273696798962,124035,124035,124025
2021-07-12,Caatinga,30.31001275084586,30.31001275084586,31.207330271542876,411793,411793,314851
2021-07-20,Mata Atlântica,24.347674373056684,24.347674373056684,25.31291578498291,104405,104405,9878
2021-07-20,Cerrado,30.957411348090545,30.957411348090545,30.966913528691343,124035,124035,123741
2021-07-20,Caatinga,29.570528253564195,29.570528253564195,31.901912547279505,346094,346094,191986
2021-07-28,Mata Atlântica,27.56916393462956,27.56916393462956,28.115796878518797,127487,127487,105768
2021-07-28,Cerrado,31.59844328182691,31.59844328182691,31.604392982474117,124035,124035,123881
2021-07-28,Caatinga,31.1165564225839,31.1165564225839,31.383825115137242,415002,415002,366749
2021-08-05,Mata Atlântica,24.936890212287018,24.936890212287018,26.69252680242848,114919,114919,36401
2021-08-05,Cerrado,32.66704828933656,32.66704828933656,32.674920711661635,124035,124035,123899
2021-08-05,Caatinga,30.924562695003356,30.924562695003356,31.7207085082811,410322,410322,330544
2021-08-13,Mata Atlântica,25.305944098791134,25.305944098791134,26.38289991013918,116457,116457,9615
2021-08-13,Cerrado,33.340874005542844,33.340874005542844,33.38615332038422,124035,124035,123188
2021-08-13,Caatinga,30.7465338518574,30.7465338518574,32.16967633315425,407548,407548,263783
2021-08-21,Mata Atlântica,25.58144409711036,25.58144409711036,28.908448024628246,82905,82905,7974
2021-08-21,Cerrado,35.85588893444137,35.85588893444137,35.87187039534203,124035,124035,123688
2021-08-21,Caatinga,32.877364970169324,32.877364970169324,34.931051785382444,384397,384397,241973
2021-08-29,Mata Atlântica,26.753327051327485,26.753327051327485,28.581059683820772,89935,89935,18977
2021-08-29,Cerrado,36.148312257756025,36.148312257756025,36.166278783490625,124035,124035,122782
2021-08-29,Caatinga,33.791045240417176,33.791045240417176,34.93057253951573,370522,370522,246873
2021-09-06,Mata Atlântica,29.420590914260913,29.420590914260913,31.87842298118788,121107,121107,38014
2021-09-06,Cerrado,40.14001260143669,40.14001260143669,40.13994701939867,124035,124035,124024
2021-09-06,Caatinga,37.24365224130242,37.24365224130242,37.51320428638972,413954,413954,374647
2021-09-14,Mata Atlântica,30.39546873261769,30.39546873261769,33.16926256432512,124778,124778,47977
2021-09-14,Cerrado,40.64947640702153,40.64947640702153,40.64933958562664,124035,124035,124027
2021-09-14,Caatinga,37.25165610041225,37.25165610041225,37.81413427125986,414618,414618,336752
2021-09-22,Mata Atlântica,29.91953715454503,29.91953715454503,33.1642571702664,49758,49758,15195
2021-09-22,Cerrado,39.96433188466513,39.96433188466513,39.894327309384245,124034,124034,95163
2021-09-22,Caatinga,36.34846190128135,36.34846190128135,37.01758950390979,380477,380477,283267
2021-09-30,Mata Atlântica,32.97355659751645,32.97355659751645,36.01108872425451,122089,122089,43264
2021-09-30,Cerrado,42.19915707160222,42.19915707160222,42.17679097231539,124035,124035,121897
2021-09-30,Caatinga,39.3879933559154,39.3879933559154,39.88580720662143,412896,412896,333126
2021-10-08,Mata Atlântica,31.917116829365504,31.917116829365504,34.640835797489856,56199,56199,15591
2021-10-08,Cerrado,43.511145484321965,43.511145484321965,43.642984334017704,123997,123997,105879
2021-10-08,Caatinga,41.083777559034836,41.083777559034836,41.22168943555406,414072,414072,359540
2021-10-16,Mata Atlântica,32.67892625696013,32.67892625696013,36.715682702336615,74620,74620,24441
2021-10-16,Cerrado,41.48534359548303,41.48534359548303,41.59813970338108,109377,109377,73287
2021-10-16,Caatinga,40.54832817880106,40.54832817880106,41.18284744190613,371717,371717,276454
2021-10-24,Mata Atlântica,28.514686184646596,28.514686184646596,32.44716574965274,77319,77319,5708
2021-10-24,Cerrado,37.66715555565085,37.66715555565085,37.77310776073386,123885,123885,100147
2021-10-24,Caatinga,35.37783733514181,35.37783733514181,36.62364010879266,366275,366275,234860
2021-11-01,Mata Atlântica,28.137413548377317,28.137413548377317,30.3652680139653,17278,17278,555
2021-11-01,Cerrado,32.83592621031415,32.83592621031415,33.68738684903232,11570,11570,1880
2021-11-01,Caatinga,36.29162760011063,36.29162760011063,37.279765521502384,75728,75728,14662
2021-11-09,Mata Atlântica,28.465825729928735,28.465825729928735,30.590442581194576,43539,43539,2612
2021-11-09,Cerrado,33.25161183603557,33.25161183603557,33.116419692604175,51545,51545,26166
2021-11-09,Caatinga,31.370723248850087,31.370723248850087,31.96398762379782,312556,312556,133330
2021-11-17,Mata Atlântica,29.982341239950266,29.982341239950266,31.38597254916822,112892,112892,55431
2021-11-17,Cerrado,34.03691329447609,34.03691329447609,34.34157020048127,88242,88242,35976
2021-11-17,Caatinga,32.68400456912953,32.68400456912953,33.624606842922404,363948,363948,201968
2021-11-25,Mata Atlântica,28.837365450903906,28.837365450903906,29.616450386924353,83828,83828,28925
2021-11-25,Cerrado,35.07145168320817,35.07145168320817,35.51559022383095,100852,100852,78241
2021-11-25,Caatinga,32.002887956296895,32.002887956296895,31.821877092393848,303386,303386,139188
2021-12-03,Mata Atlântica,27.7830569678304,27.7830569678304,28.973868569336254,45645,45645,1571
2021-12-03,Cerrado,30.156998337000182,30.156998337000182,30.629786595459958,36493,36493,20449
2021-12-03,Caatinga,30.96490815062687,30.96490815062687,31.956736429389334,266392,266392,134932
2021-12-11,Mata Atlântica,28.197643936633565,28.197643936633565,31.468454447303817,69856,69856,7961
2021-12-11,Cerrado,30.42655110357254,30.42655110357254,30.681947610444833,87739,87739,35079
2021-12-11,Caatinga,29.92734712007369,29.92734712007369,30.476830006496183,294664,294664,101789
2021-12-19,Mata Atlântica,27.33479473399558,27.33479473399558,30.010207970112106,9518,9518,66
2021-12-19,Cerrado,29.998186424041492,29.998186424041492,30.846771466631317,19837,19837,2572
2021-12-19,Caatinga,29.47797894805575,29.47797894805575,30.00749640274372,13234,13234,928
2021-12-27,Mata Atlântica,27.258071944755656,27.258071944755656,28.766747800988,58283,58283,4148
2021-12-27,Cerrado,25.829746480894038,25.829746480894038,26.37747951914387,10732,10732,3025
2021-12-27,Caatinga,28.145844111920958,28.145844111920958,28.896701624149873,222374,222374,65758
2022-01-01,Mata Atlântica,26.966716620641577,26.966716620641577,29.39167875032623,68089,68089,7027
2022-01-01,Cerrado,27.34815347889611,27.34815347889611,27.83554979348428,39731,39731,3968
2022-01-01,Caatinga,27.577472479009693,27.577472479009693,28.123264819582346,131561,131561,34766
2022-01-09,Mata Atlântica,29.826924181101326,29.826924181101326,30.415950455719198,126176,126176,48331
2022-01-09,Cerrado,29.162788684861486,29.162788684861486,29.8470364930499,121548,121548,87985
2022-01-09,Caatinga,28.687566965437934,28.687566965437934,28.607922608919246,402487,402487,221436
2022-01-17,Mata Atlântica,29.417697569684726,29.417697569684726,29.777542422998593,108192,108192,36182
2022-01-17,Cerrado,30.4923613191539,30.4923613191539,30.869668808364896,123930,123930,87309
2022-01-17,Caatinga,29.2393240554787,29.2393240554787,29.367310191686908,393867,393867,259295
2022-01-25,Mata Atlântica,29.136220952604365,29.136220952604365,30.453740451493786,107338,107338,27704
2022-01-25,Cerrado,27.782701580820618,27.782701580820618,28.38695585503549,102912,102912,40295
2022-01-25,Caatinga,29.086888014438934,29.086888014438934,29.590126762679915,373891,373891,169812
2022-02-02,Mata Atlântica,29.312856045435254,29.312856045435254,29.83166486181885,103318,103318,17413
2022-02-02,Cerrado,28.663600949032077,28.663600949032077,29.271101094125186,113922,113922,47053
2022-02-02,Caatinga,28.862706994474262,28.862706994474262,29.184238228143343,368130,368130,162535
2022-02-10,Mata Atlântica,28.677225315134237,28.677225315134237,29.56104268299832,112096,112096,9493
2022-02-10,Cerrado,28.02727159099635,28.02727159099635,28.859651528704664,101711,101711,43294
2022-02-10,Caatinga,29.357535425178074,29.357535425178074,29.78582128964292,366598,366598,142250
2022-02-18,Mata Atlântica,29.309676716127363,29.309676716127363,30.81595467930962,107827,107827,30131
2022-02-18,Cerrado,29.80427932510719,29.80427932510719,30.246125929141108,123658,123658,85553
2022-02-18,Caatinga,28.88695712339664,28.88695712339664,29.2516196939909,350293,350293,136238
2022-02-26,Mata Atlântica,27.582209992256008,27.582209992256008,29.654419978183217,100984,100984,8590
2022-02-26,Cerrado,30.6307589417734,30.6307589417734,30.815772555825745,124033,124033,115510
2022-02-26,Caatinga,28.87964126651274,28.87964126651274,29.225630322880075,337312,337312,178901
2022-03-06,Mata Atlântica,27.08528713488279,27.08528713488279,28.877288098340546,97952,97952,13179
2022-03-06,Cerrado,29.83397244588943,29.83397244588943,30.709099080134095,105250,105250,51719
2022-03-06,Caatinga,27.706215160971315,27.706215160971315,28.605027508028694,311351,311351,104488
2022-03-14,Mata Atlântica,26.58664228584788,26.58664228584788,26.924588377872016,84483,84483,2967
2022-03-14,Cerrado,29.846864247152382,29.846864247152382,29.785369496551365,114054,114054,62016
2022-03-14,Caatinga,29.43978179966376,29.43978179966376,29.973857712429652,376058,376058,178556
2022-03-22,Mata Atlântica,27.31393168594446,27.31393168594446,29.397042968563817,108594,108594,27997
2022-03-22,Cerrado,31.416793457068707,31.416793457068707,31.164599168308854,123555,123555,85939
2022-03-22,Caatinga,29.48471638177016,29.48471638177016,30.008151785209602,315658,315658,183431
2022-03-30,Mata Atlântica,27.43282722955165,27.43282722955165,28.936548552372148,123295,123295,18268
2022-03-30,Cerrado,32.095915329421906,32.095915329421906,32.10532506485089,124035,124035,114883
2022-03-30,Caatinga,30.739899963080454,30.739899963080454,31.22706267008281,407041,407041,226266
2022-04-07,Mata Atlântica,28.38496909688136,28.38496909688136,29.262718516938428,124380,124380,29934
2022-04-07,Cerrado,33.503030992238386,33.503030992238386,33.428539832179865,124034,124034,119447
2022-04-07,Caatinga,32.01988739014124,32.01988739014124,32.15482132587904,414810,414810,319096
2022-04-15,Mata Atlântica,28.4172042594417,28.4172042594417,28.675945219004397,107394,107394,36926
2022-04-15,Cerrado,29.059471224595544,29.059471224595544,29.414312545538476,122716,122716,89235
2022-04-15,Caatinga,29.87245837380472,29.87245837380472,29.92783180344035,297765,297765,170465
2022-04-23,Mata Atlântica,26.573961768468205,26.573961768468205,28.145846640762407,114499,114499,29620
2022-04-23,Cerrado,30.421261842344435,30.421261842344435,30.48966461252333,124035,124035,121922
2022-04-23,Caatinga,28.41396470496512,28.41396470496512,29.872966055147735,391371,391371,176780
2022-05-01,Mata Atlântica,26.20011806232245,26.20011806232245,27.039259950779673,120083,120083,33450
2022-05-01,Cerrado,30.609432738817187,30.609432738817187,30.609422917359705,124035,124035,123675
2022-05-01,Caatinga,29.49776360631643,29.49776360631643,30.515118751796958,406915,406915,234319
2022-05-09,Mata Atlântica,26.32985159628715,26.32985159628715,26.37155865015959,125933,125933,77955
2022-05-09,Cerrado,30.657940831554722,30.657940831554722,30.662291413856583,124035,124035,122231
2022-05-09,Caatinga,30.48183841482568,30.48183841482568,30.58502969318174,407317,407317,335876
2022-05-17,Mata Atlântica,24.92698062208759,24.92698062208759,24.744280130847955,124159,124159,85349
2022-05-17,Cerrado,27.94654352230422,27.94654352230422,27.967241693296895,124035,124035,121968
2022-05-17,Caatinga,27.97107970343993,27.97107970343993,28.1603886522949,355290,355290,239898
2022-05-25,Mata Atlântica,24.887144758506736,24.887144758506736,26.185761300111547,101598,101598,27606
2022-05-25,Cerrado,30.288776661145263,30.288776661145263,30.357419778511584,124035,124035,122591
2022-05-25,Caatinga,28.094687955179204,28.094687955179204,29.033701055339368,363753,363753,237866
2022-06-02,Mata Atlântica,24.815945495336162,24.815945495336162,25.12166795436807,126932,126932,87289
2022-06-02,Cerrado,29.669225200045954,29.669225200045954,29.680442730302087,124035,124035,123669
2022-06-02,Caatinga,28.12885705224939,28.12885705224939,28.76895069601563,404908,404908,305876
2022-06-10,Mata Atlântica,25.323739053755666,25.323739053755666,25.839607025690366,113021,113021,61222
2022-06-10,Cerrado,30.430394392091337,30.430394392091337,30.430238114094674,124035,124035,124027
2022-06-10,Caatinga,28.88442873950527,28.88442873950527,29.821505843870437,386684,386684,279248
2022-06-18,Mata Atlântica,24.934086978488292,24.934086978488292,25.309501887862965,125030,125030,64492
2022-06-18,Cerrado,29.764987500715918,29.764987500715918,29.76492439809853,124035,124035,124025
2022-06-18,Caatinga,28.928778970971354,28.928778970971354,29.396893635102696,409359,409359,329126
2022-06-26,Mata Atlântica,24.374874666425637,24.374874666425637,24.810438211137303,119880,119880,74450
2022-06-26,Cerrado,29.613861085064897,29.613861085064897,29.675754853796512,124035,124035,122599
2022-06-26,Caatinga,27.672025924384766,27.672025924384766,28.75039941099508,391277,391277,266900
2022-07-04,Mata Atlântica,23.05760773836503,23.05760773836503,23.68645080508861,104677,104677,18011
2022-07-04,Cerrado,28.42919267289154,28.42919267289154,28.603094882675645,124007,124007,119442
2022-07-04,Caatinga,26.961461979915313,26.961461979915313,28.486279419220498,398785,398785,216101
2022-07-12,Mata Atlântica,24.110918783022367,24.110918783022367,24.56274185085361,120218,120218,24950
2022-07-12,Cerrado,30.21499079781439,30.21499079781439,30.33533750948995,123998,123998,121988
2022-07-12,Caatinga,27.813936761172293,27.813936761172293,29.916334802928848,352714,352714,205690
2022-07-20,Mata Atlântica,22.496058241988795,22.496058241988795,23.094972900201956,102284,102284,6579
2022-07-20,Cerrado,29.058845593332283,29.058845593332283,29.211460468675963,124030,124030,120707
2022-07-20,Caatinga,27.363687533673485,27.363687533673485,29.75476010124949,373122,373122,197365
2022-07-28,Mata Atlântica,25.798495369237965,25.798495369237965,26.58784801469867,120556,120556,56486
2022-07-28,Cerrado,32.9313294246761,32.9313294246761,32.931216348064815,124035,124035,124030
2022-07-28,Caatinga,30.500757930495787,30.500757930495787,31.387200699323724,394724,394724,302418
2022-08-05,Mata Atlântica,26.46472389081529,26.46472389081529,27.31855705893729,128159,128159,61735
2022-08-05,Cerrado,33.40460469826239,33.40460469826239,33.404480621244105,124035,124035,124027
2022-08-05,Caatinga,31.495510080196446,31.495510080196446,32.18605906083878,413464,413464,328846
2022-08-13,Mata Atlântica,24.620639010242325,24.620639010242325,26.914054787238424,111016,111016,17238
2022-08-13,Cerrado,32.93629793081288,32.93629793081288,32.94515852747848,124035,124035,123858
2022-08-13,Caatinga,30.011534191674876,30.011534191674876,31.549870933959717,363148,363148,248277
2022-08-21,Mata Atlântica,24.612252182085953,24.612252182085953,26.950807244373724,99483,99483,14034
2022-08-21,Cerrado,32.73397170906385,32.73397170906385,32.74975471598687,124035,124035,123726
2022-08-21,Caatinga,30.064686138355945,30.064686138355945,32.14640520037088,378051,378051,236809
2022-08-29,Mata Atlântica,26.54665889731929,26.54665889731929,28.913897408530076,107302,107302,31095
2022-08-29,Cerrado,35.054764456126115,35.054764456126115,35.06456613217228,124035,124035,123813
2022-08-29,Caatinga,31.601436817883542,31.601436817883542,32.939741690945255,396253,396253,283046
2022-09-06,Mata Atlântica,27.536990837129625,27.536990837129625,29.692312905144437,118722,118722,44880
2022-09-06,Cerrado,37.11047748024192,37.11047748024192,37.12082532448777,124035,124035,123873
2022-09-06,Caatinga,33.59199920585749,33.59199920585749,35.11601426554524,402748,402748,300764
2022-09-14,Mata Atlântica,28.92051968690785,28.92051968690785,30.479711900895566,92475,92475,26152
2022-09-14,Cerrado,39.25783990331333,39.25783990331333,39.259219880815145,124035,124035,123288
2022-09-14,Caatinga,35.347504297596004,35.347504297596004,36.05503679761124,408140,408140,340339
2022-09-22,Mata Atlântica,29.85175626336409,29.85175626336409,31.5982126100479,120939,120939,43851
2022-09-22,Cerrado,38.23056790652909,38.23056790652909,38.24012507078899,124035,124035,123725
2022-09-22,Caatinga,37.096817952053144,37.096817952053144,37.23929678463593,415010,415010,372705
2022-09-30,Mata Atlântica,29.950570780165936,29.950570780165936,31.974232124943704,89769,89769,34618
2022-09-30,Cerrado,39.15321562895054,39.15321562895054,39.15622392412908,123921,123921,120366
2022-09-30,Caatinga,37.835381205548785,37.835381205548785,38.07722467075507,414331,414331,378403
2022-10-08,Mata Atlântica,31.311620771024003,31.311620771024003,33.67270457222336,50758,50758,19009
2022-10-08,Cerrado,36.64995532291848,36.64995532291848,36.91659427100865,115708,115708,79347
2022-10-08,Caatinga,38.37744846767307,38.37744846767307,38.69997721415614,354075,354075,307011
2022-10-16,Mata Atlântica,,,,0,0,0
2022-10-16,Cerrado,,,,0,0,0
2022-10-16,Caatinga,,,,0,0,0
2022-10-24,Mata Atlântica,29.379079498666982,29.379079498666982,30.575165894833198,61327,61327,6008
2022-10-24,Cerrado,37.97909990998316,37.97909990998316,37.613653235231446,119593,119593,76560
2022-10-24,Caatinga,37.9727972642157,37.9727972642157,38.24867551125096,330967,330967,236538
2022-11-01,Mata Atlântica,25.634076491179485,25.634076491179485,26.437588223444486,26402,26402,3291
2022-11-01,Cerrado,32.02203075234513,32.02203075234513,33.98378370678728,34348,34348,7026
2022-11-01,Caatinga,34.97139477218827,34.97139477218827,35.546209475486506,146358,146358,54668
2022-11-09,Mata Atlântica,29.73471916759941,29.73471916759941,31.02866770694409,40470,40470,4610
2022-11-09,Cerrado,34.00943700311962,34.00943700311962,33.893412533311285,114631,114631,80561
2022-11-09,Caatinga,32.743428604569736,32.743428604569736,33.40196566513925,314827,314827,146325
2022-11-17,Mata Atlântica,27.926893853135823,27.926893853135823,28.119509384448648,10188,10188,144
2022-11-17,Cerrado,30.5120915831863,30.5120915831863,31.028765976522635,83399,83399,12623
2022-11-17,Caatinga,31.288411520299714,31.288411520299714,32.06687992294786,237367,237367,106479
2022-11-25,Mata Atlântica,28.494292700062807,28.494292700062807,29.545150673890696,10213,10213,438
2022-11-25,Cerrado,26.815581031812695,26.815581031812695,25.75385823894778,2668,2668,86
2022-11-25,Caatinga,27.73608049051463,27.73608049051463,28.13724629529624,61488,61488,4567
2022-12-03,Mata Atlântica,27.25504408752945,27.25504408752945,29.931112709231545,34855,34855,2169
2022-12-03,Cerrado,31.991511550919927,31.991511550919927,32.52342854636289,108622,108622,45838
2022-12-03,Caatinga,28.6608076173774,28.6608076173774,29.342495235549073,311047,311047,181950
2022-12-11,Mata Atlântica,29.046307441216864,29.046307441216864,29.909550051492356,94036,94036,35162
2022-12-11,Cerrado,29.95193874627883,29.95193874627883,29.56311176064578,54557,54557,19695
2022-12-11,Caatinga,29.435063741589925,29.435063741589925,29.968114345199584,374312,374312,225114
2022-12-19,Mata Atlântica,26.967128734443055,26.967128734443055,28.28909047357146,68677,68677,17821
2022-12-19,Cerrado,28.800689321229715,28.800689321229715,29.83418798526327,17259,17259,2769
2022-12-19,Caatinga,28.199603839731736,28.199603839731736,29.055716492929825,320767,320767,168724
2022-12-27,Mata Atlântica,27.48473706651607,27.48473706651607,28.163595807349996,105602,105602,10733
2022-12-27,Cerrado,28.32725249428553,28.32725249428553,28.96607903283937,92724,92724,43211
2022-12-27,Caatinga,28.073012517207783,28.073012517207783,28.460618441358626,355686,355686,199406
2023-01-01,Mata Atlântica,27.68715592562682,27.68715592562682,29.913643329597093,44135,44135,2154
2023-01-01,Cerrado,30.498914275114174,30.498914275114174,31.42336304966376,109387,109387,78463
2023-01-01,Caatinga,27.66604051430604,27.66604051430604,28.71688738677872,288626,288626,121417
2023-01-09,Mata Atlântica,27.25611516657138,27.25611516657138,27.79865333638387,99952,99952,4097
2023-01-09,Cerrado,27.754762146365746,27.754762146365746,28.32721355302929,123497,123497,59686
2023-01-09,Caatinga,29.004345999041067,29.004345999041067,29.516584955943458,392172,392172,196281
2023-01-17,Mata Atlântica,27.021112099631466,27.021112099631466,28.254106254704737,86278,86278,10061
2023-01-17,Cerrado,28.255133427442335,28.255133427442335,28.979022119085613,119623,119623,54429
2023-01-17,Caatinga,28.197344954770124,28.197344954770124,28.591116899716265,338096,338096,138589
2023-01-25,Mata Atlântica,27.273025614486553,27.273025614486553,28.567951691572432,102213,102213,8505
2023-01-25,Cerrado,28.509280331244508,28.509280331244508,28.72961004421007,123967,123967,106506
2023-01-25,Caatinga,28.989017714636066,28.989017714636066,28.734197407310408,407010,407010,239446
2023-02-02,Mata Atlântica,29.36199987957486,29.36199987957486,29.496403721683826,127599,127599,32361
2023-02-02,Cerrado,29.307226050716128,29.307226050716128,29.736954880849932,123378,123378,83509
2023-02-02,Caatinga,30.62760346072827,30.62760346072827,30.487817860301046,413225,413225,312230
2023-02-10,Mata Atlântica,28.779352386323495,28.779352386323495,29.401945837915044,110606,110606,13858
2023-02-10,Cerrado,31.18942914914227,31.18942914914227,31.200352196381772,124033,124033,121503
2023-02-10,Caatinga,30.570752344298306,30.570752344298306,30.725695513639646,380666,380666,213726
2023-02-18,Mata Atlântica,28.238799514035684,28.238799514035684,29.410304217958174,94578,94578,14046
2023-02-18,Cerrado,28.998681292673698,28.998681292673698,29.232146081993243,119505,119505,74145
2023-02-18,Caatinga,29.934503334019734,29.934503334019734,30.00252518784564,349106,349106,187063
2023-02-26,Mata Atlântica,27.49423686762184,27.49423686762184,28.311363237852113,101489,101489,9225
2023-02-26,Cerrado,30.636223930862162,30.636223930862162,31.166419931631776,123204,123204,81206
2023-02-26,Caatinga,31.034939568119793,31.034939568119793,31.345455036242264,379292,379292,215914
2023-03-06,Mata Atlântica,28.07282036578041,28.07282036578041,28.920488584971185,84411,84411,4804
2023-03-06,Cerrado,31.433994592936536,31.433994592936536,31.585603410310483,123706,123706,107331
2023-03-06,Caatinga,31.685707447243036,31.685707447243036,31.736377551131717,373125,373125,227186
2023-03-14,Mata Atlântica,27.01477111620277,27.01477111620277,28.775638331306766,90008,90008,3687
2023-03-14,Cerrado,28.219605397700725,28.219605397700725,29.23629346121027,57075,57075,16824
2023-03-14,Caatinga,30.316178399226313,30.316178399226313,31.295433606616633,229705,229705,92263
2023-03-22,Mata Atlântica,26.707582435046074,26.707582435046074,27.984918364240453,89808,89808,4852
2023-03-22,Cerrado,29.773757872784362,29.773757872784362,29.906720401708775,123277,123277,91906
2023-03-22,Caatinga,28.2887268665256,28.2887268665256,29.26809855367418,308263,308263,140544
2023-03-30,Mata Atlântica,28.9425471782733,28.9425471782733,29.654142737111783,122834,122834,56573
2023-03-30,Cerrado,31.037267677197026,31.037267677197026,30.87094633804257,123740,123740,99809
2023-03-30,Caatinga,30.264030150838508,30.264030150838508,30.98843578504038,398103,398103,276716
2023-04-07,Mata Atlântica,26.597274371661918,26.597274371661918,27.777814987124756,79620,79620,11382
2023-04-07,Cerrado,28.855594393150746,28.855594393150746,28.997601954049557,110165,110165,56897
2023-04-07,Caatinga,29.721274357355465,29.721274357355465,30.066793953662863,385271,385271,218215
2023-04-15,Mata Atlântica,28.163020325670647,28.163020325670647,28.781120011147735,126203,126203,68434
2023-04-15,Cerrado,30.942685270447324,30.942685270447324,31.037868042850533,122761,122761,83041
2023-04-15,Caatinga,30.90653219049886,30.90653219049886,31.048246566131663,414036,414036,295823
2023-04-23,Mata Atlântica,26.58841522838354,26.58841522838354,27.079412397067344,114717,114717,55246
2023-04-23,Cerrado,29.94733161612585,29.94733161612585,29.938766701156922,124031,124031,116663
2023-04-23,Caatinga,29.06325081773886,29.06325081773886,29.419000467850807,350774,350774,204865
2023-05-01,Mata Atlântica,25.35902346619818,25.35902346619818,25.875492818725082,94324,94324,15025
2023-05-01,Cerrado,28.746121651409346,28.746121651409346,28.850518843530935,123832,123832,112482
2023-05-01,Caatinga,28.047451805970386,28.047451805970386,29.15861245467288,318930,318930,159083
2023-05-09,Mata Atlântica,25.073937955554197,25.073937955554197,25.54676897416602,95143,95143,36017
2023-05-09,Cerrado,29.576218187335996,29.576218187335996,29.707881956747453,124032,124032,114298
2023-05-09,Caatinga,28.71950701700493,28.71950701700493,29.289722231456224,356694,356694,225452
2023-05-17,Mata Atlântica,24.422803724821495,24.422803724821495,24.96544276367121,99349,99349,51304
2023-05-17,Cerrado,28.402476295584513,28.402476295584513,28.468245762672677,124029,124029,121840
2023-05-17,Caatinga,27.5926842651906,27.5926842651906,28.253294675112585,301743,301743,217247
2023-05-25,Mata Atlântica,24.233869565366195,24.233869565366195,24.564366333540693,103343,103343,22712
2023-05-25,Cerrado,28.973664700787484,28.973664700787484,29.03721438812832,123812,123812,122146
2023-05-25,Caatinga,27.694805983139105,27.694805983139105,28.703748439437117,382051,382051,234531
2023-06-02,Mata Atlântica,24.43365512629071,24.43365512629071,24.688485622625212,112553,112553,66764
2023-06-02,Cerrado,29.229428589792825,29.229428589792825,29.257930938348313,124035,124035,123205
2023-06-02,Caatinga,28.305024445033037,28.305024445033037,29.258638730245792,338811,338811,237287
2023-06-10,Mata Atlântica,24.28137206148812,24.28137206148812,24.771157831130612,112154,112154,23430
2023-06-10,Cerrado,29.74587709574531,29.74587709574531,29.745719691876467,124035,124035,124027
2023-06-10,Caatinga,28.071369305808798,28.071369305808798,29.512649245507415,397638,397638,244358
2023-06-18,Mata Atlântica,23.38032925883763,23.38032925883763,24.07754046861493,114662,114662,38190
2023-06-18,Cerrado,28.01425728243129,28.01425728243129,28.061956397720103,124024,124024,122906
2023-06-18,Caatinga,27.17294939102876,27.17294939102876,28.396435645925877,376463,376463,239950
2023-06-26,Mata Atlântica,23.310212023234484,23.310212023234484,23.808896736333043,122214,122214,37303
2023-06-26,Cerrado,28.729635142708755,28.729635142708755,28.741021669259244,124035,124035,123660
2023-06-26,Caatinga,27.473737189997443,27.473737189997443,28.614681912947397,389829,389829,262883
2023-07-04,Mata Atlântica,24.010047077022286,24.010047077022286,24.39014580374887,117453,117453,40498
2023-07-04,Cerrado,29.257744882421456,29.257744882421456,29.265200425454506,124035,124035,123756
2023-07-04,Caatinga,28.140472228369635,28.140472228369635,29.514917212603574,348432,348432,205309
2023-07-12,Mata Atlântica,25.71567303375077,25.71567303375077,25.835979038369032,128256,128256,78573
2023-07-12,Cerrado,30.713042103223753,30.713042103223753,30.71291485251954,124035,124035,124024
2023-07-12,Caatinga,29.80732318069382,29.80732318069382,30.261260029960507,414945,414945,328422
2023-07-20,Mata Atlântica,22.335952135490764,22.335952135490764,22.302976916426438,108048,108048,22980
2023-07-20,Cerrado,29.10287105601903,29.10287105601903,29.141907557549434,124035,124035,121737
2023-07-20,Caatinga,27.95531474780324,27.95531474780324,28.601689723293372,408795,408795,269445
2023-07-28,Mata Atlântica,23.833512969278146,23.833512969278146,24.71018644323602,106157,106157,38214
2023-07-28,Cerrado,31.338515678093763,31.338515678093763,31.37411063971924,123965,123965,123118
2023-07-28,Caatinga,29.27087416346364,29.27087416346364,30.893743849825164,347873,347873,227811
2023-08-05,Mata Atlântica,24.875007565590124,24.875007565590124,25.618345157072575,122748,122748,47661
2023-08-05,Cerrado,32.21285276191595,32.21285276191595,32.22396188824988,124035,124035,123804
2023-08-05,Caatinga,29.84128257705726,29.84128257705726,31.232555413734335,407827,407827,271831
2023-08-13,Mata Atlântica,25.110109160615135,25.110109160615135,26.67227439959258,110550,110550,41499
2023-08-13,Cerrado,32.04579276230379,32.04579276230379,32.05107353738588,124035,124035,123877
2023-08-13,Caatinga,29.928108523265625,29.928108523265625,31.116495254359798,391063,391063,274462
2023-08-21,Mata Atlântica,28.028889813805222,28.028889813805222,28.66227242468513,106822,106822,70879
2023-08-21,Cerrado,35.379983540729135,35.379983540729135,35.41141368989947,124015,124015,114500
2023-08-21,Caatinga,34.49538648139573,34.49538648139573,34.75663224287577,384920,384920,342734
2023-08-29,Mata Atlântica,26.86047331194863,26.86047331194863,27.871809904502072,44782,44782,8927
2023-08-29,Cerrado,34.10524850945151,34.10524850945151,34.164410952080786,123928,123928,119280
2023-08-29,Caatinga,33.487500915226946,33.487500915226946,34.15700714153847,395376,395376,309729
2023-09-06,Mata Atlântica,25.513118723197778,25.513118723197778,27.155834134319193,122615,122615,31188
2023-09-06,Cerrado,35.56416477495983,35.56416477495983,35.603867139563114,124034,124034,123447
2023-09-06,Caatinga,32.84470522985163,32.84470522985163,34.1395866577994,394771,394771,289533
2023-09-14,Mata Atlântica,27.55759506010385,27.55759506010385,28.654791717878343,110236,110236,35865
2023-09-14,Cerrado,37.41181575751011,37.41181575751011,37.41177219530961,124035,124035,124018
2023-09-14,Caatinga,34.58504902686905,34.58504902686905,35.29786401479892,385699,385699,310550
2023-09-22,Mata Atlântica,30.286507310518815,30.286507310518815,31.980044219834152,117834,117834,63680
2023-09-22,Cerrado,39.57322595033384,39.57322595033384,39.57391506498678,124035,124035,123920
2023-09-22,Caatinga,37.07690307235219,37.07690307235219,37.3787261217601,400709,400709,353909
2023-09-30,Mata Atlântica,29.352038564101736,29.352038564101736,30.962536069364585,64404,64404,12135
2023-09-30,Cerrado,38.91272409941448,38.91272409941448,38.843443479470004,124029,124029,110222
2023-09-30,Caatinga,37.913639078627796,37.913639078627796,38.565077196964,384408,384408,317321
2023-10-08,Mata Atlântica,30.297298593481948,30.297298593481948,32.25172436079523,116270,116270,23359
2023-10-08,Cerrado,39.71463023710539,39.71463023710539,39.576156163741395,124035,124035,111572
2023-10-08,Caatinga,37.18444150959672,37.18444150959672,38.46222925271585,398267,398267,276828
2023-10-16,Mata Atlântica,31.852250174833262,31.852250174833262,33.666425982044466,118910,118910,54938
2023-10-16,Cerrado,39.788995364728464,39.788995364728464,39.81330745291281,124035,124035,120818
2023-10-16,Caatinga,37.8449180113481,37.8449180113481,37.988234274238295,414571,414571,351618
2023-10-24,Mata Atlântica,31.92796170425244,31.92796170425244,33.30923911097405,120418,120418,65776
2023-10-24,Cerrado,39.674305097728386,39.674305097728386,39.6392316938732,123966,123966,102172
2023-10-24,Caatinga,39.275082129850645,39.275082129850645,39.22341657672249,413956,413956,348112
2023-11-01,Mata Atlântica,33.37879496444703,33.37879496444703,34.39910164838484,43957,43957,11351
2023-11-01,Cerrado,35.93148178650007,35.93148178650007,35.80209346298788,116158,116158,84504
2023-11-01,Caatinga,36.80258770442328,36.80258770442328,36.81358538992705,372582,372582,221667
2023-11-09,Mata Atlântica,33.554083218976196,33.554083218976196,35.238230274822286,127927,127927,71202
2023-11-09,Cerrado,40.38421650992539,40.38421650992539,40.36510414971622,124035,124035,122972
2023-11-09,Caatinga,38.55820504599561,38.55820504599561,38.488304618707446,414936,414936,369787
2023-11-17,Mata Atlântica,34.63703922547853,34.63703922547853,35.962708699058716,125033,125033,79769
2023-11-17,Cerrado,36.37439026529491,36.37439026529491,36.50239243486724,112121,112121,53460
2023-11-17,Caatinga,38.78444706176557,38.78444706176557,38.81761865230307,411653,411653,331168
2023-11-25,Mata Atlântica,33.33557187005038,33.33557187005038,35.49310548191455,113177,113177,35678
2023-11-25,Cerrado,37.30189711408893,37.30189711408893,37.12892616483065,123327,123327,86701
2023-11-25,Caatinga,38.273262524309274,38.273262524309274,38.017656594199,414865,414865,357392
2023-12-03,Mata Atlântica,33.776788414664395,33.776788414664395,35.848380011838316,119566,119566,51828
2023-12-03,Cerrado,36.70556781209176,36.70556781209176,36.5328477196399,124025,124025,99396
2023-12-03,Caatinga,37.03825101990245,37.03825101990245,37.059371697216775,390350,390350,260706
2023-12-11,Mata Atlântica,32.91475601522531,32.91475601522531,35.41727479876145,123709,123709,26539
2023-12-11,Cerrado,37.065491833896445,37.065491833896445,37.07857199535128,124031,124031,115169
2023-12-11,Caatinga,36.61452742635399,36.61452742635399,36.76946640235417,387318,387318,272669
2023-12-19,Mata Atlântica,31.85614923293007,31.85614923293007,32.9040992187439,101369,101369,44659
2023-12-19,Cerrado,33.51921964572853,33.51921964572853,33.37118431177805,116877,116877,63605
2023-12-19,Caatinga,34.874795157440964,34.874795157440964,34.90530955692557,385111,385111,299037
2023-12-27,Mata Atlântica,32.96813012703441,32.96813012703441,33.82600446487581,110517,110517,66524
2023-12-27,Cerrado,35.243840089972906,35.243840089972906,35.09881639375704,84785,84785,52876
2023-12-27,Caatinga,36.33120129008513,36.33120129008513,36.028406262542575,375862,375862,254053
2024-01-01,Mata Atlântica,29.927801814210415,29.927801814210415,30.359825379448207,51139,51139,4725
2024-01-01,Cerrado,30.055806022953558,30.055806022953558,31.311052469315047,46578,46578,11024
2024-01-01,Caatinga,32.40577855733836,32.40577855733836,33.820330577169194,249222,249222,102610
2024-01-09,Mata Atlântica,29.782537923195687,29.782537923195687,31.003260225753838,126829,126829,24580
2024-01-09,Cerrado,30.486524171258104,30.486524171258104,30.421056276613808,124011,124011,88591
2024-01-09,Caatinga,31.698767783045366,31.698767783045366,31.478682996863277,400393,400393,228131
2024-01-17,Mata Atlântica,30.062002968358506,30.062002968358506,31.941754892909557,105043,105043,20056
2024-01-17,Cerrado,31.900437973451933,31.900437973451933,32.344673050871,123177,123177,95243
2024-01-17,Caatinga,32.01014296263346,32.01014296263346,31.981855263604245,347986,347986,208666
2024-01-25,Mata Atlântica,28.099744386736884,28.099744386736884,28.7655431310122,110894,110894,61080
2024-01-25,Cerrado,26.422608914367824,26.422608914367824,27.448523086518247,53869,53869,17541
2024-01-25,Caatinga,29.507254420120248,29.507254420120248,30.469804016101236,358166,358166,269282
2024-02-02,Mata Atlântica,28.004217063520265,28.004217063520265,29.932712966913456,81582,81582,8526
2024-02-02,Cerrado,28.724625789675603,28.724625789675603,29.150528489351387,113877,113877,81482
2024-02-02,Caatinga,28.00456236823384,28.00456236823384,28.087476463704622,323924,323924,150043
2024-02-10,Mata Atlântica,28.325439424701127,28.325439424701127,29.448536335885365,108369,108369,28185
2024-02-10,Cerrado,29.097020877499606,29.097020877499606,29.18490343158813,123179,123179,100135
2024-02-10,Caatinga,29.39260610148785,29.39260610148785,29.534129105317184,340611,340611,186724
2024-02-18,Mata Atlântica,26.71060589761884,26.71060589761884,28.142737210242757,51481,51481,3612
2024-02-18,Cerrado,27.441536503485562,27.441536503485562,27.73386946639328,119349,119349,100018
2024-02-18,Caatinga,27.19572268918651,27.19572268918651,27.644948866853422,309135,309135,128883
2024-02-26,Mata Atlântica,28.71082413327314,28.71082413327314,28.962941021535475,126889,126889,54464
2024-02-26,Cerrado,29.057202911686677,29.057202911686677,29.202293709443634,124029,124029,91286
2024-02-26,Caatinga,28.758603017014355,28.758603017014355,28.75622040607587,399099,399099,237378
2024-03-05,Mata Atlântica,27.58251690259368,27.58251690259368,27.79366421823194,123766,123766,24970
2024-03-05,Cerrado,29.37124241754172,29.37124241754172,29.29525872464445,123989,123989,101544
2024-03-05,Caatinga,28.62451314814404,28.62451314814404,28.75949098411592,408306,408306,260806
2024-03-13,Mata Atlântica,28.71249311595905,28.71249311595905,29.394503965036012,125707,125707,52913
2024-03-13,Cerrado,31.072001675386367,31.072001675386367,30.824308402787725,123767,123767,88977
2024-03-13,Caatinga,28.95749646413747,28.95749646413747,29.165733131781696,398735,398735,270104
2024-03-21,Mata Atlântica,28.387070284818854,28.387070284818854,29.23677434900375,117878,117878,16505
2024-03-21,Cerrado,28.885138927766075,28.885138927766075,28.903826550054454,121249,121249,64831
2024-03-21,Caatinga,29.05897492694365,29.05897492694365,29.108132535213432,410086,410086,234403
2024-03-29,Mata Atlântica,27.401838155083574,27.401838155083574,28.170420116519324,107907,107907,41425
2024-03-29,Cerrado,30.048405544597717,30.048405544597717,29.771630689005416,116523,116523,55688
2024-03-29,Caatinga,28.78943591756591,28.78943591756591,29.361843044388152,340050,340050,156287
2024-04-06,Mata Atlântica,26.385861117981825,26.385861117981825,27.191922167812464,99074,99074,19156
2024-04-06,Cerrado,28.643783197620827,28.643783197620827,28.74000656868879,117628,117628,75728
2024-04-06,Caatinga,27.039548608257064,27.039548608257064,27.318013394512832,360614,360614,169414
2024-04-14,Mata Atlântica,25.610789071053,25.610789071053,25.889706376143092,70094,70094,8980
2024-04-14,Cerrado,28.95234820177889,28.95234820177889,29.393472816299674,123680,123680,81206
2024-04-14,Caatinga,27.390340381504156,27.390340381504156,27.674708389175,330304,330304,145975
2024-04-22,Mata Atlântica,26.181993004548644,26.181993004548644,27.156473090568994,100752,100752,30339
2024-04-22,Cerrado,29.19378695478358,29.19378695478358,29.514306743613364,124027,124027,100078
2024-04-22,Caatinga,27.334470629599,27.334470629599,28.083065187379994,356653,356653,173878
2024-04-30,Mata Atlântica,26.25867232166967,26.25867232166967,26.75552463041578,123637,123637,35043
2024-04-30,Cerrado,29.523158102080497,29.523158102080497,29.540406679961965,124035,124035,123083
2024-04-30,Caatinga,27.253714814574256,27.253714814574256,28.222188086843698,364496,364496,213151
2024-05-08,Mata Atlântica,27.359852740384436,27.359852740384436,27.65458075356279,126175,126175,81425
2024-05-08,Cerrado,30.607704385168947,30.607704385168947,30.611629556697917,124035,124035,123767
2024-05-08,Caatinga,29.250789871628676,29.250789871628676,29.702624488338895,390099,390099,298866
2024-05-16,Mata Atlântica,25.661667239809315,25.661667239809315,26.192854941517705,125036,125036,46229
2024-05-16,Cerrado,28.778746021149377,28.778746021149377,28.829276659796076,124035,124035,122619
2024-05-16,Caatinga,27.30783829119782,27.30783829119782,28.54030691036648,386144,386144,223335
2024-05-24,Mata Atlântica,24.712585642048918,24.712585642048918,25.0598457864116,127368,127368,52237
2024-05-24,Cerrado,29.222775423507635,29.222775423507635,29.232706981583398,124035,124035,123798
2024-05-24,Caatinga,27.32813776430445,27.32813776430445,28.157692700073138,409096,409096,272522
2024-06-01,Mata Atlântica,23.256228252747484,23.256228252747484,23.88717917575805,85973,85973,25126
2024-06-01,Cerrado,27.879717582846588,27.879717582846588,27.978613638377187,123729,123729,120959
2024-06-01,Caatinga,25.799162148247387,25.799162148247387,27.600286531598588,306937,306937,151350
2024-06-09,Mata Atlântica,23.78763100148354,23.78763100148354,24.25781750062985,115293,115293,46375
2024-06-09,Cerrado,27.290446698063256,27.290446698063256,27.417297726479653,124027,124027,120712
2024-06-09,Caatinga,25.696054553839407,25.696054553839407,26.893044168856836,381534,381534,198101
2024-06-17,Mata Atlântica,23.423187295675564,23.423187295675564,24.00428384003944,117496,117496,38294
2024-06-17,Cerrado,28.24051661521577,28.24051661521577,28.28853599958951,124031,124031,122893
2024-06-17,Caatinga,26.37116801917621,26.37116801917621,27.385320559432166,403222,403222,258063
2024-06-25,Mata Atlântica,24.5556574150243,24.5556574150243,24.73526509396194,125862,125862,79038
2024-06-25,Cerrado,29.393021092181293,29.393021092181293,29.397587092113714,124035,124035,123898
2024-06-25,Caatinga,27.554903094936755,27.554903094936755,28.4527136920575,405663,405663,287160
2024-07-03,Mata Atlântica,23.348106297354626,23.348106297354626,23.879461505162457,121796,121796,51777
2024-07-03,Cerrado,29.03858920432084,29.03858920432084,29.113059638479733,124034,124034,122525
2024-07-03,Caatinga,26.541736049227787,26.541736049227787,27.471013503120165,398055,398055,259057
2024-07-11,Mata Atlântica,24.112794333694822,24.112794333694822,24.40858892819057,126147,126147,70364
2024-07-11,Cerrado,27.96204601116758,27.96204601116758,28.016651404957432,124035,124035,122749
2024-07-11,Caatinga,25.99861851997616,25.99861851997616,27.299212162426013,409517,409517,223760
2024-07-19,Mata Atlântica,23.30072759844128,23.30072759844128,23.481473161910397,122550,122550,55718
2024-07-19,Cerrado,28.764642838542347,28.764642838542347,28.79504434642723,124035,124035,123295
2024-07-19,Caatinga,26.400158104439864,26.400158104439864,27.44899755286106,395393,395393,245548
2024-07-27,Mata Atlântica,23.824477397314705,23.824477397314705,25.82563636602157,99981,99981,23192
2024-07-27,Cerrado,29.201231415734373,29.201231415734373,29.2526555671818,124035,124035,122952
2024-07-27,Caatinga,26.711003697346968,26.711003697346968,28.44527613714351,396565,396565,215606
2024-08-04,Mata Atlântica,23.82241085189611,23.82241085189611,25.269842805002,97873,97873,34051
2024-08-04,Cerrado,30.5466144898705,30.5466144898705,30.621566024942688,124015,124015,122410
2024-08-04,Caatinga,28.679644321653186,28.679644321653186,29.37735550075045,405313,405313,328360
2024-08-12,Mata Atlântica,23.676498295418078,23.676498295418078,24.23346157199896,115871,115871,19451
2024-08-12,Cerrado,31.875606906895268,31.875606906895268,31.945362754516516,123923,123923,122413
2024-08-12,Caatinga,29.104301283003014,29.104301283003014,30.724648312039886,390122,390122,231626
2024-08-20,Mata Atlântica,25.98466507117906,25.98466507117906,26.63938589987673,122359,122359,55077
2024-08-20,Cerrado,33.107793051185524,33.107793051185524,33.10775262940502,124035,124035,124019
2024-08-20,Caatinga,30.052218659818756,30.052218659818756,31.343262717741734,411189,411189,283543
2024-08-28,Mata Atlântica,25.8375148183956,25.8375148183956,26.634665209390242,122453,122453,59604
2024-08-28,Cerrado,33.77058026604212,33.77058026604212,33.77058396257578,124035,124035,124023
2024-08-28,Caatinga,30.405185223363855,30.405185223363855,31.48285504199947,401267,401267,287230
2024-09-05,Mata Atlântica,26.376725132546092,26.376725132546092,27.603921891144726,123550,123550,36944
2024-09-05,Cerrado,33.668170975600425,33.668170975600425,33.67024247427454,124035,124035,123984
2024-09-05,Caatinga,31.04185432090957,31.04185432090957,32.25091747465739,409001,409001,282284
2024-09-13,Mata Atlântica,26.821795784526373,26.821795784526373,28.52813514970977,115873,115873,28693
2024-09-13,Cerrado,35.89057706330929,35.89057706330929,35.90642124812834,124035,124035,123786
2024-09-13,Caatinga,32.040637630091005,32.040637630091005,33.31053726495009,404233,404233,275585
2024-09-21,Mata Atlântica,27.246113276337883,27.246113276337883,29.704603437360706,116252,116252,24644
2024-09-21,Cerrado,37.81243707534852,37.81243707534852,37.81226213288916,124035,124035,124024
2024-09-21,Caatinga,33.19864126841238,33.19864126841238,34.63017986158088,393089,393089,262141
2024-09-29,Mata Atlântica,28.63521701393055,28.63521701393055,31.300073749766653,125229,125229,29250
2024-09-29,Cerrado,37.92429174135297,37.92429174135297,37.92429174135297,124033,124033,124033
2024-09-29,Caatinga,34.28842459641989,34.28842459641989,35.16023923091047,403496,403496,308266
2024-10-07,Mata Atlântica,31.210000298734016,31.210000298734016,32.845147852609216,95213,95213,60624
2024-10-07,Cerrado,37.960554093900406,37.960554093900406,37.941741288941564,120798,120798,74958
2024-10-07,Caatinga,37.09818192265981,37.09818192265981,37.17883609118461,385608,385608,336641
2024-10-15,Mata Atlântica,30.1387453487728,30.1387453487728,34.79463971393541,49421,49421,7299
2024-10-15,Cerrado,33.77853024305035,33.77853024305035,34.26007516262574,102192,102192,71084
2024-10-15,Caatinga,33.81457598485862,33.81457598485862,35.273704050622825,309309,309309,170162
2024-10-23,Mata Atlântica,30.182443624334876,30.182443624334876,32.534856748856555,120271,120271,35981
2024-10-23,Cerrado,36.11949282480701,36.11949282480701,36.11407114763061,123973,123973,94838
2024-10-23,Caatinga,35.30198590399887,35.30198590399887,35.55020427729165,412525,412525,344474
2024-10-31,Mata Atlântica,28.316532413068288,28.316532413068288,29.16588210686801,35567,35567,868
2024-10-31,Cerrado,35.331715967095235,35.331715967095235,35.56804585127876,84589,84589,44601
2024-10-31,Caatinga,35.235766170792466,35.235766170792466,35.29552891103135,307586,307586,201140
2024-11-08,Mata Atlântica,29.245222968379668,29.245222968379668,30.604302106690593,64384,64384,21451
2024-11-08,Cerrado,32.39790184294801,32.39790184294801,34.98004235082875,26799,26799,4565
2024-11-08,Caatinga,35.402696129287904,35.402696129287904,36.105410640992616,234452,234452,134514
2024-11-16,Mata Atlântica,29.563710154048696,29.563710154048696,31.148028370847253,81162,81162,30617
2024-11-16,Cerrado,32.50091697074453,32.50091697074453,32.4095752285176,122875,122875,92865
2024-11-16,Caatinga,33.12305303442926,33.12305303442926,33.000363622999366,355154,355154,254267
2024-11-24,Mata Atlântica,28.34306480435439,28.34306480435439,29.358360369475722,65139,65139,20015
2024-11-24,Cerrado,31.05776683423256,31.05776683423256,30.915039404080087,116645,116645,60494
2024-11-24,Caatinga,31.03979151182444,31.03979151182444,31.06732989025659,346641,346641,258894
2024-12-02,Mata Atlântica,28.892479573270318,28.892479573270318,30.34913066864241,121832,121832,31569
2024-12-02,Cerrado,31.94814373550854,31.94814373550854,31.889596578805424,124035,124035,116869
2024-12-02,Caatinga,31.349888977669988,31.349888977669988,31.12852100096282,386862,386862,238626
2024-12-10,Mata Atlântica,29.00276868955815,29.00276868955815,31.40188295060714,99407,99407,11233
2024-12-10,Cerrado,32.133001517280384,32.133001517280384,32.1111844589287,122522,122522,95428
2024-12-10,Caatinga,33.29092341231243,33.29092341231243,33.4412844952092,375325,375325,293241
2024-12-18,Mata Atlântica,28.76598903991016,28.76598903991016,30.800223963080693,88700,88700,13929
2024-12-18,Cerrado,29.237030276348957,29.237030276348957,29.660132957878794,101615,101615,42308
2024-12-18,Caatinga,32.85385487830099,32.85385487830099,32.81379960601633,365559,365559,218279
2024-12-26,Mata Atlântica,29.289339369867776,29.289339369867776,30.16638392103225,113546,113546,34269
2024-12-26,Cerrado,29.157110266022407,29.157110266022407,29.44122801135831,109233,109233,74433
2024-12-26,Caatinga,33.063870508470664,33.063870508470664,33.1796172568649,406885,406885,338808
2025-01-01,Mata Atlântica,30.761358324801417,30.761358324801417,33.12623066625746,83889,83889,28429
2025-01-01,Cerrado,28.752798130739688,28.752798130739688,29.156925667806867,90238,90238,58431
2025-01-01,Caatinga,33.64964790003373,33.64964790003373,33.89333037354296,399578,399578,327977
2025-01-09,Mata Atlântica,25.690134537855677,25.690134537855677,27.09422470738513,39902,39902,2258
2025-01-09,Cerrado,26.563360294560738,26.563360294560738,28.53068169655213,12211,12211,3189
2025-01-09,Caatinga,23.87819487081991,23.87819487081991,25.89046759469621,10181,10181,100
2025-01-17,Mata Atlântica,27.714093924321382,27.714093924321382,28.39315784385925,119322,119322,39470
2025-01-17,Cerrado,27.226960534743725,27.226960534743725,27.39762470477615,123964,123964,105864
2025-01-17,Caatinga,28.007938743506973,28.007938743506973,28.05935074662486,406644,406644,231462
2025-01-25,Mata Atlântica,26.90821126625705,26.90821126625705,27.496519847458313,116004,116004,19552
2025-01-25,Cerrado,27.213483377996607,27.213483377996607,28.142580324511034,121394,121394,61192
2025-01-25,Caatinga,27.689785910451945,27.689785910451945,28.071816657555885,371108,371108,176772
2025-02-02,Mata Atlântica,27.642312061671458,27.642312061671458,28.25553388268291,124418,124418,15412
2025-02-02,Cerrado,26.980460598997965,26.980460598997965,27.400932025495916,123578,123578,97957
2025-02-02,Caatinga,28.111169908298567,28.111169908298567,28.51422469496413,406275,406275,203579
2025-02-10,Mata Atlântica,25.771341143869645,25.771341143869645,27.23551089357652,107643,107643,5828
2025-02-10,Cerrado,27.82923341276221,27.82923341276221,28.037108832381794,123966,123966,105624
2025-02-10,Caatinga,28.75175851229476,28.75175851229476,28.96332911221475,392623,392623,216929
2025-02-18,Mata Atlântica,26.074487243240817,26.074487243240817,28.74108533350485,96692,96692,7177
2025-02-18,Cerrado,28.522817159791266,28.522817159791266,28.75540881103574,123725,123725,103484
2025-02-18,Caatinga,29.24872055718696,29.24872055718696,29.63983598186842,385652,385652,201680
2025-02-26,Mata Atlântica,24.417437550977606,24.417437550977606,25.64972996902404,90074,90074,10972
2025-02-26,Cerrado,28.29697684628575,28.29697684628575,28.787964835350973,122919,122919,95297
2025-02-26,Caatinga,27.748941219961313,27.748941219961313,29.259125327433253,287051,287051,129879
2025-03-06,Mata Atlântica,26.29658129714969,26.29658129714969,27.328346376776896,115233,115233,17030
2025-03-06,Cerrado,29.55733878079321,29.55733878079321,29.732817397370194,124033,124033,113509
2025-03-06,Caatinga,29.075275606669024,29.075275606669024,29.474928498728534,394642,394642,229841
2025-03-14,Mata Atlântica,27.61399802162149,27.61399802162149,28.459929655841425,127356,127356,31820
2025-03-14,Cerrado,31.424405718194553,31.424405718194553,31.467323691019512,123894,123894,111798
2025-03-14,Caatinga,31.110903897714632,31.110903897714632,31.449434357580152,412387,412387,261611
2025-03-22,Mata Atlântica,26.894754920455277,26.894754920455277,28.786312466502462,112185,112185,20973
2025-03-22,Cerrado,28.178259476795656,28.178259476795656,28.577413359659833,112299,112299,73941
2025-03-22,Caatinga,31.217039304932406,31.217039304932406,31.63996844657808,395531,395531,279659
2025-03-30,Mata Atlântica,27.008047021572118,27.008047021572118,27.99066040909328,121677,121677,35432
2025-03-30,Cerrado,29.47453084200045,29.47453084200045,29.628148613194103,123991,123991,115250
2025-03-30,Caatinga,30.708809724095804,30.708809724095804,30.877939883690765,395503,395503,275272
2025-04-07,Mata Atlântica,26.273840578878342,26.273840578878342,26.26495721508151,106427,106427,33445
2025-04-07,Cerrado,27.679445396964255,27.679445396964255,28.30838844039367,92859,92859,41696
2025-04-07,Caatinga,30.9945725090017,30.9945725090017,31.54067985614237,337259,337259,191648
2025-04-15,Mata Atlântica,27.2325390769841,27.2325390769841,27.432631260306323,113732,113732,42503
2025-04-15,Cerrado,28.233810523173386,28.233810523173386,28.50707792815667,121149,121149,90008
2025-04-15,Caatinga,30.36423785717023,30.36423785717023,30.49262569797909,407818,407818,329096
2025-04-23,Mata Atlântica,25.27291741344538,25.27291741344538,25.531981479112737,94015,94015,30185
2025-04-23,Cerrado,27.394848958044857,27.394848958044857,27.583895945503937,122577,122577,91350
2025-04-23,Caatinga,29.42950569847727,29.42950569847727,29.85823583063186,385295,385295,281374
2025-05-01,Mata Atlântica,23.70260730646241,23.70260730646241,24.439592699155202,72684,72684,29481
2025-05-01,Cerrado,26.366143153800927,26.366143153800927,26.450380008851898,124001,124001,118452
2025-05-01,Caatinga,27.137411579612195,27.137411579612195,27.549563460174564,359830,359830,249712
2025-05-09,Mata Atlântica,24.50592394988627,24.50592394988627,24.82732308417166,106144,106144,41042
2025-05-09,Cerrado,26.72382803510255,26.72382803510255,26.785181055236684,124006,124006,120331
2025-05-09,Caatinga,26.549351842613564,26.549351842613564,27.203594374159042,339492,339492,185425
2025-05-17,Mata Atlântica,23.17770174832749,23.17770174832749,24.071541878284464,117041,117041,41514
2025-05-17,Cerrado,25.628940217698013,25.628940217698013,25.83465308087385,123984,123984,106299
2025-05-17,Caatinga,25.98948873405784,25.98948873405784,27.218663549385756,353042,353042,222489
2025-05-25,Mata Atlântica,23.166587484171078,23.166587484171078,24.091456897585935,95208,95208,24284
2025-05-25,Cerrado,26.688085003402005,26.688085003402005,26.73592154280799,124032,124032,122151
2025-05-25,Caatinga,26.874400060296928,26.874400060296928,28.2359097019379,381299,381299,228678
2025-06-02,Mata Atlântica,22.687215710135487,22.687215710135487,23.038151120856817,123362,123362,69726
2025-06-02,Cerrado,26.429341532543933,26.429341532543933,26.459684726178594,124032,124032,120126
2025-06-02,Caatinga,26.13288226065766,26.13288226065766,26.467916672282968,409477,409477,333146
2025-06-10,Mata Atlântica,22.13388224925769,22.13388224925769,22.25676001547024,103978,103978,40872
2025-06-10,Cerrado,25.68810460864014,25.68810460864014,25.745789539979306,124034,124034,120540
2025-06-10,Caatinga,26.28007954159631,26.28007954159631,26.809229146222574,346858,346858,244092
2025-06-18,Mata Atlântica,23.001694495186943,23.001694495186943,23.095408632762766,127739,127739,91369
2025-06-18,Cerrado,26.76748428128187,26.76748428128187,26.795345994616138,124035,124035,123255
2025-06-18,Caatinga,25.724390629516417,25.724390629516417,26.522871215671007,411221,411221,301650
2025-06-26,Mata Atlântica,22.232832827054242,22.232832827054242,22.395949121145136,126185,126185,83211
2025-06-26,Cerrado,26.029838369659704,26.029838369659704,26.084541906488088,124035,124035,122221
2025-06-26,Caatinga,24.991161420055832,24.991161420055832,25.80129269762555,369618,369618,272072
2025-07-04,Mata Atlântica,21.33538910553556,21.33538910553556,21.377019399893733,124217,124217,88438
2025-07-04,Cerrado,26.03029215953766,26.03029215953766,26.032050927886555,124035,124035,123942
2025-07-04,Caatinga,24.901221072257123,24.901221072257123,26.19727534587197,360714,360714,246440
2025-07-12,Mata Atlântica,20.87223158263883,20.87223158263883,22.1909147372259,93732,93732,29274
2025-07-12,Cerrado,26.580857038821026,26.580857038821026,26.618314634361866,124032,124032,123094
2025-07-12,Caatinga,25.13703142585717,25.13703142585717,26.685812290215413,383124,383124,224082
2025-07-20,Mata Atlântica,22.86117511087893,22.86117511087893,23.266379105004088,122972,122972,53106
2025-07-20,Cerrado,27.933066429205258,27.933066429205258,28.0195044312218,124035,124035,121851
2025-07-20,Caatinga,26.33265037971563,26.33265037971563,27.723649008320773,390197,390197,246531
2025-07-28,Mata Atlântica,23.27350400061104,23.27350400061104,23.560785558743085,127539,127539,90536
2025-07-28,Cerrado,27.8626037361454,27.8626037361454,27.862750069293362,124035,124035,123993
2025-07-28,Caatinga,27.164165450193934,27.164165450193934,27.45828161294996,409557,409557,344647
2025-08-05,Mata Atlântica,22.62940831350979,22.62940831350979,22.72042855809658,124176,124176,68780
2025-08-05,Cerrado,28.898755190901564,28.898755190901564,28.902238962948957,124035,124035,123633
2025-08-05,Caatinga,28.232044977521767,28.232044977521767,28.606034324744904,410895,410895,342731
2025-08-13,Mata Atlântica,22.642049000052968,22.642049000052968,22.845508989514517,126695,126695,66388
2025-08-13,Cerrado,28.530832409580327,28.530832409580327,28.6046955542331,124035,124035,121225
2025-08-13,Caatinga,26.93024035842788,26.93024035842788,28.402647418263246,401069,401069,230169
2025-08-21,Mata Atlântica,23.0144511797711,23.0144511797711,23.87278212317629,106705,106705,26399
2025-08-21,Cerrado,30.208159938503726,30.208159938503726,30.256078180044412,123994,123994,123042
2025-08-21,Caatinga,28.007767989758065,28.007767989758065,29.55058326766993,363558,363558,240391
2025-08-29,Mata Atlântica,22.83934258666316,22.83934258666316,23.303982976231342,120481,120481,23687
2025-08-29,Cerrado,29.763596810028375,29.763596810028375,29.88348253114697,123627,123627,121513
2025-08-29,Caatinga,27.512663211459387,27.512663211459387,29.650821300834995,386189,386189,199101
2025-09-06,Mata Atlântica,25.223778853334974,25.223778853334974,25.658485212023347,125653,125653,38831
2025-09-06,Cerrado,32.28405041923821,32.28405041923821,32.28662756923907,124035,124035,123977
2025-09-06,Caatinga,29.843821522004003,29.843821522004003,30.772244978657575,405202,405202,281874
2025-09-14,Mata Atlântica,24.850305717443284,24.850305717443284,25.924440862132123,112889,112889,20203
2025-09-14,Cerrado,33.68122670957207,33.68122670957207,33.68701639216425,124035,124035,123673
2025-09-14,Caatinga,30.457289502267276,30.457289502267276,31.769974515259005,387717,387717,264809
2025-09-22,Mata Atlântica,25.263782651251464,25.263782651251464,26.11914729957366,117536,117536,61126
2025-09-22,Cerrado,33.388757917569954,33.388757917569954,33.41709554094192,124035,124035,122975
2025-09-22,Caatinga,31.492352476499168,31.492352476499168,32.340352212727936,368266,368266,273116
2025-09-30,Mata Atlântica,25.335155022123647,25.335155022123647,25.93608840581217,102593,102593,22163
2025-09-30,Cerrado,34.88383054884345,34.88383054884345,34.88616192372432,124035,124035,123987
2025-09-30,Caatinga,31.43749304671151,31.43749304671151,32.5941172204869,381121,381121,262109
2025-10-08,Mata Atlântica,26.269162272726,26.269162272726,29.150497862275774,91000,91000,13615
2025-10-08,Cerrado,36.21389491667939,36.21389491667939,36.23277568901933,124014,124014,122397
2025-10-08,Caatinga,32.69734150374762,32.69734150374762,33.945345340573944,381642,381642,266288
2025-10-16,Mata Atlântica,28.182771284590963,28.182771284590963,31.268558668113506,80764,80764,15781
2025-10-16,Cerrado,35.25488955987591,35.25488955987591,35.40459497777808,124035,124035,112486
2025-10-16,Caatinga,34.27192045728807,34.27192045728807,34.66604828385753,399445,399445,316642
2025-10-24,Mata Atlântica,25.197819952013983,25.197819952013983,27.223512812438255,116735,116735,9048
2025-10-24,Cerrado,35.30613498772827,35.30613498772827,35.32423161323763,124035,124035,123616
2025-10-24,Caatinga,31.834093202853364,31.834093202853364,33.378033003074044,394440,394440,241906
2025-11-01,Mata Atlântica,25.51921660810994,25.51921660810994,29.822148944966507,46585,46585,8307
2025-11-01,Cerrado,33.97240422790832,33.97240422790832,34.06020934142364,71546,71546,31090
2025-11-01,Caatinga,34.64284292632929,34.64284292632929,34.87120251580537,329298,329298,209442
2025-11-09,Mata Atlântica,27.4293473863372,27.4293473863372,29.244622238391837,106023,106023,21777
2025-11-09,Cerrado,35.148946690042536,35.148946690042536,35.25789869413252,123589,123589,121338
2025-11-09,Caatinga,32.85132743187248,32.85132743187248,33.244801836198526,402553,402553,302180
2025-11-17,Mata Atlântica,26.67996241332756,26.67996241332756,27.10550187398967,62167,62167,13127
2025-11-17,Cerrado,35.77752805556847,35.77752805556847,35.716625428532,120323,120323,92496
2025-11-17,Caatinga,34.35630801971677,34.35630801971677,34.94641914452832,375999,375999,300584
2025-11-25,Mata Atlântica,26.22118855143857,26.22118855143857,26.798457636041796,103432,103432,36804
2025-11-25,Cerrado,29.415563576614375,29.415563576614375,30.24155431194358,52018,52018,33833
2025-11-25,Caatinga,29.8070107250285,29.8070107250285,29.93522128091339,330225,330225,186601
2025-12-03,Mata Atlântica,24.903300697377436,24.903300697377436,24.66545521117373,60413,60413,5860
2025-12-03,Cerrado,27.519649176538717,27.519649176538717,28.183628895994687,60961,60961,34881
2025-12-03,Caatinga,29.022964860331548,29.022964860331548,29.802450620378973,304971,304971,192255
2025-12-11,Mata Atlântica,26.739439941301356,26.739439941301356,28.14052066469497,113233,113233,34642
2025-12-11,Cerrado,28.009045840266793,28.009045840266793,27.96133529619906,57489,57489,20863
2025-12-11,Caatinga,29.04506942294635,29.04506942294635,30.060420897456467,302583,302583,160714
2025-12-19,Mata Atlântica,25.61067038220538,25.61067038220538,26.86209391586492,77632,77632,6655
2025-12-19,Cerrado,28.773568077780784,28.773568077780784,29.13068729698739,118370,118370,89355
2025-12-19,Caatinga,28.32090952642142,28.32090952642142,29.027921815170547,309106,309106,173786
2025-12-27,Mata Atlântica,27.64009177909082,27.64009177909082,28.79662510438699,99154,99154,18474
2025-12-27,Cerrado,30.642881930309585,30.642881930309585,30.827010510981104,123735,123735,110127
2025-12-27,Caatinga,31.28293780058675,31.28293780058675,31.340410350281754,355895,355895,276964
