
#################  Rodada 1 / 150  0.67 %
Parâmetros ('EV_MA', 'TST_MA', 'WAI_MA', 'saz_sin', 'saz_cos')
Linhas de Treino [0, 1, 2, 3, 4, 8, 10, 11, 12, 13, 14, 15, 16, 18, 19, 20, 21, 22, 23, 26, 27, 28, 29, 30, 31, 32, 34, 35, 36, 37, 38, 39, 40, 41, 43, 44, 47, 48, 49, 50, 51, 52, 53, 54, 55, 56, 57, 58, 61, 62, 64, 65, 66, 67, 68, 69, 70, 71, 72, 74, 76, 79, 80, 81, 83, 85, 86, 87, 88, 89, 91, 94, 95, 96, 98, 99, 100, 102, 103, 104, 105, 106, 107, 109, 110, 112, 113, 114, 115, 117, 118, 119, 120, 121, 122, 123, 125, 127, 128, 129, 130, 131, 132, 133, 134, 135, 136, 137, 138, 140, 141, 142, 143, 144, 145, 146, 147, 149, 150, 151, 152, 153, 155, 156, 157, 159, 160, 161, 162, 163, 164, 165, 166, 168, 169, 170, 171, 172, 173, 174, 177, 178, 179, 180, 184, 186, 187, 188, 189, 190, 191, 193, 194, 196, 197, 198, 199, 200, 201, 202, 203, 204, 205, 206, 207, 209, 210, 212, 213, 214, 215, 216, 217, 218, 220, 221, 223, 225, 226, 227, 228, 229, 230, 231, 232, 235, 236, 238, 239, 240, 241, 242, 243, 244, 246, 247, 248, 249, 250, 251, 252, 253, 254, 255, 256, 257, 258, 259, 260, 261, 262, 264, 265, 266, 267, 268, 269, 270, 271, 272, 273, 274, 276, 277, 280, 281, 282, 284, 286, 287, 288, 289, 290, 291, 293, 295, 296]
Linhas de Teste [5, 6, 7, 9, 17, 24, 25, 33, 42, 45, 46, 59, 60, 63, 73, 75, 77, 78, 82, 84, 90, 92, 93, 97, 101, 108, 111, 116, 124, 126, 139, 148, 154, 158, 167, 175, 176, 181, 182, 183, 185, 192, 195, 208, 211, 219, 222, 224, 233, 234, 237, 245, 263, 275, 278, 279, 283, 285, 292, 294]
R2 de Treino = 80.96
R2 de Teste = 61.29
Coeficientes (pesos): [ 21.81176265  -9.67521864 -15.76723987  -8.80230063  -8.73203488
   0.64830203  -6.18697424  -4.69697408   0.04376453   3.38700875
  -1.06901277   2.23237576   1.72578705   3.54404312   2.5334449
   3.50109838  -0.4560255   -0.74503542   8.78140587   1.6700641 ]
Interceptor (constante): 129.80850815325516

#################  Rodada 2 / 150  1.33 %
Parâmetros ('EV_MA', 'TST_MA', 'WAI_MA', 'saz_sin', 'saz_cos')
Linhas de Treino [0, 1, 2, 3, 4, 5, 6, 7, 8, 9, 11, 12, 13, 14, 17, 20, 21, 23, 24, 25, 26, 27, 28, 29, 32, 33, 34, 35, 36, 38, 39, 40, 41, 42, 43, 44, 45, 46, 47, 48, 49, 50, 51, 52, 53, 54, 57, 58, 59, 60, 61, 62, 63, 64, 65, 70, 71, 73, 74, 75, 77, 78, 80, 81, 82, 83, 84, 85, 87, 88, 89, 90, 91, 92, 93, 94, 95, 97, 98, 99, 100, 101, 102, 103, 105, 106, 107, 108, 110, 111, 112, 115, 116, 117, 120, 121, 122, 123, 124, 126, 127, 128, 129, 130, 131, 133, 134, 135, 136, 138, 139, 140, 141, 142, 143, 145, 148, 149, 150, 151, 152, 153, 154, 155, 156, 158, 160, 161, 162, 163, 164, 165, 166, 167, 169, 171, 172, 173, 174, 175, 176, 179, 181, 182, 183, 185, 186, 187, 188, 189, 190, 191, 192, 193, 194, 195, 196, 198, 199, 200, 201, 204, 205, 206, 207, 208, 209, 211, 212, 213, 214, 215, 216, 217, 218, 219, 220, 222, 224, 225, 227, 229, 230, 231, 232, 233, 234, 235, 236, 237, 238, 239, 240, 241, 243, 245, 247, 248, 249, 250, 251, 252, 254, 255, 256, 257, 258, 260, 261, 262, 263, 264, 265, 268, 269, 270, 271, 272, 274, 275, 276, 278, 279, 281, 282, 283, 284, 285, 287, 288, 290, 291, 292, 293, 294, 295, 296]
Linhas de Teste [10, 15, 16, 18, 19, 22, 30, 31, 37, 55, 56, 66, 67, 68, 69, 72, 76, 79, 86, 96, 104, 109, 113, 114, 118, 119, 125, 132, 137, 144, 146, 147, 157, 159, 168, 170, 177, 178, 180, 184, 197, 202, 203, 210, 221, 223, 226, 228, 242, 244, 246, 253, 259, 266, 267, 273, 277, 280, 286, 289]
R2 de Treino = 78.24
R2 de Teste = 78.24
Coeficientes (pesos): [ 21.37461208 -11.05412962 -15.70838844  -8.05792839  -6.87983393
  -1.52718402  -4.61621369  -0.81577752   0.28808976   5.15237166
   0.71233667   0.28301533   1.11646589   0.77320321   0.06966416
   3.94335588  -2.33294479  -1.30543632   8.46568529   1.24064386]
Interceptor (constante): 131.52523580284583

#################  Rodada 3 / 150  2.0 %
Parâmetros ('EV_MA', 'TST_MA', 'WAI_MA', 'saz_sin', 'saz_cos')
Linhas de Treino [1, 3, 4, 5, 6, 7, 8, 9, 10, 11, 13, 14, 15, 16, 17, 18, 19, 20, 21, 22, 23, 24, 25, 27, 30, 31, 32, 33, 34, 36, 37, 39, 40, 42, 43, 44, 45, 46, 47, 48, 49, 50, 52, 53, 54, 55, 56, 58, 59, 60, 61, 62, 63, 64, 66, 67, 68, 69, 70, 71, 72, 73, 75, 76, 77, 78, 79, 80, 81, 82, 84, 86, 87, 88, 90, 91, 92, 93, 94, 96, 97, 98, 99, 100, 101, 102, 103, 104, 105, 106, 108, 109, 110, 111, 113, 114, 116, 118, 119, 121, 122, 123, 124, 125, 126, 128, 130, 131, 132, 133, 134, 135, 137, 138, 139, 144, 145, 146, 147, 148, 149, 150, 151, 153, 154, 156, 157, 158, 159, 160, 161, 162, 163, 166, 167, 168, 169, 170, 171, 174, 175, 176, 177, 178, 180, 181, 182, 183, 184, 185, 187, 188, 189, 190, 191, 192, 195, 197, 198, 199, 200, 201, 202, 203, 205, 207, 208, 210, 211, 212, 214, 215, 216, 217, 219, 220, 221, 222, 223, 224, 226, 227, 228, 229, 231, 232, 233, 234, 235, 236, 237, 238, 241, 242, 243, 244, 245, 246, 247, 251, 252, 253, 254, 255, 256, 257, 258, 259, 260, 261, 263, 264, 266, 267, 269, 270, 271, 272, 273, 275, 276, 277, 278, 279, 280, 283, 284, 285, 286, 287, 288, 289, 291, 292, 293, 294, 295, 296]
Linhas de Teste [0, 2, 12, 26, 28, 29, 35, 38, 41, 51, 57, 65, 74, 83, 85, 89, 95, 107, 112, 115, 117, 120, 127, 129, 136, 140, 141, 142, 143, 152, 155, 164, 165, 172, 173, 179, 186, 193, 194, 196, 204, 206, 209, 213, 218, 225, 230, 239, 240, 248, 249, 250, 262, 265, 268, 274, 281, 282, 290]
R2 de Treino = 76.62
R2 de Teste = 82.21
Coeficientes (pesos): [ 23.72770784 -10.86758282 -16.52732804  -8.90330884 -10.48975812
  -0.66779133  -4.40756376  -2.33065985  -2.26240347   2.912169
   0.24241253   1.27798974   0.26600635   3.10876648   2.26899561
   4.01967176   1.02620073  -1.80121032  10.7281606    0.73548105]
Interceptor (constante): 133.85084791078376

#################  Rodada 4 / 150  2.67 %
Parâmetros ('EV_MA', 'TST_MA', 'WAI_MA', 'saz_sin', 'saz_cos')
Linhas de Treino [0, 1, 2, 3, 5, 6, 7, 9, 10, 12, 13, 15, 16, 17, 18, 19, 20, 21, 22, 24, 25, 26, 28, 29, 30, 31, 33, 34, 35, 37, 38, 41, 42, 43, 45, 46, 48, 49, 50, 51, 52, 53, 54, 55, 56, 57, 58, 59, 60, 63, 65, 66, 67, 68, 69, 71, 72, 73, 74, 75, 76, 77, 78, 79, 80, 82, 83, 84, 85, 86, 87, 88, 89, 90, 91, 92, 93, 95, 96, 97, 99, 101, 102, 103, 104, 105, 106, 107, 108, 109, 111, 112, 113, 114, 115, 116, 117, 118, 119, 120, 121, 124, 125, 126, 127, 129, 130, 131, 132, 133, 134, 136, 137, 139, 140, 141, 142, 143, 144, 145, 146, 147, 148, 149, 151, 152, 154, 155, 157, 158, 159, 160, 161, 163, 164, 165, 166, 167, 168, 169, 170, 172, 173, 174, 175, 176, 177, 178, 179, 180, 181, 182, 183, 184, 185, 186, 187, 188, 189, 190, 191, 192, 193, 194, 195, 196, 197, 202, 203, 204, 205, 206, 208, 209, 210, 211, 213, 214, 217, 218, 219, 220, 221, 222, 223, 224, 225, 226, 228, 230, 233, 234, 235, 237, 239, 240, 241, 242, 243, 244, 245, 246, 247, 248, 249, 250, 252, 253, 257, 259, 262, 263, 265, 266, 267, 268, 270, 273, 274, 275, 276, 277, 278, 279, 280, 281, 282, 283, 284, 285, 286, 289, 290, 291, 292, 294, 295, 296]
Linhas de Teste [4, 8, 11, 14, 23, 27, 32, 36, 39, 40, 44, 47, 61, 62, 64, 70, 81, 94, 98, 100, 110, 122, 123, 128, 135, 138, 150, 153, 156, 162, 171, 198, 199, 200, 201, 207, 212, 215, 216, 227, 229, 231, 232, 236, 238, 251, 254, 255, 256, 258, 260, 261, 264, 269, 271, 272, 287, 288, 293]
R2 de Treino = 78.82
R2 de Teste = 74.39
Coeficientes (pesos): [ 20.63832886 -10.51514395 -14.17997306  -8.92505968  -6.50975175
   0.60978771  -3.35752194  -3.46589489  -1.29913063   1.91293464
   1.56679811   0.65427903   1.81832216  -3.13210005   0.79231596
   3.87572702  -2.93006224  -1.98949582   9.34350357   1.65764086]
Interceptor (constante): 133.11848193767605

#################  Rodada 5 / 150  3.33 %
Parâmetros ('EV_MA', 'TST_MA', 'WAI_MA', 'saz_sin', 'saz_cos')
Linhas de Treino [0, 2, 4, 5, 6, 7, 8, 9, 10, 11, 12, 14, 15, 16, 17, 18, 19, 22, 23, 24, 25, 26, 27, 28, 29, 30, 31, 32, 33, 35, 36, 37, 38, 39, 40, 41, 42, 44, 45, 46, 47, 51, 55, 56, 57, 59, 60, 61, 62, 63, 64, 65, 66, 67, 68, 69, 70, 72, 73, 74, 75, 76, 77, 78, 79, 81, 82, 83, 84, 85, 86, 89, 90, 92, 93, 94, 95, 96, 97, 98, 100, 101, 104, 107, 108, 109, 110, 111, 112, 113, 114, 115, 116, 117, 118, 119, 120, 122, 123, 124, 125, 126, 127, 128, 129, 132, 135, 136, 137, 138, 139, 140, 141, 142, 143, 144, 146, 147, 148, 150, 152, 153, 154, 155, 156, 157, 158, 159, 162, 164, 165, 167, 168, 170, 171, 172, 173, 175, 176, 177, 178, 179, 180, 181, 182, 183, 184, 185, 186, 192, 193, 194, 195, 196, 197, 198, 199, 200, 201, 202, 203, 204, 206, 207, 208, 209, 210, 211, 212, 213, 215, 216, 218, 219, 221, 222, 223, 224, 225, 226, 227, 228, 229, 230, 231, 232, 233, 234, 236, 237, 238, 239, 240, 242, 244, 245, 246, 248, 249, 250, 251, 253, 254, 255, 256, 258, 259, 260, 261, 262, 263, 264, 265, 266, 267, 268, 269, 271, 272, 273, 274, 275, 277, 278, 279, 280, 281, 282, 283, 285, 286, 287, 288, 289, 290, 292, 293, 294]
Linhas de Teste [1, 3, 13, 20, 21, 34, 43, 48, 49, 50, 52, 53, 54, 58, 71, 80, 87, 88, 91, 99, 102, 103, 105, 106, 121, 130, 131, 133, 134, 145, 149, 151, 160, 161, 163, 166, 169, 174, 187, 188, 189, 190, 191, 205, 214, 217, 220, 235, 241, 243, 247, 252, 257, 270, 276, 284, 291, 295, 296]
R2 de Treino = 80.06
R2 de Teste = 62.99
Coeficientes (pesos): [ 2.09871347e+01 -1.17291736e+01 -1.49818845e+01 -8.13503751e+00
 -7.16580570e+00 -3.46618038e-01 -4.59437954e+00 -2.10719503e+00
 -1.22060898e+00  2.89819335e+00 -1.56933260e+00 -1.36528730e+00
 -2.35759471e-01  2.22146904e+00  9.52026202e-03  2.80607420e+00
 -8.04589727e-01 -7.93637512e-01  9.41559832e+00  9.07096792e-01]
Interceptor (constante): 132.2855090507464

#################  Rodada 6 / 150  4.0 %
Parâmetros ('EV_MA', 'TST_MA', 'WAI_MA', 'saz_sin', 'saz_cos')
Linhas de Treino [0, 1, 3, 4, 5, 6, 7, 9, 11, 12, 14, 15, 16, 17, 18, 19, 20, 21, 22, 23, 25, 26, 28, 31, 32, 33, 34, 35, 36, 37, 38, 39, 42, 43, 45, 46, 47, 48, 49, 50, 51, 52, 53, 54, 56, 57, 59, 60, 61, 62, 63, 64, 65, 66, 67, 68, 69, 73, 75, 77, 79, 82, 83, 84, 85, 88, 89, 90, 91, 92, 93, 94, 95, 96, 97, 98, 99, 100, 101, 102, 103, 104, 105, 106, 107, 108, 110, 112, 113, 114, 115, 116, 117, 118, 119, 120, 121, 122, 123, 124, 125, 126, 127, 128, 129, 132, 134, 135, 136, 139, 140, 141, 142, 143, 144, 146, 147, 148, 149, 150, 151, 152, 153, 154, 155, 157, 159, 160, 161, 162, 163, 164, 165, 167, 168, 169, 171, 172, 173, 174, 175, 177, 178, 179, 180, 181, 185, 187, 188, 189, 190, 191, 193, 195, 196, 197, 198, 199, 200, 202, 203, 205, 206, 207, 209, 212, 213, 215, 216, 217, 218, 219, 220, 221, 222, 224, 225, 226, 227, 228, 229, 230, 231, 232, 233, 234, 235, 236, 237, 239, 241, 242, 245, 247, 248, 249, 250, 251, 252, 253, 254, 255, 256, 257, 258, 261, 262, 263, 264, 265, 266, 267, 268, 269, 271, 272, 273, 274, 275, 276, 277, 278, 279, 281, 282, 283, 284, 285, 286, 287, 288, 290, 291, 292, 293, 295, 296]
Linhas de Teste [2, 8, 10, 13, 24, 27, 29, 30, 40, 41, 44, 55, 58, 70, 71, 72, 74, 76, 78, 80, 81, 86, 87, 109, 111, 130, 131, 133, 137, 138, 145, 156, 158, 166, 170, 176, 182, 183, 184, 186, 192, 194, 201, 204, 208, 210, 211, 214, 223, 238, 240, 243, 244, 246, 259, 260, 270, 280, 289, 294]
R2 de Treino = 78.18
R2 de Teste = 78.83
Coeficientes (pesos): [ 21.10491498 -11.06697004 -15.97659624  -8.70698912  -8.28047825
  -0.30601751  -3.990434    -2.42814755  -1.02590922   2.61975372
  -0.62929725  -0.17233684   1.54861776   1.65669121   0.82600353
   3.81811489  -0.60227902  -1.48739373   8.64589187   1.26105851]
Interceptor (constante): 131.95133158474832

#################  Rodada 8 / 150  5.33 %
Parâmetros ('EV_MA', 'TST_MA', 'WAI_MA', 'saz_sin', 'saz_cos')
Linhas de Treino [1, 2, 3, 4, 5, 6, 7, 8, 10, 11, 12, 13, 14, 16, 17, 19, 20, 23, 24, 25, 26, 27, 29, 30, 31, 34, 35, 36, 37, 38, 39, 40, 41, 42, 43, 44, 45, 48, 49, 50, 52, 53, 55, 56, 57, 58, 59, 60, 62, 63, 64, 65, 66, 67, 69, 70, 71, 72, 73, 74, 76, 77, 78, 79, 80, 81, 82, 83, 85, 86, 87, 90, 91, 93, 94, 96, 97, 98, 100, 101, 102, 103, 104, 106, 107, 108, 109, 110, 111, 112, 113, 114, 115, 118, 120, 122, 124, 126, 127, 129, 130, 131, 133, 134, 135, 136, 137, 138, 141, 142, 143, 145, 146, 148, 149, 150, 151, 152, 154, 155, 156, 157, 158, 160, 162, 163, 164, 165, 166, 169, 170, 171, 172, 173, 174, 175, 176, 177, 179, 180, 181, 182, 183, 184, 185, 186, 187, 188, 189, 190, 191, 192, 193, 194, 196, 199, 200, 201, 203, 204, 205, 206, 207, 208, 209, 210, 211, 213, 214, 216, 217, 218, 219, 220, 221, 222, 223, 225, 228, 229, 231, 232, 233, 236, 237, 238, 239, 240, 242, 243, 244, 246, 247, 248, 249, 250, 252, 253, 254, 255, 256, 257, 258, 259, 260, 261, 262, 263, 264, 265, 266, 267, 268, 269, 270, 271, 272, 273, 274, 276, 277, 278, 279, 280, 281, 282, 283, 285, 286, 287, 288, 289, 290, 291, 292, 293, 294, 295]
Linhas de Teste [0, 9, 15, 18, 21, 22, 28, 32, 33, 46, 47, 51, 54, 61, 68, 75, 84, 88, 89, 92, 95, 99, 105, 116, 117, 119, 121, 123, 125, 128, 132, 139, 140, 144, 147, 153, 159, 161, 167, 168, 178, 195, 197, 198, 202, 212, 215, 224, 226, 227, 230, 234, 235, 241, 245, 251, 275, 284, 296]
R2 de Treino = 78.76
R2 de Teste = 73.79
Coeficientes (pesos): [ 21.96721866 -10.60617135 -14.87165699  -8.40662469  -7.75826981
  -0.63412507  -5.5045655   -2.57654756  -0.30757832   4.26737927
   0.39606656   0.69324975   1.49754142   2.01690203   1.37164665
   3.77220606  -0.51104603  -1.16570373   8.88383261   1.29407737]
Interceptor (constante): 130.66029199206557

#################  Rodada 9 / 150  6.0 %
Parâmetros ('EV_MA', 'TST_MA', 'WAI_MA', 'saz_sin', 'saz_cos')
Linhas de Treino [0, 1, 2, 3, 5, 6, 8, 9, 10, 11, 13, 15, 16, 17, 18, 20, 21, 22, 23, 24, 26, 27, 28, 29, 30, 31, 32, 33, 34, 36, 37, 39, 40, 41, 43, 44, 45, 46, 47, 48, 50, 51, 53, 54, 55, 57, 58, 60, 61, 63, 66, 67, 68, 70, 71, 72, 73, 74, 75, 76, 77, 78, 79, 80, 81, 82, 83, 84, 85, 86, 87, 88, 89, 90, 92, 94, 95, 96, 98, 99, 101, 103, 104, 105, 106, 109, 110, 111, 112, 113, 115, 116, 117, 118, 119, 120, 121, 122, 123, 125, 126, 127, 128, 129, 130, 131, 132, 133, 135, 137, 138, 139, 140, 144, 145, 146, 147, 148, 150, 153, 154, 155, 156, 157, 158, 159, 160, 161, 162, 163, 164, 165, 166, 167, 168, 170, 171, 173, 174, 176, 177, 178, 180, 181, 182, 183, 184, 186, 187, 188, 190, 191, 192, 193, 194, 195, 196, 197, 198, 200, 201, 202, 204, 205, 206, 208, 209, 210, 211, 212, 213, 214, 215, 216, 217, 219, 221, 222, 223, 224, 225, 226, 227, 229, 230, 231, 232, 233, 234, 235, 236, 237, 238, 239, 240, 241, 242, 243, 244, 245, 246, 247, 249, 251, 252, 253, 254, 255, 258, 259, 260, 261, 262, 263, 268, 269, 270, 272, 274, 275, 276, 277, 278, 280, 281, 282, 283, 284, 285, 286, 287, 289, 290, 291, 293, 294, 295, 296]
Linhas de Teste [4, 7, 12, 14, 19, 25, 35, 38, 42, 49, 52, 56, 59, 62, 64, 65, 69, 91, 93, 97, 100, 102, 107, 108, 114, 124, 134, 136, 141, 142, 143, 149, 151, 152, 169, 172, 175, 179, 185, 189, 199, 203, 207, 218, 220, 228, 248, 250, 256, 257, 264, 265, 266, 267, 271, 273, 279, 288, 292]
R2 de Treino = 77.33
R2 de Teste = 80.3
Coeficientes (pesos): [ 23.53887172  -9.43548089 -16.75782395  -9.49554522 -11.39821086
   0.22529027  -3.60559247  -2.5572843   -2.47251482   1.26364106
   1.13382444   0.92707357   0.4410799   -1.68981576   0.91262448
   4.45028202  -0.52013624  -3.1583328   12.26807769   2.96153877]
Interceptor (constante): 135.22270233689193

#################  Rodada 10 / 150  6.67 %
Parâmetros ('EV_MA', 'TST_MA', 'WAI_MA', 'saz_sin', 'saz_cos')
Linhas de Treino [0, 1, 2, 4, 6, 7, 8, 9, 10, 11, 12, 13, 14, 15, 18, 19, 20, 21, 22, 24, 25, 27, 28, 29, 30, 32, 33, 35, 38, 39, 40, 41, 42, 43, 44, 46, 47, 49, 51, 52, 54, 55, 56, 58, 59, 60, 61, 62, 63, 64, 65, 67, 68, 69, 70, 71, 72, 73, 74, 75, 76, 77, 78, 79, 80, 81, 82, 83, 84, 86, 87, 88, 89, 90, 91, 92, 93, 95, 97, 99, 100, 101, 102, 104, 105, 106, 107, 108, 109, 110, 111, 112, 114, 116, 117, 118, 119, 120, 121, 122, 123, 124, 125, 128, 130, 131, 132, 133, 134, 135, 136, 137, 138, 139, 140, 141, 142, 143, 144, 145, 147, 148, 149, 151, 152, 153, 155, 156, 158, 159, 161, 162, 163, 164, 165, 166, 167, 168, 169, 170, 172, 175, 176, 177, 178, 179, 181, 182, 183, 184, 185, 186, 188, 189, 192, 194, 195, 196, 197, 198, 199, 200, 201, 202, 203, 204, 205, 206, 207, 208, 209, 210, 211, 212, 213, 214, 215, 216, 218, 220, 221, 223, 224, 226, 227, 228, 230, 231, 234, 235, 236, 238, 239, 240, 241, 242, 243, 244, 245, 246, 247, 248, 249, 250, 251, 253, 256, 257, 258, 259, 260, 261, 264, 265, 266, 267, 268, 269, 270, 271, 273, 274, 275, 277, 279, 280, 281, 284, 286, 287, 288, 289, 290, 291, 292, 293, 294, 296]
Linhas de Teste [3, 5, 16, 17, 23, 26, 31, 34, 36, 37, 45, 48, 50, 53, 57, 66, 85, 94, 96, 98, 103, 113, 115, 126, 127, 129, 146, 150, 154, 157, 160, 171, 173, 174, 180, 187, 190, 191, 193, 217, 219, 222, 225, 229, 232, 233, 237, 252, 254, 255, 262, 263, 272, 276, 278, 282, 283, 285, 295]
R2 de Treino = 77.59
R2 de Teste = 78.9
Coeficientes (pesos): [ 21.10447027 -10.25789197 -15.07731846  -9.01219994  -7.63721438
   0.44739349  -3.49243806  -2.82787343  -1.0797956    1.93334045
  -0.52429441   0.38343736   0.39375239   1.26925766   1.64578687
   2.69125328  -0.94356265  -1.30097505   9.3175269    1.16820561]
Interceptor (constante): 132.79014919716866

#################  Rodada 11 / 150  7.33 %
Parâmetros ('EV_MA', 'TST_MA', 'WAI_MA', 'saz_sin', 'saz_cos')
Linhas de Treino [0, 2, 3, 4, 5, 6, 7, 8, 9, 10, 11, 13, 15, 16, 18, 19, 20, 21, 22, 24, 25, 26, 27, 28, 29, 31, 32, 33, 34, 37, 38, 40, 41, 42, 43, 45, 46, 48, 49, 50, 51, 52, 53, 54, 55, 56, 57, 58, 59, 60, 62, 63, 64, 65, 66, 68, 69, 71, 73, 74, 76, 77, 78, 79, 80, 81, 82, 83, 84, 85, 87, 89, 90, 91, 94, 96, 97, 98, 100, 101, 102, 104, 105, 107, 108, 109, 111, 112, 114, 115, 116, 117, 118, 119, 120, 121, 122, 124, 125, 126, 127, 128, 131, 132, 133, 135, 136, 137, 139, 140, 142, 143, 144, 145, 146, 147, 148, 150, 151, 152, 153, 154, 155, 156, 157, 158, 159, 160, 161, 162, 163, 164, 165, 166, 167, 168, 169, 171, 172, 173, 174, 176, 177, 179, 181, 182, 183, 184, 185, 186, 187, 188, 189, 190, 191, 193, 195, 196, 197, 198, 199, 201, 202, 203, 204, 206, 209, 210, 211, 212, 213, 214, 216, 217, 219, 220, 221, 222, 223, 224, 226, 227, 228, 229, 230, 232, 236, 237, 238, 240, 241, 242, 243, 244, 245, 246, 247, 248, 249, 250, 251, 252, 253, 256, 257, 258, 259, 260, 261, 262, 263, 264, 265, 266, 267, 268, 269, 270, 272, 273, 274, 275, 276, 277, 280, 281, 282, 283, 284, 286, 287, 288, 289, 290, 293, 294, 295]
Linhas de Teste [1, 12, 14, 17, 23, 30, 35, 36, 39, 44, 47, 61, 67, 70, 72, 75, 86, 88, 92, 93, 95, 99, 103, 106, 110, 113, 123, 129, 130, 134, 138, 141, 149, 170, 175, 178, 180, 192, 194, 200, 205, 207, 208, 215, 218, 225, 231, 233, 234, 235, 239, 254, 255, 271, 278, 279, 285, 291, 292, 296]
R2 de Treino = 78.02
R2 de Teste = 75.6
Coeficientes (pesos): [ 21.1176153  -10.56612177 -15.14162949  -8.16707041  -8.54060389
   0.46232415  -5.2600503   -3.65898522  -0.54457483   2.51851609
   0.29081995   0.4405353    0.88094891   1.4850904    0.95966112
   2.96782302  -0.38721356  -1.70366268   8.61246205   0.67346849]
Interceptor (constante): 133.28274550753832

#################  Rodada 12 / 150  8.0 %
Parâmetros ('EV_MA', 'TST_MA', 'WAI_MA', 'saz_sin', 'saz_cos')
Linhas de Treino [0, 1, 2, 3, 4, 5, 6, 7, 8, 9, 10, 11, 12, 13, 14, 15, 17, 18, 19, 22, 23, 25, 26, 27, 28, 29, 30, 31, 32, 33, 34, 35, 36, 37, 38, 39, 40, 43, 44, 45, 46, 47, 48, 49, 50, 52, 53, 54, 55, 56, 57, 58, 59, 60, 61, 62, 63, 64, 65, 67, 69, 70, 71, 72, 73, 74, 75, 77, 79, 81, 82, 84, 85, 86, 88, 89, 90, 91, 92, 93, 94, 95, 97, 98, 99, 100, 101, 102, 103, 104, 106, 108, 109, 110, 111, 112, 113, 114, 116, 117, 118, 121, 122, 123, 124, 125, 128, 129, 130, 131, 132, 133, 134, 135, 136, 138, 140, 141, 142, 143, 144, 145, 146, 147, 148, 149, 151, 152, 154, 155, 156, 157, 158, 159, 160, 163, 164, 166, 167, 168, 169, 170, 172, 173, 174, 175, 176, 177, 178, 179, 180, 181, 184, 185, 187, 188, 189, 190, 191, 192, 193, 194, 196, 197, 199, 200, 201, 202, 203, 205, 207, 208, 209, 210, 212, 214, 215, 216, 217, 218, 219, 221, 225, 226, 227, 228, 229, 230, 231, 232, 233, 234, 235, 236, 237, 238, 239, 241, 242, 243, 244, 246, 248, 249, 251, 252, 253, 254, 255, 256, 257, 258, 260, 262, 265, 266, 267, 268, 269, 271, 274, 278, 279, 280, 281, 282, 284, 285, 286, 289, 290, 291, 292, 293, 294, 295, 296]
Linhas de Teste [16, 20, 21, 24, 41, 42, 51, 66, 68, 76, 78, 80, 83, 87, 96, 105, 107, 115, 119, 120, 126, 127, 137, 139, 150, 153, 161, 162, 165, 171, 182, 183, 186, 195, 198, 204, 206, 211, 213, 220, 222, 223, 224, 240, 245, 247, 250, 259, 261, 263, 264, 270, 272, 273, 275, 276, 277, 283, 287, 288]
R2 de Treino = 79.59
R2 de Teste = 67.08
Coeficientes (pesos): [ 20.14491691 -11.22335602 -14.56779126  -8.30390047  -5.76932829
   0.11793384  -2.9952252   -1.35091518  -1.51304212   2.45149724
   1.19103718   0.6856182   -0.65615975  -2.01339927   0.10925213
   3.42655336  -3.09388442  -0.76759504  11.06012984   2.14129312]
Interceptor (constante): 132.52150142887737

#################  Rodada 13 / 150  8.67 %
Parâmetros ('EV_MA', 'TST_MA', 'WAI_MA', 'saz_sin', 'saz_cos')
Linhas de Treino [0, 1, 2, 4, 6, 7, 8, 9, 11, 12, 13, 14, 15, 16, 17, 18, 19, 20, 21, 23, 24, 27, 28, 29, 30, 32, 34, 35, 36, 38, 39, 40, 41, 42, 43, 44, 45, 46, 47, 48, 51, 53, 55, 57, 59, 60, 61, 66, 67, 68, 69, 70, 72, 73, 75, 76, 78, 79, 80, 81, 83, 86, 87, 88, 89, 90, 91, 92, 93, 95, 96, 99, 100, 101, 103, 105, 106, 107, 108, 110, 113, 114, 115, 116, 117, 118, 119, 120, 121, 123, 125, 126, 127, 129, 130, 131, 133, 134, 135, 137, 138, 139, 140, 141, 142, 143, 144, 145, 146, 147, 148, 149, 150, 151, 152, 153, 154, 155, 156, 158, 159, 160, 161, 162, 163, 164, 165, 166, 167, 169, 170, 171, 172, 173, 175, 177, 178, 180, 181, 182, 183, 184, 185, 186, 189, 190, 191, 192, 193, 194, 195, 198, 199, 200, 201, 202, 203, 204, 205, 206, 207, 208, 211, 212, 213, 214, 215, 216, 218, 219, 220, 222, 223, 224, 225, 226, 227, 228, 229, 231, 232, 233, 234, 235, 236, 238, 239, 240, 241, 242, 244, 245, 246, 247, 249, 250, 251, 252, 253, 254, 255, 256, 257, 258, 259, 260, 261, 262, 263, 264, 266, 267, 268, 270, 271, 272, 273, 274, 275, 276, 277, 278, 279, 280, 281, 282, 283, 284, 285, 286, 287, 288, 290, 291, 292, 293, 295, 296]
Linhas de Teste [3, 5, 10, 22, 25, 26, 31, 33, 37, 49, 50, 52, 54, 56, 58, 62, 63, 64, 65, 71, 74, 77, 82, 84, 85, 94, 97, 98, 102, 104, 109, 111, 112, 122, 124, 128, 132, 136, 157, 168, 174, 176, 179, 187, 188, 196, 197, 209, 210, 217, 221, 230, 237, 243, 248, 265, 269, 289, 294]
R2 de Treino = 76.75
R2 de Teste = 81.14
Coeficientes (pesos): [ 23.46418963  -9.73579092 -16.90223836  -8.26556402 -11.48522928
  -1.6640531   -4.51437412  -0.85748743  -1.69910051   3.74835388
  -0.90374151   0.3961233    1.5652763    3.64398358   1.02544032
   4.47275077   0.38788708  -1.79668771  10.2301146    1.30593662]
Interceptor (constante): 132.85929226020923

#################  Rodada 14 / 150  9.33 %
Parâmetros ('EV_MA', 'TST_MA', 'WAI_MA', 'saz_sin', 'saz_cos')
Linhas de Treino [0, 1, 3, 4, 5, 6, 8, 10, 12, 14, 16, 17, 18, 19, 20, 21, 22, 23, 24, 25, 26, 28, 30, 31, 33, 35, 36, 37, 38, 39, 41, 42, 43, 44, 46, 47, 49, 50, 51, 52, 54, 56, 57, 58, 60, 61, 62, 63, 64, 65, 66, 67, 68, 69, 70, 71, 72, 73, 74, 75, 76, 77, 78, 79, 80, 82, 83, 84, 85, 86, 87, 88, 90, 92, 93, 94, 95, 96, 97, 98, 99, 102, 103, 104, 105, 106, 107, 109, 110, 111, 112, 113, 115, 116, 117, 119, 120, 121, 122, 123, 124, 125, 126, 127, 128, 129, 130, 131, 132, 133, 134, 135, 136, 137, 138, 139, 140, 141, 144, 146, 147, 148, 149, 150, 153, 157, 159, 161, 162, 163, 164, 165, 166, 167, 168, 169, 170, 171, 172, 173, 174, 175, 176, 178, 179, 180, 181, 182, 183, 184, 186, 187, 188, 189, 190, 192, 193, 194, 195, 196, 197, 198, 200, 201, 202, 204, 205, 206, 207, 208, 209, 210, 211, 212, 213, 215, 216, 217, 218, 219, 220, 221, 222, 223, 224, 225, 226, 228, 229, 230, 231, 233, 234, 235, 237, 239, 240, 241, 243, 245, 247, 248, 250, 251, 252, 253, 254, 255, 259, 261, 262, 263, 264, 265, 267, 268, 269, 270, 271, 272, 273, 274, 275, 276, 277, 278, 279, 282, 283, 285, 287, 288, 289, 290, 291, 292, 294, 296]
Linhas de Teste [2, 7, 9, 11, 13, 15, 27, 29, 32, 34, 40, 45, 48, 53, 55, 59, 81, 89, 91, 100, 101, 108, 114, 118, 142, 143, 145, 151, 152, 154, 155, 156, 158, 160, 177, 185, 191, 199, 203, 214, 227, 232, 236, 238, 242, 244, 246, 249, 256, 257, 258, 260, 266, 280, 281, 284, 286, 293, 295]
R2 de Treino = 79.67
R2 de Teste = 70.59
Coeficientes (pesos): [ 21.15895711 -10.84106047 -14.68526074  -9.57503344  -6.37559191
  -0.04736177  -4.73463029  -2.92359318  -0.31600925   3.60156317
  -0.31026839   0.62639669   1.73563658   0.0848602    1.14609902
   3.11092683  -2.23427948  -0.87139991   7.6645829    1.89210689]
Interceptor (constante): 130.41337662662676

#################  Rodada 15 / 150  10.0 %
Parâmetros ('EV_MA', 'TST_MA', 'WAI_MA', 'saz_sin', 'saz_cos')
Linhas de Treino [1, 2, 3, 5, 7, 9, 10, 11, 12, 13, 14, 15, 16, 17, 20, 21, 22, 23, 24, 25, 26, 27, 29, 30, 31, 32, 33, 34, 35, 36, 37, 39, 40, 41, 42, 44, 45, 47, 48, 49, 50, 51, 52, 53, 54, 55, 56, 58, 59, 61, 62, 63, 64, 65, 66, 67, 68, 70, 71, 72, 74, 75, 76, 77, 78, 80, 81, 82, 83, 84, 85, 86, 87, 88, 89, 91, 92, 93, 94, 95, 96, 97, 98, 99, 100, 101, 102, 103, 104, 105, 106, 107, 108, 109, 110, 111, 112, 113, 114, 115, 118, 119, 120, 122, 123, 124, 126, 127, 128, 129, 130, 132, 134, 136, 137, 138, 139, 141, 142, 143, 145, 149, 150, 151, 152, 153, 154, 155, 156, 157, 158, 160, 161, 162, 165, 168, 170, 171, 174, 175, 176, 177, 178, 179, 180, 182, 183, 185, 186, 187, 188, 191, 192, 194, 195, 196, 197, 198, 199, 200, 203, 204, 205, 206, 207, 208, 209, 210, 211, 213, 214, 215, 217, 218, 220, 221, 222, 223, 224, 225, 227, 230, 231, 232, 233, 234, 235, 236, 237, 238, 239, 240, 242, 243, 244, 245, 246, 247, 248, 249, 250, 254, 255, 256, 257, 258, 259, 260, 261, 263, 264, 265, 266, 269, 270, 271, 272, 273, 275, 276, 277, 278, 279, 280, 281, 283, 284, 285, 286, 287, 288, 289, 291, 292, 293, 294, 295, 296]
Linhas de Teste [0, 4, 6, 8, 18, 19, 28, 38, 43, 46, 57, 60, 69, 73, 79, 90, 116, 117, 121, 125, 131, 133, 135, 140, 144, 146, 147, 148, 159, 163, 164, 166, 167, 169, 172, 173, 181, 184, 189, 190, 193, 201, 202, 212, 216, 219, 226, 228, 229, 241, 251, 252, 253, 262, 267, 268, 274, 282, 290]
R2 de Treino = 80.67
R2 de Teste = 64.56
Coeficientes (pesos): [ 24.46136509 -11.76321847 -18.01624109  -8.52308637  -9.86306278
  -0.51706687  -6.32386685  -4.34444236  -0.76978551   4.11706976
  -1.00963449   1.74169918   2.09923539   5.94035179   3.07260558
   5.07128244   0.98731665  -1.84704498   9.32041188   0.68467241]
Interceptor (constante): 130.8543590073865

#################  Rodada 16 / 150  10.67 %
Parâmetros ('EV_MA', 'TST_MA', 'WAI_MA', 'saz_sin', 'saz_cos')
Linhas de Treino [0, 1, 2, 3, 4, 5, 7, 8, 9, 10, 11, 12, 13, 14, 16, 18, 19, 22, 24, 25, 26, 28, 29, 30, 31, 32, 33, 34, 35, 36, 37, 38, 39, 40, 41, 42, 43, 44, 45, 46, 48, 50, 51, 52, 54, 55, 59, 61, 62, 63, 64, 65, 66, 67, 68, 69, 71, 72, 73, 74, 75, 76, 77, 78, 80, 82, 83, 85, 87, 88, 89, 91, 92, 93, 94, 95, 96, 99, 100, 101, 102, 103, 104, 105, 108, 109, 110, 111, 112, 113, 114, 115, 116, 117, 118, 119, 122, 124, 125, 126, 128, 129, 130, 131, 132, 133, 135, 136, 137, 138, 139, 141, 142, 143, 144, 145, 146, 147, 148, 149, 150, 151, 152, 153, 155, 156, 158, 159, 160, 161, 162, 163, 164, 166, 167, 170, 171, 172, 173, 174, 175, 176, 177, 178, 179, 180, 181, 183, 184, 186, 189, 191, 192, 193, 194, 195, 196, 197, 198, 199, 200, 201, 202, 203, 204, 206, 207, 208, 209, 210, 211, 213, 214, 215, 216, 217, 218, 219, 221, 222, 224, 225, 226, 227, 228, 229, 230, 231, 232, 233, 235, 237, 239, 242, 243, 244, 245, 246, 247, 248, 249, 250, 253, 254, 255, 256, 257, 258, 260, 261, 262, 263, 264, 265, 266, 267, 269, 271, 272, 273, 275, 276, 277, 278, 279, 280, 281, 283, 285, 286, 287, 289, 290, 292, 293, 295, 296]
Linhas de Teste [6, 15, 17, 20, 21, 23, 27, 47, 49, 53, 56, 57, 58, 60, 70, 79, 81, 84, 86, 90, 97, 98, 106, 107, 120, 121, 123, 127, 134, 140, 154, 157, 165, 168, 169, 182, 185, 187, 188, 190, 205, 212, 220, 223, 234, 236, 238, 240, 241, 251, 252, 259, 268, 270, 274, 282, 284, 288, 291, 294]
R2 de Treino = 79.35
R2 de Teste = 74.16
Coeficientes (pesos): [ 22.86301067 -11.24995617 -17.18452202  -8.91614235 -10.07582144
  -0.35479509  -5.43554121  -2.16512031  -1.61761335   4.18673299
  -0.54727894   1.72298146   0.77863994   3.45213355   2.32960773
   3.78472322   0.21970118  -1.91618523   9.68814513   1.23018376]
Interceptor (constante): 131.5336611254282

#################  Rodada 17 / 150  11.33 %
Parâmetros ('EV_MA', 'TST_MA', 'WAI_MA', 'saz_sin', 'saz_cos')
Linhas de Treino [0, 2, 3, 4, 5, 6, 8, 9, 10, 12, 13, 14, 15, 16, 17, 18, 19, 20, 21, 22, 23, 24, 25, 26, 27, 29, 30, 31, 32, 33, 34, 35, 36, 37, 38, 39, 41, 43, 46, 47, 48, 49, 52, 53, 54, 56, 57, 58, 59, 60, 61, 62, 63, 64, 65, 66, 67, 68, 69, 70, 71, 72, 74, 75, 76, 77, 78, 79, 81, 82, 83, 84, 85, 86, 88, 89, 90, 92, 93, 94, 96, 97, 98, 99, 100, 103, 104, 106, 107, 108, 110, 111, 112, 116, 117, 119, 120, 121, 122, 123, 124, 125, 127, 129, 130, 131, 132, 133, 134, 135, 136, 137, 138, 139, 140, 141, 142, 143, 144, 145, 146, 147, 149, 150, 151, 152, 153, 154, 156, 157, 160, 161, 162, 164, 165, 167, 168, 169, 170, 171, 172, 173, 175, 177, 178, 179, 181, 182, 183, 184, 185, 187, 188, 189, 190, 191, 193, 195, 196, 197, 200, 202, 205, 206, 208, 209, 211, 212, 214, 217, 218, 219, 220, 221, 222, 223, 224, 225, 227, 228, 229, 231, 232, 234, 235, 236, 238, 239, 240, 241, 242, 243, 244, 245, 246, 247, 248, 249, 250, 251, 252, 254, 255, 259, 260, 263, 264, 265, 266, 267, 268, 269, 270, 271, 272, 274, 275, 276, 277, 278, 279, 280, 281, 282, 283, 284, 285, 286, 288, 289, 290, 291, 292, 293, 294, 295, 296]
Linhas de Teste [1, 7, 11, 28, 40, 42, 44, 45, 50, 51, 55, 73, 80, 87, 91, 95, 101, 102, 105, 109, 113, 114, 115, 118, 126, 128, 148, 155, 158, 159, 163, 166, 174, 176, 180, 186, 192, 194, 198, 199, 201, 203, 204, 207, 210, 213, 215, 216, 226, 230, 233, 237, 253, 256, 257, 258, 261, 262, 273, 287]
R2 de Treino = 79.26
R2 de Teste = 75.38
Coeficientes (pesos): [ 2.14713209e+01 -1.07387870e+01 -1.42915333e+01 -8.86154126e+00
 -5.91665974e+00 -5.78437973e-01 -2.86347199e+00 -1.62075910e+00
 -4.92985649e-01  3.27795311e+00  1.24635890e+00  2.57371640e-01
 -6.66441018e-03 -1.49093736e+00  4.49127908e-01  2.42063995e+00
 -2.69875218e+00 -6.76457880e-01  8.88833423e+00  1.53649981e+00]
Interceptor (constante): 131.80002876454196

#################  Rodada 18 / 150  12.0 %
Parâmetros ('EV_MA', 'TST_MA', 'WAI_MA', 'saz_sin', 'saz_cos')
Linhas de Treino [0, 1, 2, 3, 4, 5, 6, 7, 8, 9, 11, 12, 15, 16, 17, 18, 19, 20, 21, 23, 24, 25, 27, 28, 30, 33, 35, 36, 37, 39, 40, 41, 42, 43, 44, 45, 46, 47, 48, 49, 50, 51, 53, 55, 56, 57, 58, 60, 61, 62, 63, 64, 65, 66, 67, 68, 69, 70, 72, 73, 74, 76, 77, 78, 79, 80, 81, 82, 83, 84, 86, 87, 89, 90, 91, 93, 94, 95, 97, 98, 99, 100, 101, 102, 105, 106, 107, 108, 109, 110, 111, 112, 113, 114, 115, 116, 117, 118, 119, 120, 121, 123, 125, 126, 127, 128, 129, 132, 133, 134, 135, 136, 137, 138, 139, 140, 141, 142, 144, 145, 148, 149, 150, 151, 153, 154, 155, 157, 158, 159, 160, 162, 163, 165, 166, 167, 168, 169, 171, 172, 174, 176, 177, 178, 179, 180, 182, 184, 185, 186, 187, 188, 190, 192, 193, 194, 197, 198, 199, 201, 202, 203, 204, 205, 207, 208, 210, 211, 212, 213, 215, 216, 217, 219, 220, 222, 223, 224, 225, 226, 227, 228, 229, 230, 232, 233, 234, 235, 236, 237, 238, 239, 240, 241, 242, 243, 244, 246, 247, 248, 249, 250, 251, 252, 253, 254, 256, 257, 258, 259, 261, 262, 263, 265, 266, 267, 268, 269, 270, 272, 273, 274, 275, 276, 280, 282, 283, 284, 285, 287, 288, 290, 291, 292, 293, 294, 295, 296]
Linhas de Teste [10, 13, 14, 22, 26, 29, 31, 32, 34, 38, 52, 54, 59, 71, 75, 85, 88, 92, 96, 103, 104, 122, 124, 130, 131, 143, 146, 147, 152, 156, 161, 164, 170, 173, 175, 181, 183, 189, 191, 195, 196, 200, 206, 209, 214, 218, 221, 231, 245, 255, 260, 264, 271, 277, 278, 279, 281, 286, 289]
R2 de Treino = 80.94
R2 de Teste = 64.55
Coeficientes (pesos): [ 21.69043548 -12.24173064 -16.0587996   -8.44622168  -7.64259148
   0.52463983  -5.7387475   -5.2913544   -0.3363096    2.28417014
  -0.3604442    1.14905599   1.81740729   1.85529301   1.90027522
   3.95061823  -0.8060739   -1.61131269   7.97130781   0.77650757]
Interceptor (constante): 132.00269829419503

#################  Rodada 19 / 150  12.67 %
Parâmetros ('EV_MA', 'TST_MA', 'WAI_MA', 'saz_sin', 'saz_cos')
Linhas de Treino [1, 3, 5, 6, 7, 10, 11, 12, 13, 14, 15, 17, 20, 21, 22, 23, 24, 26, 27, 28, 29, 30, 31, 32, 33, 34, 35, 38, 39, 40, 41, 42, 44, 45, 47, 49, 50, 51, 52, 53, 54, 55, 56, 57, 58, 59, 60, 61, 65, 66, 67, 69, 70, 71, 73, 74, 75, 78, 79, 80, 81, 82, 84, 85, 86, 87, 88, 90, 91, 92, 93, 94, 95, 96, 97, 98, 100, 101, 102, 103, 104, 105, 106, 107, 108, 109, 110, 111, 112, 113, 114, 115, 117, 118, 120, 121, 122, 123, 124, 125, 126, 127, 128, 130, 131, 133, 134, 135, 136, 140, 143, 144, 145, 146, 147, 148, 149, 151, 152, 154, 155, 156, 157, 158, 159, 161, 163, 164, 165, 166, 168, 169, 170, 173, 174, 175, 176, 178, 179, 180, 181, 182, 183, 184, 185, 186, 187, 188, 189, 190, 191, 192, 193, 194, 195, 196, 197, 198, 199, 200, 201, 202, 203, 204, 205, 206, 207, 209, 210, 211, 212, 213, 214, 215, 216, 218, 219, 220, 221, 222, 223, 225, 226, 227, 228, 229, 230, 231, 232, 233, 234, 235, 236, 237, 238, 240, 241, 242, 245, 246, 250, 251, 252, 253, 255, 256, 257, 258, 259, 260, 261, 262, 263, 264, 267, 268, 270, 271, 272, 273, 274, 275, 277, 278, 279, 281, 282, 283, 284, 285, 286, 287, 288, 289, 291, 292, 294, 295]
Linhas de Teste [0, 2, 4, 8, 9, 16, 18, 19, 25, 36, 37, 43, 46, 48, 62, 63, 64, 68, 72, 76, 77, 83, 89, 99, 116, 119, 129, 132, 137, 138, 139, 141, 142, 150, 153, 160, 162, 167, 171, 172, 177, 208, 217, 224, 239, 243, 244, 247, 248, 249, 254, 265, 266, 269, 276, 280, 290, 293, 296]
R2 de Treino = 77.96
R2 de Teste = 76.8
Coeficientes (pesos): [ 20.6121752  -10.30695814 -14.56573144  -7.99632099  -7.51755803
  -0.18949323  -3.93323175  -2.25998867  -1.03090315   2.75667415
  -0.34294251  -0.43967511   0.6254642    1.0900051    0.861246
   3.42877378  -0.72648773  -0.71832852   9.63088522   0.8587961 ]
Interceptor (constante): 131.94845918084619

#################  Rodada 20 / 150  13.33 %
Parâmetros ('EV_MA', 'TST_MA', 'WAI_MA', 'saz_sin', 'saz_cos')
Linhas de Treino [0, 1, 2, 4, 6, 7, 8, 9, 10, 11, 13, 14, 15, 16, 17, 18, 19, 20, 21, 22, 23, 25, 26, 27, 28, 29, 31, 32, 34, 36, 37, 38, 40, 42, 43, 44, 45, 46, 47, 48, 49, 50, 51, 52, 53, 54, 55, 56, 57, 58, 59, 60, 62, 63, 64, 68, 70, 71, 72, 73, 75, 76, 77, 79, 80, 81, 83, 84, 85, 86, 87, 88, 89, 90, 91, 92, 95, 96, 97, 98, 99, 101, 102, 103, 104, 105, 106, 107, 109, 113, 114, 115, 116, 118, 119, 120, 121, 122, 123, 124, 126, 127, 128, 129, 130, 131, 132, 134, 137, 138, 139, 140, 141, 142, 143, 146, 147, 148, 150, 152, 153, 154, 155, 156, 157, 158, 159, 160, 161, 162, 163, 164, 165, 166, 167, 168, 169, 170, 171, 172, 173, 174, 175, 176, 177, 180, 181, 182, 183, 185, 186, 187, 188, 189, 190, 191, 192, 194, 195, 196, 198, 199, 200, 201, 203, 204, 205, 206, 207, 208, 209, 210, 212, 213, 214, 215, 216, 217, 218, 220, 221, 223, 224, 226, 230, 231, 233, 234, 236, 237, 238, 239, 240, 241, 243, 244, 245, 247, 248, 249, 251, 252, 253, 254, 255, 256, 257, 258, 259, 260, 261, 262, 264, 265, 266, 268, 269, 270, 271, 273, 274, 276, 277, 278, 279, 280, 281, 282, 284, 286, 287, 288, 289, 290, 291, 293, 294, 296]
Linhas de Teste [3, 5, 12, 24, 30, 33, 35, 39, 41, 61, 65, 66, 67, 69, 74, 78, 82, 93, 94, 100, 108, 110, 111, 112, 117, 125, 133, 135, 136, 144, 145, 149, 151, 178, 179, 184, 193, 197, 202, 211, 219, 222, 225, 227, 228, 229, 232, 235, 242, 246, 250, 263, 267, 272, 275, 283, 285, 292, 295]
R2 de Treino = 76.38
R2 de Teste = 79.05
Coeficientes (pesos): [ 21.63151386  -9.49680038 -14.78432163  -8.83324274  -8.18188444
  -0.5021096   -5.64343029  -2.4098739   -0.94076892   3.98604413
   0.04771617   1.6816032    2.38415087   2.54834882   0.98784678
   4.69733335  -1.62060435  -1.3688096    9.64958557   1.42236064]
Interceptor (constante): 132.40329665829177

#################  Rodada 21 / 150  14.0 %
Parâmetros ('EV_MA', 'TST_MA', 'WAI_MA', 'saz_sin', 'saz_cos')
Linhas de Treino [0, 1, 2, 3, 4, 6, 7, 8, 9, 10, 11, 13, 14, 15, 16, 17, 18, 19, 20, 21, 22, 23, 24, 25, 26, 28, 30, 31, 32, 33, 34, 35, 36, 38, 39, 40, 41, 42, 43, 45, 46, 47, 48, 50, 52, 53, 54, 55, 56, 58, 60, 61, 63, 65, 66, 68, 69, 71, 72, 73, 74, 75, 77, 79, 80, 81, 82, 84, 85, 86, 87, 88, 90, 91, 93, 95, 96, 97, 98, 99, 100, 101, 102, 103, 105, 106, 107, 108, 110, 111, 112, 113, 114, 115, 116, 118, 119, 121, 122, 124, 125, 126, 127, 128, 129, 130, 131, 133, 135, 136, 137, 138, 139, 140, 141, 142, 143, 144, 145, 146, 147, 148, 149, 150, 152, 153, 154, 155, 157, 158, 159, 160, 161, 162, 164, 165, 166, 168, 169, 171, 172, 174, 175, 177, 179, 181, 182, 184, 185, 186, 187, 188, 192, 193, 194, 195, 196, 197, 198, 199, 200, 201, 204, 207, 208, 209, 210, 211, 212, 213, 214, 217, 219, 220, 221, 222, 223, 224, 228, 229, 230, 231, 232, 233, 234, 235, 236, 238, 239, 240, 241, 243, 244, 245, 246, 247, 248, 249, 250, 252, 253, 254, 255, 256, 257, 258, 259, 261, 262, 263, 264, 265, 266, 267, 268, 269, 270, 271, 272, 274, 276, 277, 279, 280, 281, 282, 283, 284, 285, 288, 289, 290, 291, 292, 293, 294, 295]
Linhas de Teste [5, 12, 27, 29, 37, 44, 49, 51, 57, 59, 62, 64, 67, 70, 76, 78, 83, 89, 92, 94, 104, 109, 117, 120, 123, 132, 134, 151, 156, 163, 167, 170, 173, 176, 178, 180, 183, 189, 190, 191, 202, 203, 205, 206, 215, 216, 218, 225, 226, 227, 237, 242, 251, 260, 273, 275, 278, 286, 287, 296]
R2 de Treino = 80.27
R2 de Teste = 68.94
Coeficientes (pesos): [ 21.51067512 -10.86985587 -14.93719326  -9.71465786  -7.24551852
   0.67484469  -4.84928711  -4.46971934  -0.79424623   2.30299901
   0.6104811    0.46337069   1.02936146   0.52098913   1.20109308
   3.03619313  -1.06099558  -2.01382446   7.96730091   0.59372159]
Interceptor (constante): 134.04735921490126

#################  Rodada 22 / 150  14.67 %
Parâmetros ('EV_MA', 'TST_MA', 'WAI_MA', 'saz_sin', 'saz_cos')
Linhas de Treino [1, 3, 4, 5, 6, 7, 8, 10, 11, 12, 13, 16, 17, 18, 19, 21, 23, 24, 25, 26, 27, 28, 29, 30, 31, 32, 33, 35, 36, 37, 38, 39, 40, 41, 44, 45, 46, 49, 50, 51, 52, 53, 54, 55, 56, 57, 58, 59, 62, 63, 64, 65, 66, 67, 68, 69, 70, 72, 73, 74, 75, 76, 77, 78, 80, 81, 83, 84, 85, 86, 87, 89, 91, 92, 94, 95, 96, 97, 98, 99, 102, 104, 105, 106, 107, 108, 109, 110, 111, 112, 113, 114, 116, 117, 118, 119, 120, 121, 123, 124, 125, 127, 128, 129, 130, 131, 132, 133, 134, 136, 137, 139, 140, 141, 142, 143, 144, 145, 146, 147, 148, 149, 150, 151, 152, 153, 154, 155, 156, 157, 159, 160, 161, 163, 164, 165, 166, 167, 169, 170, 171, 173, 174, 175, 176, 177, 178, 180, 181, 183, 184, 185, 186, 187, 188, 189, 190, 191, 193, 194, 195, 196, 197, 199, 201, 202, 203, 204, 205, 206, 207, 209, 210, 211, 212, 213, 214, 215, 216, 218, 219, 220, 221, 222, 225, 226, 227, 228, 229, 230, 231, 234, 235, 237, 238, 240, 242, 243, 246, 248, 249, 251, 252, 253, 254, 256, 260, 261, 263, 265, 266, 267, 268, 271, 272, 273, 274, 275, 276, 277, 278, 279, 280, 281, 282, 283, 284, 285, 286, 287, 289, 290, 292, 293, 294, 295, 296]
Linhas de Teste [0, 2, 9, 14, 15, 20, 22, 34, 42, 43, 47, 48, 60, 61, 71, 79, 82, 88, 90, 93, 100, 101, 103, 115, 122, 126, 135, 138, 158, 162, 168, 172, 179, 182, 192, 198, 200, 208, 217, 223, 224, 232, 233, 236, 239, 241, 244, 245, 247, 250, 255, 257, 258, 259, 262, 264, 269, 270, 288, 291]
R2 de Treino = 78.68
R2 de Teste = 75.41
Coeficientes (pesos): [ 20.38434218 -10.98924127 -14.1138746   -7.88424958  -6.09532553
   0.14594902  -3.12670329  -2.20650405  -1.26356843   2.84486741
   0.12088117   0.50983823   0.28502153   0.88085188   1.37550521
   3.2287663   -1.28531965  -0.35029647   9.24921453   0.82181576]
Interceptor (constante): 130.77016349598915

#################  Rodada 23 / 150  15.33 %
Parâmetros ('EV_MA', 'TST_MA', 'WAI_MA', 'saz_sin', 'saz_cos')
Linhas de Treino [0, 1, 2, 3, 4, 5, 6, 7, 8, 9, 10, 12, 13, 14, 15, 17, 18, 19, 20, 21, 22, 23, 24, 27, 28, 29, 31, 34, 35, 36, 37, 39, 42, 43, 44, 45, 46, 47, 48, 49, 50, 51, 52, 53, 54, 57, 58, 59, 60, 61, 62, 64, 66, 67, 69, 70, 71, 73, 74, 76, 77, 78, 79, 80, 81, 82, 83, 84, 85, 86, 87, 88, 89, 90, 91, 92, 93, 94, 95, 96, 97, 98, 100, 101, 102, 103, 104, 107, 108, 109, 111, 112, 113, 114, 115, 117, 118, 119, 120, 122, 123, 124, 126, 127, 128, 129, 130, 131, 132, 134, 135, 136, 138, 139, 140, 141, 143, 145, 146, 147, 150, 151, 153, 156, 157, 158, 160, 161, 162, 163, 164, 165, 167, 168, 170, 171, 172, 173, 174, 175, 176, 177, 178, 179, 180, 181, 182, 183, 185, 187, 189, 190, 191, 192, 193, 194, 195, 196, 198, 199, 200, 201, 202, 203, 205, 206, 208, 209, 210, 212, 213, 214, 215, 216, 217, 218, 221, 222, 223, 224, 225, 226, 227, 228, 229, 232, 233, 234, 236, 237, 238, 239, 240, 241, 242, 243, 244, 245, 246, 247, 248, 250, 251, 252, 254, 255, 256, 257, 258, 259, 260, 262, 263, 264, 265, 267, 269, 270, 271, 273, 275, 276, 278, 279, 281, 283, 284, 285, 286, 287, 288, 289, 290, 291, 292, 293, 295, 296]
Linhas de Teste [11, 16, 25, 26, 30, 32, 33, 38, 40, 41, 55, 56, 63, 65, 68, 72, 75, 99, 105, 106, 110, 116, 121, 125, 133, 137, 142, 144, 148, 149, 152, 154, 155, 159, 166, 169, 184, 186, 188, 197, 204, 207, 211, 219, 220, 230, 231, 235, 249, 253, 261, 266, 268, 272, 274, 277, 280, 282, 294]
R2 de Treino = 79.59
R2 de Teste = 71.07
Coeficientes (pesos): [ 21.55898557 -10.30113344 -14.44024924  -7.86961875  -7.740779
  -1.21238694  -5.46193308  -1.1890938   -0.09502475   5.36468015
  -0.4924051    1.11758455   1.47777081   2.03250055   0.84651193
   4.03136875  -2.42753266  -0.53784175   9.28841859   0.69579136]
Interceptor (constante): 130.69387953375718

#################  Rodada 24 / 150  16.0 %
Parâmetros ('EV_MA', 'TST_MA', 'WAI_MA', 'saz_sin', 'saz_cos')
Linhas de Treino [0, 2, 5, 6, 7, 9, 11, 12, 14, 15, 16, 17, 18, 20, 22, 25, 26, 27, 29, 30, 31, 32, 33, 34, 37, 38, 40, 41, 42, 43, 44, 45, 47, 48, 49, 50, 51, 53, 54, 55, 56, 57, 59, 60, 61, 62, 63, 64, 65, 66, 67, 68, 70, 71, 72, 73, 75, 76, 77, 78, 79, 82, 83, 86, 87, 88, 89, 90, 91, 92, 93, 94, 95, 96, 99, 100, 101, 103, 104, 105, 106, 109, 110, 112, 113, 115, 116, 117, 119, 120, 121, 122, 123, 125, 126, 130, 131, 132, 133, 134, 135, 137, 138, 140, 141, 142, 143, 144, 148, 149, 151, 152, 154, 155, 156, 157, 158, 159, 161, 162, 163, 164, 165, 166, 167, 168, 169, 170, 172, 173, 174, 175, 176, 177, 178, 179, 180, 181, 182, 183, 184, 186, 188, 189, 190, 191, 192, 193, 195, 197, 198, 200, 202, 203, 204, 205, 206, 207, 208, 209, 210, 211, 212, 214, 215, 216, 217, 218, 219, 220, 221, 222, 223, 224, 225, 226, 227, 228, 230, 231, 232, 233, 234, 235, 236, 237, 238, 239, 240, 241, 242, 243, 244, 245, 246, 247, 248, 249, 250, 251, 253, 254, 255, 256, 257, 258, 259, 260, 261, 262, 263, 264, 265, 266, 268, 269, 270, 271, 272, 273, 274, 275, 276, 277, 278, 280, 282, 284, 285, 286, 287, 288, 289, 290, 291, 293, 294, 296]
Linhas de Teste [1, 3, 4, 8, 10, 13, 19, 21, 23, 24, 28, 35, 36, 39, 46, 52, 58, 69, 74, 80, 81, 84, 85, 97, 98, 102, 107, 108, 111, 114, 118, 124, 127, 128, 129, 136, 139, 145, 146, 147, 150, 153, 160, 171, 185, 187, 194, 196, 199, 201, 213, 229, 252, 267, 279, 281, 283, 292, 295]
R2 de Treino = 76.31
R2 de Teste = 84.61
Coeficientes (pesos): [ 23.60866027 -10.3228965  -17.75356727  -8.87117395 -11.0789286
  -0.46649391  -5.61228348  -3.52634915  -0.92807613   2.93358177
   0.73486556   1.64527238   1.65823824   1.27265369   1.81672496
   4.38783292   0.09535719  -2.81055765   9.89430216   2.37695982]
Interceptor (constante): 133.16003151014706

#################  Rodada 25 / 150  16.67 %
Parâmetros ('EV_MA', 'TST_MA', 'WAI_MA', 'saz_sin', 'saz_cos')
Linhas de Treino [0, 1, 2, 3, 4, 5, 8, 9, 10, 11, 12, 13, 14, 15, 16, 19, 20, 21, 22, 23, 24, 25, 26, 27, 28, 29, 30, 32, 33, 34, 35, 36, 37, 38, 39, 40, 41, 42, 43, 44, 46, 47, 48, 49, 51, 52, 55, 56, 57, 58, 59, 60, 61, 62, 63, 64, 65, 67, 68, 69, 70, 71, 72, 74, 75, 76, 78, 79, 80, 81, 82, 83, 84, 85, 88, 89, 90, 92, 93, 94, 97, 98, 99, 100, 101, 102, 103, 104, 105, 106, 107, 108, 109, 110, 111, 114, 115, 116, 117, 118, 120, 121, 122, 123, 124, 125, 126, 127, 128, 129, 132, 133, 134, 135, 136, 137, 138, 139, 142, 144, 145, 146, 147, 148, 149, 150, 151, 152, 153, 154, 155, 156, 158, 159, 160, 162, 163, 166, 167, 168, 169, 170, 171, 172, 173, 176, 178, 179, 180, 182, 183, 184, 185, 186, 187, 188, 189, 190, 191, 192, 194, 196, 197, 198, 199, 200, 201, 202, 203, 204, 205, 206, 207, 208, 211, 213, 215, 216, 217, 218, 219, 220, 223, 224, 225, 226, 227, 229, 230, 231, 232, 233, 235, 236, 237, 239, 241, 242, 244, 245, 247, 249, 250, 251, 252, 253, 255, 257, 258, 259, 260, 261, 262, 264, 266, 267, 268, 269, 270, 272, 273, 274, 275, 277, 278, 279, 280, 281, 282, 283, 286, 287, 288, 291, 292, 294, 295, 296]
Linhas de Teste [6, 7, 17, 18, 31, 45, 50, 53, 54, 66, 73, 77, 86, 87, 91, 95, 96, 112, 113, 119, 130, 131, 140, 141, 143, 157, 161, 164, 165, 174, 175, 177, 181, 193, 195, 209, 210, 212, 214, 221, 222, 228, 234, 238, 240, 243, 246, 248, 254, 256, 263, 265, 271, 276, 284, 285, 289, 290, 293]
R2 de Treino = 79.02
R2 de Teste = 73.8
Coeficientes (pesos): [ 21.19320088 -11.03799904 -15.64991424  -8.27412286  -7.44642358
  -0.44667695  -4.45958838  -2.00455467  -1.4043792    3.26721364
  -0.44826119   1.07525448   0.74509652   1.92541358   1.18950762
   3.77686184  -1.22381791  -0.70757362   9.97055008   1.59640288]
Interceptor (constante): 131.29823237422556

#################  Rodada 26 / 150  17.33 %
Parâmetros ('EV_MA', 'TST_MA', 'WAI_MA', 'saz_sin', 'saz_cos')
Linhas de Treino [0, 1, 2, 3, 4, 5, 6, 8, 10, 11, 12, 13, 14, 16, 18, 19, 20, 21, 22, 23, 24, 25, 26, 27, 28, 30, 31, 32, 33, 34, 35, 36, 37, 38, 39, 44, 45, 46, 47, 48, 49, 50, 51, 53, 55, 56, 57, 58, 59, 60, 61, 62, 63, 64, 66, 67, 68, 69, 71, 72, 73, 74, 75, 76, 77, 78, 79, 80, 81, 83, 86, 87, 88, 89, 90, 91, 92, 93, 94, 95, 96, 97, 98, 99, 100, 102, 103, 104, 105, 106, 108, 110, 111, 112, 113, 114, 117, 119, 120, 121, 122, 123, 124, 127, 129, 131, 132, 135, 136, 137, 138, 139, 141, 142, 144, 145, 146, 147, 148, 149, 150, 151, 152, 153, 154, 155, 156, 157, 158, 159, 160, 162, 163, 165, 166, 167, 168, 169, 170, 171, 172, 173, 174, 175, 176, 177, 178, 180, 183, 184, 185, 186, 188, 189, 190, 191, 192, 193, 194, 196, 197, 198, 199, 200, 202, 203, 204, 205, 206, 208, 209, 211, 213, 214, 215, 217, 218, 219, 221, 222, 225, 226, 227, 228, 229, 230, 232, 233, 234, 236, 238, 239, 240, 241, 242, 243, 244, 245, 246, 248, 249, 250, 251, 253, 254, 255, 258, 259, 260, 261, 262, 265, 267, 268, 269, 271, 272, 273, 275, 276, 277, 278, 280, 281, 282, 283, 284, 285, 286, 288, 289, 290, 291, 292, 293, 294, 295]
Linhas de Teste [7, 9, 15, 17, 29, 40, 41, 42, 43, 52, 54, 65, 70, 82, 84, 85, 101, 107, 109, 115, 116, 118, 125, 126, 128, 130, 133, 134, 140, 143, 161, 164, 179, 181, 182, 187, 195, 201, 207, 210, 212, 216, 220, 223, 224, 231, 235, 237, 247, 252, 256, 257, 263, 264, 266, 270, 274, 279, 287, 296]
R2 de Treino = 79.9
R2 de Teste = 68.19
Coeficientes (pesos): [ 22.32933019 -10.43162144 -15.36880849  -9.13190722  -7.70575609
   0.29006933  -4.3567856   -2.69733265  -1.2563206    3.14409578
   0.74356647   0.91702588   1.09568036  -0.35590752   0.88712929
   3.81921949  -2.03135356  -1.35523664   9.30076314   2.48962522]
Interceptor (constante): 130.28268055783096

#################  Rodada 27 / 150  18.0 %
Parâmetros ('EV_MA', 'TST_MA', 'WAI_MA', 'saz_sin', 'saz_cos')
Linhas de Treino [1, 2, 4, 5, 6, 7, 8, 9, 10, 11, 12, 13, 15, 16, 17, 19, 21, 22, 24, 27, 28, 29, 30, 32, 36, 37, 38, 39, 40, 41, 42, 43, 44, 45, 46, 47, 49, 51, 52, 53, 54, 55, 57, 58, 59, 60, 61, 62, 63, 64, 65, 66, 67, 69, 70, 71, 72, 73, 75, 76, 78, 79, 80, 81, 82, 84, 85, 87, 88, 89, 90, 91, 92, 95, 96, 97, 98, 99, 100, 101, 103, 104, 106, 107, 108, 109, 112, 113, 114, 115, 116, 117, 118, 119, 122, 123, 124, 125, 126, 128, 130, 132, 133, 134, 135, 136, 137, 138, 139, 140, 141, 143, 144, 145, 146, 147, 151, 152, 154, 155, 156, 157, 159, 161, 162, 164, 165, 167, 168, 169, 170, 172, 173, 174, 175, 176, 177, 178, 179, 181, 182, 183, 185, 186, 187, 188, 189, 192, 194, 195, 196, 197, 198, 200, 201, 203, 204, 205, 206, 207, 208, 209, 210, 212, 214, 215, 216, 217, 218, 219, 220, 221, 222, 223, 224, 225, 226, 227, 228, 229, 230, 231, 233, 235, 236, 237, 238, 239, 240, 241, 242, 243, 244, 245, 247, 249, 250, 252, 253, 254, 256, 257, 258, 259, 260, 261, 262, 263, 264, 265, 266, 268, 270, 271, 272, 273, 274, 275, 276, 277, 279, 280, 281, 282, 283, 284, 285, 286, 287, 288, 290, 291, 292, 293, 294, 295, 296]
Linhas de Teste [0, 3, 14, 18, 20, 23, 25, 26, 31, 33, 34, 35, 48, 50, 56, 68, 74, 77, 83, 86, 93, 94, 102, 105, 110, 111, 120, 121, 127, 129, 131, 142, 148, 149, 150, 153, 158, 160, 163, 166, 171, 180, 184, 190, 191, 193, 199, 202, 211, 213, 232, 234, 246, 248, 251, 255, 267, 269, 278, 289]
R2 de Treino = 77.02
R2 de Teste = 83.33
Coeficientes (pesos): [ 21.81879924  -9.7648458  -15.62380378  -8.91103782  -9.1881925
  -0.20858896  -3.52379323  -2.35039387  -0.51299948   2.84087898
  -0.15014881  -0.19350689   0.72643075   0.72076058   1.69485748
   3.51330838   0.03955193  -2.06277238   9.53877225   1.40487966]
Interceptor (constante): 132.4534461994526

#################  Rodada 28 / 150  18.67 %
Parâmetros ('EV_MA', 'TST_MA', 'WAI_MA', 'saz_sin', 'saz_cos')
Linhas de Treino [0, 2, 3, 4, 5, 7, 8, 9, 10, 12, 14, 15, 17, 18, 19, 20, 23, 24, 25, 26, 27, 28, 29, 31, 32, 33, 34, 35, 36, 37, 39, 40, 41, 42, 43, 44, 46, 48, 50, 51, 52, 53, 54, 55, 56, 58, 59, 60, 61, 62, 64, 65, 66, 67, 68, 70, 71, 72, 74, 75, 77, 79, 80, 81, 82, 83, 84, 85, 86, 88, 89, 90, 91, 92, 93, 94, 96, 97, 98, 100, 101, 102, 104, 105, 106, 107, 109, 110, 111, 113, 114, 115, 116, 118, 119, 120, 121, 122, 123, 124, 125, 126, 127, 128, 129, 130, 131, 132, 133, 134, 136, 138, 139, 140, 141, 142, 143, 144, 145, 146, 147, 148, 149, 150, 152, 153, 157, 158, 159, 160, 161, 162, 163, 164, 166, 167, 169, 171, 175, 176, 177, 179, 180, 181, 182, 183, 184, 185, 186, 187, 189, 190, 191, 192, 193, 194, 195, 196, 197, 198, 199, 201, 202, 205, 206, 207, 208, 210, 211, 212, 213, 214, 215, 216, 217, 218, 219, 220, 223, 224, 225, 226, 227, 229, 231, 232, 233, 234, 235, 237, 238, 240, 242, 243, 246, 247, 248, 249, 251, 252, 253, 254, 255, 256, 257, 258, 259, 260, 261, 263, 264, 265, 266, 267, 268, 269, 270, 274, 275, 277, 278, 279, 280, 281, 282, 283, 284, 285, 286, 287, 288, 289, 290, 291, 293, 294, 295, 296]
Linhas de Teste [1, 6, 11, 13, 16, 21, 22, 30, 38, 45, 47, 49, 57, 63, 69, 73, 76, 78, 87, 95, 99, 103, 108, 112, 117, 135, 137, 151, 154, 155, 156, 165, 168, 170, 172, 173, 174, 178, 188, 200, 203, 204, 209, 221, 222, 228, 230, 236, 239, 241, 244, 245, 250, 262, 271, 272, 273, 276, 292]
R2 de Treino = 79.4
R2 de Teste = 69.56
Coeficientes (pesos): [ 2.00771772e+01 -1.08704408e+01 -1.31042937e+01 -8.44666374e+00
 -5.95110603e+00 -1.14744878e-01 -4.83523685e+00 -2.72916629e+00
 -8.85037874e-01  3.26908556e+00 -1.04145003e-01  1.32863303e+00
  1.00109534e+00  1.79478185e+00  1.47032750e+00  3.25266609e+00
 -1.78592321e+00 -1.93937058e-01  9.04939671e+00  1.78777521e-02]
Interceptor (constante): 132.078115055371

#################  Rodada 29 / 150  19.33 %
Parâmetros ('EV_MA', 'TST_MA', 'WAI_MA', 'saz_sin', 'saz_cos')
Linhas de Treino [0, 1, 2, 3, 4, 6, 7, 8, 9, 10, 11, 12, 13, 14, 15, 16, 17, 18, 19, 20, 21, 22, 23, 25, 26, 29, 30, 31, 33, 34, 35, 38, 40, 41, 42, 43, 45, 46, 47, 48, 49, 50, 51, 52, 53, 54, 56, 57, 58, 60, 61, 62, 63, 64, 65, 68, 69, 70, 71, 72, 73, 74, 76, 77, 78, 81, 82, 83, 84, 85, 86, 87, 88, 93, 94, 95, 98, 99, 101, 102, 103, 105, 106, 107, 108, 109, 110, 111, 112, 115, 116, 117, 118, 119, 120, 121, 122, 124, 125, 126, 127, 128, 129, 130, 131, 133, 134, 135, 137, 139, 140, 141, 142, 143, 144, 145, 147, 148, 149, 150, 151, 152, 153, 154, 155, 156, 157, 158, 159, 160, 161, 162, 163, 164, 165, 166, 168, 170, 171, 172, 173, 174, 176, 177, 178, 179, 180, 181, 182, 184, 186, 187, 188, 190, 191, 192, 193, 195, 197, 198, 199, 200, 201, 202, 203, 204, 207, 209, 210, 211, 212, 213, 214, 215, 216, 217, 220, 221, 222, 223, 224, 225, 226, 228, 229, 230, 231, 232, 233, 234, 235, 236, 237, 238, 239, 240, 241, 242, 244, 245, 246, 247, 248, 250, 251, 252, 255, 256, 257, 258, 259, 260, 261, 262, 263, 264, 266, 267, 268, 269, 270, 271, 272, 273, 274, 276, 278, 279, 281, 282, 285, 287, 289, 290, 292, 294, 295, 296]
Linhas de Teste [5, 24, 27, 28, 32, 36, 37, 39, 44, 55, 59, 66, 67, 75, 79, 80, 89, 90, 91, 92, 96, 97, 100, 104, 113, 114, 123, 132, 136, 138, 146, 167, 169, 175, 183, 185, 189, 194, 196, 205, 206, 208, 218, 219, 227, 243, 249, 253, 254, 265, 275, 277, 280, 283, 284, 286, 288, 291, 293]
R2 de Treino = 77.38
R2 de Teste = 78.85
Coeficientes (pesos): [ 20.60613814 -12.29877966 -15.91861711  -7.17214833  -6.93209093
  -0.41190912  -5.20702591  -2.30906706  -1.40601577   3.3994765
   0.48991428   1.5793759    0.60766982   1.66138205   0.61578491
   3.9579832   -2.08078821  -0.97292205   9.58444617   0.75660048]
Interceptor (constante): 132.75977111860337

#################  Rodada 30 / 150  20.0 %
Parâmetros ('EV_MA', 'TST_MA', 'WAI_MA', 'saz_sin', 'saz_cos')
Linhas de Treino [0, 1, 3, 5, 6, 7, 9, 11, 13, 14, 15, 16, 17, 18, 20, 21, 22, 23, 24, 25, 26, 27, 28, 29, 30, 31, 32, 33, 34, 35, 36, 37, 38, 39, 40, 41, 42, 43, 44, 45, 47, 48, 49, 50, 52, 54, 55, 56, 57, 59, 63, 65, 66, 67, 68, 69, 70, 73, 74, 75, 76, 77, 78, 79, 80, 82, 83, 84, 85, 86, 87, 89, 90, 91, 92, 93, 94, 95, 96, 97, 99, 100, 101, 102, 103, 104, 105, 107, 108, 109, 110, 111, 112, 113, 114, 115, 116, 117, 118, 120, 121, 123, 125, 126, 127, 128, 129, 130, 131, 132, 133, 134, 135, 136, 137, 138, 140, 142, 143, 146, 148, 149, 150, 151, 153, 154, 155, 156, 158, 160, 161, 163, 164, 165, 166, 167, 168, 169, 170, 171, 172, 173, 174, 175, 178, 179, 180, 181, 182, 183, 184, 185, 187, 188, 189, 190, 191, 193, 194, 195, 196, 199, 200, 201, 202, 203, 204, 205, 206, 207, 208, 209, 210, 211, 212, 213, 216, 218, 219, 220, 221, 222, 223, 224, 227, 228, 230, 231, 232, 234, 235, 236, 237, 239, 241, 243, 244, 245, 246, 247, 248, 249, 250, 251, 252, 253, 254, 255, 256, 257, 262, 263, 264, 265, 266, 267, 269, 270, 271, 272, 273, 274, 275, 276, 277, 278, 279, 280, 283, 284, 286, 287, 288, 289, 291, 292, 293, 296]
Linhas de Teste [2, 4, 8, 10, 12, 19, 46, 51, 53, 58, 60, 61, 62, 64, 71, 72, 81, 88, 98, 106, 119, 122, 124, 139, 141, 144, 145, 147, 152, 157, 159, 162, 176, 177, 186, 192, 197, 198, 214, 215, 217, 225, 226, 229, 233, 238, 240, 242, 258, 259, 260, 261, 268, 281, 282, 285, 290, 294, 295]
R2 de Treino = 79.73
R2 de Teste = 72.74
Coeficientes (pesos): [ 23.44777918 -10.46825121 -16.831019    -8.96741426  -9.56929724
  -0.994746    -5.3764524   -2.78650658  -0.45623587   4.17184943
  -0.89144054   0.46067468   1.99697578   3.3514523    1.59866518
   4.04130073   0.13565284  -1.67405129   8.79997929   1.33341289]
Interceptor (constante): 131.89641275691514

#################  Rodada 31 / 150  20.67 %
Parâmetros ('EV_MA', 'TST_MA', 'WAI_MA', 'saz_sin', 'saz_cos')
Linhas de Treino [0, 1, 2, 3, 4, 5, 6, 7, 8, 9, 11, 13, 17, 19, 20, 21, 22, 23, 24, 25, 27, 28, 30, 31, 32, 33, 34, 36, 37, 38, 39, 40, 41, 42, 43, 44, 45, 46, 48, 49, 50, 51, 52, 54, 55, 56, 58, 59, 60, 61, 63, 65, 68, 69, 72, 75, 76, 77, 78, 79, 81, 82, 83, 84, 85, 86, 88, 89, 91, 92, 93, 95, 96, 97, 98, 99, 100, 102, 103, 104, 105, 106, 107, 108, 109, 110, 111, 114, 115, 116, 117, 118, 119, 121, 122, 123, 124, 125, 126, 127, 128, 129, 130, 131, 134, 135, 136, 137, 138, 140, 141, 142, 144, 145, 146, 147, 148, 149, 150, 151, 153, 155, 157, 158, 159, 160, 161, 162, 163, 165, 166, 167, 168, 169, 172, 173, 174, 175, 176, 177, 178, 179, 181, 182, 183, 185, 186, 187, 188, 189, 190, 191, 192, 193, 194, 195, 197, 198, 199, 201, 202, 203, 204, 205, 206, 207, 208, 209, 210, 211, 212, 213, 214, 215, 216, 217, 218, 219, 220, 221, 222, 224, 225, 228, 229, 231, 232, 233, 234, 237, 238, 239, 240, 241, 242, 244, 245, 246, 247, 248, 249, 250, 251, 253, 254, 255, 259, 261, 262, 263, 264, 265, 266, 267, 268, 269, 272, 273, 274, 275, 276, 279, 280, 281, 282, 283, 284, 285, 286, 287, 288, 289, 290, 291, 293, 294, 296]
Linhas de Teste [10, 12, 14, 15, 16, 18, 26, 29, 35, 47, 53, 57, 62, 64, 66, 67, 70, 71, 73, 74, 80, 87, 90, 94, 101, 112, 113, 120, 132, 133, 139, 143, 152, 154, 156, 164, 170, 171, 180, 184, 196, 200, 223, 226, 227, 230, 235, 236, 243, 252, 256, 257, 258, 260, 270, 271, 277, 278, 292, 295]
R2 de Treino = 79.37
R2 de Teste = 78.0
Coeficientes (pesos): [ 22.89228461 -11.08984494 -17.31848033  -8.31117899  -8.70628198
  -0.369806    -3.71705552  -2.43048302  -1.11028346   2.8371442
  -0.49055071  -0.60906804   1.15889002   1.67615425   0.95927612
   4.18389341  -0.19394636  -1.34827053   9.54315942   1.41947683]
Interceptor (constante): 131.77009266403203

#################  Rodada 32 / 150  21.33 %
Parâmetros ('EV_MA', 'TST_MA', 'WAI_MA', 'saz_sin', 'saz_cos')
Linhas de Treino [0, 1, 2, 3, 4, 5, 6, 7, 8, 9, 10, 11, 12, 13, 14, 15, 16, 17, 18, 19, 20, 21, 23, 24, 25, 26, 27, 29, 30, 31, 34, 35, 36, 38, 39, 40, 41, 42, 43, 44, 45, 46, 47, 48, 49, 50, 52, 53, 54, 55, 56, 57, 58, 59, 61, 62, 63, 64, 65, 66, 67, 68, 69, 70, 71, 72, 73, 74, 75, 76, 77, 78, 79, 80, 81, 83, 85, 86, 87, 88, 89, 90, 91, 92, 93, 94, 95, 96, 97, 98, 99, 101, 102, 104, 105, 107, 110, 112, 113, 114, 115, 116, 117, 118, 120, 121, 122, 124, 125, 126, 128, 129, 130, 131, 132, 133, 134, 135, 137, 138, 139, 140, 142, 143, 144, 145, 146, 147, 149, 151, 152, 153, 154, 155, 156, 158, 159, 160, 161, 162, 163, 164, 165, 166, 169, 170, 171, 172, 173, 175, 176, 177, 178, 180, 181, 182, 183, 184, 185, 186, 187, 188, 190, 192, 193, 194, 196, 197, 198, 200, 201, 202, 203, 204, 206, 207, 209, 210, 212, 213, 217, 219, 220, 221, 222, 223, 224, 226, 227, 230, 232, 233, 235, 236, 237, 238, 241, 242, 243, 245, 246, 247, 248, 249, 250, 251, 252, 253, 254, 256, 257, 258, 259, 260, 261, 262, 263, 264, 265, 267, 268, 270, 271, 272, 273, 274, 275, 277, 278, 279, 286, 288, 290, 292, 293, 295, 296]
Linhas de Teste [22, 28, 32, 33, 37, 51, 60, 82, 84, 100, 103, 106, 108, 109, 111, 119, 123, 127, 136, 141, 148, 150, 157, 167, 168, 174, 179, 189, 191, 195, 199, 205, 208, 211, 214, 215, 216, 218, 225, 228, 229, 231, 234, 239, 240, 244, 255, 266, 269, 276, 280, 281, 282, 283, 284, 285, 287, 289, 291, 294]
R2 de Treino = 78.84
R2 de Teste = 75.17
Coeficientes (pesos): [ 21.7004032  -11.2936391  -16.07119913  -8.73063033  -8.25203194
  -0.82275123  -5.09916233  -2.39725728  -0.47189031   3.34499447
  -0.95378092   0.66968394   2.11175408   3.21332792   1.35284874
   3.81804715  -0.16273676  -1.96934397   8.23607881   0.9362599 ]
Interceptor (constante): 132.7028736662042

#################  Rodada 33 / 150  22.0 %
Parâmetros ('EV_MA', 'TST_MA', 'WAI_MA', 'saz_sin', 'saz_cos')
Linhas de Treino [1, 2, 3, 5, 6, 8, 10, 11, 12, 13, 14, 15, 16, 18, 19, 21, 22, 23, 24, 26, 28, 29, 31, 32, 33, 34, 35, 36, 37, 40, 43, 44, 45, 47, 48, 49, 50, 51, 52, 53, 54, 55, 57, 58, 60, 62, 64, 65, 66, 67, 70, 71, 72, 73, 74, 75, 76, 78, 79, 80, 81, 82, 83, 84, 85, 86, 87, 89, 90, 91, 92, 93, 94, 95, 96, 97, 99, 100, 101, 102, 103, 104, 105, 106, 107, 108, 109, 110, 111, 112, 113, 115, 116, 118, 119, 120, 121, 122, 123, 125, 126, 127, 130, 132, 133, 134, 135, 136, 139, 140, 141, 142, 143, 145, 146, 147, 148, 149, 150, 151, 152, 153, 154, 155, 156, 157, 158, 159, 160, 161, 163, 164, 165, 167, 168, 170, 171, 172, 173, 174, 176, 177, 178, 179, 180, 181, 182, 184, 185, 186, 187, 188, 189, 190, 191, 193, 195, 196, 197, 199, 200, 201, 202, 203, 205, 206, 207, 208, 209, 210, 211, 213, 214, 215, 216, 218, 219, 220, 221, 222, 223, 224, 225, 226, 227, 228, 229, 230, 231, 232, 234, 235, 236, 237, 239, 240, 241, 243, 244, 245, 247, 250, 252, 253, 255, 256, 257, 258, 260, 261, 263, 265, 266, 267, 268, 269, 270, 271, 273, 275, 276, 277, 278, 280, 281, 282, 283, 284, 285, 287, 288, 289, 290, 291, 292, 294, 295, 296]
Linhas de Teste [0, 4, 7, 9, 17, 20, 25, 27, 30, 38, 39, 41, 42, 46, 56, 59, 61, 63, 68, 69, 77, 88, 98, 114, 117, 124, 128, 129, 131, 137, 138, 144, 162, 166, 169, 175, 183, 192, 194, 198, 204, 212, 217, 233, 238, 242, 246, 248, 249, 251, 254, 259, 262, 264, 272, 274, 279, 286, 293]
R2 de Treino = 78.71
R2 de Teste = 77.38
Coeficientes (pesos): [ 21.93526826 -10.86279612 -16.19711067  -8.80686323  -8.09213299
  -0.40588989  -4.95323424  -3.334869     0.23213033   3.40358786
  -0.54742939   0.24108823   2.00707741   1.55390338   2.28352973
   3.6031533   -0.03516351  -1.5757031    8.47759518   2.0270306 ]
Interceptor (constante): 130.72986308545515

#################  Rodada 34 / 150  22.67 %
Parâmetros ('EV_MA', 'TST_MA', 'WAI_MA', 'saz_sin', 'saz_cos')
Linhas de Treino [0, 1, 2, 4, 6, 7, 8, 9, 10, 11, 12, 13, 14, 15, 16, 17, 18, 20, 21, 22, 24, 25, 26, 27, 28, 29, 30, 32, 33, 35, 37, 38, 39, 40, 41, 42, 44, 45, 46, 47, 51, 53, 54, 56, 57, 59, 60, 61, 62, 63, 64, 66, 67, 68, 69, 70, 71, 72, 73, 74, 75, 76, 77, 79, 80, 82, 83, 84, 85, 86, 87, 88, 89, 90, 91, 94, 98, 100, 101, 102, 103, 105, 106, 108, 109, 110, 111, 112, 113, 114, 115, 117, 119, 120, 121, 122, 123, 124, 126, 127, 128, 129, 131, 132, 133, 136, 137, 138, 139, 140, 141, 142, 143, 144, 146, 147, 148, 150, 152, 153, 154, 156, 157, 159, 160, 162, 164, 165, 166, 167, 168, 169, 170, 171, 173, 174, 175, 177, 179, 180, 183, 184, 187, 189, 191, 192, 193, 194, 195, 196, 198, 199, 200, 201, 202, 203, 204, 205, 207, 208, 209, 211, 212, 214, 215, 216, 217, 218, 222, 223, 224, 225, 226, 227, 228, 229, 230, 231, 232, 233, 234, 235, 236, 237, 238, 239, 240, 241, 242, 243, 244, 245, 246, 247, 248, 249, 250, 251, 252, 254, 255, 256, 257, 258, 259, 260, 261, 262, 263, 264, 265, 266, 267, 269, 270, 271, 272, 273, 274, 275, 276, 277, 278, 279, 280, 281, 282, 283, 284, 285, 286, 287, 289, 291, 292, 293, 294, 295]
Linhas de Teste [3, 5, 19, 23, 31, 34, 36, 43, 48, 49, 50, 52, 55, 58, 65, 78, 81, 92, 93, 95, 96, 97, 99, 104, 107, 116, 118, 125, 130, 134, 135, 145, 149, 151, 155, 158, 161, 163, 172, 176, 178, 181, 182, 185, 186, 188, 190, 197, 206, 210, 213, 219, 220, 221, 253, 268, 288, 290, 296]
R2 de Treino = 77.69
R2 de Teste = 70.74
Coeficientes (pesos): [ 20.46937645 -10.09078516 -13.50913077  -8.76728243  -7.19498857
   0.29521742  -6.08994876  -3.04441323  -1.04784054   3.71296149
   2.34376695   2.30798633  -0.51593463  -2.06145261   0.13658075
   3.43066866  -3.59256973  -1.42302528  10.6295248    1.62694071]
Interceptor (constante): 133.55058649595233

#################  Rodada 35 / 150  23.33 %
Parâmetros ('EV_MA', 'TST_MA', 'WAI_MA', 'saz_sin', 'saz_cos')
Linhas de Treino [0, 3, 4, 5, 7, 9, 10, 12, 14, 15, 16, 17, 18, 19, 20, 22, 23, 25, 26, 27, 28, 29, 30, 31, 32, 33, 34, 35, 36, 37, 38, 39, 41, 42, 43, 46, 47, 48, 49, 50, 51, 52, 53, 55, 56, 57, 58, 59, 60, 61, 62, 63, 64, 65, 66, 67, 68, 69, 70, 71, 73, 74, 77, 78, 80, 81, 82, 84, 87, 88, 90, 92, 93, 94, 95, 96, 97, 98, 99, 100, 101, 103, 104, 106, 107, 108, 109, 111, 112, 113, 114, 116, 117, 118, 119, 120, 123, 124, 125, 127, 128, 129, 130, 131, 132, 133, 134, 135, 136, 137, 138, 139, 141, 143, 144, 145, 148, 149, 150, 151, 152, 154, 155, 156, 157, 158, 161, 162, 163, 164, 166, 167, 168, 169, 170, 171, 172, 174, 175, 176, 178, 179, 180, 181, 182, 183, 184, 185, 186, 188, 189, 190, 191, 192, 194, 195, 196, 197, 198, 199, 200, 204, 205, 206, 208, 210, 211, 212, 213, 214, 215, 216, 217, 218, 219, 220, 221, 223, 225, 226, 227, 228, 229, 230, 231, 233, 234, 235, 236, 238, 239, 240, 242, 243, 244, 246, 248, 249, 251, 252, 253, 254, 255, 256, 257, 258, 259, 260, 262, 264, 266, 268, 269, 270, 271, 272, 274, 276, 277, 278, 279, 280, 281, 282, 283, 284, 285, 286, 287, 288, 289, 290, 291, 292, 293, 294, 295, 296]
Linhas de Teste [1, 2, 6, 8, 11, 13, 21, 24, 40, 44, 45, 54, 72, 75, 76, 79, 83, 85, 86, 89, 91, 102, 105, 110, 115, 121, 122, 126, 140, 142, 146, 147, 153, 159, 160, 165, 173, 177, 187, 193, 201, 202, 203, 207, 209, 222, 224, 232, 237, 241, 245, 247, 250, 261, 263, 265, 267, 273, 275]
R2 de Treino = 79.38
R2 de Teste = 71.78
Coeficientes (pesos): [ 21.17008362 -10.62214324 -13.91810109  -8.01316096  -7.19922824
  -0.27754924  -3.96096567  -1.54738853  -1.81244608   3.82474782
   0.06392203   1.44854197   0.43168918   2.38830166   1.07000096
   3.23588885  -2.12566887  -0.04716371   9.48157642   0.12194347]
Interceptor (constante): 131.1013790164915

#################  Rodada 36 / 150  24.0 %
Parâmetros ('EV_MA', 'TST_MA', 'WAI_MA', 'saz_sin', 'saz_cos')
Linhas de Treino [1, 2, 4, 5, 6, 7, 8, 9, 10, 11, 12, 13, 14, 15, 16, 18, 20, 21, 22, 23, 25, 26, 29, 30, 31, 32, 34, 35, 36, 37, 38, 41, 42, 43, 45, 46, 48, 49, 50, 51, 53, 54, 55, 57, 59, 61, 63, 64, 65, 66, 67, 68, 69, 70, 71, 72, 73, 75, 76, 77, 79, 80, 81, 83, 84, 85, 86, 88, 89, 90, 91, 92, 93, 94, 95, 96, 97, 98, 99, 100, 101, 102, 103, 104, 105, 106, 107, 108, 109, 112, 115, 116, 117, 118, 119, 120, 121, 122, 123, 124, 125, 126, 127, 128, 129, 130, 131, 132, 133, 134, 135, 136, 137, 138, 139, 140, 142, 143, 145, 146, 148, 149, 150, 151, 152, 153, 154, 155, 156, 157, 158, 159, 160, 161, 162, 163, 166, 168, 169, 170, 171, 172, 174, 175, 176, 178, 179, 180, 181, 182, 183, 184, 185, 186, 187, 188, 190, 191, 192, 193, 195, 197, 198, 199, 202, 203, 204, 205, 206, 208, 212, 213, 214, 215, 216, 217, 218, 220, 221, 223, 226, 227, 228, 229, 230, 231, 232, 234, 236, 238, 241, 243, 244, 246, 247, 248, 249, 250, 251, 252, 254, 255, 257, 258, 259, 261, 263, 264, 265, 266, 267, 268, 269, 270, 271, 272, 273, 275, 276, 277, 278, 279, 280, 281, 282, 283, 284, 285, 287, 289, 290, 291, 292, 293, 294, 295, 296]
Linhas de Teste [0, 3, 17, 19, 24, 27, 28, 33, 39, 40, 44, 47, 52, 56, 58, 60, 62, 74, 78, 82, 87, 110, 111, 113, 114, 141, 144, 147, 164, 165, 167, 173, 177, 189, 194, 196, 200, 201, 207, 209, 210, 211, 219, 222, 224, 225, 233, 235, 237, 239, 240, 242, 245, 253, 256, 260, 262, 274, 286, 288]
R2 de Treino = 78.79
R2 de Teste = 76.81
Coeficientes (pesos): [ 21.74919936 -10.90096992 -14.72293826  -8.45891344  -7.1416148
  -0.34212717  -3.70631377  -2.7170793   -1.51872874   3.20265309
   0.09298212   0.20574085   1.24582625   0.69341708   1.22800317
   3.86654356  -1.35726382  -0.71779828   9.28055418   1.01391011]
Interceptor (constante): 131.58210965596518

#################  Rodada 37 / 150  24.67 %
Parâmetros ('EV_MA', 'TST_MA', 'WAI_MA', 'saz_sin', 'saz_cos')
Linhas de Treino [0, 1, 2, 3, 4, 6, 7, 8, 9, 10, 11, 12, 14, 17, 18, 19, 20, 23, 24, 25, 26, 27, 28, 31, 33, 34, 35, 36, 38, 39, 40, 41, 42, 43, 44, 45, 46, 47, 48, 49, 50, 51, 52, 53, 55, 56, 57, 58, 59, 60, 62, 63, 64, 66, 67, 68, 69, 70, 71, 72, 73, 74, 75, 76, 77, 78, 80, 82, 83, 84, 85, 86, 87, 88, 89, 90, 92, 93, 94, 96, 97, 99, 101, 105, 106, 107, 108, 109, 110, 111, 113, 114, 116, 117, 118, 119, 120, 121, 122, 123, 124, 127, 128, 129, 130, 131, 132, 133, 135, 136, 137, 140, 141, 142, 143, 144, 145, 146, 147, 148, 149, 151, 152, 153, 154, 155, 156, 157, 158, 159, 160, 161, 162, 163, 164, 165, 166, 167, 168, 169, 171, 172, 173, 174, 175, 176, 177, 178, 179, 182, 183, 184, 185, 188, 189, 190, 192, 193, 194, 195, 196, 197, 198, 199, 200, 201, 202, 203, 206, 207, 209, 210, 211, 212, 213, 216, 217, 218, 219, 220, 222, 223, 224, 225, 227, 228, 229, 230, 232, 233, 234, 235, 236, 237, 238, 239, 240, 241, 242, 244, 245, 246, 247, 249, 252, 253, 254, 255, 256, 257, 258, 259, 260, 261, 262, 263, 264, 265, 266, 267, 270, 271, 274, 277, 278, 279, 280, 281, 282, 283, 286, 287, 288, 290, 291, 294, 296]
Linhas de Teste [5, 13, 15, 16, 21, 22, 29, 30, 32, 37, 54, 61, 65, 79, 81, 91, 95, 98, 100, 102, 103, 104, 112, 115, 125, 126, 134, 138, 139, 150, 170, 180, 181, 186, 187, 191, 204, 205, 208, 214, 215, 221, 226, 231, 243, 248, 250, 251, 268, 269, 272, 273, 275, 276, 284, 285, 289, 292, 293, 295]
R2 de Treino = 79.78
R2 de Teste = 71.47
Coeficientes (pesos): [ 20.92886404 -10.27415468 -15.15144536  -8.9643614   -6.84847777
  -0.49104123  -4.46148415  -1.84349562   0.2074655    3.71821197
  -1.19881229   0.44050119   0.92723311   1.83310975   1.77490986
   2.29589771  -0.82743036  -0.85847476   8.7026442    1.96783252]
Interceptor (constante): 130.62279205681213

#################  Rodada 38 / 150  25.33 %
Parâmetros ('EV_MA', 'TST_MA', 'WAI_MA', 'saz_sin', 'saz_cos')
Linhas de Treino [0, 1, 2, 3, 5, 6, 8, 9, 11, 13, 14, 15, 16, 17, 18, 19, 20, 21, 22, 24, 25, 26, 27, 28, 29, 30, 32, 33, 35, 36, 37, 38, 39, 40, 41, 42, 44, 46, 47, 48, 49, 50, 51, 52, 53, 54, 55, 56, 58, 59, 60, 61, 62, 64, 65, 67, 68, 70, 71, 73, 74, 75, 76, 78, 79, 81, 82, 83, 84, 87, 88, 89, 90, 91, 92, 93, 94, 95, 98, 99, 100, 101, 102, 103, 104, 105, 106, 107, 109, 110, 111, 112, 113, 114, 115, 116, 117, 118, 119, 120, 121, 122, 123, 124, 125, 126, 128, 131, 132, 134, 135, 136, 138, 139, 140, 141, 142, 143, 144, 145, 146, 147, 148, 149, 150, 151, 152, 153, 155, 156, 157, 158, 160, 163, 164, 165, 166, 167, 169, 170, 171, 172, 173, 174, 176, 177, 180, 181, 182, 183, 186, 187, 188, 189, 190, 191, 194, 195, 196, 198, 200, 201, 202, 203, 204, 205, 207, 208, 209, 210, 211, 212, 213, 214, 215, 217, 218, 219, 220, 221, 222, 223, 224, 225, 226, 227, 229, 231, 233, 235, 236, 237, 238, 239, 240, 241, 242, 243, 244, 245, 246, 247, 248, 249, 250, 251, 253, 255, 256, 257, 260, 262, 264, 265, 266, 267, 268, 269, 270, 271, 272, 273, 274, 275, 276, 278, 280, 281, 284, 285, 286, 288, 289, 292, 293, 294, 295, 296]
Linhas de Teste [4, 7, 10, 12, 23, 31, 34, 43, 45, 57, 63, 66, 69, 72, 77, 80, 85, 86, 96, 97, 108, 127, 129, 130, 133, 137, 154, 159, 161, 162, 168, 175, 178, 179, 184, 185, 192, 193, 197, 199, 206, 216, 228, 230, 232, 234, 252, 254, 258, 259, 261, 263, 277, 279, 282, 283, 287, 290, 291]
R2 de Treino = 78.89
R2 de Teste = 69.72
Coeficientes (pesos): [ 22.51994189 -11.45643053 -17.39062276  -7.71706474  -9.84054533
  -0.310837    -7.1216457   -3.18481323  -1.592684     4.09882006
   2.16970059   3.54389014   0.87786353   1.41996317   1.52474076
   5.02905418  -0.8583926   -2.29824147  10.30674251   1.70708125]
Interceptor (constante): 133.32935755287843

#################  Rodada 39 / 150  26.0 %
Parâmetros ('EV_MA', 'TST_MA', 'WAI_MA', 'saz_sin', 'saz_cos')
Linhas de Treino [0, 1, 2, 3, 4, 5, 6, 7, 10, 11, 12, 13, 15, 16, 17, 19, 20, 21, 22, 23, 24, 26, 27, 28, 29, 30, 31, 32, 33, 34, 37, 38, 39, 40, 42, 43, 44, 45, 47, 50, 51, 52, 54, 56, 57, 58, 60, 61, 62, 63, 64, 65, 66, 69, 70, 72, 73, 74, 75, 76, 77, 78, 79, 80, 81, 82, 84, 85, 86, 87, 88, 89, 91, 92, 93, 94, 95, 96, 97, 98, 100, 101, 102, 103, 104, 105, 106, 107, 108, 109, 110, 111, 112, 113, 114, 115, 116, 123, 125, 126, 127, 129, 130, 131, 132, 133, 134, 135, 137, 138, 139, 140, 141, 142, 143, 144, 145, 147, 150, 152, 153, 154, 155, 156, 157, 158, 159, 161, 162, 164, 165, 167, 168, 170, 173, 175, 176, 177, 178, 179, 180, 181, 184, 185, 186, 187, 189, 190, 191, 192, 193, 194, 196, 197, 198, 199, 200, 201, 202, 204, 205, 206, 207, 208, 209, 210, 211, 212, 214, 215, 216, 219, 220, 221, 222, 223, 224, 225, 226, 227, 228, 230, 231, 232, 233, 234, 235, 237, 238, 239, 240, 242, 243, 245, 248, 250, 251, 252, 253, 254, 256, 258, 259, 260, 261, 262, 263, 264, 265, 266, 267, 268, 269, 270, 272, 273, 274, 275, 276, 277, 279, 280, 281, 282, 283, 284, 285, 286, 287, 288, 289, 290, 291, 292, 293, 294, 295, 296]
Linhas de Teste [8, 9, 14, 18, 25, 35, 36, 41, 46, 48, 49, 53, 55, 59, 67, 68, 71, 83, 90, 99, 117, 118, 119, 120, 121, 122, 124, 128, 136, 146, 148, 149, 151, 160, 163, 166, 169, 171, 172, 174, 182, 183, 188, 195, 203, 213, 217, 218, 229, 236, 241, 244, 246, 247, 249, 255, 257, 271, 278]
R2 de Treino = 78.93
R2 de Teste = 73.38
Coeficientes (pesos): [ 21.33204054 -10.75014831 -14.57935103  -8.19981575  -6.77150929
   0.05046663  -5.24200655  -3.89809682   0.22859409   3.55016338
   0.09360819   1.02648742   1.62080635   1.36527602   1.63950506
   3.53427507  -1.70593905  -0.86702491   8.38906745   0.54692694]
Interceptor (constante): 131.74802208284146

#################  Rodada 40 / 150  26.67 %
Parâmetros ('EV_MA', 'TST_MA', 'WAI_MA', 'saz_sin', 'saz_cos')
Linhas de Treino [0, 3, 4, 5, 7, 8, 9, 10, 12, 13, 14, 15, 16, 17, 18, 19, 21, 22, 23, 24, 25, 27, 28, 29, 30, 31, 32, 33, 34, 35, 36, 37, 39, 40, 41, 43, 44, 45, 46, 47, 48, 49, 52, 53, 54, 55, 56, 57, 58, 59, 60, 61, 62, 63, 65, 66, 67, 68, 69, 71, 72, 74, 77, 78, 79, 80, 81, 82, 83, 85, 86, 87, 90, 91, 95, 96, 97, 98, 99, 100, 102, 103, 104, 108, 110, 111, 112, 113, 114, 115, 117, 118, 119, 120, 121, 122, 124, 125, 126, 127, 128, 129, 130, 133, 134, 136, 137, 138, 139, 141, 144, 146, 147, 148, 149, 150, 151, 154, 159, 160, 161, 162, 163, 164, 165, 166, 167, 168, 169, 170, 171, 172, 173, 174, 175, 177, 178, 179, 180, 181, 182, 183, 184, 185, 186, 187, 188, 189, 191, 192, 193, 194, 195, 196, 197, 199, 200, 201, 203, 204, 205, 206, 207, 208, 209, 210, 211, 213, 214, 215, 216, 217, 218, 219, 221, 222, 224, 225, 226, 228, 229, 230, 231, 232, 233, 234, 235, 236, 237, 239, 240, 241, 242, 243, 244, 245, 246, 247, 248, 249, 250, 251, 252, 253, 254, 255, 256, 257, 258, 259, 260, 261, 262, 263, 268, 269, 271, 272, 273, 274, 275, 276, 277, 278, 279, 282, 283, 284, 285, 286, 287, 288, 289, 290, 291, 292, 293, 295]
Linhas de Teste [1, 2, 6, 11, 20, 26, 38, 42, 50, 51, 64, 70, 73, 75, 76, 84, 88, 89, 92, 93, 94, 101, 105, 106, 107, 109, 116, 123, 131, 132, 135, 140, 142, 143, 145, 152, 153, 155, 156, 157, 158, 176, 190, 198, 202, 212, 220, 223, 227, 238, 264, 265, 266, 267, 270, 280, 281, 294, 296]
R2 de Treino = 78.11
R2 de Teste = 77.78
Coeficientes (pesos): [ 24.13149135 -10.05111912 -17.80902883  -9.86388339 -12.09677367
  -0.14526325  -4.09191832  -2.52564819  -2.37287209   1.74742148
  -0.79442562   0.193263     0.6669408    2.92442308   1.22609341
   4.25062458   0.75692607  -2.89661545  11.03564214   1.62825514]
Interceptor (constante): 133.36800907552933

#################  Rodada 41 / 150  27.33 %
Parâmetros ('EV_MA', 'TST_MA', 'WAI_MA', 'saz_sin', 'saz_cos')
Linhas de Treino [1, 4, 6, 7, 9, 10, 11, 12, 13, 14, 15, 16, 17, 19, 20, 21, 22, 24, 25, 26, 27, 28, 29, 30, 31, 33, 35, 37, 38, 39, 40, 41, 42, 43, 45, 46, 47, 48, 49, 50, 51, 52, 54, 55, 57, 58, 59, 61, 62, 63, 64, 67, 68, 69, 71, 72, 76, 77, 78, 79, 80, 81, 82, 83, 84, 85, 86, 87, 88, 89, 90, 91, 92, 93, 94, 95, 96, 97, 98, 99, 100, 102, 103, 104, 106, 107, 108, 109, 110, 111, 112, 113, 115, 116, 118, 119, 120, 121, 122, 123, 124, 125, 127, 128, 129, 130, 132, 133, 134, 136, 137, 138, 140, 142, 144, 145, 147, 148, 150, 151, 152, 154, 155, 156, 157, 159, 161, 163, 165, 166, 168, 169, 170, 171, 172, 174, 175, 176, 177, 179, 180, 182, 183, 184, 185, 186, 187, 188, 189, 190, 192, 193, 194, 195, 196, 198, 199, 200, 203, 205, 207, 208, 209, 210, 211, 212, 213, 214, 216, 217, 218, 219, 220, 221, 223, 224, 225, 226, 227, 228, 229, 230, 231, 232, 233, 234, 235, 236, 237, 238, 240, 242, 243, 244, 245, 246, 248, 250, 251, 252, 253, 254, 255, 257, 258, 259, 260, 261, 262, 263, 265, 266, 267, 268, 272, 273, 274, 275, 276, 277, 278, 279, 280, 282, 283, 284, 286, 287, 288, 289, 290, 291, 292, 293, 294, 295, 296]
Linhas de Teste [0, 2, 3, 5, 8, 18, 23, 32, 34, 36, 44, 53, 56, 60, 65, 66, 70, 73, 74, 75, 101, 105, 114, 117, 126, 131, 135, 139, 141, 143, 146, 149, 153, 158, 160, 162, 164, 167, 173, 178, 181, 191, 197, 201, 202, 204, 206, 215, 222, 239, 241, 247, 249, 256, 264, 269, 270, 271, 281, 285]
R2 de Treino = 79.19
R2 de Teste = 73.74
Coeficientes (pesos): [ 23.41771813 -10.60634214 -16.47238164  -9.25282931  -8.64457545
  -0.58275584  -6.49126407  -3.41110641  -0.75827449   4.36185649
   0.03773966   2.28277232   2.06693522   4.11658632   1.9073852
   4.38623947  -0.89950827  -0.97324945   9.22370609   1.58460502]
Interceptor (constante): 129.9752766998014

#################  Rodada 42 / 150  28.0 %
Parâmetros ('EV_MA', 'TST_MA', 'WAI_MA', 'saz_sin', 'saz_cos')
Linhas de Treino [0, 2, 3, 4, 5, 6, 7, 8, 9, 11, 12, 13, 16, 18, 19, 20, 23, 24, 25, 27, 28, 30, 32, 33, 34, 35, 36, 37, 39, 40, 41, 42, 44, 47, 48, 50, 51, 53, 55, 56, 57, 59, 60, 61, 62, 63, 64, 65, 66, 67, 68, 70, 72, 73, 74, 75, 76, 77, 78, 79, 80, 81, 82, 85, 86, 87, 88, 91, 93, 95, 96, 98, 100, 101, 102, 103, 104, 105, 108, 109, 110, 111, 112, 113, 114, 115, 116, 117, 118, 119, 121, 123, 125, 126, 127, 128, 129, 131, 132, 134, 135, 136, 137, 138, 139, 140, 141, 142, 143, 144, 145, 146, 147, 148, 149, 150, 151, 153, 154, 155, 156, 157, 158, 159, 160, 162, 163, 164, 165, 166, 167, 168, 169, 170, 172, 173, 174, 175, 176, 177, 178, 179, 180, 181, 182, 183, 187, 188, 189, 190, 191, 192, 193, 194, 195, 197, 198, 200, 201, 202, 204, 205, 206, 208, 209, 210, 211, 212, 213, 214, 215, 216, 217, 218, 220, 221, 222, 223, 224, 225, 226, 227, 228, 229, 230, 231, 232, 233, 234, 235, 237, 238, 239, 240, 241, 244, 245, 246, 247, 248, 249, 251, 252, 253, 254, 255, 256, 257, 259, 261, 262, 263, 264, 265, 266, 268, 269, 270, 271, 272, 273, 275, 276, 277, 279, 280, 281, 282, 283, 285, 287, 288, 289, 291, 293, 294, 295]
Linhas de Teste [1, 10, 14, 15, 17, 21, 22, 26, 29, 31, 38, 43, 45, 46, 49, 52, 54, 58, 69, 71, 83, 84, 89, 90, 92, 94, 97, 99, 106, 107, 120, 122, 124, 130, 133, 152, 161, 171, 184, 185, 186, 196, 199, 203, 207, 219, 236, 242, 243, 250, 258, 260, 267, 274, 278, 284, 286, 290, 292, 296]
R2 de Treino = 80.7
R2 de Teste = 68.18
Coeficientes (pesos): [ 22.94673802 -10.88361661 -17.63963944  -8.9699585  -10.22587994
   0.56412844  -6.38863433  -5.02541227  -0.92352439   3.10537513
   0.15830304   1.073623     2.40133505   0.69286675   2.45749584
   4.78351732   0.2814872   -2.60170322   9.15869595   2.23088101]
Interceptor (constante): 131.7414301117275

#################  Rodada 43 / 150  28.67 %
Parâmetros ('EV_MA', 'TST_MA', 'WAI_MA', 'saz_sin', 'saz_cos')
Linhas de Treino [0, 1, 2, 3, 4, 5, 6, 8, 10, 11, 12, 13, 14, 15, 16, 17, 18, 19, 20, 21, 22, 23, 24, 25, 26, 28, 29, 30, 31, 32, 33, 34, 36, 38, 39, 41, 42, 43, 44, 45, 46, 47, 49, 51, 52, 53, 54, 55, 56, 57, 58, 59, 60, 61, 62, 64, 65, 66, 67, 69, 70, 71, 73, 74, 75, 78, 79, 81, 82, 83, 84, 85, 89, 90, 91, 92, 94, 95, 96, 97, 98, 99, 100, 101, 102, 104, 105, 106, 107, 111, 112, 114, 115, 116, 117, 119, 120, 122, 123, 124, 126, 127, 128, 129, 130, 131, 132, 133, 135, 136, 137, 138, 139, 140, 141, 143, 145, 146, 148, 149, 150, 152, 153, 154, 155, 156, 158, 159, 160, 161, 162, 163, 164, 165, 166, 167, 168, 171, 172, 173, 177, 178, 179, 180, 181, 182, 184, 185, 186, 187, 189, 190, 191, 193, 195, 196, 197, 198, 199, 201, 202, 203, 204, 205, 206, 207, 208, 212, 213, 214, 215, 217, 218, 219, 220, 222, 223, 225, 226, 227, 228, 229, 230, 231, 233, 234, 235, 236, 239, 241, 242, 243, 245, 246, 247, 248, 249, 250, 251, 252, 253, 254, 255, 256, 258, 259, 260, 261, 262, 263, 264, 265, 266, 267, 268, 269, 270, 271, 272, 273, 274, 275, 278, 279, 280, 281, 283, 284, 285, 286, 287, 288, 290, 291, 292, 293, 295, 296]
Linhas de Teste [7, 9, 27, 35, 37, 40, 48, 50, 63, 68, 72, 76, 77, 80, 86, 87, 88, 93, 103, 108, 109, 110, 113, 118, 121, 125, 134, 142, 144, 147, 151, 157, 169, 170, 174, 175, 176, 183, 188, 192, 194, 200, 209, 210, 211, 216, 221, 224, 232, 237, 238, 240, 244, 257, 276, 277, 282, 289, 294]
R2 de Treino = 77.88
R2 de Teste = 78.71
Coeficientes (pesos): [ 21.41017117 -10.89353482 -14.61017779  -8.0585452   -7.57671153
  -0.61473352  -4.14383384  -1.47044963  -1.05021848   3.59878173
  -0.50190838   0.58588984   0.22546569   1.85381974   0.75597431
   3.15781655  -1.7424536   -0.7237444    9.76227535   0.30381801]
Interceptor (constante): 132.69954221870637

#################  Rodada 44 / 150  29.33 %
Parâmetros ('EV_MA', 'TST_MA', 'WAI_MA', 'saz_sin', 'saz_cos')
Linhas de Treino [0, 1, 2, 3, 4, 5, 6, 7, 8, 9, 10, 11, 13, 14, 15, 17, 18, 19, 21, 22, 23, 24, 26, 27, 29, 30, 31, 32, 34, 35, 36, 37, 38, 39, 40, 42, 43, 44, 45, 46, 48, 49, 50, 51, 52, 53, 54, 55, 56, 58, 59, 60, 61, 62, 63, 65, 66, 67, 68, 69, 70, 71, 72, 73, 74, 75, 76, 77, 78, 79, 80, 82, 83, 84, 86, 87, 88, 89, 90, 91, 92, 93, 94, 95, 96, 97, 98, 99, 100, 101, 102, 103, 105, 106, 107, 108, 109, 110, 113, 114, 115, 117, 118, 120, 121, 122, 123, 124, 125, 126, 127, 129, 130, 131, 133, 134, 135, 139, 140, 141, 142, 143, 144, 145, 146, 147, 148, 149, 150, 151, 152, 153, 154, 155, 157, 158, 159, 160, 161, 162, 163, 164, 165, 167, 169, 170, 171, 172, 173, 174, 175, 176, 177, 178, 181, 183, 184, 185, 186, 188, 189, 190, 191, 192, 194, 196, 197, 198, 199, 200, 201, 202, 203, 204, 206, 207, 209, 210, 211, 213, 215, 216, 219, 220, 221, 222, 224, 226, 228, 230, 232, 236, 237, 238, 239, 240, 241, 242, 243, 244, 247, 249, 250, 251, 252, 253, 256, 257, 258, 259, 260, 261, 262, 264, 265, 266, 267, 269, 270, 271, 273, 274, 276, 277, 278, 280, 281, 282, 284, 285, 286, 287, 288, 289, 290, 292, 294, 296]
Linhas de Teste [12, 16, 20, 25, 28, 33, 41, 47, 57, 64, 81, 85, 104, 111, 112, 116, 119, 128, 132, 136, 137, 138, 156, 166, 168, 179, 180, 182, 187, 193, 195, 205, 208, 212, 214, 217, 218, 223, 225, 227, 229, 231, 233, 234, 235, 245, 246, 248, 254, 255, 263, 268, 272, 275, 279, 283, 291, 293, 295]
R2 de Treino = 78.08
R2 de Teste = 80.78
Coeficientes (pesos): [ 21.80870207 -10.66015362 -15.92555722  -8.54319712  -8.64001421
  -0.35577112  -4.78401217  -2.65880384  -0.07338258   3.28845105
  -0.83472298   0.4216309    1.13086243   2.73211017   1.28438195
   2.86120691  -0.35637755  -1.41865014   8.60385341   1.31679045]
Interceptor (constante): 132.05840955805706

#################  Rodada 45 / 150  30.0 %
Parâmetros ('EV_MA', 'TST_MA', 'WAI_MA', 'saz_sin', 'saz_cos')
Linhas de Treino [0, 1, 2, 3, 5, 7, 8, 9, 10, 12, 14, 15, 16, 17, 18, 20, 21, 22, 23, 25, 26, 27, 28, 29, 31, 32, 33, 34, 35, 36, 37, 38, 40, 41, 43, 44, 45, 46, 47, 48, 49, 50, 52, 53, 54, 56, 57, 58, 60, 63, 64, 65, 66, 68, 69, 70, 71, 72, 73, 74, 75, 76, 77, 80, 81, 83, 84, 85, 86, 87, 88, 89, 90, 92, 93, 94, 97, 99, 101, 103, 104, 105, 106, 107, 108, 109, 110, 111, 112, 113, 114, 116, 117, 118, 119, 120, 121, 122, 124, 125, 126, 128, 130, 131, 132, 133, 134, 135, 136, 137, 138, 139, 141, 142, 143, 144, 146, 147, 149, 151, 152, 153, 156, 157, 158, 160, 161, 162, 164, 166, 167, 168, 169, 170, 171, 173, 174, 175, 176, 178, 179, 180, 181, 182, 183, 184, 185, 186, 187, 188, 191, 192, 193, 194, 195, 196, 197, 199, 200, 201, 202, 203, 204, 205, 206, 207, 208, 209, 210, 211, 212, 214, 215, 216, 217, 218, 219, 221, 222, 223, 224, 225, 227, 229, 231, 232, 233, 234, 235, 236, 237, 238, 239, 240, 241, 242, 243, 244, 245, 246, 247, 248, 249, 250, 254, 255, 256, 257, 258, 260, 263, 264, 267, 268, 269, 270, 271, 272, 274, 275, 276, 277, 278, 279, 281, 282, 283, 284, 285, 286, 289, 290, 291, 292, 293, 294, 295, 296]
Linhas de Teste [4, 6, 11, 13, 19, 24, 30, 39, 42, 51, 55, 59, 61, 62, 67, 78, 79, 82, 91, 95, 96, 98, 100, 102, 115, 123, 127, 129, 140, 145, 148, 150, 154, 155, 159, 163, 165, 172, 177, 189, 190, 198, 213, 220, 226, 228, 230, 251, 252, 253, 259, 261, 262, 265, 266, 273, 280, 287, 288]
R2 de Treino = 78.7
R2 de Teste = 75.67
Coeficientes (pesos): [ 2.07760262e+01 -1.06904866e+01 -1.46266519e+01 -8.54785585e+00
 -6.72226875e+00 -4.16392123e-01 -2.30559848e+00 -1.71710774e+00
 -1.71367682e+00  2.24473101e+00  1.55765285e+00  3.62665825e-01
  6.49376079e-03 -2.67714405e+00  6.37398331e-01  3.93395814e+00
 -2.36039785e+00 -1.69697957e+00  1.00492302e+01  1.79365480e+00]
Interceptor (constante): 133.4481176485941

#################  Rodada 46 / 150  30.67 %
Parâmetros ('EV_MA', 'TST_MA', 'WAI_MA', 'saz_sin', 'saz_cos')
Linhas de Treino [1, 2, 3, 4, 6, 7, 9, 13, 14, 15, 16, 18, 19, 20, 21, 23, 24, 25, 26, 27, 29, 30, 31, 32, 34, 35, 37, 38, 39, 40, 41, 42, 43, 44, 45, 46, 48, 49, 50, 54, 56, 57, 58, 59, 60, 62, 63, 64, 65, 67, 68, 69, 70, 72, 73, 74, 75, 76, 77, 79, 80, 81, 83, 84, 85, 86, 87, 88, 89, 92, 93, 97, 99, 102, 103, 105, 106, 107, 108, 110, 111, 112, 114, 115, 116, 117, 118, 119, 120, 122, 123, 124, 125, 126, 127, 128, 129, 130, 131, 134, 136, 137, 139, 140, 141, 142, 143, 144, 145, 146, 147, 148, 149, 150, 151, 152, 153, 154, 157, 158, 159, 160, 161, 162, 163, 164, 166, 167, 168, 169, 170, 172, 173, 174, 175, 177, 178, 179, 181, 182, 183, 185, 186, 187, 188, 189, 191, 192, 193, 194, 195, 197, 198, 199, 200, 201, 202, 203, 204, 207, 208, 209, 210, 211, 212, 213, 215, 216, 217, 218, 219, 220, 221, 222, 223, 224, 225, 226, 227, 228, 229, 231, 232, 233, 234, 235, 236, 237, 238, 239, 240, 241, 242, 244, 246, 247, 248, 249, 250, 251, 252, 253, 254, 256, 258, 259, 261, 262, 263, 264, 265, 267, 268, 269, 271, 272, 274, 276, 277, 278, 279, 280, 281, 282, 283, 284, 285, 286, 287, 288, 289, 291, 292, 293, 294, 295, 296]
Linhas de Teste [0, 5, 8, 10, 11, 12, 17, 22, 28, 33, 36, 47, 51, 52, 53, 55, 61, 66, 71, 78, 82, 90, 91, 94, 95, 96, 98, 100, 101, 104, 109, 113, 121, 132, 133, 135, 138, 155, 156, 165, 171, 176, 180, 184, 190, 196, 205, 206, 214, 230, 243, 245, 255, 257, 260, 266, 270, 273, 275, 290]
R2 de Treino = 76.61
R2 de Teste = 82.94
Coeficientes (pesos): [ 21.02819684 -11.31951261 -15.01269408  -8.52850884  -6.86575018
  -0.20316661  -4.36289623  -1.91343559  -0.75285187   3.53060359
   0.32109814   0.3155001    1.32783442   0.51858146   0.5145134
   3.57911372  -2.31657671  -1.17778364   8.54584143   0.41639514]
Interceptor (constante): 133.15138342805795

#################  Rodada 47 / 150  31.33 %
Parâmetros ('EV_MA', 'TST_MA', 'WAI_MA', 'saz_sin', 'saz_cos')
Linhas de Treino [0, 2, 3, 4, 5, 6, 8, 10, 11, 12, 13, 17, 18, 19, 20, 22, 23, 28, 29, 30, 32, 33, 34, 35, 36, 37, 38, 40, 43, 44, 45, 46, 47, 48, 49, 50, 51, 52, 53, 54, 55, 56, 57, 59, 60, 61, 62, 63, 66, 68, 69, 70, 71, 72, 73, 74, 75, 77, 78, 79, 80, 81, 82, 83, 84, 85, 86, 88, 89, 90, 91, 92, 93, 94, 95, 96, 98, 99, 100, 101, 102, 104, 105, 106, 107, 108, 109, 110, 112, 113, 114, 115, 116, 117, 118, 119, 120, 121, 123, 125, 126, 127, 128, 130, 131, 132, 133, 134, 135, 136, 137, 138, 141, 142, 143, 144, 145, 146, 147, 148, 150, 151, 152, 153, 154, 155, 156, 157, 158, 159, 160, 161, 162, 163, 164, 165, 167, 169, 171, 172, 173, 174, 175, 176, 177, 178, 180, 181, 182, 183, 184, 185, 186, 187, 188, 190, 191, 193, 194, 196, 197, 199, 201, 202, 203, 204, 205, 206, 207, 208, 210, 211, 214, 215, 216, 218, 219, 220, 222, 223, 224, 226, 227, 228, 229, 230, 231, 232, 234, 235, 236, 237, 239, 240, 241, 242, 243, 244, 245, 246, 250, 252, 253, 254, 255, 256, 257, 258, 259, 260, 262, 263, 265, 266, 267, 268, 269, 270, 271, 272, 273, 274, 275, 277, 278, 279, 280, 281, 282, 283, 285, 286, 287, 290, 291, 293, 294]
Linhas de Teste [1, 7, 9, 14, 15, 16, 21, 24, 25, 26, 27, 31, 39, 41, 42, 58, 64, 65, 67, 76, 87, 97, 103, 111, 122, 124, 129, 139, 140, 149, 166, 168, 170, 179, 189, 192, 195, 198, 200, 209, 212, 213, 217, 221, 225, 233, 238, 247, 248, 249, 251, 261, 264, 276, 284, 288, 289, 292, 295, 296]
R2 de Treino = 79.32
R2 de Teste = 68.18
Coeficientes (pesos): [ 20.79091802  -9.54552196 -13.70395723  -8.58295958  -7.36714528
   0.42642645  -3.29131889  -3.12409315  -1.31495336   1.78600588
  -1.02114626  -2.13211891   0.12890385   0.19031006   0.31138638
   3.47510845  -0.13350173  -1.22283344  10.74299985   1.53097119]
Interceptor (constante): 132.69783465206183

#################  Rodada 48 / 150  32.0 %
Parâmetros ('EV_MA', 'TST_MA', 'WAI_MA', 'saz_sin', 'saz_cos')
Linhas de Treino [0, 1, 2, 3, 4, 5, 7, 8, 9, 10, 11, 12, 13, 14, 15, 16, 17, 18, 19, 21, 22, 23, 24, 25, 26, 27, 28, 29, 31, 33, 34, 36, 37, 38, 39, 40, 41, 42, 44, 45, 46, 47, 48, 49, 50, 51, 52, 53, 54, 55, 56, 58, 59, 60, 61, 62, 63, 64, 65, 66, 67, 68, 69, 70, 71, 73, 74, 75, 76, 77, 78, 80, 81, 82, 87, 89, 90, 91, 92, 93, 94, 95, 96, 97, 98, 99, 100, 101, 102, 103, 104, 106, 108, 109, 110, 111, 112, 113, 115, 116, 117, 118, 121, 122, 123, 124, 125, 128, 129, 131, 132, 133, 135, 136, 137, 138, 139, 140, 142, 143, 144, 145, 146, 147, 148, 149, 151, 153, 155, 156, 157, 158, 160, 161, 162, 164, 165, 166, 168, 169, 170, 171, 172, 173, 176, 179, 180, 181, 182, 184, 185, 187, 189, 190, 191, 192, 193, 194, 195, 196, 197, 198, 200, 201, 202, 204, 205, 206, 209, 210, 212, 213, 214, 215, 217, 218, 219, 220, 221, 222, 224, 225, 226, 227, 228, 229, 230, 231, 233, 234, 236, 237, 238, 241, 242, 243, 244, 245, 246, 247, 248, 249, 250, 251, 252, 253, 254, 255, 257, 258, 259, 260, 261, 262, 264, 265, 266, 270, 271, 272, 273, 275, 276, 277, 280, 283, 284, 285, 286, 288, 289, 290, 291, 292, 293, 294, 295, 296]
Linhas de Teste [6, 20, 30, 32, 35, 43, 57, 72, 79, 83, 84, 85, 86, 88, 105, 107, 114, 119, 120, 126, 127, 130, 134, 141, 150, 152, 154, 159, 163, 167, 174, 175, 177, 178, 183, 186, 188, 199, 203, 207, 208, 211, 216, 223, 232, 235, 239, 240, 256, 263, 267, 268, 269, 274, 278, 279, 281, 282, 287]
R2 de Treino = 80.35
R2 de Teste = 64.75
Coeficientes (pesos): [ 25.28326924 -10.730998   -18.42371952  -9.73942839 -10.1929107
   0.13286643  -5.71667717  -4.49260342  -0.65109751   2.6442161
   1.24479239   1.64525485   1.47840045   1.23970263   2.40876077
   4.46006298   0.28199961  -2.12653824   9.80246017   3.20252407]
Interceptor (constante): 130.0569925368038

#################  Rodada 49 / 150  32.67 %
Parâmetros ('EV_MA', 'TST_MA', 'WAI_MA', 'saz_sin', 'saz_cos')
Linhas de Treino [0, 1, 2, 3, 5, 6, 7, 8, 9, 10, 11, 12, 13, 14, 15, 16, 17, 18, 19, 20, 21, 22, 23, 24, 25, 26, 27, 28, 29, 30, 31, 32, 33, 35, 36, 37, 39, 41, 42, 43, 44, 46, 47, 51, 52, 53, 54, 55, 56, 57, 58, 59, 61, 62, 64, 65, 66, 67, 70, 71, 72, 75, 76, 78, 79, 81, 82, 83, 84, 85, 86, 87, 88, 90, 91, 93, 94, 95, 96, 97, 98, 100, 101, 103, 104, 105, 107, 108, 109, 110, 111, 112, 113, 114, 115, 116, 117, 118, 119, 120, 121, 122, 124, 126, 127, 129, 130, 131, 132, 133, 134, 135, 138, 139, 140, 141, 144, 145, 149, 150, 151, 152, 153, 154, 155, 156, 157, 158, 159, 160, 161, 163, 165, 166, 167, 168, 170, 171, 172, 174, 175, 176, 177, 178, 179, 180, 182, 183, 184, 185, 186, 187, 188, 189, 190, 191, 192, 195, 196, 198, 199, 200, 201, 202, 203, 205, 206, 207, 208, 209, 210, 211, 212, 213, 214, 215, 216, 217, 219, 220, 221, 223, 224, 225, 226, 227, 228, 229, 230, 232, 233, 235, 238, 239, 240, 243, 245, 247, 248, 249, 251, 252, 253, 255, 256, 257, 259, 260, 261, 263, 264, 266, 267, 268, 269, 270, 272, 273, 274, 275, 276, 278, 279, 281, 282, 283, 284, 285, 286, 287, 288, 289, 290, 292, 293, 294, 295, 296]
Linhas de Teste [4, 34, 38, 40, 45, 48, 49, 50, 60, 63, 68, 69, 73, 74, 77, 80, 89, 92, 99, 102, 106, 123, 125, 128, 136, 137, 142, 143, 146, 147, 148, 162, 164, 169, 173, 181, 193, 194, 197, 204, 218, 222, 231, 234, 236, 237, 241, 242, 244, 246, 250, 254, 258, 262, 265, 271, 277, 280, 291]
R2 de Treino = 78.84
R2 de Teste = 73.25
Coeficientes (pesos): [ 19.6294421  -11.55007157 -13.82519268  -7.00864615  -7.22384974
  -1.40759659  -4.88528929  -0.13886763  -0.70811009   5.41312947
  -0.4381626    1.24208601  -0.1764037    3.00111691   0.56792199
   2.33069618  -2.14318822   0.10281384   8.9552324   -0.41915422]
Interceptor (constante): 131.79696465467728

#################  Rodada 50 / 150  33.33 %
Parâmetros ('EV_MA', 'TST_MA', 'WAI_MA', 'saz_sin', 'saz_cos')
Linhas de Treino [0, 1, 4, 5, 6, 7, 8, 9, 10, 11, 12, 14, 15, 16, 17, 20, 21, 22, 24, 25, 26, 27, 28, 30, 31, 32, 33, 34, 35, 36, 38, 39, 40, 41, 42, 43, 45, 47, 48, 49, 50, 51, 52, 53, 55, 57, 58, 60, 61, 63, 64, 65, 66, 67, 68, 69, 71, 72, 73, 74, 76, 77, 78, 79, 80, 82, 83, 84, 85, 86, 87, 88, 89, 90, 91, 92, 94, 95, 96, 97, 98, 99, 100, 101, 102, 103, 104, 105, 106, 107, 109, 111, 113, 114, 119, 120, 121, 122, 123, 124, 125, 126, 127, 128, 129, 130, 132, 133, 134, 135, 136, 137, 138, 139, 140, 141, 142, 143, 146, 147, 148, 149, 150, 152, 154, 155, 156, 159, 162, 163, 164, 165, 166, 167, 168, 169, 170, 171, 173, 174, 175, 176, 177, 178, 179, 180, 181, 183, 184, 186, 188, 189, 190, 192, 193, 194, 195, 196, 197, 198, 199, 200, 203, 204, 205, 206, 207, 208, 209, 211, 212, 213, 214, 216, 217, 218, 221, 222, 223, 225, 230, 231, 232, 233, 234, 235, 236, 237, 238, 239, 240, 241, 242, 243, 244, 245, 246, 247, 248, 249, 250, 251, 254, 255, 256, 257, 258, 260, 261, 262, 263, 264, 265, 266, 267, 268, 269, 270, 271, 273, 274, 275, 276, 277, 278, 279, 280, 281, 282, 284, 287, 288, 289, 290, 291, 292, 295, 296]
Linhas de Teste [2, 3, 13, 18, 19, 23, 29, 37, 44, 46, 54, 56, 59, 62, 70, 75, 81, 93, 108, 110, 112, 115, 116, 117, 118, 131, 144, 145, 151, 153, 157, 158, 160, 161, 172, 182, 185, 187, 191, 201, 202, 210, 215, 219, 220, 224, 226, 227, 228, 229, 252, 253, 259, 272, 283, 285, 286, 293, 294]
R2 de Treino = 79.3
R2 de Teste = 74.44
Coeficientes (pesos): [ 21.37942876 -10.25013399 -15.64534342  -9.17939487  -7.99231985
  -0.5326326   -5.06104373  -2.66317734  -0.83717438   3.89389084
  -0.55640737   1.65208261   2.36468697   1.7881787    1.32175102
   4.20674029  -2.15353097  -1.47435667   7.99332056   1.28891891]
Interceptor (constante): 131.88004595638756

#################  Rodada 51 / 150  34.0 %
Parâmetros ('EV_MA', 'TST_MA', 'WAI_MA', 'saz_sin', 'saz_cos')
Linhas de Treino [0, 1, 3, 5, 7, 8, 10, 11, 12, 13, 14, 15, 16, 18, 19, 20, 21, 24, 25, 26, 27, 28, 29, 33, 34, 37, 38, 39, 40, 41, 42, 44, 45, 46, 47, 48, 49, 50, 51, 52, 53, 54, 55, 56, 58, 59, 60, 61, 62, 63, 64, 65, 66, 67, 68, 70, 71, 72, 74, 75, 76, 77, 81, 82, 83, 84, 85, 86, 87, 88, 90, 91, 92, 93, 97, 98, 99, 100, 101, 103, 104, 106, 107, 109, 111, 112, 113, 114, 116, 117, 118, 119, 120, 121, 123, 124, 126, 127, 129, 130, 131, 132, 133, 134, 135, 136, 138, 139, 140, 141, 142, 143, 144, 145, 146, 147, 148, 149, 150, 152, 153, 155, 157, 158, 160, 161, 162, 163, 164, 165, 166, 167, 169, 170, 171, 172, 173, 174, 175, 176, 177, 178, 179, 180, 181, 183, 184, 185, 186, 188, 189, 190, 191, 192, 195, 196, 197, 198, 199, 200, 202, 203, 204, 205, 206, 207, 209, 210, 211, 212, 214, 215, 217, 219, 220, 222, 223, 224, 225, 226, 227, 228, 229, 231, 232, 233, 234, 235, 237, 238, 239, 240, 241, 242, 243, 245, 246, 247, 248, 249, 250, 251, 252, 254, 255, 256, 257, 258, 259, 261, 262, 264, 265, 266, 267, 268, 269, 270, 271, 272, 273, 275, 276, 278, 279, 280, 281, 282, 283, 284, 285, 287, 288, 289, 290, 291, 294]
Linhas de Teste [2, 4, 6, 9, 17, 22, 23, 30, 31, 32, 35, 36, 43, 57, 69, 73, 78, 79, 80, 89, 94, 95, 96, 102, 105, 108, 110, 115, 122, 125, 128, 137, 151, 154, 156, 159, 168, 182, 187, 193, 194, 201, 208, 213, 216, 218, 221, 230, 236, 244, 253, 260, 263, 274, 277, 286, 292, 293, 295, 296]
R2 de Treino = 77.44
R2 de Teste = 74.43
Coeficientes (pesos): [ 19.62538543  -9.97154314 -12.86286395  -7.53948422  -5.59546878
  -0.69881137  -6.33614527  -2.54318127   0.11458148   5.7740241
  -0.38076538  -0.55805785   1.78980903   0.96553757  -0.52666224
   4.20258578  -3.21681125   0.035535     8.4405467    0.30639534]
Interceptor (constante): 131.75106912206496

#################  Rodada 52 / 150  34.67 %
Parâmetros ('EV_MA', 'TST_MA', 'WAI_MA', 'saz_sin', 'saz_cos')
Linhas de Treino [0, 1, 2, 3, 4, 6, 7, 8, 9, 10, 11, 13, 14, 15, 17, 18, 19, 20, 21, 22, 23, 24, 25, 27, 29, 30, 31, 32, 33, 34, 35, 36, 37, 38, 40, 43, 44, 45, 46, 47, 49, 51, 52, 56, 57, 58, 59, 60, 61, 62, 63, 64, 65, 66, 67, 68, 69, 70, 71, 72, 73, 74, 75, 76, 77, 78, 79, 80, 82, 83, 85, 86, 87, 88, 89, 90, 92, 94, 95, 96, 97, 98, 99, 100, 101, 102, 103, 104, 105, 107, 108, 109, 110, 112, 114, 115, 116, 118, 119, 120, 122, 123, 124, 125, 126, 127, 128, 130, 132, 133, 136, 137, 138, 141, 142, 144, 145, 146, 147, 149, 150, 151, 152, 153, 154, 155, 156, 157, 158, 159, 160, 161, 162, 163, 164, 165, 166, 167, 168, 169, 170, 172, 173, 174, 175, 176, 177, 178, 179, 180, 182, 185, 186, 187, 188, 189, 190, 192, 193, 194, 195, 197, 198, 199, 200, 201, 202, 203, 205, 206, 208, 209, 210, 211, 212, 213, 215, 216, 217, 218, 219, 221, 222, 223, 225, 226, 227, 228, 229, 230, 233, 235, 236, 237, 238, 243, 244, 245, 246, 247, 249, 251, 253, 254, 255, 259, 260, 261, 262, 263, 264, 268, 270, 271, 272, 273, 274, 275, 276, 277, 279, 280, 281, 282, 284, 285, 286, 287, 288, 289, 290, 291, 292, 293, 294, 295, 296]
Linhas de Teste [5, 12, 16, 26, 28, 39, 41, 42, 48, 50, 53, 54, 55, 81, 84, 91, 93, 106, 111, 113, 117, 121, 129, 131, 134, 135, 139, 140, 143, 148, 171, 181, 183, 184, 191, 196, 204, 207, 214, 220, 224, 231, 232, 234, 239, 240, 241, 242, 248, 250, 252, 256, 257, 258, 265, 266, 267, 269, 278, 283]
R2 de Treino = 80.28
R2 de Teste = 67.15
Coeficientes (pesos): [ 2.23590107e+01 -1.07876772e+01 -1.54764871e+01 -9.17526255e+00
 -8.36677254e+00  4.05027987e-01 -4.43382598e+00 -3.65307982e+00
 -3.34535262e-01  2.28227246e+00 -1.61144171e-03  1.27101967e+00
  1.12343402e+00  8.61770029e-01  1.85005996e+00  3.44930985e+00
 -1.16806165e+00 -1.84499965e+00  9.34137290e+00  1.34969886e+00]
Interceptor (constante): 131.39367977158764

#################  Rodada 53 / 150  35.33 %
Parâmetros ('EV_MA', 'TST_MA', 'WAI_MA', 'saz_sin', 'saz_cos')
Linhas de Treino [0, 2, 3, 4, 5, 6, 9, 12, 13, 16, 17, 18, 20, 22, 23, 24, 26, 27, 28, 29, 30, 31, 32, 33, 34, 35, 36, 37, 38, 39, 40, 41, 42, 43, 45, 46, 48, 50, 53, 54, 55, 56, 57, 58, 59, 62, 65, 66, 69, 70, 71, 72, 73, 74, 75, 76, 77, 78, 79, 80, 81, 82, 83, 84, 86, 87, 89, 90, 91, 93, 94, 95, 96, 97, 98, 99, 101, 102, 105, 106, 107, 108, 109, 110, 111, 112, 113, 114, 115, 116, 117, 118, 119, 121, 122, 123, 125, 127, 128, 129, 130, 131, 132, 133, 134, 135, 136, 137, 138, 139, 140, 141, 142, 143, 144, 146, 147, 148, 149, 150, 151, 152, 153, 154, 155, 156, 159, 161, 162, 166, 167, 168, 169, 171, 172, 175, 178, 179, 180, 181, 182, 183, 184, 185, 186, 187, 188, 189, 190, 191, 193, 194, 195, 196, 197, 199, 200, 201, 203, 204, 206, 207, 208, 209, 210, 211, 212, 213, 214, 215, 216, 217, 218, 220, 221, 222, 224, 225, 226, 227, 228, 229, 230, 231, 232, 234, 236, 237, 239, 240, 241, 242, 243, 244, 246, 247, 248, 249, 250, 252, 253, 254, 256, 257, 258, 259, 260, 261, 262, 263, 264, 265, 266, 267, 268, 269, 270, 271, 273, 274, 277, 278, 279, 280, 282, 283, 284, 286, 287, 288, 289, 290, 291, 292, 293, 294, 295, 296]
Linhas de Teste [1, 7, 8, 10, 11, 14, 15, 19, 21, 25, 44, 47, 49, 51, 52, 60, 61, 63, 64, 67, 68, 85, 88, 92, 100, 103, 104, 120, 124, 126, 145, 157, 158, 160, 163, 164, 165, 170, 173, 174, 176, 177, 192, 198, 202, 205, 219, 223, 233, 235, 238, 245, 251, 255, 272, 275, 276, 281, 285]
R2 de Treino = 79.55
R2 de Teste = 67.69
Coeficientes (pesos): [ 20.87433112 -11.35952102 -14.37943307  -8.07267408  -6.66100781
   0.19907931  -4.10180477  -2.78584731  -1.27859044   2.91474987
  -0.18546862   0.28391848   1.24551648   1.77444241   1.73800471
   3.19530784  -0.59179559  -0.85808525   8.81871076   1.00945291]
Interceptor (constante): 130.1629188641044

#################  Rodada 54 / 150  36.0 %
Parâmetros ('EV_MA', 'TST_MA', 'WAI_MA', 'saz_sin', 'saz_cos')
Linhas de Treino [0, 1, 2, 3, 4, 5, 6, 7, 8, 9, 10, 11, 12, 14, 15, 16, 17, 19, 21, 22, 23, 24, 25, 26, 28, 30, 31, 32, 33, 35, 36, 39, 40, 41, 42, 43, 44, 46, 47, 48, 49, 50, 51, 52, 53, 54, 55, 57, 58, 59, 60, 61, 63, 64, 65, 66, 67, 68, 69, 73, 74, 75, 78, 79, 80, 81, 84, 85, 86, 88, 89, 91, 92, 93, 94, 95, 96, 100, 101, 102, 103, 104, 105, 106, 107, 108, 110, 111, 113, 115, 117, 120, 121, 122, 123, 124, 125, 126, 127, 128, 129, 130, 131, 132, 133, 134, 135, 137, 138, 139, 140, 143, 145, 147, 148, 149, 151, 152, 153, 154, 155, 156, 157, 158, 159, 160, 161, 162, 163, 164, 165, 166, 168, 170, 171, 173, 174, 175, 176, 177, 179, 181, 182, 183, 184, 185, 187, 188, 189, 190, 191, 192, 193, 194, 195, 196, 197, 198, 199, 200, 201, 202, 204, 205, 207, 208, 210, 211, 212, 213, 214, 215, 216, 217, 218, 219, 220, 221, 222, 223, 224, 225, 226, 230, 231, 232, 233, 234, 235, 236, 238, 239, 240, 241, 242, 244, 245, 246, 247, 248, 250, 251, 252, 253, 254, 255, 256, 257, 258, 259, 260, 263, 264, 265, 266, 267, 269, 270, 271, 272, 274, 275, 276, 277, 278, 280, 281, 282, 283, 285, 286, 287, 290, 291, 292, 293, 295, 296]
Linhas de Teste [13, 18, 20, 27, 29, 34, 37, 38, 45, 56, 62, 70, 71, 72, 76, 77, 82, 83, 87, 90, 97, 98, 99, 109, 112, 114, 116, 118, 119, 136, 141, 142, 144, 146, 150, 167, 169, 172, 178, 180, 186, 203, 206, 209, 227, 228, 229, 237, 243, 249, 261, 262, 268, 273, 279, 284, 288, 289, 294]
R2 de Treino = 77.82
R2 de Teste = 78.78
Coeficientes (pesos): [ 20.78587379 -10.83543422 -14.05291746  -8.93328318  -6.68752728
  -0.90753485  -3.86359195  -0.96572231  -0.43441671   3.63797155
  -0.05802965   0.47993202   0.21254501   1.01746318   0.34459898
   2.69509988  -2.26854181  -1.2080009    8.78386803   0.06474071]
Interceptor (constante): 134.14296009947387

#################  Rodada 55 / 150  36.67 %
Parâmetros ('EV_MA', 'TST_MA', 'WAI_MA', 'saz_sin', 'saz_cos')
Linhas de Treino [1, 2, 4, 5, 6, 7, 8, 9, 10, 11, 12, 13, 14, 15, 16, 17, 18, 19, 20, 21, 22, 23, 25, 26, 27, 28, 29, 30, 31, 32, 34, 35, 36, 37, 38, 39, 41, 42, 43, 44, 45, 47, 48, 49, 50, 51, 52, 53, 54, 55, 56, 57, 60, 61, 62, 63, 64, 67, 68, 69, 70, 71, 72, 73, 76, 77, 78, 79, 80, 81, 82, 83, 84, 85, 87, 88, 89, 90, 91, 92, 93, 94, 95, 96, 97, 98, 99, 100, 102, 103, 104, 105, 106, 108, 109, 110, 111, 112, 113, 114, 115, 116, 117, 118, 119, 120, 121, 122, 124, 125, 126, 128, 129, 131, 134, 135, 136, 137, 139, 140, 141, 142, 143, 144, 145, 146, 148, 150, 151, 154, 156, 157, 158, 159, 160, 163, 164, 165, 167, 168, 169, 170, 171, 172, 173, 174, 176, 177, 178, 180, 181, 182, 183, 184, 186, 187, 191, 192, 193, 194, 196, 198, 201, 202, 203, 204, 205, 206, 207, 208, 209, 213, 214, 216, 218, 219, 220, 221, 223, 224, 227, 228, 229, 230, 231, 232, 233, 234, 235, 236, 237, 238, 239, 240, 241, 242, 243, 244, 245, 248, 249, 250, 251, 252, 253, 255, 256, 257, 258, 260, 261, 262, 263, 265, 266, 267, 268, 269, 272, 273, 274, 275, 276, 277, 278, 279, 281, 283, 284, 285, 286, 288, 289, 292, 293, 294, 295, 296]
Linhas de Teste [0, 3, 24, 33, 40, 46, 58, 59, 65, 66, 74, 75, 86, 101, 107, 123, 127, 130, 132, 133, 138, 147, 149, 152, 153, 155, 161, 162, 166, 175, 179, 185, 188, 189, 190, 195, 197, 199, 200, 210, 211, 212, 215, 217, 222, 225, 226, 246, 247, 254, 259, 264, 270, 271, 280, 282, 287, 290, 291]
R2 de Treino = 79.5
R2 de Teste = 72.8
Coeficientes (pesos): [ 24.81018077 -10.71054179 -20.31263803  -9.07156679 -12.36969928
  -0.73349122  -4.6599174   -2.87444948  -1.86111326   2.13976939
  -0.21261511   2.17546913   0.44681087   3.82281113   2.51425868
   4.30155706   1.94059476  -2.310723    11.08620416   3.47159318]
Interceptor (constante): 132.0972105993555

#################  Rodada 56 / 150  37.33 %
Parâmetros ('EV_MA', 'TST_MA', 'WAI_MA', 'saz_sin', 'saz_cos')
Linhas de Treino [1, 3, 4, 5, 6, 7, 10, 11, 12, 14, 16, 17, 18, 19, 20, 21, 22, 23, 25, 26, 27, 28, 29, 30, 32, 33, 34, 35, 36, 37, 38, 40, 41, 43, 44, 45, 46, 47, 48, 49, 50, 51, 52, 53, 54, 55, 56, 58, 60, 61, 62, 63, 64, 66, 67, 68, 69, 71, 72, 74, 76, 77, 78, 80, 81, 82, 83, 84, 85, 86, 87, 90, 91, 92, 93, 95, 97, 98, 99, 100, 101, 102, 103, 104, 106, 107, 108, 110, 112, 113, 114, 115, 116, 117, 118, 119, 121, 122, 123, 124, 125, 126, 127, 128, 130, 131, 132, 133, 135, 136, 138, 140, 142, 143, 144, 145, 146, 147, 148, 149, 151, 153, 154, 155, 156, 157, 158, 159, 160, 161, 162, 164, 165, 166, 167, 169, 170, 171, 173, 174, 175, 176, 177, 179, 180, 181, 183, 184, 185, 186, 187, 188, 190, 192, 193, 194, 195, 196, 198, 200, 201, 203, 204, 205, 206, 208, 209, 210, 211, 212, 213, 214, 215, 216, 217, 218, 219, 220, 221, 222, 224, 225, 228, 229, 230, 231, 232, 234, 235, 236, 237, 238, 239, 240, 241, 244, 246, 247, 248, 249, 250, 252, 253, 254, 255, 256, 257, 258, 260, 261, 262, 263, 264, 265, 266, 267, 268, 269, 270, 271, 272, 274, 275, 276, 277, 279, 281, 282, 284, 285, 288, 289, 291, 292, 294, 295, 296]
Linhas de Teste [0, 2, 8, 9, 13, 15, 24, 31, 39, 42, 57, 59, 65, 70, 73, 75, 79, 88, 89, 94, 96, 105, 109, 111, 120, 129, 134, 137, 139, 141, 150, 152, 163, 168, 172, 178, 182, 189, 191, 197, 199, 202, 207, 223, 226, 227, 233, 242, 243, 245, 251, 259, 273, 278, 280, 283, 286, 287, 290, 293]
R2 de Treino = 80.59
R2 de Teste = 65.32
Coeficientes (pesos): [ 25.8096392  -10.74918566 -19.58712115 -10.01913849 -11.44162909
  -0.24394211  -6.60565028  -4.4546627   -0.95596635   2.88139418
   1.68528588   3.08062473   1.6441102    0.37574588   2.61509412
   4.62565996  -0.16019013  -3.73916785  10.34107526   3.59255552]
Interceptor (constante): 132.7182947221498

#################  Rodada 57 / 150  38.0 %
Parâmetros ('EV_MA', 'TST_MA', 'WAI_MA', 'saz_sin', 'saz_cos')
Linhas de Treino [0, 1, 2, 3, 4, 5, 6, 7, 8, 9, 13, 15, 16, 17, 18, 20, 21, 22, 23, 24, 27, 28, 29, 30, 31, 33, 34, 35, 36, 37, 38, 39, 40, 41, 42, 43, 44, 46, 47, 48, 49, 50, 52, 55, 56, 57, 58, 59, 61, 62, 63, 64, 65, 66, 67, 68, 70, 72, 73, 74, 75, 76, 79, 80, 81, 83, 84, 85, 86, 87, 88, 89, 90, 91, 92, 94, 96, 97, 98, 99, 100, 102, 103, 104, 105, 106, 108, 109, 110, 111, 112, 115, 116, 117, 119, 120, 121, 122, 123, 124, 125, 126, 128, 129, 130, 131, 133, 134, 135, 137, 138, 139, 140, 141, 142, 144, 145, 147, 148, 150, 151, 152, 153, 154, 155, 156, 157, 158, 159, 160, 161, 162, 163, 164, 165, 166, 168, 169, 170, 171, 172, 173, 175, 177, 178, 179, 181, 182, 183, 184, 185, 186, 187, 188, 189, 190, 191, 192, 194, 195, 197, 199, 200, 201, 202, 203, 204, 205, 207, 208, 209, 211, 212, 213, 214, 215, 217, 218, 219, 220, 221, 222, 223, 224, 225, 226, 227, 228, 230, 233, 234, 236, 239, 241, 242, 243, 244, 245, 246, 248, 249, 250, 251, 254, 255, 257, 258, 259, 260, 262, 263, 264, 265, 266, 267, 268, 269, 270, 271, 273, 274, 275, 278, 280, 282, 283, 284, 285, 286, 287, 288, 289, 290, 292, 293, 295, 296]
Linhas de Teste [10, 11, 12, 14, 19, 25, 26, 32, 45, 51, 53, 54, 60, 69, 71, 77, 78, 82, 93, 95, 101, 107, 113, 114, 118, 127, 132, 136, 143, 146, 149, 167, 174, 176, 180, 193, 196, 198, 206, 210, 216, 229, 231, 232, 235, 237, 238, 240, 247, 252, 253, 256, 261, 272, 276, 277, 279, 281, 291, 294]
R2 de Treino = 80.23
R2 de Teste = 70.86
Coeficientes (pesos): [ 24.29652245 -11.16301997 -17.83456685  -9.17747053 -10.65189489
  -0.91503287  -5.40085274  -1.6645307   -1.2146312    4.06318924
  -1.18897684   1.66042718   0.73463889   5.50528276   1.78639267
   3.67272551   0.04572677  -1.36409144   9.93729183   0.90295965]
Interceptor (constante): 131.5513290542027

#################  Rodada 58 / 150  38.67 %
Parâmetros ('EV_MA', 'TST_MA', 'WAI_MA', 'saz_sin', 'saz_cos')
Linhas de Treino [0, 1, 2, 3, 5, 6, 8, 9, 10, 11, 12, 13, 14, 15, 18, 19, 22, 24, 25, 26, 27, 29, 30, 31, 32, 33, 37, 38, 39, 40, 42, 44, 45, 46, 47, 48, 49, 50, 51, 53, 54, 55, 56, 57, 58, 59, 60, 61, 62, 63, 64, 65, 66, 68, 69, 70, 71, 72, 73, 74, 75, 77, 78, 79, 80, 82, 83, 87, 88, 89, 92, 93, 94, 95, 96, 98, 99, 101, 103, 104, 105, 106, 107, 108, 109, 111, 112, 113, 114, 115, 116, 117, 118, 119, 120, 121, 123, 124, 125, 126, 127, 129, 131, 132, 134, 135, 136, 137, 138, 139, 141, 142, 143, 145, 146, 147, 149, 150, 151, 152, 153, 154, 155, 156, 157, 159, 160, 161, 162, 163, 164, 165, 166, 167, 168, 169, 170, 171, 172, 173, 174, 175, 176, 177, 178, 180, 182, 183, 184, 186, 187, 189, 191, 192, 193, 194, 195, 196, 197, 198, 199, 200, 201, 202, 203, 206, 207, 209, 210, 212, 214, 216, 217, 218, 219, 222, 223, 226, 227, 229, 231, 232, 233, 234, 235, 237, 238, 239, 240, 241, 242, 243, 245, 247, 249, 250, 251, 252, 253, 254, 256, 257, 258, 259, 260, 261, 262, 263, 264, 265, 267, 268, 269, 271, 272, 273, 274, 275, 276, 277, 278, 279, 280, 281, 282, 283, 284, 286, 287, 288, 289, 290, 291, 292, 293, 294, 295, 296]
Linhas de Teste [4, 7, 16, 17, 20, 21, 23, 28, 34, 35, 36, 41, 43, 52, 67, 76, 81, 84, 85, 86, 90, 91, 97, 100, 102, 110, 122, 128, 130, 133, 140, 144, 148, 158, 179, 181, 185, 188, 190, 204, 205, 208, 211, 213, 215, 220, 221, 224, 225, 228, 230, 236, 244, 246, 248, 255, 266, 270, 285]
R2 de Treino = 77.89
R2 de Teste = 75.98
Coeficientes (pesos): [ 20.15077106  -9.20309009 -13.25191153  -7.99506431  -6.59225543
   0.60294597  -4.44560261  -3.60902023  -0.89824009   3.49435193
   1.06217889   1.51878385   1.1815853   -0.4117803    1.36387466
   4.19532325  -2.14613445  -0.78289485   9.18913216   1.01396038]
Interceptor (constante): 131.86191134198768

#################  Rodada 59 / 150  39.33 %
Parâmetros ('EV_MA', 'TST_MA', 'WAI_MA', 'saz_sin', 'saz_cos')
Linhas de Treino [0, 1, 2, 4, 6, 7, 8, 9, 10, 11, 12, 13, 14, 15, 16, 17, 19, 20, 21, 22, 23, 24, 25, 26, 27, 28, 29, 31, 32, 33, 34, 35, 36, 38, 39, 40, 41, 42, 43, 45, 47, 48, 50, 51, 52, 53, 54, 56, 57, 59, 60, 61, 62, 65, 67, 69, 70, 71, 72, 73, 74, 75, 76, 77, 78, 79, 80, 81, 82, 83, 84, 85, 86, 88, 89, 90, 91, 92, 93, 94, 95, 96, 97, 98, 99, 100, 101, 102, 103, 104, 105, 106, 107, 109, 110, 111, 113, 114, 116, 117, 118, 120, 121, 122, 123, 126, 127, 128, 129, 130, 132, 133, 134, 136, 137, 139, 140, 141, 143, 144, 145, 146, 148, 149, 150, 151, 152, 154, 155, 158, 159, 160, 163, 164, 165, 166, 167, 168, 171, 172, 174, 176, 178, 179, 180, 181, 182, 183, 185, 187, 188, 189, 190, 191, 193, 194, 196, 197, 198, 199, 200, 201, 202, 204, 205, 206, 207, 208, 209, 210, 211, 212, 213, 215, 216, 220, 221, 222, 223, 224, 225, 226, 227, 228, 229, 230, 231, 232, 233, 234, 235, 236, 237, 238, 240, 242, 243, 244, 245, 246, 247, 248, 249, 250, 251, 252, 253, 255, 256, 257, 258, 259, 260, 261, 265, 266, 267, 270, 272, 273, 276, 277, 278, 279, 280, 281, 283, 284, 285, 286, 287, 288, 290, 291, 293, 294, 295, 296]
Linhas de Teste [3, 5, 18, 30, 37, 44, 46, 49, 55, 58, 63, 64, 66, 68, 87, 108, 112, 115, 119, 124, 125, 131, 135, 138, 142, 147, 153, 156, 157, 161, 162, 169, 170, 173, 175, 177, 184, 186, 192, 195, 203, 214, 217, 218, 219, 239, 241, 254, 262, 263, 264, 268, 269, 271, 274, 275, 282, 289, 292]
R2 de Treino = 77.17
R2 de Teste = 80.28
Coeficientes (pesos): [ 20.64077096 -11.23029783 -15.37949634  -8.43931599  -7.21646239
  -0.41130651  -4.3485477   -2.7232895   -0.55584134   2.69340534
  -0.406477     0.21544615   1.68798317   2.11797223   1.12408226
   3.22663266  -0.82220106  -1.26146522   7.91794621   0.83839551]
Interceptor (constante): 132.2308543631078

#################  Rodada 60 / 150  40.0 %
Parâmetros ('EV_MA', 'TST_MA', 'WAI_MA', 'saz_sin', 'saz_cos')
Linhas de Treino [0, 2, 3, 4, 5, 7, 8, 9, 10, 11, 12, 13, 14, 15, 16, 17, 18, 19, 20, 21, 23, 24, 25, 26, 28, 30, 31, 32, 34, 35, 36, 37, 39, 41, 42, 43, 44, 45, 46, 49, 51, 52, 53, 54, 55, 57, 58, 59, 60, 63, 64, 65, 66, 67, 68, 69, 70, 71, 73, 75, 76, 77, 78, 79, 81, 82, 84, 85, 86, 87, 88, 89, 90, 91, 93, 94, 95, 96, 97, 100, 101, 102, 105, 107, 108, 109, 110, 111, 112, 113, 114, 115, 118, 119, 120, 122, 124, 125, 127, 128, 129, 130, 131, 132, 133, 134, 135, 136, 137, 138, 139, 140, 141, 142, 143, 144, 146, 147, 148, 149, 150, 152, 153, 156, 157, 158, 161, 162, 163, 167, 168, 169, 170, 172, 173, 174, 175, 176, 177, 178, 179, 180, 181, 182, 184, 185, 186, 188, 189, 190, 191, 192, 193, 195, 196, 197, 198, 199, 202, 203, 204, 205, 206, 207, 208, 210, 211, 213, 214, 215, 216, 217, 218, 219, 220, 221, 223, 224, 225, 226, 227, 228, 229, 230, 231, 232, 233, 235, 236, 237, 238, 239, 240, 241, 242, 243, 244, 245, 246, 247, 248, 251, 252, 253, 254, 255, 256, 259, 261, 262, 263, 264, 266, 268, 269, 270, 271, 272, 273, 274, 275, 276, 277, 278, 279, 280, 281, 282, 283, 285, 286, 287, 289, 290, 291, 292, 293, 294]
Linhas de Teste [1, 6, 22, 27, 29, 33, 38, 40, 47, 48, 50, 56, 61, 62, 72, 74, 80, 83, 92, 98, 99, 103, 104, 106, 116, 117, 121, 123, 126, 145, 151, 154, 155, 159, 160, 164, 165, 166, 171, 183, 187, 194, 200, 201, 209, 212, 222, 234, 249, 250, 257, 258, 260, 265, 267, 284, 288, 295, 296]
R2 de Treino = 78.63
R2 de Teste = 73.44
Coeficientes (pesos): [ 20.14269269 -11.03557132 -13.55540759  -7.86363087  -7.00091655
  -0.87417872  -3.93487685  -0.98139457  -0.91965952   3.74291285
  -1.21498407  -1.74213647   0.02457763   0.90696583  -0.3184033
   2.7850899   -1.43812329  -0.32651145   9.82509672   0.61073818]
Interceptor (constante): 132.17113811074907

#################  Rodada 61 / 150  40.67 %
Parâmetros ('EV_MA', 'TST_MA', 'WAI_MA', 'saz_sin', 'saz_cos')
Linhas de Treino [1, 2, 3, 5, 6, 7, 9, 10, 11, 12, 13, 15, 16, 17, 20, 21, 22, 23, 24, 26, 27, 28, 29, 30, 31, 32, 33, 34, 35, 36, 37, 39, 40, 41, 42, 43, 44, 45, 46, 47, 48, 49, 50, 51, 52, 53, 54, 55, 56, 57, 58, 59, 60, 63, 64, 65, 68, 69, 72, 73, 74, 75, 78, 79, 80, 81, 82, 83, 84, 85, 86, 87, 89, 91, 92, 93, 95, 96, 97, 98, 99, 100, 101, 102, 103, 104, 106, 107, 108, 110, 111, 112, 115, 116, 117, 118, 119, 120, 121, 122, 123, 124, 125, 126, 127, 129, 130, 132, 133, 134, 135, 136, 137, 138, 139, 140, 141, 142, 143, 144, 145, 146, 147, 148, 149, 150, 151, 153, 154, 155, 156, 157, 158, 159, 160, 161, 162, 164, 165, 167, 168, 170, 171, 173, 174, 175, 176, 177, 178, 179, 180, 181, 182, 183, 184, 185, 187, 188, 189, 190, 191, 192, 194, 195, 196, 199, 200, 201, 203, 204, 205, 208, 209, 210, 211, 213, 214, 215, 217, 218, 220, 221, 222, 225, 226, 228, 230, 231, 232, 233, 234, 236, 237, 238, 239, 240, 242, 243, 244, 247, 248, 249, 250, 251, 253, 257, 258, 259, 260, 261, 263, 264, 265, 266, 267, 268, 269, 270, 271, 272, 273, 275, 276, 277, 278, 279, 280, 281, 282, 283, 286, 289, 290, 291, 293, 294, 295]
Linhas de Teste [0, 4, 8, 14, 18, 19, 25, 38, 61, 62, 66, 67, 70, 71, 76, 77, 88, 90, 94, 105, 109, 113, 114, 128, 131, 152, 163, 166, 169, 172, 186, 193, 197, 198, 202, 206, 207, 212, 216, 219, 223, 224, 227, 229, 235, 241, 245, 246, 252, 254, 255, 256, 262, 274, 284, 285, 287, 288, 292, 296]
R2 de Treino = 78.54
R2 de Teste = 76.43
Coeficientes (pesos): [ 2.09331959e+01 -1.14582607e+01 -1.57762880e+01 -8.28902507e+00
 -6.44443544e+00  2.29842532e-01 -2.86582507e+00 -2.64569611e+00
 -1.31754700e+00  2.29410074e+00  5.49829526e-03 -8.73896417e-01
  1.28509357e+00 -1.22074791e+00  7.30012269e-01  4.00356986e+00
 -2.07869817e+00 -1.48243420e+00  9.22240365e+00  1.68589237e+00]
Interceptor (constante): 132.28916653332115

#################  Rodada 62 / 150  41.33 %
Parâmetros ('EV_MA', 'TST_MA', 'WAI_MA', 'saz_sin', 'saz_cos')
Linhas de Treino [0, 2, 3, 4, 6, 7, 8, 9, 10, 11, 12, 13, 14, 15, 16, 17, 18, 19, 20, 21, 22, 23, 24, 25, 26, 27, 29, 30, 31, 33, 35, 36, 37, 38, 40, 41, 43, 46, 47, 48, 49, 50, 51, 52, 53, 54, 55, 56, 58, 59, 60, 61, 62, 63, 64, 65, 66, 67, 68, 69, 70, 71, 72, 73, 74, 76, 77, 78, 81, 82, 83, 86, 87, 88, 90, 92, 93, 94, 95, 97, 98, 99, 100, 102, 104, 105, 106, 107, 108, 109, 110, 111, 113, 114, 117, 118, 119, 120, 122, 123, 124, 126, 128, 129, 131, 133, 134, 136, 137, 138, 139, 140, 142, 143, 144, 145, 146, 147, 148, 149, 152, 153, 154, 155, 156, 157, 158, 159, 160, 161, 162, 163, 164, 166, 168, 169, 171, 172, 174, 176, 177, 178, 180, 181, 182, 183, 184, 185, 186, 187, 189, 190, 191, 192, 193, 195, 197, 198, 199, 202, 203, 204, 205, 206, 207, 208, 209, 211, 212, 213, 214, 215, 216, 217, 218, 219, 220, 222, 223, 224, 225, 226, 227, 229, 230, 231, 232, 233, 234, 235, 236, 237, 238, 241, 242, 244, 245, 246, 248, 249, 250, 252, 254, 255, 256, 257, 260, 261, 262, 263, 264, 265, 267, 268, 269, 270, 271, 272, 273, 274, 276, 277, 279, 282, 283, 284, 285, 286, 287, 288, 289, 290, 291, 292, 293, 295, 296]
Linhas de Teste [1, 5, 28, 32, 34, 39, 42, 44, 45, 57, 75, 79, 80, 84, 85, 89, 91, 96, 101, 103, 112, 115, 116, 121, 125, 127, 130, 132, 135, 141, 150, 151, 165, 167, 170, 173, 175, 179, 188, 194, 196, 200, 201, 210, 221, 228, 239, 240, 243, 247, 251, 253, 258, 259, 266, 275, 278, 280, 281, 294]
R2 de Treino = 80.42
R2 de Teste = 67.35
Coeficientes (pesos): [ 24.84283224 -10.36781299 -17.6882843   -9.05787625 -10.73198512
   0.08772087  -5.93861421  -4.56359131  -1.18360546   2.25916688
  -0.28704538   1.97777251   1.44462463   3.54583172   2.92884768
   3.75950264   1.50362045  -1.95299664  10.42034741   3.19797275]
Interceptor (constante): 130.7284547323867

#################  Rodada 63 / 150  42.0 %
Parâmetros ('EV_MA', 'TST_MA', 'WAI_MA', 'saz_sin', 'saz_cos')
Linhas de Treino [0, 1, 3, 4, 5, 7, 8, 9, 11, 12, 13, 14, 15, 17, 18, 19, 20, 21, 22, 25, 26, 28, 29, 30, 31, 32, 33, 34, 37, 38, 39, 42, 44, 45, 48, 49, 50, 51, 52, 53, 54, 55, 57, 58, 59, 60, 61, 62, 63, 64, 65, 66, 67, 68, 70, 71, 73, 74, 75, 76, 77, 78, 79, 80, 81, 82, 84, 85, 86, 87, 88, 89, 90, 91, 92, 94, 95, 96, 97, 99, 100, 101, 103, 104, 105, 106, 109, 110, 111, 112, 113, 114, 115, 116, 117, 118, 119, 120, 121, 122, 125, 126, 127, 128, 130, 131, 132, 133, 135, 136, 137, 138, 140, 141, 142, 143, 144, 146, 147, 148, 150, 151, 152, 153, 154, 155, 156, 157, 158, 159, 160, 161, 163, 164, 165, 166, 167, 168, 169, 170, 171, 172, 173, 174, 175, 176, 177, 178, 179, 182, 183, 184, 185, 186, 187, 188, 189, 190, 193, 194, 195, 196, 197, 198, 200, 201, 202, 203, 204, 205, 206, 207, 208, 209, 210, 212, 213, 214, 215, 216, 217, 218, 219, 220, 221, 222, 223, 224, 227, 228, 229, 230, 232, 233, 235, 239, 240, 241, 242, 243, 245, 246, 247, 249, 251, 252, 253, 254, 255, 256, 258, 259, 262, 266, 267, 268, 270, 271, 273, 274, 275, 276, 278, 280, 281, 282, 283, 284, 285, 286, 287, 288, 290, 291, 292, 294, 295, 296]
Linhas de Teste [2, 6, 10, 16, 23, 24, 27, 35, 36, 40, 41, 43, 46, 47, 56, 69, 72, 83, 93, 98, 102, 107, 108, 123, 124, 129, 134, 139, 145, 149, 162, 180, 181, 191, 192, 199, 211, 225, 226, 231, 234, 236, 237, 238, 244, 248, 250, 257, 260, 261, 263, 264, 265, 269, 272, 277, 279, 289, 293]
R2 de Treino = 78.25
R2 de Teste = 80.53
Coeficientes (pesos): [ 21.88609028 -10.34977469 -15.06473533  -9.20024359  -8.11301766
  -0.46009557  -4.61049106  -1.9451194   -0.71526097   4.49441583
   0.36573322   0.98996441   0.167494     0.84850931   1.36086911
   3.58143874  -1.64271583  -1.07908145   9.85233462   0.58869072]
Interceptor (constante): 131.6249091385962

#################  Rodada 64 / 150  42.67 %
Parâmetros ('EV_MA', 'TST_MA', 'WAI_MA', 'saz_sin', 'saz_cos')
Linhas de Treino [0, 1, 2, 3, 4, 5, 6, 7, 8, 9, 10, 11, 12, 13, 14, 15, 16, 18, 19, 20, 21, 22, 23, 24, 25, 26, 27, 28, 29, 30, 31, 32, 33, 34, 35, 36, 38, 39, 40, 41, 42, 43, 44, 45, 46, 47, 51, 52, 53, 54, 56, 57, 58, 60, 61, 62, 65, 66, 67, 69, 70, 71, 72, 73, 74, 75, 76, 77, 79, 80, 81, 82, 83, 84, 85, 88, 89, 90, 91, 93, 94, 96, 97, 98, 101, 102, 103, 104, 105, 107, 108, 109, 110, 112, 113, 114, 115, 116, 117, 118, 119, 121, 122, 123, 124, 125, 126, 127, 128, 129, 130, 131, 132, 134, 135, 139, 141, 143, 144, 145, 147, 149, 150, 151, 152, 157, 158, 159, 161, 162, 163, 165, 166, 167, 169, 170, 172, 173, 175, 177, 179, 180, 181, 182, 183, 186, 187, 188, 190, 191, 192, 193, 194, 196, 197, 198, 199, 200, 201, 202, 204, 205, 206, 207, 209, 210, 211, 212, 213, 214, 216, 219, 220, 221, 223, 224, 225, 226, 227, 228, 229, 230, 231, 232, 233, 234, 235, 236, 237, 238, 239, 240, 241, 243, 244, 245, 246, 247, 248, 250, 251, 252, 253, 254, 255, 256, 257, 258, 259, 260, 261, 262, 263, 264, 265, 266, 268, 269, 271, 272, 274, 275, 276, 277, 278, 279, 280, 281, 283, 284, 285, 287, 288, 289, 292, 293, 294, 296]
Linhas de Teste [17, 37, 48, 49, 50, 55, 59, 63, 64, 68, 78, 86, 87, 92, 95, 99, 100, 106, 111, 120, 133, 136, 137, 138, 140, 142, 146, 148, 153, 154, 155, 156, 160, 164, 168, 171, 174, 176, 178, 184, 185, 189, 195, 203, 208, 215, 217, 218, 222, 242, 249, 267, 270, 273, 282, 286, 290, 291, 295]
R2 de Treino = 77.46
R2 de Teste = 74.39
Coeficientes (pesos): [ 21.63402194 -11.81319763 -17.21210929  -8.32492392  -9.23748666
   0.2872989   -6.5419271   -4.56226321  -1.0124845    2.4029556
   1.02660557   2.34209246   0.7890813    1.93461461   1.97992794
   3.41820622   0.302546    -1.94408069   8.64531369   1.4755766 ]
Interceptor (constante): 133.48017471906766

#################  Rodada 65 / 150  43.33 %
Parâmetros ('EV_MA', 'TST_MA', 'WAI_MA', 'saz_sin', 'saz_cos')
Linhas de Treino [0, 1, 2, 4, 5, 6, 8, 10, 14, 16, 17, 18, 19, 23, 24, 25, 27, 28, 32, 34, 35, 36, 37, 38, 39, 40, 41, 42, 43, 44, 45, 46, 47, 48, 49, 50, 55, 56, 57, 59, 61, 62, 63, 64, 66, 67, 68, 69, 70, 71, 72, 75, 76, 77, 78, 79, 80, 83, 84, 85, 86, 87, 88, 89, 90, 91, 92, 93, 94, 95, 96, 98, 99, 100, 101, 102, 103, 105, 106, 107, 108, 109, 111, 112, 113, 114, 115, 116, 120, 121, 123, 124, 125, 127, 128, 129, 130, 131, 132, 133, 134, 135, 136, 137, 138, 139, 140, 141, 142, 145, 146, 148, 149, 150, 151, 152, 153, 154, 155, 156, 160, 162, 163, 164, 165, 166, 167, 168, 169, 170, 171, 172, 173, 174, 175, 176, 178, 179, 180, 181, 184, 185, 186, 188, 189, 191, 192, 193, 194, 195, 196, 197, 198, 199, 200, 201, 202, 203, 206, 207, 208, 210, 211, 212, 215, 216, 217, 218, 219, 221, 222, 223, 224, 225, 226, 227, 228, 229, 231, 234, 235, 236, 237, 238, 239, 240, 241, 242, 243, 244, 245, 246, 247, 248, 249, 250, 251, 252, 253, 254, 255, 256, 257, 258, 259, 260, 261, 262, 263, 264, 265, 266, 267, 269, 270, 272, 273, 274, 275, 277, 278, 279, 280, 281, 282, 284, 285, 286, 287, 288, 289, 290, 291, 292, 293, 294, 295, 296]
Linhas de Teste [3, 7, 9, 11, 12, 13, 15, 20, 21, 22, 26, 29, 30, 31, 33, 51, 52, 53, 54, 58, 60, 65, 73, 74, 81, 82, 97, 104, 110, 117, 118, 119, 122, 126, 143, 144, 147, 157, 158, 159, 161, 177, 182, 183, 187, 190, 204, 205, 209, 213, 214, 220, 230, 232, 233, 268, 271, 276, 283]
R2 de Treino = 79.75
R2 de Teste = 71.46
Coeficientes (pesos): [ 23.51975458 -10.22877592 -16.24899388  -8.54638266  -9.95313974
  -1.65977027  -4.67005839  -0.37757644  -1.65246782   4.47420755
  -0.05302251   1.80601175   1.48925495   2.92906778   0.8729071
   4.40393055  -1.66498989  -1.68323259  10.3785761    0.99104013]
Interceptor (constante): 132.43739302545256

#################  Rodada 66 / 150  44.0 %
Parâmetros ('EV_MA', 'TST_MA', 'WAI_MA', 'saz_sin', 'saz_cos')
Linhas de Treino [0, 2, 3, 5, 6, 7, 8, 9, 10, 12, 14, 15, 16, 17, 18, 20, 21, 22, 23, 24, 25, 26, 28, 29, 33, 35, 36, 37, 38, 39, 40, 42, 43, 45, 46, 47, 48, 49, 50, 52, 53, 54, 55, 56, 57, 58, 59, 60, 61, 62, 63, 64, 65, 66, 67, 68, 69, 70, 73, 75, 77, 79, 80, 81, 83, 84, 85, 86, 87, 88, 89, 90, 92, 93, 94, 95, 97, 98, 99, 100, 102, 103, 104, 105, 106, 107, 108, 110, 111, 112, 113, 114, 115, 116, 117, 119, 120, 121, 123, 124, 126, 128, 129, 131, 132, 133, 134, 136, 137, 138, 139, 140, 141, 142, 144, 145, 147, 148, 149, 150, 152, 153, 154, 155, 156, 157, 158, 159, 160, 161, 162, 163, 164, 166, 167, 168, 169, 170, 171, 172, 174, 175, 179, 180, 181, 183, 184, 185, 186, 187, 188, 189, 190, 191, 192, 193, 194, 195, 196, 198, 199, 200, 201, 202, 203, 204, 205, 207, 208, 209, 210, 212, 214, 216, 217, 218, 219, 220, 221, 222, 223, 224, 225, 227, 228, 230, 231, 233, 234, 236, 237, 238, 239, 240, 241, 242, 243, 244, 245, 250, 251, 253, 255, 256, 257, 259, 260, 261, 262, 263, 265, 266, 267, 268, 269, 271, 272, 273, 274, 275, 276, 277, 278, 280, 281, 283, 285, 286, 287, 288, 289, 290, 291, 292, 293, 295, 296]
Linhas de Teste [1, 4, 11, 13, 19, 27, 30, 31, 32, 34, 41, 44, 51, 71, 72, 74, 76, 78, 82, 91, 96, 101, 109, 118, 122, 125, 127, 130, 135, 143, 146, 151, 165, 173, 176, 177, 178, 182, 197, 206, 211, 213, 215, 226, 229, 232, 235, 246, 247, 248, 249, 252, 254, 258, 264, 270, 279, 282, 284, 294]
R2 de Treino = 79.39
R2 de Teste = 70.67
Coeficientes (pesos): [ 21.11246771  -9.16194332 -14.264533    -8.78496951  -8.07146392
  -1.02382629  -4.26425038  -1.40986575  -0.58254079   4.2798347
   1.54282677   1.90887289  -0.04179066   0.16005456   0.53174526
   3.73602467  -2.82738     -0.87346335  10.39407163   1.63662033]
Interceptor (constante): 131.1453692394378

#################  Rodada 67 / 150  44.67 %
Parâmetros ('EV_MA', 'TST_MA', 'WAI_MA', 'saz_sin', 'saz_cos')
Linhas de Treino [0, 1, 2, 4, 5, 7, 8, 9, 10, 11, 13, 14, 16, 17, 18, 19, 21, 22, 23, 25, 26, 27, 28, 30, 31, 32, 33, 34, 35, 36, 38, 39, 40, 41, 42, 43, 44, 45, 46, 47, 49, 51, 53, 54, 55, 57, 58, 60, 61, 64, 65, 66, 67, 69, 70, 71, 72, 73, 74, 75, 76, 77, 78, 79, 80, 81, 82, 83, 85, 86, 87, 88, 89, 90, 91, 92, 93, 95, 96, 97, 98, 100, 101, 102, 103, 104, 105, 106, 107, 108, 109, 110, 111, 112, 113, 114, 115, 116, 118, 120, 121, 122, 124, 125, 127, 128, 130, 131, 132, 133, 135, 136, 138, 140, 143, 144, 145, 146, 147, 148, 149, 151, 153, 154, 155, 157, 158, 159, 160, 161, 162, 164, 165, 166, 167, 168, 169, 170, 171, 172, 173, 175, 176, 177, 178, 180, 181, 182, 183, 186, 187, 188, 189, 190, 193, 194, 196, 197, 198, 199, 201, 203, 205, 206, 207, 208, 209, 210, 211, 212, 213, 214, 215, 217, 219, 220, 221, 222, 223, 225, 226, 227, 228, 229, 230, 232, 234, 235, 236, 237, 239, 241, 242, 243, 244, 246, 247, 248, 249, 250, 251, 252, 253, 254, 255, 256, 257, 258, 259, 260, 261, 262, 263, 264, 265, 266, 269, 270, 273, 274, 275, 276, 277, 278, 279, 281, 282, 284, 285, 286, 288, 289, 290, 292, 293, 294, 295]
Linhas de Teste [3, 6, 12, 15, 20, 24, 29, 37, 48, 50, 52, 56, 59, 62, 63, 68, 84, 94, 99, 117, 119, 123, 126, 129, 134, 137, 139, 141, 142, 150, 152, 156, 163, 174, 179, 184, 185, 191, 192, 195, 200, 202, 204, 216, 218, 224, 231, 233, 238, 240, 245, 267, 268, 271, 272, 280, 283, 287, 291, 296]
R2 de Treino = 77.19
R2 de Teste = 80.25
Coeficientes (pesos): [ 23.02707453 -11.84523724 -18.25865614  -8.51023789 -10.23576405
   0.27667204  -6.42135067  -4.13220586  -2.55928659   2.51154242
  -0.25061545   1.40993303   1.77944473   3.2434692    1.65892639
   5.29886496   0.60362215  -1.98352107  10.03565509   1.75919656]
Interceptor (constante): 133.116937661335

#################  Rodada 68 / 150  45.33 %
Parâmetros ('EV_MA', 'TST_MA', 'WAI_MA', 'saz_sin', 'saz_cos')
Linhas de Treino [1, 2, 3, 4, 5, 6, 7, 8, 9, 10, 11, 12, 13, 14, 15, 16, 18, 19, 20, 21, 24, 27, 28, 29, 30, 31, 32, 33, 34, 35, 37, 38, 41, 42, 43, 44, 45, 47, 48, 49, 50, 51, 52, 53, 54, 56, 58, 59, 60, 61, 62, 63, 64, 65, 66, 67, 68, 69, 70, 71, 72, 73, 74, 76, 77, 78, 79, 80, 82, 83, 84, 85, 87, 88, 89, 90, 91, 92, 93, 94, 95, 96, 97, 98, 99, 100, 101, 102, 103, 105, 106, 107, 109, 112, 114, 116, 117, 118, 119, 120, 121, 122, 123, 124, 125, 126, 127, 128, 129, 130, 134, 135, 136, 137, 138, 139, 140, 141, 142, 143, 146, 147, 150, 151, 152, 153, 154, 155, 156, 159, 160, 161, 162, 163, 164, 165, 168, 169, 170, 172, 173, 174, 175, 176, 177, 178, 179, 181, 182, 183, 184, 185, 186, 191, 192, 193, 194, 195, 197, 199, 200, 201, 202, 203, 204, 205, 206, 208, 209, 211, 212, 213, 215, 216, 217, 218, 219, 220, 221, 222, 223, 224, 225, 226, 227, 228, 229, 231, 232, 233, 234, 235, 236, 237, 238, 239, 240, 242, 243, 244, 245, 246, 247, 248, 249, 251, 252, 254, 256, 258, 259, 261, 262, 264, 267, 268, 269, 270, 271, 272, 273, 275, 276, 277, 278, 279, 280, 281, 282, 283, 284, 286, 287, 289, 291, 294, 295, 296]
Linhas de Teste [0, 17, 22, 23, 25, 26, 36, 39, 40, 46, 55, 57, 75, 81, 86, 104, 108, 110, 111, 113, 115, 131, 132, 133, 144, 145, 148, 149, 157, 158, 166, 167, 171, 180, 187, 188, 189, 190, 196, 198, 207, 210, 214, 230, 241, 250, 253, 255, 257, 260, 263, 265, 266, 274, 285, 288, 290, 292, 293]
R2 de Treino = 77.92
R2 de Teste = 80.13
Coeficientes (pesos): [ 20.53512834 -10.15567141 -14.01089146  -9.04400804  -7.30776858
  -0.61914197  -3.1454109   -1.009896    -0.35011707   3.46442697
   0.36051792  -0.02218406   1.27097972  -0.96392629   0.42572102
   3.07052464  -2.64862103  -2.03384736   8.15166819   0.27539017]
Interceptor (constante): 133.964114149875

#################  Rodada 70 / 150  46.67 %
Parâmetros ('EV_MA', 'TST_MA', 'WAI_MA', 'saz_sin', 'saz_cos')
Linhas de Treino [0, 1, 3, 4, 6, 8, 9, 11, 12, 13, 15, 17, 19, 20, 21, 22, 23, 24, 25, 26, 27, 29, 30, 31, 32, 33, 34, 35, 36, 37, 38, 39, 40, 41, 43, 44, 46, 48, 50, 51, 52, 54, 55, 56, 57, 59, 62, 63, 64, 65, 66, 68, 70, 71, 72, 73, 74, 75, 76, 78, 80, 81, 82, 83, 84, 86, 87, 90, 91, 93, 94, 96, 98, 99, 100, 101, 102, 103, 104, 108, 109, 110, 111, 112, 113, 115, 116, 117, 118, 119, 120, 122, 123, 125, 126, 127, 128, 129, 130, 131, 132, 133, 134, 135, 136, 137, 139, 141, 142, 143, 144, 145, 146, 147, 148, 149, 150, 151, 152, 154, 156, 157, 158, 159, 162, 163, 164, 165, 166, 167, 169, 170, 171, 172, 173, 174, 175, 176, 177, 178, 179, 180, 181, 182, 184, 185, 187, 188, 189, 190, 191, 192, 194, 195, 196, 197, 198, 199, 200, 202, 203, 204, 205, 206, 207, 210, 211, 212, 213, 214, 215, 216, 217, 218, 219, 220, 224, 226, 227, 228, 229, 230, 231, 232, 233, 235, 236, 237, 238, 240, 241, 242, 245, 246, 247, 248, 249, 250, 252, 253, 254, 255, 256, 257, 258, 259, 260, 261, 262, 263, 264, 265, 266, 267, 268, 269, 270, 271, 272, 273, 274, 278, 279, 280, 282, 283, 284, 285, 286, 287, 288, 289, 290, 291, 292, 293, 294, 296]
Linhas de Teste [2, 5, 7, 10, 14, 16, 18, 28, 42, 45, 47, 49, 53, 58, 60, 61, 67, 69, 77, 79, 85, 88, 89, 92, 95, 97, 105, 106, 107, 114, 121, 124, 138, 140, 153, 155, 160, 161, 168, 183, 186, 193, 201, 208, 209, 221, 222, 223, 225, 234, 239, 243, 244, 251, 275, 276, 277, 281, 295]
R2 de Treino = 78.06
R2 de Teste = 75.86
Coeficientes (pesos): [ 2.09272316e+01 -1.11631900e+01 -1.44279940e+01 -8.49272889e+00
 -6.29204486e+00 -3.41342621e-02 -4.64229217e+00 -2.76474760e+00
 -6.49218721e-01  2.83547177e+00 -5.98950096e-01  1.46404784e-02
  7.02464802e-01  1.87921833e+00  1.62426637e+00  3.12809211e+00
 -2.76757198e-01 -5.53730280e-01  9.67013626e+00  1.14663362e+00]
Interceptor (constante): 131.2375593961163

#################  Rodada 71 / 150  47.33 %
Parâmetros ('EV_MA', 'TST_MA', 'WAI_MA', 'saz_sin', 'saz_cos')
Linhas de Treino [1, 2, 3, 4, 5, 6, 7, 8, 9, 11, 12, 13, 14, 15, 16, 17, 18, 19, 21, 22, 23, 24, 25, 26, 27, 28, 31, 32, 33, 34, 35, 36, 37, 38, 39, 40, 41, 42, 44, 45, 46, 47, 48, 49, 50, 51, 52, 53, 55, 56, 57, 58, 59, 60, 61, 62, 64, 65, 66, 67, 68, 69, 70, 72, 73, 74, 77, 78, 79, 81, 82, 83, 84, 88, 91, 92, 94, 95, 96, 97, 99, 102, 104, 105, 107, 110, 111, 112, 113, 115, 117, 120, 121, 122, 123, 125, 127, 128, 129, 130, 131, 132, 133, 134, 135, 136, 137, 139, 140, 145, 146, 147, 148, 149, 150, 151, 152, 153, 154, 155, 156, 157, 159, 160, 161, 163, 164, 165, 166, 167, 168, 169, 170, 172, 173, 174, 175, 176, 178, 179, 180, 181, 182, 183, 184, 186, 187, 188, 189, 190, 191, 192, 193, 195, 196, 197, 199, 200, 201, 203, 204, 205, 206, 207, 208, 209, 211, 212, 213, 214, 215, 216, 217, 218, 219, 220, 221, 222, 223, 224, 225, 226, 228, 229, 230, 231, 232, 233, 235, 236, 237, 238, 239, 241, 243, 244, 246, 247, 248, 249, 250, 251, 253, 254, 255, 256, 257, 258, 259, 261, 262, 263, 266, 267, 268, 269, 270, 271, 272, 273, 274, 275, 276, 278, 279, 280, 282, 283, 284, 286, 288, 289, 290, 293, 294, 295, 296]
Linhas de Teste [0, 10, 20, 29, 30, 43, 54, 63, 71, 75, 76, 80, 85, 86, 87, 89, 90, 93, 98, 100, 101, 103, 106, 108, 109, 114, 116, 118, 119, 124, 126, 138, 141, 142, 143, 144, 158, 162, 171, 177, 185, 194, 198, 202, 210, 227, 234, 240, 242, 245, 252, 260, 264, 265, 277, 281, 285, 287, 291, 292]
R2 de Treino = 79.43
R2 de Teste = 74.92
Coeficientes (pesos): [ 22.43913259 -11.82716326 -17.30047201  -8.12183112  -8.30114341
  -0.54897531  -3.98877833  -2.47575508  -0.71150653   2.84878877
   0.02938197   0.25866281   0.7978199    0.78105471   0.9879147
   3.812314    -0.44857718  -1.93897619   8.54200335   2.17559556]
Interceptor (constante): 132.6273334507921

#################  Rodada 72 / 150  48.0 %
Parâmetros ('EV_MA', 'TST_MA', 'WAI_MA', 'saz_sin', 'saz_cos')
Linhas de Treino [0, 1, 4, 5, 6, 9, 10, 11, 12, 13, 16, 18, 19, 20, 21, 23, 24, 26, 27, 28, 29, 30, 31, 32, 33, 34, 38, 40, 42, 43, 44, 45, 46, 47, 48, 49, 52, 53, 54, 56, 57, 58, 61, 62, 63, 64, 65, 66, 67, 68, 69, 70, 71, 72, 73, 75, 76, 77, 78, 79, 80, 81, 82, 83, 84, 85, 86, 87, 88, 89, 90, 93, 94, 95, 96, 97, 98, 99, 100, 101, 103, 104, 105, 106, 107, 108, 109, 110, 111, 112, 113, 114, 115, 116, 117, 118, 119, 122, 123, 124, 125, 126, 127, 128, 130, 133, 134, 135, 136, 138, 139, 140, 141, 142, 143, 144, 145, 146, 147, 148, 149, 150, 153, 155, 156, 157, 158, 159, 161, 162, 163, 164, 165, 166, 167, 168, 169, 170, 171, 173, 175, 176, 177, 178, 180, 181, 182, 185, 186, 188, 189, 190, 191, 192, 193, 194, 195, 196, 197, 198, 199, 200, 201, 202, 203, 204, 205, 207, 208, 209, 210, 213, 214, 215, 217, 218, 219, 220, 221, 223, 225, 226, 227, 228, 230, 232, 233, 234, 235, 236, 238, 239, 240, 242, 243, 245, 246, 247, 248, 249, 251, 252, 253, 254, 255, 256, 258, 259, 260, 263, 264, 265, 266, 267, 269, 270, 271, 272, 273, 274, 275, 276, 277, 278, 279, 281, 282, 283, 284, 285, 287, 288, 290, 291, 292, 293, 296]
Linhas de Teste [2, 3, 7, 8, 14, 15, 17, 22, 25, 35, 36, 37, 39, 41, 50, 51, 55, 59, 60, 74, 91, 92, 102, 120, 121, 129, 131, 132, 137, 151, 152, 154, 160, 172, 174, 179, 183, 184, 187, 206, 211, 212, 216, 222, 224, 229, 231, 237, 241, 244, 250, 257, 261, 262, 268, 280, 286, 289, 294, 295]
R2 de Treino = 76.48
R2 de Teste = 82.81
Coeficientes (pesos): [ 20.8903      -9.30511105 -14.80963136  -8.95551353  -8.5320479
  -0.71088744  -5.15704378  -2.29067003  -0.94313311   4.65049405
  -1.62008425   1.03559067   1.82878076   4.35264599   1.76725426
   3.76109245  -1.10038168  -0.50279631   9.11867049   0.31307693]
Interceptor (constante): 130.53907364473346

#################  Rodada 73 / 150  48.67 %
Parâmetros ('EV_MA', 'TST_MA', 'WAI_MA', 'saz_sin', 'saz_cos')
Linhas de Treino [0, 1, 2, 3, 4, 5, 6, 7, 8, 9, 10, 11, 12, 13, 14, 15, 16, 17, 18, 19, 20, 21, 22, 23, 25, 28, 29, 30, 32, 34, 35, 36, 37, 38, 39, 40, 41, 42, 43, 46, 49, 50, 51, 52, 53, 54, 55, 56, 57, 58, 59, 60, 61, 62, 63, 65, 68, 70, 71, 73, 74, 75, 76, 77, 78, 79, 80, 81, 82, 83, 85, 86, 87, 88, 89, 90, 91, 92, 93, 94, 96, 97, 98, 100, 101, 102, 103, 104, 106, 107, 108, 109, 111, 112, 113, 114, 116, 117, 118, 119, 120, 121, 122, 123, 124, 125, 126, 127, 129, 130, 131, 132, 134, 135, 137, 138, 139, 140, 141, 142, 143, 144, 146, 147, 150, 151, 152, 153, 154, 155, 156, 158, 160, 161, 162, 165, 166, 167, 168, 170, 171, 172, 174, 176, 177, 178, 179, 181, 182, 183, 184, 185, 187, 188, 192, 193, 194, 195, 196, 198, 201, 202, 203, 204, 205, 206, 208, 209, 210, 211, 212, 213, 214, 215, 216, 217, 218, 219, 220, 221, 222, 223, 224, 225, 226, 227, 228, 229, 231, 232, 234, 235, 237, 238, 239, 240, 241, 242, 244, 245, 246, 248, 250, 251, 252, 254, 255, 257, 258, 259, 260, 261, 262, 264, 265, 267, 268, 269, 274, 275, 277, 278, 279, 280, 281, 282, 283, 284, 285, 286, 287, 288, 289, 291, 292, 294, 295, 296]
Linhas de Teste [24, 26, 27, 31, 33, 44, 45, 47, 48, 64, 66, 67, 69, 72, 84, 95, 99, 105, 110, 115, 128, 133, 136, 145, 148, 149, 157, 159, 163, 164, 169, 173, 175, 180, 186, 189, 190, 191, 197, 199, 200, 207, 230, 233, 236, 243, 247, 249, 253, 256, 263, 266, 270, 271, 272, 273, 276, 290, 293]
R2 de Treino = 80.02
R2 de Teste = 72.82
Coeficientes (pesos): [ 21.55656975 -10.82516243 -14.49251599  -8.31071121  -6.83050909
  -0.36702722  -3.80360217  -1.79204416  -1.05138441   3.45700234
   0.1733631    0.90121785   0.78276898   0.8096063    0.93235342
   3.34409217  -2.40995555  -0.75724288   9.15330294   0.99766817]
Interceptor (constante): 131.43577280601085

#################  Rodada 74 / 150  49.33 %
Parâmetros ('EV_MA', 'TST_MA', 'WAI_MA', 'saz_sin', 'saz_cos')
Linhas de Treino [0, 1, 2, 3, 4, 6, 7, 8, 10, 11, 12, 14, 15, 17, 18, 20, 21, 22, 24, 25, 26, 27, 29, 30, 31, 32, 33, 35, 36, 37, 39, 41, 42, 43, 44, 45, 46, 47, 48, 49, 50, 51, 52, 54, 55, 56, 58, 59, 60, 61, 63, 64, 66, 67, 68, 69, 71, 72, 74, 75, 76, 77, 79, 80, 82, 83, 84, 85, 86, 87, 88, 89, 90, 91, 92, 93, 94, 95, 96, 98, 99, 100, 101, 102, 103, 105, 106, 108, 109, 110, 111, 112, 113, 114, 115, 116, 117, 118, 119, 120, 121, 122, 123, 124, 125, 126, 128, 129, 131, 132, 133, 136, 137, 138, 139, 140, 141, 142, 143, 144, 145, 146, 147, 148, 149, 150, 151, 152, 154, 157, 158, 159, 160, 161, 162, 163, 164, 166, 167, 169, 171, 172, 173, 174, 175, 177, 178, 179, 180, 181, 183, 184, 185, 186, 187, 188, 189, 190, 191, 192, 193, 194, 195, 196, 197, 198, 199, 200, 202, 203, 205, 206, 207, 209, 210, 211, 212, 213, 215, 216, 221, 222, 224, 227, 229, 230, 231, 232, 233, 234, 236, 237, 239, 240, 241, 242, 243, 244, 245, 246, 247, 249, 250, 252, 253, 255, 256, 257, 260, 261, 262, 263, 264, 265, 266, 268, 269, 270, 271, 272, 273, 276, 277, 280, 281, 282, 285, 286, 287, 288, 289, 290, 291, 292, 293, 294, 295, 296]
Linhas de Teste [5, 9, 13, 16, 19, 23, 28, 34, 38, 40, 53, 57, 62, 65, 70, 73, 78, 81, 97, 104, 107, 127, 130, 134, 135, 153, 155, 156, 165, 168, 170, 176, 182, 201, 204, 208, 214, 217, 218, 219, 220, 223, 225, 226, 228, 235, 238, 248, 251, 254, 258, 259, 267, 274, 275, 278, 279, 283, 284]
R2 de Treino = 79.42
R2 de Teste = 73.94
Coeficientes (pesos): [ 24.11470755 -10.7805402  -17.77685036  -9.76383749 -11.0586662
   0.92678011  -4.67210592  -4.94662531  -1.93317985   0.17050819
   0.34634909   1.05033006   1.46433932   1.9504698    2.94299624
   4.45403713   2.64336229  -3.32363481  10.44852877   2.31357243]
Interceptor (constante): 133.75188536469773

#################  Rodada 75 / 150  50.0 %
Parâmetros ('EV_MA', 'TST_MA', 'WAI_MA', 'saz_sin', 'saz_cos')
Linhas de Treino [0, 2, 3, 5, 7, 8, 9, 10, 13, 14, 15, 16, 17, 19, 20, 22, 23, 24, 25, 26, 27, 28, 29, 30, 31, 33, 34, 35, 36, 37, 38, 39, 40, 41, 43, 44, 45, 47, 48, 50, 51, 53, 54, 55, 57, 59, 60, 62, 63, 64, 65, 66, 67, 69, 70, 71, 72, 73, 74, 75, 76, 78, 80, 81, 84, 85, 86, 87, 89, 90, 91, 92, 93, 95, 97, 98, 99, 100, 101, 102, 103, 104, 105, 106, 107, 108, 109, 110, 114, 115, 116, 118, 119, 120, 121, 124, 126, 127, 128, 129, 130, 131, 132, 133, 134, 135, 136, 137, 138, 141, 142, 143, 144, 145, 148, 149, 151, 152, 153, 154, 155, 156, 157, 158, 159, 160, 162, 163, 164, 165, 168, 169, 170, 171, 172, 173, 174, 175, 176, 177, 179, 180, 182, 183, 184, 185, 186, 187, 189, 190, 191, 194, 197, 198, 199, 200, 201, 202, 204, 206, 207, 208, 210, 211, 212, 214, 216, 217, 218, 219, 220, 222, 223, 224, 225, 226, 227, 228, 229, 230, 231, 233, 234, 235, 236, 237, 238, 240, 241, 242, 243, 244, 245, 247, 248, 249, 250, 251, 252, 253, 254, 256, 257, 258, 259, 260, 261, 262, 263, 264, 265, 266, 267, 268, 270, 271, 272, 273, 274, 275, 276, 277, 278, 279, 280, 281, 283, 284, 285, 286, 287, 289, 290, 291, 292, 293, 294, 295]
Linhas de Teste [1, 4, 6, 11, 12, 18, 21, 32, 42, 46, 49, 52, 56, 58, 61, 68, 77, 79, 82, 83, 88, 94, 96, 111, 112, 113, 117, 122, 123, 125, 139, 140, 146, 147, 150, 161, 166, 167, 178, 181, 188, 192, 193, 195, 196, 203, 205, 209, 213, 215, 221, 232, 239, 246, 255, 269, 282, 288, 296]
R2 de Treino = 79.14
R2 de Teste = 69.0
Coeficientes (pesos): [ 21.86275271 -10.37086608 -14.77204923  -8.5476051   -7.86626602
  -0.49096303  -5.73574649  -2.6709861   -0.30683534   4.28509516
   1.03609959   0.64181629   0.42397703  -0.15178158   0.40386756
   3.59608245  -2.03877765  -1.22801752  10.16875508   1.38990033]
Interceptor (constante): 132.37194349122768

#################  Rodada 76 / 150  50.67 %
Parâmetros ('EV_MA', 'TST_MA', 'WAI_MA', 'saz_sin', 'saz_cos')
Linhas de Treino [1, 2, 5, 6, 7, 8, 9, 10, 11, 12, 14, 15, 16, 17, 18, 19, 20, 21, 24, 25, 27, 28, 29, 30, 31, 32, 34, 35, 38, 39, 41, 43, 44, 45, 46, 47, 48, 49, 50, 52, 53, 54, 55, 56, 57, 58, 59, 60, 61, 63, 64, 65, 66, 68, 70, 71, 72, 73, 74, 75, 76, 78, 79, 80, 81, 82, 84, 85, 86, 87, 88, 90, 91, 92, 93, 95, 96, 97, 98, 99, 100, 102, 103, 105, 106, 107, 108, 109, 110, 111, 112, 113, 114, 115, 116, 117, 118, 119, 121, 122, 123, 124, 125, 126, 127, 128, 129, 130, 131, 133, 135, 136, 137, 138, 139, 140, 141, 142, 143, 145, 146, 147, 149, 150, 151, 152, 153, 154, 155, 156, 158, 159, 161, 162, 163, 164, 165, 166, 167, 168, 169, 170, 172, 174, 175, 176, 177, 178, 179, 180, 181, 182, 183, 185, 186, 188, 189, 190, 192, 193, 194, 196, 197, 198, 200, 201, 202, 203, 204, 205, 206, 207, 208, 209, 210, 211, 212, 213, 215, 216, 218, 219, 221, 222, 224, 225, 227, 229, 231, 232, 233, 234, 235, 236, 238, 239, 240, 242, 243, 244, 245, 246, 249, 250, 253, 254, 255, 256, 257, 258, 259, 260, 262, 263, 266, 269, 270, 271, 272, 274, 275, 276, 277, 278, 279, 280, 281, 282, 283, 284, 285, 287, 288, 289, 290, 292, 294]
Linhas de Teste [0, 3, 4, 13, 22, 23, 26, 33, 36, 37, 40, 42, 51, 62, 67, 69, 77, 83, 89, 94, 101, 104, 120, 132, 134, 144, 148, 157, 160, 171, 173, 184, 187, 191, 195, 199, 214, 217, 220, 223, 226, 228, 230, 237, 241, 247, 248, 251, 252, 261, 264, 265, 267, 268, 273, 286, 291, 293, 295, 296]
R2 de Treino = 77.33
R2 de Teste = 77.46
Coeficientes (pesos): [ 20.42273308 -10.12757151 -14.29007978  -8.34789649  -7.92989151
  -0.72462541  -4.64657491  -2.1460407   -1.09886138   2.97198871
  -1.08108     -0.41040049   0.92871508   2.53823804   0.66024471
   3.33348515  -0.2662753   -1.24221023   8.56757499   0.26463225]
Interceptor (constante): 134.28865186929315

#################  Rodada 77 / 150  51.33 %
Parâmetros ('EV_MA', 'TST_MA', 'WAI_MA', 'saz_sin', 'saz_cos')
Linhas de Treino [0, 1, 2, 3, 4, 5, 6, 8, 10, 12, 13, 14, 16, 17, 18, 19, 21, 22, 23, 24, 25, 26, 27, 28, 29, 30, 31, 32, 33, 34, 35, 36, 37, 38, 39, 40, 42, 44, 45, 46, 47, 48, 51, 52, 53, 54, 55, 56, 57, 58, 59, 60, 61, 62, 63, 64, 65, 66, 67, 68, 69, 70, 71, 72, 73, 74, 75, 76, 77, 78, 79, 81, 82, 83, 84, 85, 86, 87, 89, 90, 91, 92, 93, 94, 95, 96, 97, 101, 102, 103, 104, 106, 107, 108, 109, 111, 114, 115, 116, 117, 119, 120, 121, 122, 123, 125, 126, 127, 128, 130, 131, 132, 133, 134, 135, 136, 137, 138, 140, 142, 143, 144, 145, 146, 148, 149, 150, 151, 152, 153, 155, 156, 157, 159, 160, 161, 162, 163, 164, 165, 166, 167, 168, 170, 171, 172, 173, 174, 175, 176, 177, 184, 187, 189, 190, 191, 192, 193, 194, 195, 197, 199, 200, 201, 202, 204, 205, 206, 207, 208, 209, 211, 212, 213, 214, 215, 217, 218, 220, 223, 224, 225, 226, 228, 229, 230, 231, 232, 233, 234, 235, 236, 237, 238, 239, 241, 242, 243, 245, 246, 247, 248, 251, 252, 254, 255, 258, 259, 260, 261, 262, 264, 265, 266, 267, 268, 269, 270, 271, 273, 274, 275, 279, 281, 282, 283, 284, 285, 286, 288, 289, 291, 292, 293, 294, 295, 296]
Linhas de Teste [7, 9, 11, 15, 20, 41, 43, 49, 50, 80, 88, 98, 99, 100, 105, 110, 112, 113, 118, 124, 129, 139, 141, 147, 154, 158, 169, 178, 179, 180, 181, 182, 183, 185, 186, 188, 196, 198, 203, 210, 216, 219, 221, 222, 227, 240, 244, 249, 250, 253, 256, 257, 263, 272, 276, 277, 278, 280, 287, 290]
R2 de Treino = 79.72
R2 de Teste = 65.25
Coeficientes (pesos): [ 23.26240576 -10.84725868 -17.75717304  -8.71901334  -9.87939171
   0.63924694  -6.29243573  -4.74669726  -0.9827196    2.85753114
   1.50102005   3.29982473   0.47896959   0.32257595   2.50716163
   3.66009544  -1.40340736  -2.74829581  10.32077039   2.1203069 ]
Interceptor (constante): 133.5398233530991

#################  Rodada 78 / 150  52.0 %
Parâmetros ('EV_MA', 'TST_MA', 'WAI_MA', 'saz_sin', 'saz_cos')
Linhas de Treino [0, 3, 4, 5, 6, 7, 9, 10, 11, 12, 13, 15, 16, 17, 18, 20, 22, 23, 24, 25, 26, 27, 28, 31, 32, 33, 34, 35, 36, 37, 38, 40, 41, 42, 43, 44, 45, 46, 47, 48, 49, 50, 51, 52, 53, 54, 57, 60, 61, 62, 63, 67, 68, 69, 70, 71, 72, 73, 75, 77, 80, 83, 84, 86, 87, 88, 89, 92, 93, 94, 96, 97, 98, 99, 100, 101, 102, 103, 104, 105, 106, 107, 108, 109, 110, 111, 112, 113, 114, 116, 117, 118, 120, 121, 123, 124, 125, 126, 127, 128, 129, 130, 132, 133, 134, 136, 137, 139, 140, 141, 142, 143, 144, 146, 147, 148, 149, 151, 154, 155, 156, 157, 158, 159, 160, 161, 163, 164, 166, 167, 169, 170, 171, 173, 174, 175, 176, 177, 178, 179, 180, 181, 182, 183, 184, 185, 186, 187, 188, 189, 190, 191, 192, 194, 195, 196, 198, 199, 200, 201, 202, 203, 204, 205, 206, 207, 208, 210, 212, 213, 214, 216, 217, 219, 220, 221, 222, 223, 224, 225, 226, 227, 228, 229, 230, 231, 233, 234, 237, 238, 239, 240, 241, 244, 245, 246, 247, 248, 249, 250, 251, 252, 253, 254, 256, 257, 259, 260, 261, 262, 263, 264, 265, 267, 268, 270, 272, 273, 274, 275, 276, 277, 278, 280, 281, 282, 283, 284, 285, 286, 287, 289, 290, 291, 292, 293, 295, 296]
Linhas de Teste [1, 2, 8, 14, 19, 21, 29, 30, 39, 55, 56, 58, 59, 64, 65, 66, 74, 76, 78, 79, 81, 82, 85, 90, 91, 95, 115, 119, 122, 131, 135, 138, 145, 150, 152, 153, 162, 165, 168, 172, 193, 197, 209, 211, 215, 218, 232, 235, 236, 242, 243, 255, 258, 266, 269, 271, 279, 288, 294]
R2 de Treino = 79.54
R2 de Teste = 71.76
Coeficientes (pesos): [ 23.97550356 -10.3690317  -17.6078688   -8.42654372 -10.01284041
  -0.97573299  -4.56156288  -1.33009326  -1.84362199   3.30373628
   0.03430745   1.14965184   1.00131845   2.06131259   0.86332704
   4.58957883  -0.59085754  -1.49385146  11.41468602   2.75531656]
Interceptor (constante): 131.0436477273307

#################  Rodada 79 / 150  52.67 %
Parâmetros ('EV_MA', 'TST_MA', 'WAI_MA', 'saz_sin', 'saz_cos')
Linhas de Treino [0, 1, 2, 3, 4, 5, 7, 8, 9, 10, 11, 13, 14, 15, 17, 19, 20, 21, 22, 23, 26, 27, 29, 30, 31, 33, 34, 35, 36, 37, 38, 39, 40, 41, 42, 43, 44, 45, 46, 49, 50, 51, 54, 55, 56, 58, 59, 62, 64, 65, 66, 67, 69, 74, 75, 76, 77, 78, 79, 80, 81, 82, 83, 84, 85, 86, 88, 89, 90, 91, 93, 94, 95, 96, 98, 99, 100, 101, 103, 104, 105, 107, 108, 109, 110, 111, 112, 113, 114, 115, 117, 118, 119, 120, 121, 122, 124, 125, 126, 129, 131, 132, 133, 134, 135, 136, 137, 138, 139, 140, 141, 142, 144, 145, 146, 147, 148, 149, 150, 151, 152, 153, 154, 155, 157, 158, 159, 160, 161, 162, 163, 164, 165, 166, 168, 169, 171, 172, 173, 176, 178, 179, 180, 181, 182, 183, 184, 185, 186, 187, 188, 191, 193, 195, 196, 197, 198, 199, 200, 203, 205, 208, 209, 210, 211, 212, 213, 214, 215, 216, 217, 218, 219, 220, 221, 222, 223, 226, 227, 228, 230, 232, 233, 234, 235, 236, 237, 238, 240, 241, 242, 243, 244, 245, 246, 247, 248, 249, 250, 251, 252, 253, 255, 256, 257, 258, 260, 261, 262, 263, 264, 265, 266, 267, 268, 269, 270, 271, 272, 273, 276, 277, 278, 279, 280, 281, 282, 283, 284, 286, 287, 288, 290, 291, 293, 294, 295, 296]
Linhas de Teste [6, 12, 16, 18, 24, 25, 28, 32, 47, 48, 52, 53, 57, 60, 61, 63, 68, 70, 71, 72, 73, 87, 92, 97, 102, 106, 116, 123, 127, 128, 130, 143, 156, 167, 170, 174, 175, 177, 189, 190, 192, 194, 201, 202, 204, 206, 207, 224, 225, 229, 231, 239, 254, 259, 274, 275, 285, 289, 292]
R2 de Treino = 78.1
R2 de Teste = 75.98
Coeficientes (pesos): [ 20.47275474 -10.62022648 -13.99842556  -9.01771309  -7.00332385
   0.33230321  -4.03198437  -3.00717004  -0.75348672   2.99162595
  -0.97364074  -0.12792363   1.81280679   2.48612438   1.63782179
   3.29793848  -0.82296227  -0.96342454   7.68584825  -0.18343751]
Interceptor (constante): 130.86226993445499

#################  Rodada 80 / 150  53.33 %
Parâmetros ('EV_MA', 'TST_MA', 'WAI_MA', 'saz_sin', 'saz_cos')
Linhas de Treino [0, 1, 2, 3, 4, 6, 7, 8, 9, 11, 12, 13, 14, 15, 16, 18, 19, 20, 21, 22, 23, 24, 25, 26, 28, 29, 30, 32, 33, 36, 37, 39, 40, 41, 42, 43, 47, 48, 49, 50, 51, 52, 53, 55, 56, 57, 58, 59, 60, 61, 62, 63, 64, 65, 66, 67, 68, 69, 70, 71, 72, 73, 74, 76, 77, 78, 79, 80, 81, 82, 83, 85, 87, 88, 89, 90, 91, 92, 94, 95, 97, 98, 99, 100, 101, 102, 104, 105, 106, 110, 112, 113, 115, 116, 118, 119, 120, 122, 123, 124, 127, 128, 129, 130, 131, 132, 134, 135, 138, 139, 141, 143, 144, 145, 147, 148, 150, 152, 153, 154, 156, 157, 158, 160, 162, 165, 167, 168, 169, 170, 171, 172, 173, 174, 175, 177, 178, 179, 180, 181, 182, 183, 184, 185, 186, 187, 188, 189, 190, 191, 192, 193, 194, 195, 196, 197, 198, 199, 201, 202, 203, 204, 206, 207, 209, 210, 211, 214, 215, 216, 217, 218, 219, 220, 221, 222, 223, 224, 225, 226, 227, 228, 229, 230, 231, 232, 235, 236, 237, 239, 240, 241, 242, 243, 244, 247, 248, 249, 250, 251, 252, 253, 254, 255, 256, 257, 258, 259, 261, 263, 264, 265, 266, 267, 268, 269, 271, 272, 273, 274, 275, 276, 277, 278, 279, 280, 285, 286, 287, 288, 289, 290, 291, 292, 293, 294, 295, 296]
Linhas de Teste [5, 10, 17, 27, 31, 34, 35, 38, 44, 45, 46, 54, 75, 84, 86, 93, 96, 103, 107, 108, 109, 111, 114, 117, 121, 125, 126, 133, 136, 137, 140, 142, 146, 149, 151, 155, 159, 161, 163, 164, 166, 176, 200, 205, 208, 212, 213, 233, 234, 238, 245, 246, 260, 262, 270, 281, 282, 283, 284]
R2 de Treino = 79.3
R2 de Teste = 74.29
Coeficientes (pesos): [ 22.17288047 -11.35477654 -15.52538303  -8.47875115  -7.34145884
  -0.43548292  -5.01380601  -3.10829612  -0.47291882   3.68013116
   0.5625834    1.16700002   1.31799559   0.90599055   1.37969126
   3.98662531  -0.93218072  -0.77965354   9.34674645   2.28534528]
Interceptor (constante): 130.58715096701508

#################  Rodada 81 / 150  54.0 %
Parâmetros ('EV_MA', 'TST_MA', 'WAI_MA', 'saz_sin', 'saz_cos')
Linhas de Treino [1, 2, 3, 6, 7, 8, 9, 10, 11, 12, 13, 14, 16, 17, 18, 19, 20, 21, 22, 23, 24, 25, 26, 27, 28, 30, 31, 33, 35, 36, 37, 38, 39, 41, 42, 43, 44, 45, 47, 48, 49, 50, 51, 52, 54, 55, 56, 57, 58, 59, 60, 61, 62, 63, 64, 65, 66, 67, 68, 70, 71, 72, 73, 74, 76, 79, 81, 82, 83, 84, 85, 86, 87, 88, 89, 90, 92, 93, 94, 95, 97, 100, 101, 103, 106, 107, 109, 110, 111, 112, 113, 114, 115, 116, 117, 118, 119, 120, 122, 123, 124, 125, 126, 127, 128, 130, 131, 132, 137, 138, 139, 140, 141, 142, 143, 144, 145, 147, 148, 149, 150, 151, 152, 153, 154, 155, 156, 157, 159, 160, 162, 163, 165, 166, 167, 168, 169, 170, 171, 173, 174, 175, 176, 177, 178, 179, 181, 182, 183, 184, 185, 186, 187, 188, 190, 191, 192, 193, 194, 195, 196, 197, 198, 199, 201, 202, 203, 204, 205, 206, 207, 208, 209, 210, 211, 212, 213, 214, 215, 217, 218, 219, 220, 221, 222, 223, 225, 227, 228, 229, 230, 231, 232, 233, 234, 235, 236, 238, 241, 242, 243, 244, 245, 246, 247, 248, 249, 251, 252, 255, 256, 257, 258, 259, 260, 261, 266, 267, 268, 271, 272, 273, 275, 276, 278, 279, 280, 281, 283, 284, 285, 286, 287, 291, 294, 295, 296]
Linhas de Teste [0, 4, 5, 15, 29, 32, 34, 40, 46, 53, 69, 75, 77, 78, 80, 91, 96, 98, 99, 102, 104, 105, 108, 121, 129, 133, 134, 135, 136, 146, 158, 161, 164, 172, 180, 189, 200, 216, 224, 226, 237, 239, 240, 250, 253, 254, 262, 263, 264, 265, 269, 270, 274, 277, 282, 288, 289, 290, 292, 293]
R2 de Treino = 78.44
R2 de Teste = 78.98
Coeficientes (pesos): [ 21.04487268 -10.60618469 -13.97890588  -9.01061285  -6.94084193
  -0.86640239  -3.72254061  -0.79040654  -0.33212974   4.24501196
   0.88099387   1.04462967  -0.1253656   -0.69058899   0.39160693
   3.12013571  -3.42632524  -1.36375342   9.84717409   0.60035855]
Interceptor (constante): 132.22044294211176

#################  Rodada 82 / 150  54.67 %
Parâmetros ('EV_MA', 'TST_MA', 'WAI_MA', 'saz_sin', 'saz_cos')
Linhas de Treino [0, 2, 3, 4, 5, 6, 7, 10, 11, 12, 13, 14, 15, 16, 18, 19, 20, 22, 24, 25, 26, 27, 28, 29, 31, 32, 33, 34, 35, 36, 37, 39, 40, 41, 42, 44, 46, 47, 49, 50, 51, 52, 53, 54, 55, 56, 57, 58, 60, 61, 63, 64, 65, 67, 69, 70, 71, 72, 73, 74, 75, 77, 78, 80, 82, 83, 85, 86, 87, 88, 89, 90, 91, 92, 93, 94, 96, 97, 98, 99, 101, 102, 103, 104, 105, 107, 108, 109, 111, 112, 113, 115, 116, 117, 118, 119, 120, 121, 123, 124, 125, 126, 127, 129, 130, 131, 132, 133, 134, 135, 136, 137, 138, 139, 141, 142, 143, 145, 146, 147, 148, 149, 150, 152, 154, 155, 156, 157, 158, 160, 161, 162, 164, 165, 166, 167, 168, 169, 170, 171, 172, 173, 174, 175, 176, 177, 180, 181, 182, 183, 185, 186, 187, 188, 189, 190, 191, 192, 193, 194, 195, 196, 197, 200, 201, 202, 203, 206, 207, 209, 210, 211, 213, 214, 216, 217, 218, 219, 221, 222, 224, 225, 226, 227, 228, 230, 231, 233, 234, 236, 237, 238, 239, 240, 241, 243, 245, 247, 248, 250, 251, 252, 253, 254, 255, 256, 257, 258, 261, 262, 263, 264, 265, 266, 267, 268, 269, 270, 272, 273, 274, 275, 277, 278, 280, 282, 284, 285, 286, 287, 288, 289, 290, 292, 293, 295, 296]
Linhas de Teste [1, 8, 9, 17, 21, 23, 30, 38, 43, 45, 48, 59, 62, 66, 68, 76, 79, 81, 84, 95, 100, 106, 110, 114, 122, 128, 140, 144, 151, 153, 159, 163, 178, 179, 184, 198, 199, 204, 205, 208, 212, 215, 220, 223, 229, 232, 235, 242, 244, 246, 249, 259, 260, 271, 276, 279, 281, 283, 291, 294]
R2 de Treino = 78.64
R2 de Teste = 71.1
Coeficientes (pesos): [ 2.07583992e+01 -1.04526582e+01 -1.45967578e+01 -7.18630626e+00
 -6.99104847e+00  1.57039353e-02 -5.48347607e+00 -2.60287471e+00
 -1.03865632e+00  3.60469847e+00  8.31748548e-01  2.10983356e+00
  8.47730902e-01  1.93336393e+00  1.21789150e+00  3.67225372e+00
 -1.34632340e+00 -3.28562476e-01  9.20798500e+00  1.22198426e+00]
Interceptor (constante): 130.99542981281934

#################  Rodada 83 / 150  55.33 %
Parâmetros ('EV_MA', 'TST_MA', 'WAI_MA', 'saz_sin', 'saz_cos')
Linhas de Treino [0, 1, 2, 3, 4, 5, 8, 9, 11, 12, 13, 15, 17, 18, 19, 20, 21, 23, 24, 26, 27, 28, 29, 30, 31, 32, 34, 35, 36, 37, 38, 39, 40, 42, 43, 45, 46, 47, 48, 49, 50, 53, 54, 58, 59, 60, 62, 63, 64, 65, 66, 67, 68, 69, 70, 73, 74, 75, 76, 77, 78, 79, 80, 81, 82, 84, 85, 86, 88, 89, 90, 91, 92, 93, 95, 96, 98, 99, 100, 102, 103, 104, 105, 106, 108, 109, 110, 111, 112, 113, 114, 117, 118, 119, 121, 122, 124, 128, 129, 130, 131, 132, 133, 134, 135, 136, 137, 138, 139, 140, 141, 142, 144, 145, 146, 147, 148, 149, 151, 152, 153, 154, 155, 158, 159, 160, 161, 162, 163, 164, 165, 168, 169, 170, 171, 172, 173, 174, 175, 176, 177, 178, 179, 180, 181, 182, 183, 184, 186, 187, 188, 189, 190, 192, 196, 198, 199, 200, 201, 202, 203, 204, 205, 206, 207, 208, 209, 210, 211, 212, 214, 215, 216, 217, 220, 221, 223, 224, 226, 229, 231, 232, 234, 235, 237, 238, 239, 240, 241, 242, 244, 245, 246, 248, 249, 250, 251, 252, 253, 254, 255, 258, 259, 260, 261, 262, 263, 264, 265, 267, 268, 269, 270, 271, 272, 274, 275, 276, 277, 278, 279, 280, 281, 282, 283, 284, 285, 286, 287, 288, 289, 290, 291, 292, 293, 294, 295, 296]
Linhas de Teste [6, 7, 10, 14, 16, 22, 25, 33, 41, 44, 51, 52, 55, 56, 57, 61, 71, 72, 83, 87, 94, 97, 101, 107, 115, 116, 120, 123, 125, 126, 127, 143, 150, 156, 157, 166, 167, 185, 191, 193, 194, 195, 197, 213, 218, 219, 222, 225, 227, 228, 230, 233, 236, 243, 247, 256, 257, 266, 273]
R2 de Treino = 77.8
R2 de Teste = 77.44
Coeficientes (pesos): [ 2.03565846e+01 -9.87278614e+00 -1.36958496e+01 -8.33596741e+00
 -7.32160708e+00 -1.78380993e-03 -4.09595888e+00 -2.38505460e+00
 -1.32553973e+00  3.23787497e+00  6.50004227e-01  5.60102871e-01
  1.11345319e+00 -3.11448324e-01  9.61022596e-01  3.61060142e+00
 -2.07205771e+00 -9.91482217e-01  9.55666117e+00  7.77805013e-01]
Interceptor (constante): 131.9193615054625

#################  Rodada 84 / 150  56.0 %
Parâmetros ('EV_MA', 'TST_MA', 'WAI_MA', 'saz_sin', 'saz_cos')
Linhas de Treino [0, 1, 2, 4, 5, 6, 7, 8, 9, 10, 11, 13, 14, 15, 16, 17, 18, 21, 22, 23, 24, 25, 26, 27, 28, 29, 30, 32, 33, 34, 37, 38, 40, 41, 43, 44, 45, 46, 47, 48, 49, 50, 51, 52, 53, 55, 56, 57, 58, 59, 60, 61, 62, 66, 67, 68, 69, 71, 72, 73, 75, 76, 77, 78, 79, 80, 81, 83, 84, 85, 87, 90, 91, 94, 95, 96, 97, 98, 99, 100, 101, 102, 104, 105, 106, 107, 108, 109, 110, 112, 113, 114, 115, 116, 120, 121, 122, 123, 124, 125, 126, 127, 128, 129, 131, 132, 133, 134, 135, 136, 137, 138, 139, 140, 142, 143, 144, 146, 148, 150, 151, 152, 153, 156, 157, 158, 159, 161, 162, 163, 164, 165, 166, 167, 169, 170, 172, 175, 178, 179, 180, 181, 182, 184, 185, 186, 189, 190, 191, 193, 194, 195, 196, 197, 198, 199, 200, 202, 204, 205, 206, 207, 208, 210, 211, 212, 213, 215, 216, 218, 219, 220, 222, 223, 224, 225, 226, 227, 228, 229, 230, 232, 233, 234, 235, 236, 237, 239, 240, 242, 243, 244, 245, 246, 247, 249, 250, 252, 253, 254, 255, 256, 257, 259, 260, 261, 262, 263, 264, 265, 266, 267, 268, 269, 270, 271, 272, 273, 274, 275, 276, 277, 278, 279, 280, 281, 282, 283, 286, 287, 288, 289, 290, 291, 292, 293, 294, 295]
Linhas de Teste [3, 12, 19, 20, 31, 35, 36, 39, 42, 54, 63, 64, 65, 70, 74, 82, 86, 88, 89, 92, 93, 103, 111, 117, 118, 119, 130, 141, 145, 147, 149, 154, 155, 160, 168, 171, 173, 174, 176, 177, 183, 187, 188, 192, 201, 203, 209, 214, 217, 221, 231, 238, 241, 248, 251, 258, 284, 285, 296]
R2 de Treino = 78.21
R2 de Teste = 77.42
Coeficientes (pesos): [ 23.73480639 -10.98438795 -16.62532318  -9.56447274  -9.50390589
  -0.41918301  -5.49823272  -3.45465307  -1.58928263   3.2555525
  -0.7557968    0.02834994   2.18707538   2.8874182    1.98068537
   4.59030333   1.72104703  -1.92727429   9.57009813   2.4313358 ]
Interceptor (constante): 132.42979852619965

#################  Rodada 85 / 150  56.67 %
Parâmetros ('EV_MA', 'TST_MA', 'WAI_MA', 'saz_sin', 'saz_cos')
Linhas de Treino [0, 1, 3, 4, 5, 6, 7, 8, 9, 10, 12, 14, 15, 16, 17, 19, 20, 21, 22, 23, 25, 29, 30, 31, 32, 33, 34, 35, 36, 38, 39, 40, 41, 42, 43, 44, 45, 46, 48, 51, 52, 53, 54, 55, 56, 57, 59, 61, 62, 63, 64, 65, 66, 68, 69, 70, 71, 72, 74, 75, 76, 77, 78, 79, 80, 81, 82, 83, 84, 86, 87, 88, 89, 91, 92, 93, 94, 95, 96, 97, 98, 99, 100, 101, 102, 103, 104, 105, 106, 107, 108, 110, 111, 114, 115, 116, 117, 118, 119, 120, 121, 122, 123, 125, 126, 127, 128, 129, 130, 133, 134, 135, 136, 140, 141, 143, 144, 145, 146, 147, 149, 150, 151, 153, 154, 155, 156, 157, 158, 159, 160, 161, 163, 164, 166, 167, 168, 171, 172, 173, 174, 176, 177, 178, 179, 180, 183, 184, 185, 187, 188, 189, 191, 192, 193, 194, 195, 197, 198, 199, 200, 201, 203, 204, 205, 208, 209, 212, 213, 214, 215, 216, 217, 218, 219, 220, 221, 222, 223, 224, 225, 226, 227, 228, 229, 230, 231, 232, 233, 235, 236, 237, 238, 239, 240, 241, 242, 243, 244, 246, 247, 248, 249, 250, 251, 253, 254, 256, 257, 258, 259, 260, 262, 263, 264, 265, 266, 269, 270, 271, 273, 274, 276, 277, 279, 281, 282, 283, 284, 285, 288, 289, 290, 291, 292, 293, 294, 296]
Linhas de Teste [2, 11, 13, 18, 24, 26, 27, 28, 37, 47, 49, 50, 58, 60, 67, 73, 85, 90, 109, 112, 113, 124, 131, 132, 137, 138, 139, 142, 148, 152, 162, 165, 169, 170, 175, 181, 182, 186, 190, 196, 202, 206, 207, 210, 211, 234, 245, 252, 255, 261, 267, 268, 272, 275, 278, 280, 286, 287, 295]
R2 de Treino = 80.88
R2 de Teste = 65.03
Coeficientes (pesos): [ 22.09277175 -11.73025882 -17.50888494  -8.79833288  -8.49135302
   0.43610328  -5.42768006  -5.0565142   -0.36163986   2.25432988
  -1.0171251    1.14119393   1.61071816   2.77539795   2.43973152
   3.51189449  -0.18150387  -1.95362459   8.02356016   1.13897131]
Interceptor (constante): 132.4325076445662

#################  Rodada 86 / 150  57.33 %
Parâmetros ('EV_MA', 'TST_MA', 'WAI_MA', 'saz_sin', 'saz_cos')
Linhas de Treino [0, 1, 2, 4, 5, 8, 9, 10, 11, 12, 14, 16, 17, 20, 22, 24, 25, 26, 27, 29, 30, 31, 33, 36, 37, 38, 39, 41, 42, 43, 44, 45, 46, 47, 48, 50, 51, 52, 53, 54, 55, 56, 57, 58, 59, 60, 61, 62, 63, 64, 65, 66, 67, 68, 69, 71, 72, 74, 75, 77, 78, 80, 82, 83, 84, 85, 86, 87, 88, 90, 91, 93, 94, 95, 96, 97, 98, 101, 102, 103, 104, 106, 107, 108, 109, 110, 111, 112, 113, 114, 115, 116, 117, 118, 120, 121, 123, 125, 126, 127, 128, 129, 130, 131, 133, 134, 135, 136, 138, 139, 140, 141, 142, 143, 144, 145, 146, 147, 148, 149, 150, 151, 152, 154, 155, 156, 157, 158, 159, 160, 162, 163, 164, 166, 167, 168, 169, 170, 171, 172, 173, 174, 175, 176, 177, 178, 179, 181, 184, 185, 186, 187, 188, 189, 190, 191, 192, 193, 194, 195, 196, 199, 200, 201, 202, 204, 205, 206, 207, 208, 209, 210, 211, 212, 214, 216, 218, 219, 220, 221, 222, 223, 224, 225, 226, 227, 228, 229, 231, 232, 233, 234, 235, 237, 238, 242, 245, 246, 249, 250, 251, 252, 253, 254, 256, 257, 258, 260, 261, 262, 263, 265, 267, 268, 269, 270, 272, 273, 274, 275, 277, 278, 279, 280, 282, 283, 286, 287, 288, 289, 290, 291, 292, 293, 294, 295, 296]
Linhas de Teste [3, 6, 7, 13, 15, 18, 19, 21, 23, 28, 32, 34, 35, 40, 49, 70, 73, 76, 79, 81, 89, 92, 99, 100, 105, 119, 122, 124, 132, 137, 153, 161, 165, 180, 182, 183, 197, 198, 203, 213, 215, 217, 230, 236, 239, 240, 241, 243, 244, 247, 248, 255, 259, 264, 266, 271, 276, 281, 284, 285]
R2 de Treino = 77.25
R2 de Teste = 78.93
Coeficientes (pesos): [ 19.75923842 -10.83603132 -13.77343961  -8.0330669   -6.13812897
  -0.93946982  -3.62488968  -0.49820053  -0.466894     4.37015581
  -0.26723023   0.20543415   0.75571647   1.53017709   0.27105768
   3.22207994  -2.46529931  -0.40108787   9.17422771   0.38290379]
Interceptor (constante): 132.18514284893573

#################  Rodada 87 / 150  58.0 %
Parâmetros ('EV_MA', 'TST_MA', 'WAI_MA', 'saz_sin', 'saz_cos')
Linhas de Treino [0, 1, 2, 3, 4, 5, 6, 7, 8, 9, 11, 12, 13, 14, 15, 16, 18, 19, 20, 21, 23, 24, 25, 26, 27, 28, 29, 30, 31, 32, 33, 34, 35, 36, 37, 39, 40, 41, 42, 43, 44, 47, 48, 49, 51, 52, 53, 54, 55, 56, 57, 62, 64, 65, 66, 67, 70, 71, 72, 73, 74, 75, 76, 79, 80, 81, 82, 83, 84, 85, 86, 87, 88, 89, 92, 93, 94, 95, 96, 97, 98, 99, 100, 101, 102, 103, 104, 105, 106, 107, 108, 110, 111, 112, 113, 114, 115, 117, 118, 119, 121, 122, 124, 126, 127, 128, 131, 132, 133, 135, 136, 137, 138, 139, 141, 142, 143, 144, 145, 146, 148, 150, 153, 154, 155, 157, 159, 160, 161, 163, 164, 165, 166, 167, 170, 171, 172, 173, 176, 177, 179, 180, 181, 182, 183, 184, 185, 186, 188, 189, 191, 193, 197, 198, 199, 200, 201, 203, 204, 205, 207, 208, 209, 210, 211, 212, 213, 214, 215, 217, 218, 219, 220, 222, 224, 226, 227, 228, 229, 230, 232, 233, 234, 235, 236, 237, 238, 239, 240, 241, 242, 243, 244, 245, 247, 248, 249, 251, 253, 254, 255, 257, 258, 259, 260, 261, 262, 263, 264, 265, 266, 268, 269, 270, 271, 272, 273, 274, 275, 276, 278, 279, 281, 283, 284, 285, 286, 287, 288, 289, 290, 291, 292, 293, 294, 295, 296]
Linhas de Teste [10, 17, 22, 38, 45, 46, 50, 58, 59, 60, 61, 63, 68, 69, 77, 78, 90, 91, 109, 116, 120, 123, 125, 129, 130, 134, 140, 147, 149, 151, 152, 156, 158, 162, 168, 169, 174, 175, 178, 187, 190, 192, 194, 195, 196, 202, 206, 216, 221, 223, 225, 231, 246, 250, 252, 256, 267, 277, 280, 282]
R2 de Treino = 79.84
R2 de Teste = 67.6
Coeficientes (pesos): [ 24.20490378 -10.65784031 -17.77413838  -9.13159464 -11.20366743
  -0.68683382  -6.2070841   -2.91263259  -1.32432925   3.80818011
   1.01610489   2.07525187   1.35743905   2.33933048   1.86018969
   4.36857282  -0.17478029  -2.08344573  10.2466591    1.80143477]
Interceptor (constante): 131.49681499386978

#################  Rodada 88 / 150  58.67 %
Parâmetros ('EV_MA', 'TST_MA', 'WAI_MA', 'saz_sin', 'saz_cos')
Linhas de Treino [0, 1, 3, 5, 6, 7, 8, 10, 11, 12, 13, 14, 15, 16, 17, 18, 19, 21, 22, 23, 27, 28, 31, 32, 34, 35, 38, 40, 41, 43, 44, 45, 46, 48, 49, 50, 51, 52, 53, 54, 55, 56, 57, 58, 59, 60, 61, 62, 63, 64, 68, 69, 70, 71, 73, 74, 76, 77, 78, 79, 80, 81, 82, 83, 84, 85, 87, 89, 90, 91, 92, 93, 94, 95, 97, 99, 100, 101, 102, 103, 105, 106, 107, 108, 109, 110, 111, 113, 114, 115, 116, 119, 120, 122, 123, 124, 125, 126, 127, 129, 130, 132, 133, 134, 135, 136, 137, 138, 139, 140, 142, 146, 147, 148, 149, 150, 151, 152, 153, 154, 155, 156, 157, 158, 159, 160, 161, 162, 164, 165, 167, 168, 169, 170, 173, 174, 175, 176, 177, 178, 179, 180, 181, 182, 183, 184, 186, 187, 188, 189, 190, 191, 192, 193, 194, 195, 196, 197, 198, 200, 201, 202, 203, 204, 205, 206, 207, 209, 210, 211, 212, 213, 214, 215, 216, 217, 218, 220, 221, 222, 223, 224, 225, 226, 228, 229, 230, 231, 236, 237, 239, 240, 241, 243, 244, 245, 246, 247, 248, 249, 250, 252, 253, 254, 255, 256, 258, 259, 260, 261, 263, 264, 266, 267, 268, 270, 271, 272, 274, 275, 276, 277, 278, 280, 281, 282, 284, 285, 286, 288, 289, 290, 291, 292, 293, 294, 295, 296]
Linhas de Teste [2, 4, 9, 20, 24, 25, 26, 29, 30, 33, 36, 37, 39, 42, 47, 65, 66, 67, 72, 75, 86, 88, 96, 98, 104, 112, 117, 118, 121, 128, 131, 141, 143, 144, 145, 163, 166, 171, 172, 185, 199, 208, 219, 227, 232, 233, 234, 235, 238, 242, 251, 257, 262, 265, 269, 273, 279, 283, 287]
R2 de Treino = 77.89
R2 de Teste = 79.91
Coeficientes (pesos): [ 24.48101976 -11.36839926 -18.69879369  -8.79725652 -10.67996658
  -0.20356295  -5.45109858  -3.43549612  -1.31582477   2.45874063
   0.56214964   1.64359868   1.86806371   0.66588502   1.92373558
   4.97532534   0.27815662  -3.47904155   9.93214382   3.19110035]
Interceptor (constante): 133.09472591786792

#################  Rodada 89 / 150  59.33 %
Parâmetros ('EV_MA', 'TST_MA', 'WAI_MA', 'saz_sin', 'saz_cos')
Linhas de Treino [1, 2, 3, 4, 6, 7, 9, 10, 12, 13, 15, 17, 18, 19, 20, 21, 22, 23, 24, 25, 26, 28, 29, 30, 32, 33, 34, 35, 36, 37, 38, 39, 40, 42, 44, 45, 46, 47, 49, 50, 51, 52, 54, 56, 57, 58, 59, 60, 61, 63, 65, 66, 67, 68, 69, 70, 72, 73, 75, 76, 77, 78, 79, 80, 81, 83, 86, 88, 89, 90, 91, 92, 93, 95, 96, 98, 99, 100, 104, 105, 107, 108, 109, 110, 111, 112, 113, 115, 116, 117, 118, 119, 120, 121, 122, 123, 124, 125, 126, 127, 128, 129, 130, 131, 132, 134, 137, 140, 141, 142, 143, 144, 145, 147, 148, 149, 151, 152, 153, 155, 156, 157, 158, 160, 161, 162, 163, 165, 166, 167, 168, 169, 170, 171, 172, 173, 174, 175, 176, 178, 179, 180, 182, 183, 185, 186, 187, 188, 189, 190, 192, 194, 195, 196, 197, 198, 199, 200, 201, 202, 203, 204, 206, 208, 209, 210, 212, 213, 214, 215, 216, 217, 218, 219, 220, 221, 222, 223, 225, 227, 228, 230, 231, 232, 233, 234, 235, 236, 237, 238, 239, 240, 241, 242, 243, 244, 245, 246, 247, 248, 249, 250, 251, 252, 253, 254, 255, 256, 257, 259, 261, 262, 263, 264, 265, 266, 267, 268, 269, 271, 272, 273, 275, 276, 277, 279, 280, 281, 282, 283, 284, 285, 286, 287, 288, 291, 292, 295]
Linhas de Teste [0, 5, 8, 11, 14, 16, 27, 31, 41, 43, 48, 53, 55, 62, 64, 71, 74, 82, 84, 85, 87, 94, 97, 101, 102, 103, 106, 114, 133, 135, 136, 138, 139, 146, 150, 154, 159, 164, 177, 181, 184, 191, 193, 205, 207, 211, 224, 226, 229, 258, 260, 270, 274, 278, 289, 290, 293, 294, 296]
R2 de Treino = 80.66
R2 de Teste = 66.92
Coeficientes (pesos): [ 24.17392248  -9.38881268 -17.54751581  -9.43795145 -10.48302689
   0.30655877  -5.5497297   -5.20960665  -0.09235491   2.48837977
  -1.2696978    0.23718377   2.08728524   3.59076157   2.40511389
   4.4143873    1.01555361  -2.06022457   9.90697548   2.11687414]
Interceptor (constante): 130.4281802290333

#################  Rodada 90 / 150  60.0 %
Parâmetros ('EV_MA', 'TST_MA', 'WAI_MA', 'saz_sin', 'saz_cos')
Linhas de Treino [0, 2, 3, 4, 5, 6, 7, 8, 9, 10, 11, 13, 14, 15, 16, 17, 18, 19, 20, 21, 22, 23, 24, 25, 26, 27, 28, 29, 30, 31, 32, 33, 34, 35, 36, 37, 38, 39, 40, 41, 42, 43, 45, 46, 47, 48, 49, 50, 53, 55, 58, 59, 60, 61, 62, 63, 64, 65, 66, 67, 68, 69, 70, 71, 72, 73, 74, 75, 76, 77, 78, 79, 81, 82, 84, 85, 86, 87, 88, 89, 90, 91, 92, 94, 96, 97, 98, 99, 100, 101, 102, 103, 104, 105, 106, 109, 112, 114, 116, 117, 118, 119, 120, 121, 122, 123, 124, 125, 128, 129, 130, 131, 132, 133, 134, 135, 136, 137, 138, 139, 140, 141, 143, 144, 145, 146, 147, 149, 150, 151, 152, 153, 154, 156, 158, 159, 161, 162, 163, 164, 165, 166, 168, 169, 171, 172, 174, 175, 177, 178, 180, 181, 182, 183, 184, 185, 187, 190, 191, 192, 193, 194, 195, 196, 197, 198, 199, 202, 203, 205, 206, 207, 208, 211, 213, 215, 216, 217, 219, 221, 223, 224, 225, 226, 227, 229, 230, 231, 232, 233, 234, 235, 236, 238, 239, 240, 241, 242, 243, 244, 246, 247, 248, 250, 251, 252, 255, 256, 257, 258, 259, 260, 262, 264, 265, 266, 267, 269, 270, 271, 273, 274, 276, 277, 278, 279, 280, 281, 282, 283, 284, 285, 287, 289, 290, 293, 294, 296]
Linhas de Teste [1, 12, 44, 51, 52, 54, 56, 57, 80, 83, 93, 95, 107, 108, 110, 111, 113, 115, 126, 127, 142, 148, 155, 157, 160, 167, 170, 173, 176, 179, 186, 188, 189, 200, 201, 204, 209, 210, 212, 214, 218, 220, 222, 228, 237, 245, 249, 253, 254, 261, 263, 268, 272, 275, 286, 288, 291, 292, 295]
R2 de Treino = 79.03
R2 de Teste = 73.8
Coeficientes (pesos): [ 20.52143973 -11.26364852 -13.7970653   -8.4378372   -5.99013227
   0.07442714  -3.99348518  -3.08977714  -1.66475339   2.58177145
   0.25774854   0.8729711    0.2873676    0.55405122   1.1261832
   3.17718035  -1.51539682  -0.33422908   8.83137534   0.67498305]
Interceptor (constante): 132.87531108070763

#################  Rodada 91 / 150  60.67 %
Parâmetros ('EV_MA', 'TST_MA', 'WAI_MA', 'saz_sin', 'saz_cos')
Linhas de Treino [1, 2, 3, 4, 5, 6, 7, 8, 9, 10, 11, 12, 13, 14, 15, 16, 17, 18, 19, 20, 21, 22, 24, 25, 26, 27, 28, 29, 31, 33, 34, 35, 36, 40, 41, 42, 43, 44, 45, 46, 47, 49, 51, 53, 54, 56, 57, 58, 59, 61, 62, 63, 64, 66, 68, 69, 70, 71, 72, 73, 74, 75, 76, 77, 78, 79, 80, 82, 84, 86, 89, 91, 92, 93, 94, 95, 97, 98, 99, 100, 102, 103, 105, 107, 108, 109, 110, 111, 112, 113, 114, 115, 116, 117, 118, 119, 120, 121, 122, 123, 124, 125, 126, 127, 129, 131, 132, 133, 134, 135, 136, 137, 138, 140, 143, 144, 145, 147, 148, 149, 150, 151, 152, 153, 155, 156, 158, 159, 160, 162, 163, 164, 165, 166, 167, 169, 170, 171, 172, 173, 174, 175, 176, 177, 178, 181, 183, 184, 185, 186, 187, 189, 190, 191, 192, 193, 194, 195, 196, 197, 200, 201, 202, 204, 206, 207, 208, 209, 210, 211, 212, 213, 214, 215, 216, 217, 219, 220, 222, 223, 224, 226, 227, 228, 229, 230, 231, 232, 233, 234, 236, 237, 238, 239, 240, 241, 242, 243, 245, 247, 248, 249, 250, 251, 252, 254, 255, 257, 258, 259, 260, 261, 263, 264, 266, 268, 269, 271, 272, 274, 275, 277, 279, 280, 281, 282, 283, 284, 285, 286, 287, 289, 290, 291, 292, 293, 294]
Linhas de Teste [0, 23, 30, 32, 37, 38, 39, 48, 50, 52, 55, 60, 65, 67, 81, 83, 85, 87, 88, 90, 96, 101, 104, 106, 128, 130, 139, 141, 142, 146, 154, 157, 161, 168, 179, 180, 182, 188, 198, 199, 203, 205, 218, 221, 225, 235, 244, 246, 253, 256, 262, 265, 267, 270, 273, 276, 278, 288, 295, 296]
R2 de Treino = 76.73
R2 de Teste = 78.32
Coeficientes (pesos): [ 19.43576867 -10.25029139 -14.1031237   -8.79492473  -7.57442264
   0.53468941  -3.84818185  -3.31489249  -0.77263808   1.46135808
  -0.89277075  -1.14209806  -0.38931495   0.93127148   0.6992253
   2.53571207   0.08772251  -1.5806708    9.46198765   1.02855168]
Interceptor (constante): 133.8309199913443

#################  Rodada 92 / 150  61.33 %
Parâmetros ('EV_MA', 'TST_MA', 'WAI_MA', 'saz_sin', 'saz_cos')
Linhas de Treino [0, 1, 2, 3, 4, 5, 6, 9, 10, 11, 12, 13, 14, 15, 16, 17, 18, 19, 21, 22, 23, 24, 25, 26, 29, 30, 31, 32, 34, 37, 38, 39, 40, 41, 42, 43, 44, 45, 46, 47, 48, 49, 50, 52, 53, 55, 56, 57, 58, 59, 60, 62, 63, 64, 65, 66, 67, 68, 70, 71, 72, 73, 74, 75, 76, 77, 78, 80, 81, 82, 83, 84, 85, 86, 87, 88, 89, 90, 92, 93, 95, 96, 97, 98, 99, 101, 102, 103, 104, 105, 106, 107, 110, 111, 112, 113, 115, 116, 118, 119, 120, 121, 122, 123, 124, 125, 126, 127, 128, 129, 130, 131, 132, 133, 134, 135, 136, 138, 139, 140, 141, 142, 144, 145, 146, 148, 149, 150, 154, 155, 157, 158, 159, 160, 161, 162, 163, 166, 167, 168, 170, 172, 173, 174, 175, 179, 180, 182, 183, 184, 186, 187, 188, 189, 190, 191, 192, 193, 194, 195, 196, 197, 198, 199, 200, 201, 203, 204, 205, 207, 211, 214, 215, 216, 218, 219, 220, 221, 224, 225, 226, 227, 229, 230, 231, 233, 234, 235, 236, 237, 238, 239, 241, 242, 244, 245, 246, 247, 248, 249, 250, 251, 252, 253, 254, 256, 258, 259, 261, 262, 263, 265, 266, 267, 268, 269, 270, 271, 272, 273, 276, 277, 278, 279, 280, 282, 283, 285, 286, 287, 288, 290, 291, 292, 293, 295, 296]
Linhas de Teste [7, 8, 20, 27, 28, 33, 35, 36, 51, 54, 61, 69, 79, 91, 94, 100, 108, 109, 114, 117, 137, 143, 147, 151, 152, 153, 156, 164, 165, 169, 171, 176, 177, 178, 181, 185, 202, 206, 208, 209, 210, 212, 213, 217, 222, 223, 228, 232, 240, 243, 255, 257, 260, 264, 274, 275, 281, 284, 289, 294]
R2 de Treino = 75.45
R2 de Teste = 80.05
Coeficientes (pesos): [ 24.11058846  -9.54311605 -17.50198896  -8.9615975  -10.81476368
   0.41880557  -7.09469094  -4.99661747  -1.28396631   3.07068711
   0.18947628   2.24473691   2.17397111   3.1737146    2.93362617
   4.61237969   0.92753474  -2.24829432  10.22793961   2.73755307]
Interceptor (constante): 131.79715420064124

#################  Rodada 93 / 150  62.0 %
Parâmetros ('EV_MA', 'TST_MA', 'WAI_MA', 'saz_sin', 'saz_cos')
Linhas de Treino [0, 2, 3, 4, 5, 7, 8, 10, 12, 13, 14, 17, 18, 19, 20, 21, 22, 23, 25, 27, 28, 29, 30, 31, 32, 33, 34, 35, 36, 37, 38, 39, 40, 42, 43, 44, 48, 49, 50, 51, 52, 54, 55, 56, 58, 59, 60, 61, 62, 64, 65, 66, 67, 69, 70, 72, 75, 79, 80, 81, 82, 83, 85, 86, 87, 88, 90, 91, 92, 93, 94, 95, 96, 97, 99, 100, 101, 102, 104, 105, 106, 107, 108, 109, 111, 112, 113, 114, 116, 117, 119, 121, 122, 124, 125, 127, 128, 130, 131, 132, 133, 135, 136, 137, 138, 139, 140, 141, 142, 143, 144, 145, 146, 147, 149, 150, 151, 152, 153, 154, 156, 157, 158, 159, 161, 162, 163, 164, 165, 166, 167, 168, 169, 170, 171, 172, 176, 177, 178, 179, 180, 181, 182, 183, 185, 186, 188, 189, 190, 192, 193, 195, 196, 197, 198, 199, 200, 201, 202, 203, 205, 206, 207, 208, 209, 210, 211, 212, 213, 214, 216, 217, 218, 219, 220, 221, 222, 223, 224, 225, 226, 228, 229, 231, 232, 233, 235, 236, 238, 240, 241, 243, 244, 245, 246, 247, 248, 249, 251, 253, 254, 255, 256, 257, 258, 259, 260, 261, 262, 263, 264, 265, 266, 267, 268, 269, 270, 272, 273, 274, 275, 276, 277, 278, 279, 281, 282, 284, 285, 287, 288, 289, 290, 291, 293, 294, 295, 296]
Linhas de Teste [1, 6, 9, 11, 15, 16, 24, 26, 41, 45, 46, 47, 53, 57, 63, 68, 71, 73, 74, 76, 77, 78, 84, 89, 98, 103, 110, 115, 118, 120, 123, 126, 129, 134, 148, 155, 160, 173, 174, 175, 184, 187, 191, 194, 204, 215, 227, 230, 234, 237, 239, 242, 250, 252, 271, 280, 283, 286, 292]
R2 de Treino = 79.74
R2 de Teste = 73.08
Coeficientes (pesos): [ 23.77688596 -10.56476939 -16.61139251  -9.13854567  -9.07991287
  -1.09547273  -5.70203036  -2.23425608  -1.01394807   4.89307606
  -0.32757798   2.14087077   1.99342906   3.47464713   2.1073867
   4.43207866  -1.13955108  -1.32403543   9.7489031    0.99560267]
Interceptor (constante): 130.9973016609505

#################  Rodada 94 / 150  62.67 %
Parâmetros ('EV_MA', 'TST_MA', 'WAI_MA', 'saz_sin', 'saz_cos')
Linhas de Treino [0, 1, 4, 6, 7, 8, 9, 11, 12, 13, 15, 16, 18, 19, 20, 23, 24, 25, 26, 27, 28, 29, 30, 32, 33, 35, 36, 37, 38, 39, 41, 43, 44, 45, 46, 47, 48, 49, 50, 51, 52, 53, 54, 55, 56, 57, 58, 59, 60, 61, 62, 63, 64, 65, 67, 68, 69, 70, 71, 73, 74, 76, 77, 78, 79, 81, 83, 84, 85, 87, 88, 89, 90, 91, 94, 96, 97, 98, 99, 100, 101, 102, 103, 104, 106, 108, 109, 110, 113, 114, 115, 116, 117, 118, 120, 121, 123, 124, 125, 126, 127, 128, 129, 130, 134, 135, 137, 139, 140, 141, 142, 143, 144, 145, 146, 147, 148, 151, 152, 153, 154, 155, 156, 157, 158, 160, 161, 162, 163, 164, 165, 166, 168, 169, 170, 171, 173, 174, 175, 176, 177, 178, 179, 180, 181, 182, 184, 185, 186, 187, 188, 189, 191, 193, 194, 196, 197, 198, 199, 200, 201, 202, 203, 204, 205, 206, 207, 208, 209, 210, 212, 213, 215, 217, 218, 219, 220, 221, 222, 223, 225, 226, 227, 228, 229, 230, 232, 233, 234, 235, 236, 237, 238, 239, 240, 241, 242, 243, 244, 245, 246, 248, 250, 252, 253, 255, 256, 257, 258, 260, 261, 262, 264, 265, 267, 269, 270, 271, 272, 273, 274, 275, 276, 278, 280, 281, 282, 283, 284, 285, 286, 288, 289, 290, 292, 294, 295, 296]
Linhas de Teste [2, 3, 5, 10, 14, 17, 21, 22, 31, 34, 40, 42, 66, 72, 75, 80, 82, 86, 92, 93, 95, 105, 107, 111, 112, 119, 122, 131, 132, 133, 136, 138, 149, 150, 159, 167, 172, 183, 190, 192, 195, 211, 214, 216, 224, 231, 247, 249, 251, 254, 259, 263, 266, 268, 277, 279, 287, 291, 293]
R2 de Treino = 81.0
R2 de Teste = 61.95
Coeficientes (pesos): [ 23.54425942 -11.32595453 -17.35661518  -9.05678107  -9.90318217
  -1.18597631  -5.09088591  -1.63588799  -0.3979752    3.68233564
  -0.28299883   1.0378862    1.20194409   2.05468909   1.1028855
   3.71564813  -0.503833    -2.35321525   9.440106     1.57854954]
Interceptor (constante): 133.28615314148348

#################  Rodada 95 / 150  63.33 %
Parâmetros ('EV_MA', 'TST_MA', 'WAI_MA', 'saz_sin', 'saz_cos')
Linhas de Treino [0, 1, 2, 3, 5, 6, 7, 8, 9, 10, 11, 14, 15, 16, 17, 20, 21, 22, 23, 24, 26, 27, 28, 30, 31, 32, 33, 34, 35, 36, 37, 38, 39, 40, 41, 42, 45, 46, 47, 48, 50, 51, 52, 53, 54, 55, 57, 60, 61, 63, 65, 66, 67, 68, 69, 71, 72, 73, 74, 75, 76, 77, 78, 79, 80, 81, 82, 83, 84, 85, 86, 87, 88, 89, 90, 91, 92, 93, 94, 95, 96, 98, 100, 101, 103, 104, 105, 106, 107, 108, 109, 110, 111, 112, 114, 115, 117, 118, 119, 120, 122, 123, 126, 128, 129, 130, 131, 132, 133, 134, 136, 137, 138, 139, 141, 142, 143, 146, 147, 148, 149, 150, 151, 152, 153, 154, 155, 156, 157, 159, 160, 161, 164, 165, 167, 168, 169, 171, 172, 173, 174, 175, 176, 177, 178, 179, 180, 181, 182, 183, 184, 185, 187, 188, 190, 191, 192, 194, 195, 198, 199, 202, 203, 204, 205, 206, 208, 209, 210, 211, 212, 213, 214, 215, 216, 217, 218, 221, 222, 223, 224, 225, 227, 228, 230, 231, 232, 234, 235, 237, 239, 240, 242, 243, 244, 246, 247, 249, 250, 251, 252, 253, 254, 255, 256, 257, 259, 260, 262, 263, 264, 265, 266, 267, 268, 270, 271, 273, 274, 275, 276, 277, 278, 279, 280, 281, 283, 284, 286, 287, 288, 289, 291, 292, 293, 294, 295, 296]
Linhas de Teste [4, 12, 13, 18, 19, 25, 29, 43, 44, 49, 56, 58, 59, 62, 64, 70, 97, 99, 102, 113, 116, 121, 124, 125, 127, 135, 140, 144, 145, 158, 162, 163, 166, 170, 186, 189, 193, 196, 197, 200, 201, 207, 219, 220, 226, 229, 233, 236, 238, 241, 245, 248, 258, 261, 269, 272, 282, 285, 290]
R2 de Treino = 80.37
R2 de Teste = 68.39
Coeficientes (pesos): [ 2.16369130e+01 -1.17650722e+01 -1.57170015e+01 -7.77018136e+00
 -7.05138944e+00 -1.49944244e-02 -3.80459147e+00 -2.86782439e+00
 -1.53566725e+00  3.02503147e+00  6.92003475e-01  6.76658192e-01
  1.02773008e+00  4.20395261e-01  1.00578747e+00  4.18690994e+00
 -1.69039289e+00 -7.61196829e-01  8.89314768e+00  1.38778576e+00]
Interceptor (constante): 130.55294135061234

#################  Rodada 96 / 150  64.0 %
Parâmetros ('EV_MA', 'TST_MA', 'WAI_MA', 'saz_sin', 'saz_cos')
Linhas de Treino [2, 3, 4, 5, 7, 8, 9, 10, 11, 12, 14, 15, 16, 17, 18, 19, 21, 22, 23, 25, 26, 27, 28, 29, 30, 31, 32, 34, 35, 37, 38, 40, 41, 42, 43, 44, 45, 46, 50, 51, 52, 53, 54, 55, 56, 57, 58, 59, 60, 63, 64, 65, 68, 69, 71, 72, 74, 75, 76, 77, 78, 79, 80, 82, 83, 85, 86, 87, 88, 89, 90, 91, 92, 94, 95, 96, 97, 98, 99, 100, 101, 102, 103, 105, 107, 108, 109, 110, 111, 112, 114, 115, 116, 117, 119, 120, 121, 122, 123, 124, 126, 127, 128, 129, 132, 133, 134, 135, 137, 138, 139, 140, 141, 142, 143, 144, 145, 147, 148, 149, 150, 151, 152, 153, 154, 155, 156, 157, 158, 159, 160, 161, 162, 163, 164, 165, 166, 167, 168, 170, 171, 172, 173, 174, 175, 176, 178, 179, 180, 181, 183, 184, 186, 187, 188, 190, 191, 192, 193, 194, 195, 196, 197, 198, 199, 200, 205, 206, 207, 208, 210, 211, 212, 213, 214, 215, 217, 218, 219, 220, 222, 224, 225, 226, 227, 229, 232, 233, 234, 235, 236, 237, 238, 240, 241, 242, 245, 246, 247, 249, 250, 252, 253, 254, 259, 260, 261, 262, 263, 264, 265, 266, 267, 268, 269, 270, 271, 272, 275, 277, 279, 280, 281, 282, 283, 284, 285, 286, 287, 288, 289, 290, 292, 293, 294, 295, 296]
Linhas de Teste [0, 1, 6, 13, 20, 24, 33, 36, 39, 47, 48, 49, 61, 62, 66, 67, 70, 73, 81, 84, 93, 104, 106, 113, 118, 125, 130, 131, 136, 146, 169, 177, 182, 185, 189, 201, 202, 203, 204, 209, 216, 221, 223, 228, 230, 231, 239, 243, 244, 248, 251, 255, 256, 257, 258, 273, 274, 276, 278, 291]
R2 de Treino = 80.2
R2 de Teste = 68.09
Coeficientes (pesos): [ 20.51094046 -12.23488403 -15.30089976  -7.87591782  -6.91944848
   0.64432422  -4.75266285  -3.49921437  -1.83531947   2.24777833
  -0.90253699   0.34696124   0.24082373   2.91842695   1.88400034
   3.83271012   0.57667498  -1.24703048   8.88856989  -0.09080312]
Interceptor (constante): 133.88985725311485

#################  Rodada 97 / 150  64.67 %
Parâmetros ('EV_MA', 'TST_MA', 'WAI_MA', 'saz_sin', 'saz_cos')
Linhas de Treino [0, 1, 2, 4, 6, 7, 9, 11, 13, 14, 15, 16, 17, 18, 19, 20, 21, 23, 24, 26, 28, 29, 30, 31, 32, 33, 34, 35, 36, 37, 38, 39, 40, 41, 42, 43, 45, 46, 47, 48, 49, 50, 53, 56, 57, 59, 60, 61, 62, 64, 65, 66, 67, 68, 69, 70, 71, 72, 73, 74, 75, 77, 78, 79, 80, 81, 82, 83, 84, 86, 87, 88, 90, 93, 94, 95, 96, 97, 98, 99, 100, 102, 103, 104, 105, 106, 107, 108, 109, 110, 111, 113, 115, 118, 122, 123, 124, 125, 126, 127, 128, 129, 130, 131, 132, 136, 137, 139, 140, 141, 143, 144, 145, 146, 147, 148, 149, 150, 151, 152, 154, 155, 156, 158, 159, 160, 161, 163, 164, 165, 168, 169, 170, 171, 172, 175, 177, 178, 180, 181, 182, 183, 184, 185, 186, 187, 188, 189, 191, 192, 193, 194, 195, 196, 197, 198, 200, 201, 202, 203, 204, 205, 206, 207, 208, 209, 210, 211, 212, 213, 214, 215, 216, 219, 221, 222, 223, 224, 225, 227, 228, 229, 230, 231, 233, 234, 235, 236, 237, 238, 239, 240, 241, 242, 243, 244, 245, 246, 247, 248, 249, 251, 252, 254, 255, 256, 257, 258, 259, 261, 262, 264, 265, 267, 268, 271, 273, 274, 275, 276, 277, 278, 279, 280, 281, 282, 283, 284, 285, 288, 289, 290, 291, 292, 293, 294, 296]
Linhas de Teste [3, 5, 8, 10, 12, 22, 25, 27, 44, 51, 52, 54, 55, 58, 63, 76, 85, 89, 91, 92, 101, 112, 114, 116, 117, 119, 120, 121, 133, 134, 135, 138, 142, 153, 157, 162, 166, 167, 173, 174, 176, 179, 190, 199, 217, 218, 220, 226, 232, 250, 253, 260, 263, 266, 269, 270, 272, 286, 287, 295]
R2 de Treino = 79.97
R2 de Teste = 67.77
Coeficientes (pesos): [ 22.10812295 -10.25549859 -14.25319305  -9.41472986  -7.2406972
  -0.08199273  -4.23471537  -2.57478164  -1.23936267   2.97776163
   1.26014481   1.25354666   1.70302302  -1.15895181   0.92184593
   4.00960848  -3.00441925  -1.60869938   9.59146962   1.92096077]
Interceptor (constante): 131.311019880324

#################  Rodada 98 / 150  65.33 %
Parâmetros ('EV_MA', 'TST_MA', 'WAI_MA', 'saz_sin', 'saz_cos')
Linhas de Treino [0, 1, 3, 5, 6, 8, 9, 10, 11, 12, 13, 14, 17, 18, 19, 20, 21, 22, 23, 24, 25, 27, 28, 29, 31, 33, 35, 36, 37, 38, 39, 40, 41, 43, 44, 45, 46, 47, 48, 49, 51, 52, 54, 55, 56, 57, 58, 59, 60, 61, 62, 63, 64, 65, 66, 67, 70, 72, 73, 75, 76, 77, 79, 80, 81, 83, 84, 85, 86, 88, 89, 91, 92, 93, 95, 99, 100, 101, 102, 103, 104, 105, 106, 107, 108, 109, 112, 113, 114, 116, 117, 118, 119, 120, 121, 122, 123, 124, 125, 126, 127, 129, 130, 131, 133, 134, 135, 136, 137, 138, 139, 141, 142, 143, 144, 145, 146, 147, 148, 149, 150, 151, 153, 154, 155, 157, 158, 159, 160, 161, 162, 163, 165, 166, 167, 168, 169, 170, 172, 173, 174, 175, 176, 177, 178, 179, 180, 181, 182, 183, 184, 185, 186, 188, 189, 190, 193, 194, 197, 198, 199, 200, 201, 202, 203, 204, 205, 207, 209, 213, 214, 215, 216, 217, 218, 220, 221, 222, 223, 224, 225, 226, 228, 229, 230, 231, 232, 235, 236, 237, 239, 240, 241, 243, 244, 245, 247, 248, 250, 251, 253, 255, 256, 257, 258, 259, 260, 261, 263, 264, 265, 266, 268, 269, 270, 271, 272, 273, 274, 275, 276, 277, 278, 279, 280, 281, 282, 283, 284, 285, 286, 287, 289, 291, 292, 293, 295, 296]
Linhas de Teste [2, 4, 7, 15, 16, 26, 30, 32, 34, 42, 50, 53, 68, 69, 71, 74, 78, 82, 87, 90, 94, 96, 97, 98, 110, 111, 115, 128, 132, 140, 152, 156, 164, 171, 187, 191, 192, 195, 196, 206, 208, 210, 211, 212, 219, 227, 233, 234, 238, 242, 246, 249, 252, 254, 262, 267, 288, 290, 294]
R2 de Treino = 77.41
R2 de Teste = 81.13
Coeficientes (pesos): [ 20.78271148 -10.19541101 -15.29437325  -8.24358673  -8.07945734
  -0.79347211  -4.49131962  -2.0099233   -0.92535381   3.84165661
   0.34188491   1.7630212    0.79526488   0.14315157   1.24680107
   3.57200198  -2.55972521  -1.40883915   9.5152409    1.30046399]
Interceptor (constante): 132.10136310584693

#################  Rodada 99 / 150  66.0 %
Parâmetros ('EV_MA', 'TST_MA', 'WAI_MA', 'saz_sin', 'saz_cos')
Linhas de Treino [0, 1, 2, 3, 4, 5, 6, 7, 8, 9, 10, 11, 12, 13, 15, 16, 18, 19, 20, 21, 22, 24, 25, 26, 27, 28, 29, 30, 32, 33, 34, 36, 38, 39, 40, 41, 42, 44, 46, 47, 48, 49, 50, 51, 52, 53, 54, 55, 56, 58, 59, 61, 62, 63, 64, 65, 66, 67, 68, 69, 70, 71, 72, 73, 74, 75, 76, 77, 78, 81, 82, 83, 84, 85, 87, 88, 89, 90, 91, 92, 93, 94, 95, 96, 97, 98, 101, 104, 105, 106, 107, 110, 111, 112, 113, 114, 115, 116, 117, 118, 119, 120, 121, 123, 125, 128, 129, 130, 131, 132, 133, 134, 135, 136, 138, 140, 142, 143, 146, 151, 152, 153, 154, 156, 157, 158, 159, 161, 162, 163, 164, 165, 166, 167, 169, 170, 171, 173, 174, 175, 176, 177, 178, 179, 180, 181, 182, 184, 185, 187, 189, 190, 191, 192, 193, 194, 195, 196, 198, 199, 200, 201, 202, 203, 204, 206, 207, 208, 209, 210, 211, 212, 216, 217, 218, 219, 220, 221, 223, 224, 225, 226, 227, 228, 230, 231, 232, 233, 234, 236, 238, 239, 241, 242, 243, 244, 245, 246, 248, 249, 250, 251, 252, 253, 254, 255, 256, 257, 258, 259, 260, 262, 263, 265, 266, 267, 269, 270, 271, 272, 273, 274, 276, 278, 279, 281, 282, 284, 285, 286, 287, 288, 290, 291, 293, 294, 295, 296]
Linhas de Teste [14, 17, 23, 31, 35, 37, 43, 45, 57, 60, 79, 80, 86, 99, 100, 102, 103, 108, 109, 122, 124, 126, 127, 137, 139, 141, 144, 145, 147, 148, 149, 150, 155, 160, 168, 172, 183, 186, 188, 197, 205, 213, 214, 215, 222, 229, 235, 237, 240, 247, 261, 264, 268, 275, 277, 280, 283, 289, 292]
R2 de Treino = 77.04
R2 de Teste = 82.06
Coeficientes (pesos): [ 22.45168811 -10.11659124 -15.38593159  -8.54352693  -8.51394436
  -0.58777411  -5.50235949  -3.21626903  -0.3469081    4.03956989
  -0.20471359   1.483194     1.9419618    3.4935691    1.66454047
   4.22170768  -0.16482702  -1.06150647   8.75190282   1.2912047 ]
Interceptor (constante): 131.50425253966074

#################  Rodada 100 / 150  66.67 %
Parâmetros ('EV_MA', 'TST_MA', 'WAI_MA', 'saz_sin', 'saz_cos')
Linhas de Treino [0, 1, 2, 3, 4, 5, 6, 7, 8, 10, 12, 13, 14, 15, 16, 17, 20, 22, 23, 24, 25, 26, 27, 30, 31, 32, 33, 34, 35, 36, 37, 39, 42, 43, 44, 45, 47, 48, 49, 50, 51, 52, 53, 54, 55, 57, 58, 60, 61, 62, 63, 66, 67, 68, 69, 70, 71, 73, 74, 76, 78, 79, 80, 81, 82, 84, 85, 86, 87, 89, 90, 91, 92, 93, 94, 96, 97, 98, 99, 100, 101, 102, 103, 104, 106, 108, 109, 110, 111, 112, 113, 114, 115, 116, 117, 118, 119, 120, 121, 122, 124, 125, 126, 127, 128, 130, 131, 132, 133, 134, 135, 136, 137, 138, 139, 140, 141, 142, 144, 145, 146, 147, 148, 149, 150, 152, 153, 155, 156, 157, 160, 162, 164, 166, 167, 168, 169, 171, 172, 173, 174, 176, 177, 179, 182, 183, 185, 186, 187, 188, 189, 190, 191, 192, 195, 196, 197, 199, 201, 202, 203, 204, 205, 206, 208, 209, 210, 211, 212, 213, 214, 215, 216, 217, 218, 219, 220, 221, 222, 223, 226, 227, 228, 229, 230, 231, 232, 233, 234, 235, 237, 238, 239, 240, 242, 243, 244, 246, 247, 248, 249, 250, 251, 252, 253, 254, 255, 256, 257, 258, 260, 261, 262, 263, 264, 266, 267, 268, 269, 270, 272, 273, 274, 275, 276, 277, 278, 280, 283, 286, 287, 288, 289, 290, 291, 292, 294, 295]
Linhas de Teste [9, 11, 18, 19, 21, 28, 29, 38, 40, 41, 46, 56, 59, 64, 65, 72, 75, 77, 83, 88, 95, 105, 107, 123, 129, 143, 151, 154, 158, 159, 161, 163, 165, 170, 175, 178, 180, 181, 184, 193, 194, 198, 200, 207, 224, 225, 236, 241, 245, 259, 265, 271, 279, 281, 282, 284, 285, 293, 296]
R2 de Treino = 79.59
R2 de Teste = 74.3
Coeficientes (pesos): [ 2.26194078e+01 -1.08154839e+01 -1.66523894e+01 -8.49458006e+00
 -8.78631261e+00 -8.16366124e-01 -4.78584267e+00 -1.80941135e+00
 -1.88729349e-02  3.85970338e+00 -4.50285214e-02 -1.15654289e-01
  6.85465277e-01  2.01523842e+00  6.75840355e-01  2.93277859e+00
 -4.65825627e-01 -8.83469484e-01  9.52296608e+00  1.76013421e+00]
Interceptor (constante): 130.5712980637022

#################  Rodada 101 / 150  67.33 %
Parâmetros ('EV_MA', 'TST_MA', 'WAI_MA', 'saz_sin', 'saz_cos')
Linhas de Treino [0, 1, 2, 3, 5, 7, 8, 9, 10, 11, 12, 14, 15, 16, 17, 18, 19, 21, 22, 23, 24, 25, 26, 27, 28, 29, 30, 31, 32, 34, 35, 37, 38, 40, 41, 42, 43, 44, 45, 46, 47, 49, 50, 52, 54, 55, 56, 58, 59, 61, 62, 65, 66, 67, 68, 69, 70, 71, 73, 75, 76, 77, 79, 80, 82, 83, 84, 85, 86, 88, 89, 91, 92, 93, 94, 97, 98, 100, 101, 102, 103, 104, 105, 106, 107, 109, 110, 111, 112, 113, 116, 117, 118, 119, 121, 122, 126, 127, 128, 130, 131, 133, 134, 135, 136, 137, 138, 139, 141, 142, 143, 145, 146, 147, 148, 149, 150, 151, 152, 154, 155, 156, 157, 159, 160, 161, 162, 163, 164, 165, 166, 167, 168, 169, 170, 171, 172, 173, 174, 175, 176, 177, 179, 180, 181, 183, 184, 185, 186, 187, 188, 189, 191, 192, 194, 195, 196, 197, 198, 199, 200, 201, 202, 203, 204, 206, 207, 209, 210, 212, 214, 216, 217, 219, 220, 221, 222, 223, 224, 225, 227, 228, 229, 230, 232, 234, 235, 236, 237, 238, 241, 242, 243, 244, 245, 247, 248, 249, 250, 251, 252, 254, 255, 256, 257, 258, 259, 260, 262, 263, 264, 265, 266, 268, 270, 271, 272, 273, 274, 275, 276, 277, 279, 280, 281, 282, 283, 284, 285, 286, 287, 290, 291, 292, 293, 294, 295]
Linhas de Teste [4, 6, 13, 20, 33, 36, 39, 48, 51, 53, 57, 60, 63, 64, 72, 74, 78, 81, 87, 90, 95, 96, 99, 108, 114, 115, 120, 123, 124, 125, 129, 132, 140, 144, 153, 158, 178, 182, 190, 193, 205, 208, 211, 213, 215, 218, 226, 231, 233, 239, 240, 246, 253, 261, 267, 269, 278, 288, 289, 296]
R2 de Treino = 78.77
R2 de Teste = 72.87
Coeficientes (pesos): [ 21.48987617  -9.49496998 -14.71288185  -9.01544357  -9.31320027
  -0.36907166  -5.13156555  -3.06588938  -0.24926297   3.3344946
   1.27656533   0.22818032   0.94152612  -0.14172023   0.27056354
   3.56211357  -0.90474541  -2.56859405   9.21115003   1.01208957]
Interceptor (constante): 134.09520559349912

#################  Rodada 102 / 150  68.0 %
Parâmetros ('EV_MA', 'TST_MA', 'WAI_MA', 'saz_sin', 'saz_cos')
Linhas de Treino [0, 1, 2, 3, 4, 5, 6, 7, 8, 9, 10, 11, 13, 14, 15, 16, 17, 18, 20, 21, 24, 28, 29, 30, 31, 32, 33, 34, 36, 37, 38, 39, 41, 43, 44, 46, 48, 51, 52, 53, 54, 57, 59, 60, 63, 64, 65, 66, 67, 69, 70, 71, 72, 73, 74, 75, 76, 77, 78, 79, 81, 82, 83, 84, 85, 86, 87, 89, 90, 91, 92, 93, 94, 95, 96, 97, 99, 100, 101, 106, 107, 108, 109, 110, 112, 114, 115, 116, 117, 118, 120, 121, 122, 123, 124, 125, 126, 129, 130, 131, 132, 133, 134, 135, 136, 137, 138, 139, 140, 141, 143, 144, 145, 146, 148, 149, 151, 152, 153, 154, 155, 156, 157, 158, 159, 160, 163, 164, 165, 166, 167, 168, 169, 170, 171, 172, 175, 176, 177, 178, 179, 180, 181, 182, 184, 185, 186, 187, 188, 189, 190, 191, 192, 193, 194, 195, 196, 198, 199, 200, 201, 202, 203, 204, 205, 208, 209, 211, 212, 213, 214, 215, 216, 217, 218, 219, 220, 221, 222, 224, 226, 228, 229, 231, 232, 233, 234, 235, 236, 237, 239, 240, 241, 242, 243, 244, 246, 247, 248, 249, 250, 251, 252, 253, 254, 256, 257, 259, 261, 263, 264, 265, 266, 267, 268, 269, 270, 271, 273, 274, 275, 277, 278, 279, 280, 281, 283, 284, 285, 286, 287, 288, 289, 290, 291, 292, 296]
Linhas de Teste [12, 19, 22, 23, 25, 26, 27, 35, 40, 42, 45, 47, 49, 50, 55, 56, 58, 61, 62, 68, 80, 88, 98, 102, 103, 104, 105, 111, 113, 119, 127, 128, 142, 147, 150, 161, 162, 173, 174, 183, 197, 206, 207, 210, 223, 225, 227, 230, 238, 245, 255, 258, 260, 262, 272, 276, 282, 293, 294, 295]
R2 de Treino = 77.66
R2 de Teste = 78.0
Coeficientes (pesos): [ 2.11521354e+01 -1.00006067e+01 -1.46685903e+01 -8.27555020e+00
 -6.87258345e+00 -2.05395408e-02 -4.82292927e+00 -2.89829563e+00
 -9.97569029e-01  3.27446714e+00 -1.17248276e+00  8.73879849e-01
  7.61141334e-01  2.46043849e+00  1.52620839e+00  3.27678059e+00
 -1.43581851e+00 -3.32989508e-01  9.86578643e+00  1.47017631e+00]
Interceptor (constante): 130.97682241523515

#################  Rodada 103 / 150  68.67 %
Parâmetros ('EV_MA', 'TST_MA', 'WAI_MA', 'saz_sin', 'saz_cos')
Linhas de Treino [0, 1, 2, 3, 4, 6, 7, 10, 11, 12, 13, 14, 15, 16, 17, 18, 19, 20, 21, 22, 23, 24, 25, 26, 27, 28, 29, 30, 31, 32, 33, 35, 36, 38, 39, 40, 42, 43, 45, 46, 47, 48, 49, 50, 51, 53, 54, 55, 56, 57, 58, 60, 61, 62, 63, 64, 65, 67, 68, 69, 70, 72, 74, 75, 78, 80, 81, 84, 85, 86, 87, 88, 89, 90, 92, 93, 94, 95, 96, 97, 98, 99, 100, 102, 103, 104, 105, 107, 108, 111, 112, 113, 114, 115, 116, 117, 119, 120, 121, 122, 123, 124, 125, 126, 127, 128, 129, 131, 132, 133, 134, 136, 137, 140, 141, 142, 143, 144, 145, 147, 148, 150, 151, 153, 154, 155, 157, 158, 160, 161, 162, 164, 165, 166, 168, 169, 170, 171, 173, 174, 177, 178, 179, 180, 181, 182, 183, 184, 185, 186, 187, 188, 189, 190, 193, 195, 197, 198, 199, 200, 201, 202, 205, 206, 207, 208, 209, 210, 211, 212, 213, 215, 217, 218, 219, 221, 223, 224, 225, 226, 227, 228, 229, 230, 231, 232, 233, 235, 236, 237, 238, 239, 240, 243, 244, 245, 246, 248, 249, 250, 252, 253, 254, 255, 256, 257, 258, 259, 260, 261, 262, 263, 266, 267, 268, 269, 270, 271, 272, 275, 276, 277, 278, 279, 282, 284, 285, 286, 287, 288, 289, 290, 291, 292, 293, 294, 295, 296]
Linhas de Teste [5, 8, 9, 34, 37, 41, 44, 52, 59, 66, 71, 73, 76, 77, 79, 82, 83, 91, 101, 106, 109, 110, 118, 130, 135, 138, 139, 146, 149, 152, 156, 159, 163, 167, 172, 175, 176, 191, 192, 194, 196, 203, 204, 214, 216, 220, 222, 234, 241, 242, 247, 251, 264, 265, 273, 274, 280, 281, 283]
R2 de Treino = 79.92
R2 de Teste = 72.96
Coeficientes (pesos): [ 2.40265513e+01 -1.11281441e+01 -1.70518660e+01 -9.36012845e+00
 -9.92948151e+00 -8.53592148e-01 -5.05583246e+00 -2.57935488e+00
 -1.26678038e+00  3.01023154e+00  1.63281575e-01  1.38786423e+00
  1.31678499e+00  2.36021078e+00  1.71208271e+00  4.30935755e+00
 -6.58594138e-03 -1.93367718e+00  1.00139242e+01  1.95816351e+00]
Interceptor (constante): 131.8452794831807

#################  Rodada 104 / 150  69.33 %
Parâmetros ('EV_MA', 'TST_MA', 'WAI_MA', 'saz_sin', 'saz_cos')
Linhas de Treino [0, 3, 4, 5, 6, 7, 8, 9, 12, 13, 15, 16, 17, 18, 19, 20, 22, 23, 25, 26, 27, 29, 30, 31, 33, 34, 35, 36, 37, 38, 39, 40, 41, 42, 43, 44, 45, 46, 47, 48, 49, 50, 51, 52, 53, 55, 56, 57, 58, 59, 60, 61, 62, 63, 64, 65, 66, 68, 69, 70, 71, 72, 73, 74, 76, 77, 78, 79, 80, 81, 82, 83, 85, 86, 87, 88, 89, 90, 91, 95, 96, 98, 99, 101, 102, 103, 104, 105, 106, 107, 108, 109, 110, 111, 113, 114, 115, 118, 119, 120, 122, 123, 124, 125, 126, 127, 128, 129, 130, 131, 132, 133, 135, 137, 138, 139, 140, 142, 144, 145, 146, 147, 149, 150, 151, 152, 153, 155, 156, 157, 158, 159, 160, 161, 162, 163, 167, 168, 172, 173, 174, 175, 176, 177, 178, 180, 182, 183, 185, 186, 187, 188, 190, 191, 192, 193, 194, 196, 197, 198, 199, 202, 203, 204, 205, 206, 207, 208, 209, 210, 211, 213, 214, 215, 216, 217, 218, 220, 221, 222, 223, 225, 226, 227, 229, 230, 231, 233, 234, 235, 236, 238, 239, 240, 241, 242, 243, 245, 246, 247, 248, 250, 251, 252, 253, 254, 255, 256, 258, 259, 260, 261, 262, 264, 265, 266, 267, 269, 272, 273, 274, 276, 278, 279, 280, 281, 282, 283, 284, 285, 287, 288, 289, 291, 293, 294, 295, 296]
Linhas de Teste [1, 2, 10, 11, 14, 21, 24, 28, 32, 54, 67, 75, 84, 92, 93, 94, 97, 100, 112, 116, 117, 121, 134, 136, 141, 143, 148, 154, 164, 165, 166, 169, 170, 171, 179, 181, 184, 189, 195, 200, 201, 212, 219, 224, 228, 232, 237, 244, 249, 257, 263, 268, 270, 271, 275, 277, 286, 290, 292]
R2 de Treino = 78.52
R2 de Teste = 75.94
Coeficientes (pesos): [ 21.53209491 -11.69972338 -14.8420144   -8.02341149  -6.85277733
  -0.15683449  -6.04312077  -3.46654855  -0.80365214   4.14417949
   0.13504549   1.73239744   1.30766652   1.90064321   1.33254752
   3.80203563  -2.00894554  -0.73312935   8.88371275   0.21847402]
Interceptor (constante): 132.3600253934385

#################  Rodada 105 / 150  70.0 %
Parâmetros ('EV_MA', 'TST_MA', 'WAI_MA', 'saz_sin', 'saz_cos')
Linhas de Treino [1, 2, 4, 5, 6, 8, 9, 10, 11, 12, 13, 14, 19, 20, 21, 22, 23, 24, 25, 26, 27, 28, 32, 33, 34, 35, 36, 37, 39, 40, 41, 42, 44, 45, 47, 48, 49, 50, 51, 52, 53, 54, 55, 56, 57, 58, 59, 60, 61, 62, 63, 64, 66, 67, 68, 71, 72, 73, 74, 75, 76, 77, 78, 79, 80, 81, 82, 83, 84, 87, 88, 90, 91, 92, 93, 94, 95, 96, 97, 98, 99, 100, 101, 102, 103, 104, 105, 106, 108, 109, 110, 111, 112, 113, 114, 115, 116, 117, 118, 119, 120, 121, 123, 124, 125, 127, 128, 129, 130, 132, 134, 135, 136, 138, 139, 140, 141, 142, 143, 144, 146, 147, 148, 149, 150, 152, 153, 154, 156, 158, 159, 161, 162, 163, 164, 165, 166, 167, 169, 170, 171, 172, 173, 174, 175, 176, 178, 179, 181, 182, 183, 184, 189, 190, 191, 192, 193, 194, 195, 196, 197, 200, 201, 203, 204, 205, 206, 207, 208, 210, 211, 212, 213, 214, 215, 216, 218, 219, 220, 222, 223, 224, 225, 226, 227, 228, 230, 231, 232, 233, 234, 237, 238, 239, 240, 241, 242, 244, 245, 246, 247, 249, 251, 253, 255, 257, 258, 260, 261, 262, 263, 264, 265, 267, 268, 269, 270, 271, 272, 273, 274, 275, 276, 277, 278, 280, 281, 282, 283, 286, 288, 289, 290, 292, 293, 294, 295, 296]
Linhas de Teste [0, 3, 7, 15, 16, 17, 18, 29, 30, 31, 38, 43, 46, 65, 69, 70, 85, 86, 89, 107, 122, 126, 131, 133, 137, 145, 151, 155, 157, 160, 168, 177, 180, 185, 186, 187, 188, 198, 199, 202, 209, 217, 221, 229, 235, 236, 243, 248, 250, 252, 254, 256, 259, 266, 279, 284, 285, 287, 291]
R2 de Treino = 79.19
R2 de Teste = 78.34
Coeficientes (pesos): [ 22.40387858 -11.21089443 -17.99214486  -8.6148022   -9.10757562
  -0.20980958  -3.28499064  -1.70418609  -1.32176701   3.00199647
  -0.20911149   0.18542043   0.80420143   1.38771466   1.80936558
   3.72635364  -0.19473308  -1.60968722   9.21503787   2.15897151]
Interceptor (constante): 130.93960151582917

#################  Rodada 106 / 150  70.67 %
Parâmetros ('EV_MA', 'TST_MA', 'WAI_MA', 'saz_sin', 'saz_cos')
Linhas de Treino [0, 1, 2, 3, 4, 5, 6, 7, 8, 9, 10, 11, 12, 13, 14, 15, 16, 17, 18, 19, 20, 22, 23, 24, 25, 26, 27, 28, 29, 30, 33, 34, 35, 36, 37, 38, 39, 41, 44, 45, 47, 48, 49, 50, 51, 53, 54, 55, 57, 58, 59, 60, 61, 62, 63, 66, 67, 68, 69, 70, 71, 72, 73, 74, 76, 77, 78, 79, 80, 81, 82, 83, 84, 86, 87, 88, 89, 90, 91, 92, 94, 95, 96, 98, 99, 100, 101, 102, 103, 104, 105, 106, 107, 108, 109, 110, 111, 113, 116, 117, 118, 119, 120, 121, 122, 124, 125, 127, 128, 129, 131, 133, 134, 135, 136, 137, 138, 139, 140, 141, 142, 143, 144, 145, 146, 147, 149, 150, 151, 152, 153, 155, 156, 157, 159, 161, 163, 164, 165, 167, 169, 174, 175, 176, 179, 181, 182, 183, 185, 187, 189, 190, 192, 194, 195, 197, 198, 199, 200, 201, 202, 203, 204, 206, 207, 208, 210, 211, 212, 214, 216, 217, 218, 219, 220, 221, 222, 224, 225, 226, 228, 229, 230, 231, 232, 234, 235, 236, 237, 238, 240, 242, 243, 244, 245, 246, 247, 248, 249, 251, 252, 253, 254, 255, 256, 257, 258, 259, 260, 261, 262, 263, 266, 267, 268, 269, 270, 271, 272, 273, 275, 276, 277, 278, 279, 280, 281, 282, 283, 286, 287, 288, 290, 291, 294, 295, 296]
Linhas de Teste [21, 31, 32, 40, 42, 43, 46, 52, 56, 64, 65, 75, 85, 93, 97, 112, 114, 115, 123, 126, 130, 132, 148, 154, 158, 160, 162, 166, 168, 170, 171, 172, 173, 177, 178, 180, 184, 186, 188, 191, 193, 196, 205, 209, 213, 215, 223, 227, 233, 239, 241, 250, 264, 265, 274, 284, 285, 289, 292, 293]
R2 de Treino = 77.78
R2 de Teste = 79.95
Coeficientes (pesos): [ 21.82671784  -9.94271089 -15.14162621  -8.9339486   -7.75996787
  -1.09018506  -4.8969683   -1.70840777   0.9827767    4.66977656
   0.20910886   0.37373035   1.53536695   1.13110438   1.02597122
   2.76618939  -1.36875619  -1.43911176   7.57525977   1.6629803 ]
Interceptor (constante): 130.6185046438715

#################  Rodada 107 / 150  71.33 %
Parâmetros ('EV_MA', 'TST_MA', 'WAI_MA', 'saz_sin', 'saz_cos')
Linhas de Treino [0, 1, 3, 4, 6, 7, 8, 9, 10, 11, 12, 13, 14, 15, 17, 18, 19, 20, 21, 22, 24, 27, 29, 30, 31, 32, 33, 34, 36, 37, 38, 39, 40, 41, 42, 43, 44, 46, 47, 48, 49, 51, 52, 55, 56, 57, 58, 59, 61, 63, 64, 65, 66, 67, 68, 69, 72, 73, 74, 75, 76, 78, 79, 81, 82, 83, 84, 85, 87, 88, 89, 91, 92, 93, 94, 95, 97, 98, 99, 100, 101, 102, 103, 104, 105, 108, 109, 110, 111, 112, 114, 115, 116, 117, 118, 119, 120, 121, 123, 124, 125, 126, 127, 128, 129, 130, 131, 132, 133, 134, 136, 137, 140, 141, 142, 143, 145, 146, 147, 148, 150, 151, 152, 153, 154, 155, 156, 158, 160, 161, 162, 163, 165, 166, 167, 168, 169, 170, 171, 172, 173, 174, 176, 177, 178, 180, 181, 182, 183, 184, 185, 186, 187, 188, 189, 190, 191, 192, 193, 195, 196, 197, 198, 200, 201, 202, 205, 206, 207, 209, 210, 211, 212, 213, 215, 217, 219, 220, 222, 223, 224, 225, 227, 229, 230, 232, 233, 234, 235, 236, 237, 238, 239, 240, 241, 242, 243, 244, 245, 247, 248, 249, 250, 251, 253, 254, 256, 258, 259, 260, 262, 263, 264, 265, 266, 268, 270, 272, 273, 274, 275, 278, 279, 282, 284, 285, 286, 287, 288, 289, 290, 291, 292, 293, 294, 295, 296]
Linhas de Teste [2, 5, 16, 23, 25, 26, 28, 35, 45, 50, 53, 54, 60, 62, 70, 71, 77, 80, 86, 90, 96, 106, 107, 113, 122, 135, 138, 139, 144, 149, 157, 159, 164, 175, 179, 194, 199, 203, 204, 208, 214, 216, 218, 221, 226, 228, 231, 246, 252, 255, 257, 261, 267, 269, 271, 276, 277, 280, 281, 283]
R2 de Treino = 78.15
R2 de Teste = 75.21
Coeficientes (pesos): [ 22.82071444 -11.37274992 -16.46641832  -8.33751604  -8.97514575
  -0.69596042  -5.84280068  -1.94727879  -2.00696836   3.74492701
   0.66932224   1.4794394    1.54925329   2.26444314   0.71210608
   4.86714549  -0.97289358  -1.54110906  10.59711326   0.82953043]
Interceptor (constante): 133.94346073863773

#################  Rodada 108 / 150  72.0 %
Parâmetros ('EV_MA', 'TST_MA', 'WAI_MA', 'saz_sin', 'saz_cos')
Linhas de Treino [0, 1, 2, 3, 4, 5, 7, 8, 9, 12, 14, 15, 16, 17, 18, 19, 20, 21, 23, 24, 25, 26, 27, 28, 29, 30, 31, 32, 33, 34, 35, 37, 38, 40, 41, 42, 43, 44, 45, 46, 47, 49, 50, 51, 52, 53, 54, 56, 57, 60, 62, 64, 65, 66, 68, 69, 70, 71, 72, 73, 74, 75, 76, 77, 78, 79, 80, 85, 86, 87, 88, 89, 90, 91, 92, 93, 94, 95, 96, 97, 98, 100, 103, 104, 106, 107, 108, 109, 110, 111, 112, 113, 114, 115, 116, 120, 121, 122, 123, 124, 125, 126, 128, 130, 131, 132, 133, 134, 135, 136, 138, 139, 141, 142, 143, 144, 145, 146, 147, 148, 149, 150, 151, 152, 153, 154, 157, 158, 159, 160, 161, 162, 164, 166, 167, 168, 169, 170, 171, 172, 173, 175, 176, 177, 178, 179, 180, 181, 182, 184, 186, 187, 188, 189, 190, 191, 193, 194, 196, 199, 203, 204, 205, 206, 207, 208, 209, 210, 213, 214, 215, 216, 218, 220, 221, 222, 223, 224, 225, 226, 227, 228, 229, 231, 232, 233, 234, 235, 236, 239, 240, 241, 242, 243, 244, 245, 246, 247, 248, 249, 250, 252, 253, 254, 255, 257, 258, 261, 263, 264, 265, 266, 267, 268, 269, 271, 273, 274, 275, 276, 277, 279, 280, 281, 283, 284, 285, 286, 287, 288, 289, 290, 291, 292, 293, 294, 295, 296]
Linhas de Teste [6, 10, 11, 13, 22, 36, 39, 48, 55, 58, 59, 61, 63, 67, 81, 82, 83, 84, 99, 101, 102, 105, 117, 118, 119, 127, 129, 137, 140, 155, 156, 163, 165, 174, 183, 185, 192, 195, 197, 198, 200, 201, 202, 211, 212, 217, 219, 230, 237, 238, 251, 256, 259, 260, 262, 270, 272, 278, 282]
R2 de Treino = 80.72
R2 de Teste = 67.27
Coeficientes (pesos): [ 23.62947294 -10.88251784 -17.54286971  -9.69775467  -9.96739057
   1.07072287  -5.56826543  -6.24496041  -1.90302644   1.39434417
  -0.50873321   1.90740405   1.73450579   3.73885949   4.27683904
   4.48252595   2.90456094  -1.57418664   9.49193911   1.97845195]
Interceptor (constante): 131.4444227549723

#################  Rodada 109 / 150  72.67 %
Parâmetros ('EV_MA', 'TST_MA', 'WAI_MA', 'saz_sin', 'saz_cos')
Linhas de Treino [0, 2, 5, 6, 10, 11, 13, 15, 16, 18, 20, 21, 22, 23, 24, 25, 26, 27, 28, 31, 32, 34, 35, 36, 37, 39, 40, 41, 42, 43, 45, 46, 48, 49, 50, 52, 53, 54, 55, 56, 57, 58, 59, 60, 61, 62, 63, 64, 65, 67, 70, 71, 72, 74, 75, 76, 77, 80, 81, 82, 83, 84, 85, 86, 87, 88, 89, 90, 91, 93, 96, 97, 99, 100, 101, 102, 105, 106, 107, 108, 111, 112, 113, 114, 115, 116, 117, 118, 119, 122, 123, 125, 126, 127, 128, 129, 130, 132, 133, 134, 135, 136, 137, 138, 139, 140, 141, 143, 144, 145, 146, 147, 148, 149, 150, 151, 152, 154, 155, 156, 157, 158, 159, 160, 162, 163, 164, 165, 166, 167, 168, 169, 170, 171, 172, 173, 174, 175, 176, 177, 178, 179, 180, 181, 183, 184, 185, 186, 188, 189, 191, 192, 193, 194, 195, 196, 197, 198, 199, 200, 201, 202, 203, 204, 205, 208, 209, 210, 211, 212, 213, 214, 215, 216, 217, 218, 219, 220, 221, 223, 224, 225, 226, 227, 228, 230, 231, 233, 234, 236, 237, 238, 239, 240, 241, 242, 244, 245, 246, 248, 249, 250, 251, 252, 254, 255, 256, 257, 258, 259, 260, 261, 262, 264, 265, 266, 267, 269, 270, 271, 272, 274, 275, 276, 277, 278, 280, 281, 282, 283, 284, 285, 286, 289, 291, 292, 293, 295]
Linhas de Teste [1, 3, 4, 7, 8, 9, 12, 14, 17, 19, 29, 30, 33, 38, 44, 47, 51, 66, 68, 69, 73, 78, 79, 92, 94, 95, 98, 103, 104, 109, 110, 120, 121, 124, 131, 142, 153, 161, 182, 187, 190, 206, 207, 222, 229, 232, 235, 243, 247, 253, 263, 268, 273, 279, 287, 288, 290, 294, 296]
R2 de Treino = 79.99
R2 de Teste = 68.06
Coeficientes (pesos): [ 21.45440771 -10.73688143 -15.75919846  -7.95035124  -7.85883663
  -0.30710609  -4.1575631   -2.28781658  -0.73243476   3.37759559
   0.08776087   0.46978112   0.74377981  -0.10988336   0.5270882
   3.81353737  -2.56448462  -1.70875058   9.93320426   1.63668634]
Interceptor (constante): 132.16083268055849

#################  Rodada 110 / 150  73.33 %
Parâmetros ('EV_MA', 'TST_MA', 'WAI_MA', 'saz_sin', 'saz_cos')
Linhas de Treino [1, 2, 3, 4, 5, 6, 7, 8, 9, 10, 11, 12, 13, 14, 16, 17, 19, 21, 22, 23, 25, 26, 28, 29, 30, 31, 32, 33, 35, 36, 38, 39, 40, 42, 43, 44, 45, 46, 47, 48, 50, 51, 52, 53, 54, 55, 56, 58, 59, 60, 61, 62, 63, 64, 65, 66, 67, 68, 69, 70, 71, 73, 75, 77, 78, 79, 80, 81, 82, 83, 84, 85, 86, 90, 92, 93, 94, 95, 96, 97, 98, 99, 101, 102, 103, 104, 105, 106, 107, 109, 110, 112, 113, 114, 115, 117, 118, 119, 120, 121, 122, 123, 124, 126, 127, 129, 130, 131, 132, 135, 137, 138, 139, 140, 142, 144, 148, 149, 153, 154, 155, 156, 157, 158, 159, 160, 161, 162, 163, 164, 165, 166, 168, 170, 171, 172, 173, 174, 175, 177, 178, 179, 180, 182, 183, 184, 185, 186, 187, 188, 190, 191, 192, 193, 194, 195, 196, 197, 198, 199, 200, 201, 202, 203, 204, 205, 206, 207, 208, 209, 211, 212, 213, 214, 215, 216, 217, 218, 219, 221, 222, 223, 226, 227, 228, 229, 230, 231, 232, 233, 235, 237, 238, 239, 241, 243, 246, 247, 250, 251, 252, 253, 255, 256, 257, 259, 260, 261, 262, 263, 264, 265, 267, 268, 269, 270, 271, 272, 273, 274, 276, 277, 278, 279, 280, 281, 282, 283, 284, 285, 287, 288, 289, 290, 292, 293, 294, 296]
Linhas de Teste [0, 15, 18, 20, 24, 27, 34, 37, 41, 49, 57, 72, 74, 76, 87, 88, 89, 91, 100, 108, 111, 116, 125, 128, 133, 134, 136, 141, 143, 145, 146, 147, 150, 151, 152, 167, 169, 176, 181, 189, 210, 220, 224, 225, 234, 236, 240, 242, 244, 245, 248, 249, 254, 258, 266, 275, 286, 291, 295]
R2 de Treino = 77.6
R2 de Teste = 80.08
Coeficientes (pesos): [ 21.29828979 -10.89758514 -15.04296725  -8.36987487  -8.02488812
  -0.23300694  -4.09413222  -2.49804695  -1.43201339   2.97146775
  -0.09320566   0.60790832   0.37946915   1.00749601   0.98293106
   3.85683464  -1.49204301  -1.30015563   9.82287276   1.12921385]
Interceptor (constante): 131.93786552356684

#################  Rodada 111 / 150  74.0 %
Parâmetros ('EV_MA', 'TST_MA', 'WAI_MA', 'saz_sin', 'saz_cos')
Linhas de Treino [0, 1, 2, 5, 6, 8, 9, 11, 12, 13, 15, 16, 17, 18, 19, 20, 21, 22, 23, 25, 26, 27, 28, 29, 30, 31, 33, 34, 35, 37, 38, 39, 40, 41, 42, 43, 44, 45, 48, 49, 51, 53, 54, 55, 56, 57, 58, 59, 60, 61, 62, 63, 64, 66, 67, 68, 69, 70, 71, 73, 74, 75, 76, 77, 78, 79, 80, 81, 82, 83, 84, 85, 86, 88, 89, 90, 92, 93, 95, 96, 97, 98, 99, 100, 102, 103, 104, 105, 106, 107, 109, 110, 111, 112, 113, 114, 116, 117, 118, 119, 120, 121, 122, 124, 125, 127, 128, 129, 130, 131, 132, 134, 135, 136, 140, 141, 142, 143, 144, 145, 146, 147, 148, 149, 150, 152, 153, 154, 156, 157, 160, 161, 164, 165, 166, 167, 168, 169, 170, 173, 174, 175, 176, 178, 181, 182, 183, 184, 187, 188, 190, 192, 193, 195, 196, 197, 199, 200, 201, 203, 204, 205, 206, 207, 208, 210, 212, 213, 214, 215, 216, 217, 218, 219, 220, 221, 222, 223, 224, 226, 227, 228, 229, 231, 233, 234, 235, 237, 238, 239, 240, 241, 243, 244, 245, 246, 248, 249, 250, 251, 254, 256, 257, 258, 259, 261, 262, 263, 264, 265, 266, 267, 268, 269, 270, 271, 272, 273, 275, 276, 277, 278, 279, 280, 281, 282, 284, 285, 286, 287, 288, 289, 291, 293, 294, 295, 296]
Linhas de Teste [3, 4, 7, 10, 14, 24, 32, 36, 46, 47, 50, 52, 65, 72, 87, 91, 94, 101, 108, 115, 123, 126, 133, 137, 138, 139, 151, 155, 158, 159, 162, 163, 171, 172, 177, 179, 180, 185, 186, 189, 191, 194, 198, 202, 209, 211, 225, 230, 232, 236, 242, 247, 252, 253, 255, 260, 274, 283, 290, 292]
R2 de Treino = 75.69
R2 de Teste = 85.65
Coeficientes (pesos): [ 2.06718503e+01 -9.79652935e+00 -1.51379327e+01 -8.43312847e+00
 -7.94432977e+00 -3.33706739e-01 -4.63377185e+00 -2.23061675e+00
 -2.60269802e-01  3.91096996e+00  4.82637799e-01  8.51104486e-01
  1.45078166e+00 -4.29426928e-03  1.09409489e+00  3.54922188e+00
 -1.81054250e+00 -1.48838793e+00  8.81938274e+00  1.79116607e+00]
Interceptor (constante): 132.28239643721457

#################  Rodada 112 / 150  74.67 %
Parâmetros ('EV_MA', 'TST_MA', 'WAI_MA', 'saz_sin', 'saz_cos')
Linhas de Treino [0, 1, 3, 4, 6, 7, 8, 9, 10, 11, 12, 14, 15, 16, 17, 18, 19, 20, 21, 22, 23, 24, 25, 27, 28, 29, 30, 31, 32, 33, 34, 36, 37, 38, 39, 41, 45, 46, 47, 48, 49, 50, 51, 52, 53, 55, 56, 57, 58, 59, 60, 61, 62, 64, 65, 66, 67, 68, 69, 70, 71, 72, 73, 75, 77, 78, 79, 80, 81, 82, 84, 86, 87, 88, 91, 92, 93, 94, 95, 96, 97, 98, 99, 100, 101, 104, 105, 106, 107, 108, 109, 111, 112, 113, 115, 118, 120, 121, 122, 123, 124, 125, 126, 127, 128, 129, 131, 133, 134, 135, 137, 138, 139, 141, 145, 146, 147, 148, 150, 151, 153, 154, 155, 156, 157, 158, 159, 160, 161, 162, 163, 164, 165, 168, 169, 170, 171, 172, 174, 176, 177, 178, 179, 180, 181, 182, 183, 184, 185, 186, 187, 188, 189, 190, 191, 192, 193, 194, 195, 196, 197, 198, 199, 200, 201, 202, 204, 205, 206, 207, 208, 209, 211, 213, 214, 215, 219, 220, 221, 222, 223, 224, 225, 227, 228, 230, 231, 232, 233, 235, 236, 237, 238, 239, 240, 241, 242, 244, 245, 246, 247, 248, 250, 251, 252, 253, 255, 256, 258, 259, 260, 261, 264, 265, 267, 270, 271, 272, 273, 274, 276, 277, 278, 280, 281, 282, 283, 285, 286, 287, 288, 289, 290, 291, 292, 294, 296]
Linhas de Teste [2, 5, 13, 26, 35, 40, 42, 43, 44, 54, 63, 74, 76, 83, 85, 89, 90, 102, 103, 110, 114, 116, 117, 119, 130, 132, 136, 140, 142, 143, 144, 149, 152, 166, 167, 173, 175, 203, 210, 212, 216, 217, 218, 226, 229, 234, 243, 249, 254, 257, 262, 263, 266, 268, 269, 275, 279, 284, 293, 295]
R2 de Treino = 77.56
R2 de Teste = 79.19
Coeficientes (pesos): [ 21.71091236  -9.57142493 -14.57616652  -8.39487881  -7.62440091
  -0.72801674  -4.45565931  -2.10103605  -1.32456502   3.97449671
   0.11756321   1.13172243   1.75497153   1.95866861   1.43334189
   4.19617442  -1.57103787  -0.56714602   9.09634912   0.77998147]
Interceptor (constante): 130.82947175833326

#################  Rodada 114 / 150  76.0 %
Parâmetros ('EV_MA', 'TST_MA', 'WAI_MA', 'saz_sin', 'saz_cos')
Linhas de Treino [0, 1, 2, 3, 4, 5, 7, 9, 10, 11, 13, 14, 15, 16, 17, 18, 20, 21, 22, 24, 25, 26, 27, 30, 31, 32, 33, 34, 35, 36, 37, 40, 42, 43, 44, 45, 46, 47, 49, 50, 52, 53, 54, 55, 56, 58, 60, 61, 63, 65, 68, 69, 72, 73, 74, 76, 79, 80, 81, 83, 84, 85, 86, 87, 88, 89, 90, 91, 92, 93, 94, 95, 96, 99, 100, 101, 102, 103, 104, 105, 107, 108, 109, 110, 111, 112, 113, 114, 115, 116, 117, 118, 119, 120, 121, 122, 123, 124, 125, 126, 127, 128, 129, 130, 131, 132, 133, 134, 135, 136, 137, 138, 139, 140, 141, 142, 143, 144, 146, 147, 149, 151, 152, 153, 155, 156, 157, 158, 159, 160, 161, 162, 163, 164, 166, 167, 168, 170, 171, 172, 173, 175, 176, 177, 179, 180, 182, 184, 185, 186, 187, 189, 190, 191, 194, 196, 197, 198, 200, 201, 202, 203, 205, 206, 207, 208, 209, 210, 211, 212, 213, 214, 215, 216, 217, 218, 219, 220, 222, 224, 225, 226, 227, 229, 230, 232, 234, 236, 238, 239, 242, 243, 244, 245, 247, 248, 249, 250, 251, 252, 253, 254, 255, 257, 258, 259, 260, 261, 262, 263, 264, 265, 266, 267, 268, 269, 270, 271, 272, 274, 275, 276, 277, 278, 279, 280, 281, 282, 283, 284, 287, 289, 290, 291, 292, 293, 294, 295]
Linhas de Teste [6, 8, 12, 19, 23, 28, 29, 38, 39, 41, 48, 51, 57, 59, 62, 64, 66, 67, 70, 71, 75, 77, 78, 82, 97, 98, 106, 145, 148, 150, 154, 165, 169, 174, 178, 181, 183, 188, 192, 193, 195, 199, 204, 221, 223, 228, 231, 233, 235, 237, 240, 241, 246, 256, 273, 285, 286, 288, 296]
R2 de Treino = 78.96
R2 de Teste = 72.32
Coeficientes (pesos): [ 2.05096910e+01 -1.15820881e+01 -1.39608690e+01 -8.46359984e+00
 -5.88426788e+00 -1.64851644e-02 -4.91582911e+00 -2.61104512e+00
 -6.77171476e-01  3.38294463e+00  5.53102055e-01 -8.20551628e-02
  4.91953335e-01 -2.45289160e-01  2.48240472e-02  3.10984801e+00
 -2.06632959e+00 -8.43425209e-01  8.97066097e+00  6.73804109e-01]
Interceptor (constante): 132.9485648630945

#################  Rodada 115 / 150  76.67 %
Parâmetros ('EV_MA', 'TST_MA', 'WAI_MA', 'saz_sin', 'saz_cos')
Linhas de Treino [1, 2, 3, 4, 5, 6, 7, 8, 9, 10, 11, 12, 13, 14, 16, 18, 19, 20, 22, 23, 24, 25, 26, 28, 29, 30, 32, 34, 35, 36, 37, 38, 39, 40, 41, 42, 43, 44, 45, 46, 47, 48, 49, 50, 51, 52, 53, 54, 56, 57, 59, 60, 62, 63, 64, 65, 66, 67, 70, 71, 72, 73, 74, 75, 76, 77, 78, 79, 82, 83, 85, 87, 89, 90, 91, 94, 95, 97, 98, 100, 101, 102, 103, 106, 107, 108, 109, 110, 111, 114, 115, 116, 117, 118, 119, 120, 122, 123, 125, 126, 128, 130, 132, 133, 134, 135, 136, 137, 138, 139, 140, 141, 142, 143, 144, 145, 146, 148, 149, 150, 151, 152, 153, 154, 155, 157, 158, 159, 162, 163, 165, 166, 167, 168, 169, 171, 172, 173, 174, 175, 176, 177, 178, 179, 180, 181, 183, 185, 186, 188, 189, 190, 191, 192, 193, 194, 195, 197, 198, 199, 201, 202, 203, 204, 205, 206, 209, 210, 211, 212, 214, 216, 217, 218, 219, 220, 221, 222, 223, 224, 225, 226, 228, 229, 230, 231, 232, 233, 234, 235, 236, 237, 238, 239, 240, 241, 242, 243, 245, 246, 247, 248, 249, 252, 253, 254, 255, 256, 257, 258, 260, 262, 263, 266, 267, 268, 269, 270, 273, 274, 275, 277, 278, 279, 280, 281, 283, 284, 285, 286, 287, 288, 289, 290, 292, 293, 295, 296]
Linhas de Teste [0, 15, 17, 21, 27, 31, 33, 55, 58, 61, 68, 69, 80, 81, 84, 86, 88, 92, 93, 96, 99, 104, 105, 112, 113, 121, 124, 127, 129, 131, 147, 156, 160, 161, 164, 170, 182, 184, 187, 196, 200, 207, 208, 213, 215, 227, 244, 250, 251, 259, 261, 264, 265, 271, 272, 276, 282, 291, 294]
R2 de Treino = 79.24
R2 de Teste = 74.28
Coeficientes (pesos): [ 23.95230031 -11.41914501 -18.40577651  -8.50334632 -10.45870294
  -0.41146155  -4.92043614  -2.74011795  -1.63952381   2.61885517
  -1.26170217   1.51625242   0.7663698    5.08373345   2.88460627
   3.53369465   1.73824663  -1.64894261  10.2153299    1.92291958]
Interceptor (constante): 131.14668335909977

#################  Rodada 116 / 150  77.33 %
Parâmetros ('EV_MA', 'TST_MA', 'WAI_MA', 'saz_sin', 'saz_cos')
Linhas de Treino [0, 1, 3, 5, 6, 7, 8, 9, 10, 11, 12, 13, 14, 15, 16, 17, 18, 19, 20, 21, 22, 24, 25, 29, 33, 34, 35, 36, 37, 38, 39, 40, 41, 42, 43, 44, 45, 46, 47, 48, 49, 50, 51, 52, 53, 54, 56, 60, 61, 62, 64, 65, 66, 67, 68, 70, 71, 72, 73, 75, 77, 78, 79, 80, 81, 82, 83, 84, 85, 86, 89, 90, 91, 92, 93, 94, 96, 97, 98, 99, 100, 102, 103, 104, 105, 106, 107, 109, 110, 115, 116, 117, 118, 119, 120, 121, 122, 123, 124, 125, 126, 127, 128, 129, 130, 131, 133, 134, 135, 136, 137, 138, 139, 140, 141, 142, 143, 144, 145, 147, 148, 151, 153, 154, 155, 156, 157, 159, 160, 161, 162, 164, 166, 167, 168, 172, 173, 175, 176, 178, 179, 180, 181, 182, 183, 184, 185, 187, 188, 189, 190, 191, 192, 193, 194, 195, 196, 197, 198, 199, 202, 204, 205, 206, 207, 208, 209, 210, 211, 212, 213, 214, 215, 216, 218, 220, 221, 222, 223, 224, 225, 227, 230, 231, 233, 235, 236, 237, 238, 239, 240, 241, 242, 243, 244, 245, 246, 247, 248, 250, 252, 253, 254, 255, 256, 257, 258, 259, 260, 262, 264, 265, 266, 267, 268, 269, 271, 272, 273, 274, 275, 279, 280, 281, 282, 283, 284, 285, 287, 288, 289, 290, 291, 292, 293, 294, 296]
Linhas de Teste [2, 4, 23, 26, 27, 28, 30, 31, 32, 55, 57, 58, 59, 63, 69, 74, 76, 87, 88, 95, 101, 108, 111, 112, 113, 114, 132, 146, 149, 150, 152, 158, 163, 165, 169, 170, 171, 174, 177, 186, 200, 201, 203, 217, 219, 226, 228, 229, 232, 234, 249, 251, 261, 263, 270, 276, 277, 278, 286, 295]
R2 de Treino = 79.78
R2 de Teste = 67.17
Coeficientes (pesos): [ 21.67661267 -10.90447899 -14.78042225  -8.41541839  -6.93908419
  -0.19437031  -4.62129438  -3.04649761  -0.39613726   3.24147246
  -0.45189361   0.25576877   1.24796744   1.50930119   1.09668672
   3.44870126  -1.46059224  -1.02322839   8.94538665   0.7864155 ]
Interceptor (constante): 132.51640371303148

#################  Rodada 117 / 150  78.0 %
Parâmetros ('EV_MA', 'TST_MA', 'WAI_MA', 'saz_sin', 'saz_cos')
Linhas de Treino [1, 2, 4, 5, 6, 8, 9, 10, 11, 12, 13, 14, 15, 16, 17, 18, 19, 21, 22, 23, 24, 25, 26, 27, 28, 29, 30, 31, 32, 34, 36, 37, 39, 41, 42, 43, 44, 45, 46, 47, 48, 50, 51, 52, 53, 54, 55, 57, 58, 59, 61, 62, 63, 65, 67, 68, 69, 70, 71, 72, 73, 74, 75, 76, 77, 78, 79, 80, 81, 82, 83, 86, 87, 88, 89, 91, 92, 93, 95, 97, 98, 99, 100, 101, 105, 106, 107, 108, 111, 112, 113, 114, 116, 117, 118, 120, 121, 122, 123, 124, 125, 126, 127, 128, 129, 130, 131, 132, 133, 134, 135, 139, 141, 142, 143, 145, 146, 147, 148, 149, 150, 151, 152, 153, 154, 155, 156, 157, 158, 160, 161, 162, 163, 165, 167, 169, 170, 171, 172, 173, 174, 175, 176, 177, 179, 180, 182, 183, 184, 185, 186, 187, 188, 189, 191, 194, 195, 198, 199, 200, 201, 202, 203, 204, 205, 207, 208, 211, 212, 213, 214, 215, 216, 217, 218, 219, 220, 221, 222, 223, 225, 226, 228, 229, 230, 232, 233, 234, 235, 236, 241, 242, 243, 244, 246, 247, 248, 249, 250, 251, 252, 254, 255, 256, 258, 260, 261, 262, 263, 264, 265, 266, 267, 268, 269, 270, 271, 273, 274, 275, 276, 277, 278, 279, 280, 282, 284, 285, 286, 288, 290, 291, 292, 293, 294, 295, 296]
Linhas de Teste [0, 3, 7, 20, 33, 35, 38, 40, 49, 56, 60, 64, 66, 84, 85, 90, 94, 96, 102, 103, 104, 109, 110, 115, 119, 136, 137, 138, 140, 144, 159, 164, 166, 168, 178, 181, 190, 192, 193, 196, 197, 206, 209, 210, 224, 227, 231, 237, 238, 239, 240, 245, 253, 257, 259, 272, 281, 283, 287, 289]
R2 de Treino = 78.35
R2 de Teste = 76.69
Coeficientes (pesos): [ 25.02147368 -11.43166321 -19.38705801  -9.66562242 -10.85104007
  -0.17481327  -6.91976875  -4.95434992  -0.95953352   3.32768028
   1.12323879   2.16556576   2.60605366   1.92279517   2.42380302
   5.19559176   0.52923241  -3.03466305   9.09077012   2.66784067]
Interceptor (constante): 131.90795150818204

#################  Rodada 118 / 150  78.67 %
Parâmetros ('EV_MA', 'TST_MA', 'WAI_MA', 'saz_sin', 'saz_cos')
Linhas de Treino [0, 1, 2, 3, 4, 6, 7, 9, 12, 13, 16, 18, 20, 22, 23, 24, 25, 26, 27, 28, 29, 30, 31, 32, 33, 35, 38, 40, 41, 42, 43, 44, 45, 46, 47, 48, 49, 51, 53, 54, 55, 56, 57, 58, 59, 60, 61, 62, 63, 64, 65, 66, 67, 69, 70, 72, 73, 74, 75, 76, 77, 78, 79, 80, 81, 83, 84, 85, 86, 87, 88, 89, 90, 91, 93, 94, 95, 96, 97, 98, 99, 100, 101, 102, 103, 104, 106, 107, 108, 109, 110, 111, 112, 113, 114, 115, 116, 117, 119, 120, 123, 125, 128, 129, 130, 131, 132, 133, 136, 137, 138, 139, 140, 141, 143, 144, 146, 147, 148, 149, 150, 151, 152, 153, 154, 155, 156, 158, 159, 160, 163, 164, 165, 166, 167, 168, 169, 170, 171, 173, 174, 176, 177, 178, 179, 180, 181, 182, 183, 185, 186, 188, 189, 190, 192, 193, 194, 196, 197, 198, 199, 200, 201, 202, 203, 204, 206, 207, 209, 210, 211, 213, 214, 216, 217, 218, 219, 220, 222, 224, 226, 227, 228, 229, 230, 231, 232, 234, 235, 237, 238, 239, 240, 241, 244, 245, 246, 248, 249, 250, 251, 252, 253, 254, 257, 259, 260, 261, 262, 263, 264, 265, 266, 267, 269, 270, 271, 272, 273, 274, 275, 276, 277, 278, 279, 281, 283, 284, 286, 287, 288, 289, 290, 292, 293, 294, 295, 296]
Linhas de Teste [5, 8, 10, 11, 14, 15, 17, 19, 21, 34, 36, 37, 39, 50, 52, 68, 71, 82, 92, 105, 118, 121, 122, 124, 126, 127, 134, 135, 142, 145, 157, 161, 162, 172, 175, 184, 187, 191, 195, 205, 208, 212, 215, 221, 223, 225, 233, 236, 242, 243, 247, 255, 256, 258, 268, 280, 282, 285, 291]
R2 de Treino = 78.87
R2 de Teste = 77.27
Coeficientes (pesos): [ 23.19043096 -11.34054487 -17.49039169  -8.15628499  -9.13039276
  -0.72139857  -5.06281487  -2.57638731  -1.26340786   3.60953342
  -0.11390318   1.64733416   1.08625155   3.14038377   1.70005234
   4.38924381  -0.52723767  -1.39397608  10.06617114   1.96763607]
Interceptor (constante): 130.55498147124564

#################  Rodada 119 / 150  79.33 %
Parâmetros ('EV_MA', 'TST_MA', 'WAI_MA', 'saz_sin', 'saz_cos')
Linhas de Treino [0, 2, 3, 4, 5, 6, 7, 8, 10, 11, 13, 14, 15, 16, 17, 18, 19, 20, 21, 23, 25, 26, 27, 28, 30, 31, 32, 33, 34, 35, 36, 37, 38, 39, 40, 41, 44, 45, 46, 48, 49, 50, 51, 52, 53, 54, 55, 56, 57, 58, 59, 60, 63, 64, 66, 68, 69, 71, 72, 73, 74, 75, 76, 78, 81, 82, 84, 85, 87, 88, 90, 91, 92, 93, 94, 95, 96, 98, 99, 100, 101, 102, 103, 104, 105, 106, 107, 108, 109, 110, 111, 112, 113, 114, 115, 116, 117, 118, 119, 121, 122, 124, 126, 127, 130, 131, 132, 134, 135, 136, 137, 138, 140, 142, 143, 144, 145, 146, 148, 149, 150, 151, 152, 153, 154, 156, 157, 158, 159, 161, 162, 163, 164, 165, 166, 167, 168, 169, 170, 171, 172, 173, 174, 175, 176, 177, 178, 180, 181, 182, 183, 184, 186, 187, 188, 190, 191, 192, 193, 195, 196, 197, 199, 200, 201, 202, 203, 204, 205, 206, 208, 209, 210, 211, 212, 215, 216, 217, 219, 221, 222, 223, 224, 225, 226, 227, 228, 229, 231, 232, 233, 234, 236, 237, 238, 239, 240, 242, 243, 244, 245, 246, 247, 248, 249, 251, 253, 255, 256, 257, 258, 259, 260, 261, 263, 264, 265, 268, 270, 272, 273, 275, 276, 277, 278, 280, 281, 282, 283, 285, 286, 287, 288, 289, 290, 291, 295, 296]
Linhas de Teste [1, 9, 12, 22, 24, 29, 42, 43, 47, 61, 62, 65, 67, 70, 77, 79, 80, 83, 86, 89, 97, 120, 123, 125, 128, 129, 133, 139, 141, 147, 155, 160, 179, 185, 189, 194, 198, 207, 213, 214, 218, 220, 230, 235, 241, 250, 252, 254, 262, 266, 267, 269, 271, 274, 279, 284, 292, 293, 294]
R2 de Treino = 78.33
R2 de Teste = 74.83
Coeficientes (pesos): [ 20.80489154  -8.86701137 -14.30376046  -8.54316038  -8.28561152
   0.15312957  -5.27644748  -2.27807227  -1.19539513   4.13868278
  -0.15790555   1.79173201   1.68790278   1.97550545   1.86583293
   3.60670164  -1.24662665  -0.90031349   8.86654583   0.69480727]
Interceptor (constante): 131.43471155805236

#################  Rodada 120 / 150  80.0 %
Parâmetros ('EV_MA', 'TST_MA', 'WAI_MA', 'saz_sin', 'saz_cos')
Linhas de Treino [0, 1, 2, 3, 4, 5, 7, 8, 9, 10, 11, 12, 14, 15, 17, 19, 20, 21, 22, 23, 24, 26, 27, 28, 29, 30, 31, 32, 33, 34, 35, 36, 37, 38, 39, 40, 42, 43, 47, 49, 50, 52, 55, 56, 57, 58, 59, 60, 61, 62, 63, 64, 65, 66, 67, 68, 69, 70, 71, 74, 76, 77, 79, 80, 82, 83, 84, 85, 86, 87, 88, 89, 90, 92, 94, 95, 96, 97, 101, 102, 103, 104, 105, 108, 109, 110, 111, 112, 113, 114, 115, 118, 119, 120, 121, 122, 123, 124, 125, 126, 127, 128, 129, 132, 133, 134, 135, 136, 137, 138, 139, 140, 141, 142, 144, 145, 146, 147, 149, 150, 152, 155, 157, 158, 159, 160, 161, 162, 163, 164, 165, 166, 168, 169, 170, 171, 172, 174, 175, 177, 178, 179, 181, 184, 185, 186, 187, 189, 190, 191, 192, 193, 194, 195, 196, 197, 198, 200, 201, 203, 205, 206, 207, 208, 209, 210, 212, 213, 214, 215, 217, 218, 219, 220, 221, 223, 224, 225, 226, 227, 228, 229, 230, 231, 232, 233, 234, 235, 236, 237, 238, 239, 240, 241, 242, 243, 245, 247, 249, 250, 251, 252, 253, 254, 255, 256, 257, 258, 259, 261, 262, 263, 266, 267, 268, 269, 270, 271, 272, 274, 276, 277, 278, 279, 280, 281, 282, 283, 284, 285, 286, 287, 289, 291, 292, 293, 294, 295]
Linhas de Teste [6, 13, 16, 18, 25, 41, 44, 45, 46, 48, 51, 53, 54, 72, 73, 75, 78, 81, 91, 93, 98, 99, 100, 106, 107, 116, 117, 130, 131, 143, 148, 151, 153, 154, 156, 167, 173, 176, 180, 182, 183, 188, 199, 202, 204, 211, 216, 222, 244, 246, 248, 260, 264, 265, 273, 275, 288, 290, 296]
R2 de Treino = 79.01
R2 de Teste = 75.77
Coeficientes (pesos): [ 20.30383625 -11.19728071 -13.67805185  -8.9001288   -7.17788381
  -0.30290947  -3.25260168  -1.73962767  -1.07520635   1.99662799
   0.07605203  -0.33227559  -0.85369416  -0.41110303   0.32683992
   2.32575313  -1.39156738  -1.02238944  10.22416323   1.05939902]
Interceptor (constante): 133.62406171845421

#################  Rodada 121 / 150  80.67 %
Parâmetros ('EV_MA', 'TST_MA', 'WAI_MA', 'saz_sin', 'saz_cos')
Linhas de Treino [0, 3, 4, 6, 8, 9, 10, 11, 12, 14, 15, 16, 17, 18, 20, 22, 24, 25, 26, 27, 29, 30, 31, 32, 33, 35, 36, 37, 38, 39, 40, 41, 42, 43, 44, 47, 48, 50, 51, 52, 54, 55, 56, 57, 58, 60, 61, 62, 63, 64, 65, 66, 67, 68, 70, 73, 74, 75, 76, 77, 78, 79, 81, 82, 83, 84, 85, 86, 87, 88, 89, 90, 92, 93, 94, 95, 96, 97, 98, 100, 102, 103, 104, 105, 107, 108, 109, 110, 111, 115, 118, 119, 120, 121, 122, 123, 124, 125, 126, 129, 131, 133, 135, 137, 139, 140, 141, 142, 143, 144, 145, 147, 149, 150, 151, 152, 153, 155, 158, 159, 160, 162, 163, 164, 165, 166, 167, 168, 169, 170, 171, 172, 173, 174, 176, 177, 178, 179, 180, 181, 182, 183, 184, 185, 187, 188, 189, 190, 192, 193, 194, 196, 197, 198, 199, 201, 202, 203, 204, 205, 206, 207, 208, 209, 210, 211, 212, 213, 214, 215, 216, 218, 219, 220, 221, 222, 223, 225, 226, 227, 228, 229, 230, 231, 233, 235, 237, 239, 240, 241, 243, 244, 245, 247, 248, 249, 250, 251, 252, 253, 254, 255, 256, 257, 258, 259, 260, 261, 262, 263, 264, 265, 266, 267, 269, 270, 271, 272, 273, 274, 275, 276, 278, 279, 280, 281, 282, 283, 284, 285, 286, 289, 291, 292, 293, 294, 295]
Linhas de Teste [1, 2, 5, 7, 13, 19, 21, 23, 28, 34, 45, 46, 49, 53, 59, 69, 71, 72, 80, 91, 99, 101, 106, 112, 113, 114, 116, 117, 127, 128, 130, 132, 134, 136, 138, 146, 148, 154, 156, 157, 161, 175, 186, 191, 195, 200, 217, 224, 232, 234, 236, 238, 242, 246, 268, 277, 287, 288, 290, 296]
R2 de Treino = 80.02
R2 de Teste = 66.33
Coeficientes (pesos): [ 20.30693481 -12.8839964  -14.56597449  -8.25280768  -6.02930349
  -0.8002988   -4.23081352  -1.32379523  -0.66114996   2.77594064
   0.54826052  -0.1830146   -0.13644634  -1.16737937  -0.41915645
   2.75522939  -2.550258    -1.28364441   9.61101626   1.54654559]
Interceptor (constante): 132.88160063294853

#################  Rodada 122 / 150  81.33 %
Parâmetros ('EV_MA', 'TST_MA', 'WAI_MA', 'saz_sin', 'saz_cos')
Linhas de Treino [0, 1, 2, 3, 4, 5, 6, 7, 8, 9, 10, 11, 12, 13, 15, 16, 17, 19, 21, 23, 24, 25, 27, 28, 31, 32, 33, 34, 35, 37, 39, 41, 42, 43, 45, 46, 47, 48, 49, 50, 52, 53, 54, 55, 56, 57, 58, 59, 60, 62, 64, 67, 68, 69, 70, 71, 72, 73, 74, 75, 76, 77, 79, 80, 81, 82, 84, 87, 88, 89, 90, 91, 92, 94, 95, 96, 97, 98, 99, 100, 101, 102, 103, 104, 105, 106, 107, 108, 109, 110, 111, 112, 113, 114, 115, 116, 117, 120, 122, 123, 125, 126, 127, 128, 129, 130, 131, 132, 133, 134, 136, 138, 139, 140, 141, 142, 143, 145, 146, 147, 148, 150, 151, 152, 154, 155, 156, 157, 158, 159, 160, 161, 163, 164, 165, 166, 167, 168, 169, 170, 172, 175, 177, 178, 179, 180, 181, 182, 183, 185, 186, 187, 188, 189, 191, 194, 195, 196, 197, 200, 202, 203, 204, 205, 206, 207, 208, 209, 210, 211, 212, 215, 216, 217, 218, 220, 221, 222, 224, 226, 227, 228, 230, 231, 232, 233, 234, 236, 237, 238, 239, 240, 241, 242, 243, 244, 246, 247, 249, 250, 251, 252, 253, 254, 255, 257, 258, 260, 261, 263, 264, 265, 266, 267, 268, 269, 270, 271, 272, 274, 275, 276, 277, 278, 279, 280, 281, 282, 285, 286, 287, 288, 290, 291, 293, 295, 296]
Linhas de Teste [14, 18, 20, 22, 26, 29, 30, 36, 38, 40, 44, 51, 61, 63, 65, 66, 78, 83, 85, 86, 93, 118, 119, 121, 124, 135, 137, 144, 149, 153, 162, 171, 173, 174, 176, 184, 190, 192, 193, 198, 199, 201, 213, 214, 219, 223, 225, 229, 235, 245, 248, 256, 259, 262, 273, 283, 284, 289, 292, 294]
R2 de Treino = 79.49
R2 de Teste = 72.76
Coeficientes (pesos): [ 21.79510806  -9.35464543 -14.39411499  -8.69720549  -7.32453153
  -0.09679508  -4.0962413   -3.25223178  -0.57979791   3.26423699
  -0.10828916   0.72314491   1.32237033   1.28700849   1.46895156
   4.01583712  -1.06473523  -0.75015264   9.1199338    1.68437955]
Interceptor (constante): 130.8887139910272

#################  Rodada 123 / 150  82.0 %
Parâmetros ('EV_MA', 'TST_MA', 'WAI_MA', 'saz_sin', 'saz_cos')
Linhas de Treino [1, 2, 4, 5, 6, 7, 8, 10, 11, 12, 13, 14, 15, 17, 18, 19, 20, 21, 22, 23, 25, 26, 27, 28, 29, 30, 31, 32, 33, 34, 36, 38, 39, 40, 41, 43, 44, 45, 46, 49, 50, 51, 52, 53, 55, 56, 57, 59, 61, 63, 64, 65, 66, 67, 68, 69, 70, 71, 72, 73, 74, 75, 76, 77, 78, 79, 80, 81, 83, 84, 85, 86, 87, 88, 89, 91, 93, 96, 98, 99, 100, 101, 102, 103, 104, 105, 106, 107, 108, 109, 111, 112, 113, 114, 116, 117, 118, 119, 121, 122, 124, 126, 127, 128, 130, 131, 132, 134, 135, 136, 137, 138, 139, 142, 143, 144, 146, 148, 149, 150, 152, 153, 154, 155, 156, 157, 158, 159, 160, 161, 162, 164, 165, 167, 168, 170, 171, 173, 174, 175, 176, 177, 180, 181, 184, 185, 186, 187, 188, 190, 191, 192, 193, 195, 196, 197, 198, 199, 200, 201, 202, 203, 204, 205, 207, 209, 210, 213, 214, 215, 217, 218, 219, 220, 221, 223, 224, 225, 227, 228, 229, 230, 231, 232, 233, 234, 235, 236, 238, 239, 240, 242, 244, 245, 246, 247, 248, 249, 250, 251, 252, 253, 254, 255, 256, 257, 258, 259, 261, 262, 265, 267, 268, 269, 270, 272, 273, 274, 275, 276, 277, 278, 279, 280, 281, 283, 284, 285, 286, 287, 288, 289, 290, 292, 293, 294, 295, 296]
Linhas de Teste [0, 3, 9, 16, 24, 35, 37, 42, 47, 48, 54, 58, 60, 62, 82, 90, 92, 94, 95, 97, 110, 115, 120, 123, 125, 129, 133, 140, 141, 145, 147, 151, 163, 166, 169, 172, 178, 179, 182, 183, 189, 194, 206, 208, 211, 212, 216, 222, 226, 237, 241, 243, 260, 263, 264, 266, 271, 282, 291]
R2 de Treino = 76.9
R2 de Teste = 80.58
Coeficientes (pesos): [ 24.22954726 -10.34567004 -17.84771468  -8.79781014 -11.55623984
  -0.49178083  -5.44976479  -2.98213092  -2.21695263   3.08047868
   0.85938719   2.04806837   0.85774551   2.95912949   1.62345874
   5.06591421   0.24508538  -2.34459713  10.92778549   0.63265117]
Interceptor (constante): 134.41130425761006

#################  Rodada 124 / 150  82.67 %
Parâmetros ('EV_MA', 'TST_MA', 'WAI_MA', 'saz_sin', 'saz_cos')
Linhas de Treino [0, 1, 2, 3, 4, 5, 6, 7, 9, 12, 13, 14, 15, 16, 17, 18, 19, 20, 21, 22, 23, 24, 26, 28, 29, 30, 31, 33, 34, 35, 36, 37, 38, 39, 40, 41, 42, 44, 45, 46, 47, 48, 49, 51, 53, 54, 56, 58, 59, 60, 61, 62, 63, 64, 65, 66, 69, 71, 72, 75, 76, 78, 80, 81, 82, 83, 84, 85, 86, 87, 88, 89, 90, 91, 92, 93, 94, 95, 97, 98, 99, 101, 103, 105, 106, 107, 109, 110, 111, 112, 113, 114, 115, 116, 117, 118, 119, 120, 121, 123, 124, 125, 126, 127, 128, 129, 130, 132, 133, 134, 135, 136, 137, 138, 139, 140, 141, 142, 144, 145, 146, 147, 148, 149, 150, 151, 153, 154, 155, 156, 157, 159, 160, 161, 162, 163, 166, 168, 169, 171, 172, 173, 174, 175, 176, 177, 178, 179, 180, 181, 182, 183, 184, 185, 186, 187, 189, 190, 191, 192, 193, 194, 195, 197, 198, 199, 200, 201, 203, 206, 207, 208, 209, 211, 212, 213, 214, 216, 217, 219, 222, 223, 224, 225, 226, 227, 228, 229, 232, 234, 235, 236, 237, 238, 239, 241, 242, 243, 245, 246, 247, 248, 249, 250, 252, 253, 254, 256, 257, 258, 259, 260, 262, 263, 264, 265, 266, 268, 269, 271, 273, 274, 277, 278, 279, 280, 282, 283, 284, 287, 288, 289, 290, 291, 292, 294, 295, 296]
Linhas de Teste [8, 10, 11, 25, 27, 32, 43, 50, 52, 55, 57, 67, 68, 70, 73, 74, 77, 79, 96, 100, 102, 104, 108, 122, 131, 143, 152, 158, 164, 165, 167, 170, 188, 196, 202, 204, 205, 210, 215, 218, 220, 221, 230, 231, 233, 240, 244, 251, 255, 261, 267, 270, 272, 275, 276, 281, 285, 286, 293]
R2 de Treino = 78.78
R2 de Teste = 72.66
Coeficientes (pesos): [ 20.63630472 -11.21619568 -14.20836588  -7.71772436  -6.28793433
  -0.66337316  -5.3402467   -1.90870339  -0.80951855   4.95268358
  -0.13473942   1.32243379   2.07119105   1.95704307   1.39653847
   3.9092346   -2.18768167  -0.57532491   8.08851335   0.37586993]
Interceptor (constante): 130.50331656088494

#################  Rodada 125 / 150  83.33 %
Parâmetros ('EV_MA', 'TST_MA', 'WAI_MA', 'saz_sin', 'saz_cos')
Linhas de Treino [0, 1, 2, 3, 5, 7, 8, 9, 10, 11, 13, 14, 16, 18, 19, 20, 21, 22, 23, 24, 25, 26, 27, 28, 29, 30, 32, 34, 35, 36, 37, 38, 40, 42, 43, 44, 45, 46, 47, 48, 49, 50, 51, 52, 53, 54, 55, 57, 58, 59, 60, 61, 62, 63, 65, 66, 67, 68, 69, 70, 71, 72, 73, 74, 77, 78, 79, 80, 82, 83, 85, 86, 90, 91, 92, 93, 94, 95, 96, 97, 99, 100, 101, 102, 104, 106, 108, 110, 112, 113, 114, 115, 116, 117, 118, 119, 120, 121, 122, 123, 124, 125, 127, 128, 129, 130, 131, 132, 133, 134, 135, 136, 137, 138, 140, 141, 143, 144, 145, 146, 147, 148, 149, 151, 152, 153, 154, 156, 157, 158, 161, 162, 163, 164, 165, 166, 167, 169, 170, 171, 172, 173, 174, 175, 176, 178, 179, 182, 183, 184, 186, 188, 189, 190, 191, 192, 193, 194, 195, 196, 198, 199, 200, 201, 202, 204, 205, 206, 208, 210, 211, 212, 213, 214, 215, 216, 217, 218, 219, 220, 221, 222, 223, 224, 225, 226, 229, 230, 231, 232, 233, 234, 235, 236, 237, 238, 240, 241, 242, 243, 244, 245, 246, 248, 251, 255, 256, 259, 260, 261, 262, 263, 264, 266, 267, 268, 270, 271, 272, 273, 275, 276, 277, 281, 282, 283, 284, 285, 286, 287, 288, 289, 290, 291, 292, 293, 294, 296]
Linhas de Teste [4, 6, 12, 15, 17, 31, 33, 39, 41, 56, 64, 75, 76, 81, 84, 87, 88, 89, 98, 103, 105, 107, 109, 111, 126, 139, 142, 150, 155, 159, 160, 168, 177, 180, 181, 185, 187, 197, 203, 207, 209, 227, 228, 239, 247, 249, 250, 252, 253, 254, 257, 258, 265, 269, 274, 278, 279, 280, 295]
R2 de Treino = 79.49
R2 de Teste = 75.03
Coeficientes (pesos): [ 2.18029285e+01 -1.02805679e+01 -1.67319802e+01 -9.28227841e+00
 -8.73790449e+00  4.60801546e-01 -4.66553804e+00 -4.00225512e+00
  4.45772504e-01  2.83010255e+00 -1.09385903e+00  3.22512919e-01
  1.13473799e+00  2.15159327e+00  2.22774868e+00  2.58460565e+00
  1.33752010e-02 -1.82241283e+00  8.27000595e+00  1.90756871e+00]
Interceptor (constante): 131.41902198435156

#################  Rodada 126 / 150  84.0 %
Parâmetros ('EV_MA', 'TST_MA', 'WAI_MA', 'saz_sin', 'saz_cos')
Linhas de Treino [0, 1, 2, 3, 4, 5, 6, 8, 9, 10, 11, 12, 13, 14, 16, 17, 18, 19, 20, 21, 22, 23, 26, 30, 31, 33, 34, 35, 37, 38, 39, 40, 41, 42, 43, 44, 45, 46, 47, 49, 50, 51, 52, 53, 54, 55, 56, 57, 58, 59, 61, 62, 64, 65, 66, 67, 68, 69, 70, 71, 73, 75, 76, 77, 78, 80, 81, 83, 85, 86, 87, 88, 89, 91, 92, 94, 95, 98, 99, 100, 101, 102, 103, 104, 105, 107, 108, 109, 111, 114, 117, 118, 119, 121, 122, 123, 124, 125, 127, 128, 129, 130, 132, 133, 134, 136, 137, 138, 139, 140, 141, 142, 143, 144, 145, 146, 147, 148, 149, 150, 151, 152, 153, 155, 157, 158, 159, 160, 161, 162, 163, 164, 165, 166, 167, 168, 170, 171, 173, 175, 176, 178, 179, 180, 182, 183, 184, 185, 186, 187, 188, 189, 190, 191, 192, 193, 195, 196, 197, 198, 199, 200, 201, 202, 203, 204, 205, 206, 208, 209, 210, 211, 212, 213, 214, 215, 217, 219, 220, 221, 224, 225, 226, 227, 229, 231, 233, 234, 236, 237, 239, 240, 241, 242, 243, 245, 247, 248, 249, 250, 251, 253, 254, 255, 256, 257, 258, 260, 261, 262, 264, 265, 266, 267, 268, 269, 270, 271, 272, 273, 274, 275, 276, 279, 280, 281, 282, 283, 284, 285, 288, 290, 291, 293, 294, 295, 296]
Linhas de Teste [7, 15, 24, 25, 27, 28, 29, 32, 36, 48, 60, 63, 72, 74, 79, 82, 84, 90, 93, 96, 97, 106, 110, 112, 113, 115, 116, 120, 126, 131, 135, 154, 156, 169, 172, 174, 177, 181, 194, 207, 216, 218, 222, 223, 228, 230, 232, 235, 238, 244, 246, 252, 259, 263, 277, 278, 286, 287, 289, 292]
R2 de Treino = 79.76
R2 de Teste = 71.52
Coeficientes (pesos): [ 20.38375867 -10.79007434 -13.93012035  -8.71441637  -6.30014328
   0.40856091  -5.3639948   -4.11514793  -0.39144191   3.60284757
   0.53296221   1.76462085   1.96978244   0.12174136   1.76110552
   3.93390896  -2.99752397  -1.26802055   8.68892689  -0.21656517]
Interceptor (constante): 132.54027614271533

#################  Rodada 127 / 150  84.67 %
Parâmetros ('EV_MA', 'TST_MA', 'WAI_MA', 'saz_sin', 'saz_cos')
Linhas de Treino [0, 2, 3, 6, 7, 8, 9, 12, 13, 14, 15, 16, 17, 18, 20, 22, 23, 24, 25, 26, 27, 28, 29, 31, 32, 34, 35, 36, 37, 38, 39, 40, 41, 43, 44, 46, 47, 48, 50, 51, 53, 54, 55, 56, 57, 58, 60, 61, 62, 63, 64, 65, 66, 67, 68, 69, 70, 71, 72, 73, 74, 75, 77, 78, 79, 80, 81, 82, 84, 85, 86, 87, 88, 90, 92, 93, 94, 95, 96, 97, 98, 99, 100, 101, 102, 105, 106, 107, 108, 110, 111, 112, 113, 115, 116, 117, 118, 119, 120, 121, 122, 123, 124, 125, 126, 128, 131, 132, 133, 134, 135, 136, 137, 139, 140, 141, 144, 145, 147, 149, 151, 152, 153, 154, 155, 156, 157, 158, 159, 161, 162, 163, 165, 166, 167, 168, 169, 171, 172, 173, 174, 175, 176, 177, 178, 179, 181, 182, 183, 185, 186, 187, 188, 189, 190, 191, 193, 194, 195, 196, 197, 199, 200, 201, 202, 203, 207, 208, 209, 210, 212, 213, 215, 216, 217, 218, 219, 222, 223, 224, 225, 226, 227, 228, 230, 232, 235, 236, 237, 238, 239, 240, 241, 242, 243, 244, 245, 246, 248, 249, 250, 252, 253, 254, 255, 257, 258, 259, 260, 262, 263, 264, 266, 267, 268, 269, 270, 274, 275, 276, 277, 278, 279, 281, 282, 284, 285, 286, 287, 288, 289, 290, 292, 293, 294, 295, 296]
Linhas de Teste [1, 4, 5, 10, 11, 19, 21, 30, 33, 42, 45, 49, 52, 59, 76, 83, 89, 91, 103, 104, 109, 114, 127, 129, 130, 138, 142, 143, 146, 148, 150, 160, 164, 170, 180, 184, 192, 198, 204, 205, 206, 211, 214, 220, 221, 229, 231, 233, 234, 247, 251, 256, 261, 265, 271, 272, 273, 280, 283, 291]
R2 de Treino = 80.91
R2 de Teste = 68.19
Coeficientes (pesos): [ 22.41933954 -11.78123888 -16.64539439  -8.35200068  -8.2613003
  -1.24330009  -4.83852283  -1.41776045  -0.03125301   4.19124159
  -0.67154691   0.78036381   0.81675435   3.16209641   1.57450778
   2.81922828   0.05885571  -0.67015024   8.90896037   1.65844831]
Interceptor (constante): 130.6952736290195

#################  Rodada 128 / 150  85.33 %
Parâmetros ('EV_MA', 'TST_MA', 'WAI_MA', 'saz_sin', 'saz_cos')
Linhas de Treino [0, 1, 3, 4, 5, 7, 8, 9, 10, 11, 13, 14, 15, 16, 17, 18, 19, 21, 22, 24, 25, 26, 27, 28, 29, 30, 31, 32, 33, 34, 35, 36, 37, 38, 41, 42, 45, 46, 47, 48, 49, 52, 53, 54, 56, 58, 59, 60, 61, 62, 63, 64, 67, 70, 71, 72, 74, 75, 76, 78, 79, 80, 81, 82, 83, 84, 85, 86, 87, 89, 90, 91, 93, 94, 95, 96, 97, 98, 99, 102, 103, 104, 106, 108, 109, 110, 111, 112, 113, 114, 115, 116, 117, 120, 122, 123, 124, 126, 127, 128, 129, 130, 131, 132, 134, 135, 136, 138, 141, 142, 143, 145, 146, 147, 148, 149, 150, 151, 152, 154, 155, 156, 157, 158, 159, 160, 161, 162, 163, 164, 165, 166, 169, 170, 171, 172, 173, 174, 176, 177, 178, 180, 181, 183, 184, 186, 187, 189, 190, 191, 192, 194, 195, 196, 197, 198, 199, 200, 202, 203, 204, 205, 206, 207, 208, 209, 210, 211, 212, 213, 214, 215, 216, 217, 218, 219, 220, 221, 222, 223, 224, 228, 229, 230, 231, 232, 233, 234, 235, 236, 238, 239, 241, 243, 244, 245, 246, 247, 248, 250, 251, 252, 253, 255, 256, 257, 259, 260, 261, 262, 263, 264, 265, 266, 267, 269, 271, 272, 273, 274, 275, 276, 277, 278, 280, 282, 283, 285, 286, 287, 288, 289, 290, 291, 292, 294, 295, 296]
Linhas de Teste [2, 6, 12, 20, 23, 39, 40, 43, 44, 50, 51, 55, 57, 65, 66, 68, 69, 73, 77, 88, 92, 100, 101, 105, 107, 118, 119, 121, 125, 133, 137, 139, 140, 144, 153, 167, 168, 175, 179, 182, 185, 188, 193, 201, 225, 226, 227, 237, 240, 242, 249, 254, 258, 268, 270, 279, 281, 284, 293]
R2 de Treino = 78.95
R2 de Teste = 75.53
Coeficientes (pesos): [ 24.07382052 -10.68041864 -17.44009343  -8.95681002  -9.77398343
  -0.41890887  -5.77582031  -2.98757206  -1.26959765   3.52947337
   0.47015626   1.96152564   1.5680062    2.80712629   1.20033405
   4.38747909  -0.40477277  -1.8864649    9.33285414   2.47412569]
Interceptor (constante): 131.5452108034661

#################  Rodada 129 / 150  86.0 %
Parâmetros ('EV_MA', 'TST_MA', 'WAI_MA', 'saz_sin', 'saz_cos')
Linhas de Treino [1, 2, 4, 5, 6, 7, 8, 10, 11, 12, 13, 14, 15, 16, 18, 19, 20, 21, 22, 23, 24, 25, 26, 27, 28, 29, 30, 31, 32, 33, 35, 36, 38, 39, 40, 41, 42, 43, 44, 45, 48, 49, 50, 51, 52, 54, 55, 56, 57, 59, 60, 61, 62, 63, 64, 65, 66, 68, 69, 72, 73, 74, 75, 76, 77, 78, 79, 80, 82, 83, 84, 86, 88, 89, 90, 91, 92, 93, 96, 97, 98, 99, 100, 101, 103, 104, 105, 106, 107, 108, 109, 110, 112, 113, 114, 115, 116, 117, 118, 119, 120, 121, 125, 126, 127, 128, 129, 130, 131, 133, 135, 137, 138, 139, 140, 142, 143, 144, 145, 146, 147, 148, 150, 151, 153, 154, 155, 156, 157, 160, 162, 164, 167, 168, 169, 170, 171, 172, 174, 175, 177, 179, 180, 181, 182, 183, 184, 185, 187, 188, 190, 192, 193, 194, 195, 196, 197, 198, 200, 201, 202, 203, 204, 205, 206, 207, 208, 209, 210, 211, 213, 214, 215, 216, 218, 220, 221, 222, 223, 225, 226, 227, 228, 229, 230, 231, 232, 233, 234, 235, 237, 238, 240, 242, 244, 245, 246, 247, 249, 250, 251, 252, 254, 256, 257, 258, 259, 260, 261, 263, 264, 265, 267, 268, 270, 271, 272, 273, 274, 275, 276, 277, 278, 279, 280, 281, 282, 283, 284, 285, 286, 287, 288, 289, 291, 292, 293, 294]
Linhas de Teste [0, 3, 9, 17, 34, 37, 46, 47, 53, 58, 67, 70, 71, 81, 85, 87, 94, 95, 102, 111, 122, 123, 124, 132, 134, 136, 141, 149, 152, 158, 159, 161, 163, 165, 166, 173, 176, 178, 186, 189, 191, 199, 212, 217, 219, 224, 236, 239, 241, 243, 248, 253, 255, 262, 266, 269, 290, 295, 296]
R2 de Treino = 77.25
R2 de Teste = 78.89
Coeficientes (pesos): [ 23.19915972 -10.13278724 -16.57084807  -9.00444014 -10.4587631
   0.03295446  -5.30245099  -3.73953678  -2.18258494   2.89845377
  -0.37068362  -1.1512615    1.2769925    1.23387418   1.07201886
   5.40858448   0.13749231  -2.04157975  11.63373463   1.59274615]
Interceptor (constante): 131.8261575869145

#################  Rodada 130 / 150  86.67 %
Parâmetros ('EV_MA', 'TST_MA', 'WAI_MA', 'saz_sin', 'saz_cos')
Linhas de Treino [0, 1, 2, 3, 4, 5, 6, 7, 9, 10, 11, 12, 15, 17, 19, 20, 21, 23, 24, 25, 27, 28, 29, 30, 32, 33, 34, 36, 37, 39, 40, 42, 43, 44, 45, 46, 47, 48, 49, 50, 51, 52, 53, 55, 57, 58, 59, 60, 63, 65, 66, 67, 68, 69, 70, 71, 72, 73, 74, 76, 77, 79, 81, 82, 83, 84, 85, 87, 88, 89, 90, 91, 92, 93, 94, 95, 96, 97, 100, 101, 102, 103, 104, 105, 106, 107, 109, 110, 111, 112, 113, 114, 115, 116, 118, 119, 120, 121, 122, 123, 124, 125, 126, 127, 129, 130, 131, 132, 133, 134, 135, 136, 137, 138, 139, 140, 141, 142, 143, 144, 146, 148, 149, 150, 152, 153, 154, 156, 158, 159, 160, 161, 163, 164, 165, 166, 167, 168, 169, 170, 172, 173, 174, 175, 176, 177, 178, 179, 180, 181, 182, 184, 185, 186, 188, 189, 191, 192, 193, 194, 198, 199, 201, 204, 205, 206, 207, 211, 212, 214, 216, 217, 218, 219, 220, 221, 222, 223, 224, 225, 226, 227, 228, 229, 230, 231, 232, 233, 234, 235, 236, 237, 238, 239, 240, 241, 242, 243, 244, 246, 247, 248, 249, 251, 252, 253, 254, 255, 256, 258, 259, 261, 262, 263, 265, 266, 268, 269, 270, 271, 272, 273, 277, 278, 279, 280, 281, 283, 284, 286, 287, 289, 290, 291, 292, 293, 295, 296]
Linhas de Teste [8, 13, 14, 16, 18, 22, 26, 31, 35, 38, 41, 54, 56, 61, 62, 64, 75, 78, 80, 86, 98, 99, 108, 117, 128, 145, 147, 151, 155, 157, 162, 171, 183, 187, 190, 195, 196, 197, 200, 202, 203, 208, 209, 210, 213, 215, 245, 250, 257, 260, 264, 267, 274, 275, 276, 282, 285, 288, 294]
R2 de Treino = 77.38
R2 de Teste = 76.02
Coeficientes (pesos): [ 2.06198251e+01 -1.04747924e+01 -1.49527564e+01 -8.26287787e+00
 -7.46814148e+00 -8.00709791e-02 -2.81736395e+00 -1.44042437e+00
 -1.36803073e+00  1.70131568e+00 -3.97767127e-01  2.20770611e-01
  1.92169376e-02  9.67533277e-01  7.06305387e-01  2.88439678e+00
 -1.01763268e+00 -1.54582991e+00  9.40760818e+00  1.53430081e+00]
Interceptor (constante): 133.8801801593166

#################  Rodada 131 / 150  87.33 %
Parâmetros ('EV_MA', 'TST_MA', 'WAI_MA', 'saz_sin', 'saz_cos')
Linhas de Treino [0, 1, 2, 3, 4, 5, 6, 7, 8, 9, 10, 12, 13, 14, 15, 19, 20, 21, 23, 24, 25, 26, 27, 28, 30, 31, 32, 34, 35, 36, 37, 38, 40, 41, 42, 44, 45, 46, 47, 48, 49, 50, 52, 53, 54, 57, 58, 61, 63, 64, 65, 66, 67, 68, 69, 70, 71, 72, 73, 74, 75, 76, 78, 79, 80, 81, 83, 84, 85, 86, 87, 89, 90, 92, 93, 94, 96, 98, 99, 100, 101, 102, 104, 107, 108, 110, 111, 113, 114, 115, 116, 117, 118, 119, 121, 122, 123, 124, 125, 127, 128, 129, 130, 132, 133, 134, 135, 136, 137, 138, 139, 140, 141, 142, 143, 146, 147, 148, 150, 153, 154, 155, 156, 158, 160, 161, 163, 164, 165, 166, 167, 168, 169, 170, 171, 172, 173, 174, 175, 176, 177, 178, 179, 180, 181, 182, 184, 185, 186, 187, 188, 189, 190, 191, 192, 194, 195, 197, 199, 200, 201, 202, 203, 204, 206, 207, 208, 209, 210, 211, 212, 216, 217, 219, 220, 221, 222, 223, 224, 225, 226, 227, 229, 230, 233, 234, 235, 236, 237, 238, 239, 240, 241, 242, 244, 245, 246, 247, 248, 249, 251, 253, 256, 257, 258, 259, 260, 263, 264, 265, 266, 267, 268, 269, 270, 271, 272, 274, 275, 276, 277, 278, 279, 280, 281, 282, 283, 284, 285, 286, 287, 289, 290, 292, 293, 294, 295]
Linhas de Teste [11, 16, 17, 18, 22, 29, 33, 39, 43, 51, 55, 56, 59, 60, 62, 77, 82, 88, 91, 95, 97, 103, 105, 106, 109, 112, 120, 126, 131, 144, 145, 149, 151, 152, 157, 159, 162, 183, 193, 196, 198, 205, 213, 214, 215, 218, 228, 231, 232, 243, 250, 252, 254, 255, 261, 262, 273, 288, 291, 296]
R2 de Treino = 78.84
R2 de Teste = 74.75
Coeficientes (pesos): [ 20.43963782 -11.83607504 -14.16643697  -8.18525896  -6.3451378
  -0.53856797  -4.35084458  -1.60842257  -1.17027925   3.63356481
  -0.24831999  -0.53468116   0.38509723   1.48653873   0.22936444
   3.06782735  -1.43867032  -0.50727531   8.9759485   -0.11769034]
Interceptor (constante): 132.76283232585442

#################  Rodada 132 / 150  88.0 %
Parâmetros ('EV_MA', 'TST_MA', 'WAI_MA', 'saz_sin', 'saz_cos')
Linhas de Treino [0, 1, 2, 4, 5, 6, 7, 8, 9, 10, 11, 12, 13, 14, 16, 17, 18, 19, 20, 21, 22, 23, 24, 25, 26, 28, 29, 30, 33, 35, 36, 37, 38, 39, 41, 42, 43, 45, 46, 47, 48, 50, 51, 52, 54, 55, 56, 57, 59, 60, 61, 62, 63, 65, 66, 68, 69, 70, 71, 72, 73, 75, 77, 79, 81, 82, 83, 84, 85, 86, 88, 89, 90, 91, 92, 93, 94, 95, 96, 97, 98, 101, 102, 103, 104, 105, 106, 108, 109, 110, 111, 112, 113, 114, 116, 117, 119, 120, 122, 124, 125, 126, 127, 128, 129, 130, 131, 132, 134, 135, 137, 138, 139, 141, 143, 144, 145, 146, 148, 149, 150, 151, 152, 153, 154, 155, 157, 158, 159, 160, 161, 162, 163, 164, 165, 168, 172, 173, 175, 176, 177, 178, 179, 180, 181, 183, 184, 185, 186, 187, 188, 189, 190, 191, 192, 193, 195, 196, 197, 198, 200, 201, 202, 203, 205, 207, 208, 209, 210, 212, 213, 214, 215, 217, 218, 220, 222, 223, 224, 225, 226, 228, 229, 230, 231, 232, 234, 235, 236, 238, 241, 242, 243, 244, 245, 246, 247, 249, 250, 251, 252, 254, 255, 256, 257, 259, 260, 261, 262, 263, 265, 266, 267, 268, 269, 270, 272, 273, 274, 276, 277, 278, 279, 280, 281, 282, 283, 284, 285, 287, 288, 289, 291, 292, 293, 294, 296]
Linhas de Teste [3, 15, 27, 31, 32, 34, 40, 44, 49, 53, 58, 64, 67, 74, 76, 78, 80, 87, 99, 100, 107, 115, 118, 121, 123, 133, 136, 140, 142, 147, 156, 166, 167, 169, 170, 171, 174, 182, 194, 199, 204, 206, 211, 216, 219, 221, 227, 233, 237, 239, 240, 248, 253, 258, 264, 271, 275, 286, 290, 295]
R2 de Treino = 79.2
R2 de Teste = 74.59
Coeficientes (pesos): [ 21.01225632 -10.94848598 -15.16995259  -8.53896757  -8.15024865
  -0.26040236  -4.25980957  -2.95977305  -0.78815289   2.81977879
   0.10652784   0.71901236   0.64980365   0.7427265    1.26460723
   2.72881772  -1.36646337  -1.4692899    8.76823712   0.70449031]
Interceptor (constante): 132.5871203970345

#################  Rodada 133 / 150  88.67 %
Parâmetros ('EV_MA', 'TST_MA', 'WAI_MA', 'saz_sin', 'saz_cos')
Linhas de Treino [0, 1, 2, 3, 4, 6, 7, 8, 9, 10, 11, 12, 14, 15, 16, 17, 18, 19, 20, 22, 25, 27, 28, 29, 30, 31, 32, 33, 34, 37, 38, 39, 40, 42, 43, 44, 45, 46, 47, 48, 49, 50, 51, 52, 53, 54, 55, 56, 57, 58, 59, 60, 61, 62, 63, 64, 65, 67, 68, 69, 71, 74, 75, 76, 77, 78, 80, 82, 83, 84, 87, 88, 89, 90, 91, 92, 93, 94, 95, 96, 97, 98, 99, 100, 101, 102, 103, 105, 106, 107, 109, 110, 112, 113, 114, 115, 116, 118, 119, 120, 121, 122, 123, 124, 125, 126, 127, 129, 130, 131, 132, 133, 136, 137, 138, 140, 142, 143, 144, 145, 146, 147, 148, 149, 151, 152, 153, 154, 156, 157, 158, 159, 161, 162, 163, 164, 165, 166, 167, 169, 170, 171, 173, 174, 176, 178, 179, 181, 182, 183, 185, 186, 187, 188, 190, 191, 192, 193, 194, 196, 197, 198, 199, 201, 202, 204, 205, 206, 207, 209, 211, 212, 213, 214, 215, 216, 217, 218, 219, 220, 221, 222, 223, 225, 226, 227, 228, 229, 231, 232, 233, 235, 236, 237, 239, 240, 242, 243, 247, 248, 249, 250, 252, 253, 254, 255, 256, 258, 259, 260, 261, 262, 263, 264, 265, 267, 268, 269, 270, 271, 272, 273, 274, 275, 277, 278, 280, 283, 284, 286, 287, 288, 290, 291, 293, 294, 295, 296]
Linhas de Teste [5, 13, 21, 23, 24, 26, 35, 36, 41, 66, 70, 72, 73, 79, 81, 85, 86, 104, 108, 111, 117, 128, 134, 135, 139, 141, 150, 155, 160, 168, 172, 175, 177, 180, 184, 189, 195, 200, 203, 208, 210, 224, 230, 234, 238, 241, 244, 245, 246, 251, 257, 266, 276, 279, 281, 282, 285, 289, 292]
R2 de Treino = 75.49
R2 de Teste = 79.18
Coeficientes (pesos): [ 20.42182753 -10.88602087 -14.16314518  -8.13522278  -6.42066715
   0.5861474   -4.71111824  -2.84562209  -2.06923794   2.5235832
  -0.24686613   0.80383673   1.62692662   2.67240903   1.10777527
   4.94811218  -0.57658818  -0.91901407   9.60260626   0.64347776]
Interceptor (constante): 132.69976872693434

#################  Rodada 134 / 150  89.33 %
Parâmetros ('EV_MA', 'TST_MA', 'WAI_MA', 'saz_sin', 'saz_cos')
Linhas de Treino [1, 2, 3, 5, 6, 8, 9, 10, 11, 13, 15, 16, 17, 18, 20, 21, 22, 23, 24, 26, 27, 28, 29, 31, 32, 33, 34, 35, 36, 37, 38, 39, 40, 41, 42, 43, 44, 45, 46, 47, 49, 50, 51, 52, 53, 55, 56, 58, 59, 60, 62, 63, 64, 65, 66, 67, 68, 70, 72, 73, 74, 75, 76, 77, 78, 79, 80, 81, 82, 83, 85, 86, 87, 88, 90, 91, 95, 96, 97, 98, 99, 100, 101, 102, 103, 104, 105, 106, 107, 108, 109, 110, 111, 112, 113, 115, 117, 118, 120, 121, 122, 123, 124, 125, 126, 127, 128, 129, 131, 133, 134, 135, 136, 139, 140, 141, 142, 144, 145, 146, 147, 149, 150, 151, 152, 153, 155, 156, 157, 158, 159, 160, 161, 162, 163, 166, 167, 168, 169, 170, 171, 172, 174, 175, 177, 178, 180, 181, 182, 183, 184, 186, 187, 188, 189, 190, 191, 192, 193, 194, 195, 196, 198, 199, 200, 201, 202, 203, 204, 205, 206, 208, 209, 210, 211, 213, 214, 215, 216, 218, 219, 221, 222, 223, 224, 225, 227, 228, 229, 230, 231, 232, 233, 234, 235, 237, 238, 239, 240, 241, 243, 244, 245, 246, 248, 250, 251, 252, 253, 254, 255, 257, 258, 259, 260, 261, 262, 264, 266, 271, 273, 275, 276, 279, 280, 281, 282, 284, 285, 286, 288, 289, 290, 291, 292, 293, 295, 296]
Linhas de Teste [0, 4, 7, 12, 14, 19, 25, 30, 48, 54, 57, 61, 69, 71, 84, 89, 92, 93, 94, 114, 116, 119, 130, 132, 137, 138, 143, 148, 154, 164, 165, 173, 176, 179, 185, 197, 207, 212, 217, 220, 226, 236, 242, 247, 249, 256, 263, 265, 267, 268, 269, 270, 272, 274, 277, 278, 283, 287, 294]
R2 de Treino = 79.96
R2 de Teste = 70.57
Coeficientes (pesos): [ 23.65718764  -9.67526154 -17.64698671  -9.93733991 -10.48461532
   0.26847066  -5.4023114   -4.21954745  -0.56110816   2.69550347
   0.10529911   1.79760458   1.84196998   1.03918891   2.52581732
   3.83790011  -0.46639758  -2.50150881   9.40287219   3.10304314]
Interceptor (constante): 131.73187256971735

#################  Rodada 135 / 150  90.0 %
Parâmetros ('EV_MA', 'TST_MA', 'WAI_MA', 'saz_sin', 'saz_cos')
Linhas de Treino [0, 3, 4, 5, 7, 11, 12, 13, 14, 15, 16, 17, 18, 19, 21, 22, 23, 24, 25, 26, 27, 29, 30, 31, 32, 33, 34, 35, 36, 39, 40, 41, 43, 44, 48, 49, 51, 53, 54, 55, 56, 57, 58, 59, 60, 61, 62, 64, 66, 67, 69, 70, 71, 72, 73, 74, 76, 77, 78, 79, 80, 81, 82, 84, 85, 86, 87, 88, 89, 91, 92, 93, 94, 95, 97, 99, 100, 103, 104, 105, 106, 107, 108, 109, 111, 112, 114, 115, 116, 117, 118, 119, 120, 121, 123, 126, 128, 130, 131, 132, 133, 134, 135, 136, 137, 138, 139, 140, 141, 142, 143, 144, 145, 147, 148, 149, 150, 151, 152, 154, 155, 156, 157, 159, 160, 162, 164, 165, 166, 167, 168, 169, 170, 171, 172, 173, 174, 175, 176, 177, 179, 180, 182, 183, 184, 185, 189, 193, 194, 195, 196, 197, 198, 199, 200, 203, 204, 205, 206, 207, 208, 210, 211, 212, 213, 214, 215, 216, 217, 218, 219, 220, 221, 224, 226, 227, 228, 230, 231, 232, 233, 234, 236, 237, 238, 239, 240, 241, 242, 243, 244, 245, 246, 247, 248, 249, 250, 251, 252, 253, 254, 255, 256, 257, 258, 261, 262, 263, 264, 265, 266, 267, 268, 269, 270, 271, 272, 273, 274, 275, 276, 277, 278, 279, 281, 282, 283, 285, 286, 287, 288, 289, 290, 291, 292, 294, 295, 296]
Linhas de Teste [1, 2, 6, 8, 9, 10, 20, 28, 37, 38, 42, 45, 46, 47, 50, 52, 63, 65, 68, 75, 83, 90, 96, 98, 101, 102, 110, 113, 122, 124, 125, 127, 129, 146, 153, 158, 161, 163, 178, 181, 186, 187, 188, 190, 191, 192, 201, 202, 209, 222, 223, 225, 229, 235, 259, 260, 280, 284, 293]
R2 de Treino = 79.71
R2 de Teste = 68.01
Coeficientes (pesos): [ 25.03025045  -9.53919476 -17.89742588  -8.61445869 -11.0661661
  -1.00128495  -6.52368269  -2.97032452  -0.58384654   4.58063046
   0.81655723   2.80966252   1.50419875   2.67114263   2.14377897
   4.64086314  -0.26428691  -1.74738459  10.58607227   2.82323975]
Interceptor (constante): 129.69068648648468

#################  Rodada 136 / 150  90.67 %
Parâmetros ('EV_MA', 'TST_MA', 'WAI_MA', 'saz_sin', 'saz_cos')
Linhas de Treino [1, 2, 4, 5, 7, 8, 9, 10, 11, 12, 13, 15, 16, 17, 18, 19, 21, 22, 24, 25, 26, 27, 28, 29, 30, 31, 32, 33, 34, 36, 37, 38, 39, 40, 41, 42, 43, 44, 45, 46, 47, 48, 49, 50, 51, 52, 54, 55, 56, 57, 61, 63, 64, 66, 67, 68, 69, 70, 71, 72, 73, 74, 76, 77, 78, 81, 82, 84, 85, 87, 91, 95, 96, 97, 98, 99, 101, 102, 103, 105, 106, 108, 109, 110, 111, 113, 114, 115, 116, 117, 118, 119, 121, 122, 123, 124, 125, 126, 127, 129, 130, 131, 132, 133, 134, 135, 136, 138, 139, 140, 142, 143, 145, 146, 148, 150, 151, 152, 153, 154, 156, 158, 159, 161, 162, 164, 165, 166, 167, 168, 169, 170, 171, 173, 177, 178, 179, 183, 184, 185, 186, 187, 188, 189, 191, 192, 193, 194, 195, 197, 198, 199, 203, 204, 205, 206, 207, 208, 209, 210, 211, 212, 213, 215, 216, 217, 218, 219, 220, 221, 222, 223, 224, 225, 227, 228, 229, 230, 231, 233, 234, 235, 236, 237, 238, 241, 242, 243, 245, 246, 247, 249, 250, 251, 252, 253, 254, 255, 256, 257, 258, 259, 260, 261, 262, 263, 264, 265, 266, 267, 269, 270, 271, 272, 273, 274, 275, 276, 277, 278, 279, 280, 281, 282, 283, 284, 285, 286, 287, 288, 289, 290, 291, 292, 293, 294, 296]
Linhas de Teste [0, 3, 6, 14, 20, 23, 35, 53, 58, 59, 60, 62, 65, 75, 79, 80, 83, 86, 88, 89, 90, 92, 93, 94, 100, 104, 107, 112, 120, 128, 137, 141, 144, 147, 149, 155, 157, 160, 163, 172, 174, 175, 176, 180, 181, 182, 190, 196, 200, 201, 202, 214, 226, 232, 239, 240, 244, 248, 268, 295]
R2 de Treino = 77.0
R2 de Teste = 84.02
Coeficientes (pesos): [ 25.16196398  -9.77263105 -17.45174248  -9.70601159 -11.29828516
  -0.62504686  -4.39282951  -2.74126074  -1.57317001   2.9571426
  -0.31272739   0.60365078   0.6926906    2.8240227    2.03951384
   3.92590934   0.86189118  -1.84097912  10.43500123   1.98827927]
Interceptor (constante): 132.5390045407154

#################  Rodada 137 / 150  91.33 %
Parâmetros ('EV_MA', 'TST_MA', 'WAI_MA', 'saz_sin', 'saz_cos')
Linhas de Treino [0, 2, 3, 4, 6, 7, 8, 10, 11, 12, 14, 15, 18, 19, 20, 21, 22, 23, 24, 25, 26, 27, 28, 29, 30, 31, 32, 35, 36, 39, 40, 41, 42, 43, 44, 45, 46, 48, 51, 52, 53, 54, 55, 56, 57, 58, 59, 60, 61, 62, 63, 65, 66, 67, 68, 70, 71, 72, 73, 74, 75, 76, 78, 79, 80, 81, 82, 83, 84, 86, 88, 89, 90, 91, 92, 93, 94, 95, 96, 97, 99, 100, 101, 102, 103, 104, 105, 107, 109, 110, 111, 112, 113, 114, 116, 117, 118, 119, 120, 122, 123, 124, 125, 126, 127, 128, 129, 130, 132, 133, 134, 136, 137, 139, 140, 141, 142, 143, 144, 145, 146, 147, 148, 149, 151, 153, 154, 155, 156, 157, 158, 160, 161, 162, 163, 168, 169, 170, 171, 172, 173, 174, 175, 176, 178, 179, 180, 181, 182, 184, 186, 188, 190, 192, 193, 195, 196, 198, 200, 201, 202, 203, 204, 205, 206, 207, 208, 209, 210, 211, 212, 213, 214, 215, 216, 217, 218, 220, 221, 226, 227, 228, 229, 230, 231, 232, 233, 234, 235, 237, 238, 239, 240, 241, 242, 243, 244, 246, 247, 248, 250, 252, 253, 254, 256, 257, 258, 259, 261, 262, 263, 265, 266, 267, 268, 269, 271, 274, 275, 276, 277, 279, 280, 281, 282, 283, 284, 285, 286, 287, 289, 290, 292, 293, 294, 295, 296]
Linhas de Teste [1, 5, 9, 13, 16, 17, 33, 34, 37, 38, 47, 49, 50, 64, 69, 77, 85, 87, 98, 106, 108, 115, 121, 131, 135, 138, 150, 152, 159, 164, 165, 166, 167, 177, 183, 185, 187, 189, 191, 194, 197, 199, 219, 222, 223, 224, 225, 236, 245, 249, 251, 255, 260, 264, 270, 272, 273, 278, 288, 291]
R2 de Treino = 80.88
R2 de Teste = 67.13
Coeficientes (pesos): [ 22.92488684 -12.44483922 -18.94543533  -8.82098144 -10.2118889
   0.18541917  -5.31181976  -5.26070473  -0.96161583   1.38635391
  -0.40052995   0.6712179    0.76299666   1.89099803   2.71737476
   4.28283845   2.00419459  -2.80348962  10.00011171   2.60104486]
Interceptor (constante): 132.8944145808267

#################  Rodada 138 / 150  92.0 %
Parâmetros ('EV_MA', 'TST_MA', 'WAI_MA', 'saz_sin', 'saz_cos')
Linhas de Treino [0, 1, 2, 3, 5, 6, 7, 8, 9, 11, 13, 14, 16, 17, 19, 20, 23, 24, 25, 28, 29, 30, 31, 32, 33, 34, 35, 36, 37, 38, 40, 43, 44, 46, 47, 49, 50, 51, 53, 54, 55, 56, 57, 58, 59, 60, 61, 62, 63, 64, 65, 66, 67, 68, 69, 70, 73, 74, 75, 76, 77, 79, 80, 81, 83, 85, 86, 87, 88, 89, 90, 91, 92, 93, 94, 95, 96, 97, 98, 99, 100, 101, 104, 105, 106, 107, 108, 109, 111, 112, 113, 115, 117, 118, 119, 120, 121, 122, 125, 126, 128, 129, 130, 131, 132, 135, 136, 137, 138, 139, 140, 141, 142, 143, 144, 145, 147, 149, 150, 152, 153, 155, 156, 157, 158, 159, 160, 161, 162, 163, 164, 165, 166, 167, 169, 170, 171, 172, 173, 174, 175, 176, 177, 178, 180, 181, 182, 183, 184, 185, 187, 188, 189, 190, 191, 194, 195, 196, 197, 199, 200, 201, 202, 203, 204, 205, 206, 207, 208, 209, 210, 211, 214, 216, 217, 218, 219, 220, 221, 222, 223, 224, 225, 226, 228, 229, 230, 232, 233, 234, 235, 236, 237, 238, 239, 240, 241, 242, 244, 245, 246, 248, 249, 251, 252, 254, 255, 256, 258, 259, 260, 261, 262, 264, 266, 268, 269, 270, 272, 273, 274, 275, 276, 277, 278, 281, 282, 283, 284, 285, 286, 288, 290, 291, 293, 294, 295, 296]
Linhas de Teste [4, 10, 12, 15, 18, 21, 22, 26, 27, 39, 41, 42, 45, 48, 52, 71, 72, 78, 82, 84, 102, 103, 110, 114, 116, 123, 124, 127, 133, 134, 146, 148, 151, 154, 168, 179, 186, 192, 193, 198, 212, 213, 215, 227, 231, 243, 247, 250, 253, 257, 263, 265, 267, 271, 279, 280, 287, 289, 292]
R2 de Treino = 79.26
R2 de Teste = 72.22
Coeficientes (pesos): [ 21.21835868 -10.50128544 -14.53843014  -9.27508336  -7.81206605
   0.05487556  -4.38289181  -2.31158792  -0.40786537   3.14414837
   0.59111183   1.13403831   0.83935204  -0.26761039   0.73847273
   3.36411114  -2.1514089   -2.00047406   9.14357747   1.3132921 ]
Interceptor (constante): 132.61134513827204

#################  Rodada 139 / 150  92.67 %
Parâmetros ('EV_MA', 'TST_MA', 'WAI_MA', 'saz_sin', 'saz_cos')
Linhas de Treino [0, 1, 3, 4, 5, 6, 7, 8, 9, 10, 11, 12, 13, 14, 15, 16, 17, 18, 19, 20, 21, 22, 23, 26, 27, 28, 31, 33, 34, 35, 36, 37, 38, 39, 41, 42, 43, 45, 47, 48, 49, 50, 51, 52, 53, 56, 57, 58, 59, 60, 61, 62, 64, 65, 68, 69, 71, 72, 73, 74, 75, 77, 78, 79, 80, 81, 82, 83, 84, 85, 86, 87, 88, 89, 90, 91, 92, 93, 94, 96, 97, 98, 99, 100, 101, 102, 103, 104, 105, 106, 107, 108, 110, 111, 112, 113, 114, 115, 116, 117, 118, 119, 120, 121, 122, 123, 124, 127, 128, 131, 132, 133, 134, 135, 136, 137, 138, 139, 141, 142, 143, 144, 145, 146, 147, 148, 149, 150, 151, 152, 154, 155, 156, 157, 159, 160, 163, 164, 165, 166, 167, 168, 169, 170, 171, 172, 174, 175, 176, 177, 179, 180, 181, 182, 183, 184, 185, 186, 187, 189, 190, 191, 192, 193, 194, 195, 196, 197, 198, 199, 200, 201, 202, 204, 205, 207, 209, 210, 212, 213, 214, 215, 216, 219, 222, 223, 224, 225, 226, 227, 228, 229, 230, 231, 232, 235, 236, 239, 240, 241, 243, 244, 245, 246, 247, 248, 249, 250, 251, 253, 254, 255, 257, 259, 260, 263, 264, 265, 267, 268, 269, 270, 271, 272, 273, 274, 277, 278, 279, 280, 287, 288, 289, 290, 291, 292, 293, 295]
Linhas de Teste [2, 24, 25, 29, 30, 32, 40, 44, 46, 54, 55, 63, 66, 67, 70, 76, 95, 109, 125, 126, 129, 130, 140, 153, 158, 161, 162, 173, 178, 188, 203, 206, 208, 211, 217, 218, 220, 221, 233, 234, 237, 238, 242, 252, 256, 258, 261, 262, 266, 275, 276, 281, 282, 283, 284, 285, 286, 294, 296]
R2 de Treino = 78.5
R2 de Teste = 71.97
Coeficientes (pesos): [ 21.55841897 -10.37914519 -14.50143007  -8.59214529  -6.65296472
   0.46551698  -5.05761319  -2.49459617  -2.26942528   3.23821795
   0.6739       1.0106948    1.59611484   0.53686166   0.81205227
   3.91130837  -2.03476973  -0.48083857   9.43688128   1.80272041]
Interceptor (constante): 130.7037104388283

#################  Rodada 140 / 150  93.33 %
Parâmetros ('EV_MA', 'TST_MA', 'WAI_MA', 'saz_sin', 'saz_cos')
Linhas de Treino [0, 1, 2, 3, 4, 5, 6, 9, 10, 12, 13, 14, 15, 16, 17, 18, 20, 21, 22, 23, 24, 25, 26, 27, 29, 30, 32, 33, 34, 35, 37, 38, 39, 40, 41, 42, 44, 45, 46, 47, 48, 49, 50, 52, 53, 54, 55, 58, 59, 60, 62, 63, 64, 65, 66, 67, 69, 70, 71, 72, 75, 76, 77, 78, 79, 80, 82, 83, 84, 85, 86, 87, 88, 89, 90, 92, 93, 94, 95, 98, 100, 102, 103, 104, 106, 107, 108, 109, 110, 112, 114, 115, 116, 120, 121, 123, 124, 125, 126, 127, 128, 129, 130, 131, 133, 134, 135, 137, 138, 140, 141, 144, 146, 147, 148, 149, 150, 151, 152, 153, 154, 155, 157, 158, 159, 160, 161, 162, 163, 164, 165, 166, 167, 168, 172, 173, 174, 175, 176, 177, 178, 179, 180, 181, 182, 183, 185, 186, 187, 188, 189, 190, 191, 192, 193, 194, 196, 197, 198, 199, 200, 201, 202, 203, 206, 208, 211, 212, 213, 214, 215, 217, 218, 219, 220, 221, 222, 223, 224, 225, 226, 227, 231, 232, 233, 234, 236, 237, 238, 239, 240, 242, 243, 244, 245, 247, 248, 249, 250, 251, 252, 253, 255, 256, 257, 258, 260, 261, 262, 263, 264, 265, 266, 267, 268, 270, 271, 272, 273, 275, 276, 278, 279, 280, 281, 282, 283, 284, 285, 286, 287, 288, 289, 291, 292, 294, 295, 296]
Linhas de Teste [7, 8, 11, 19, 28, 31, 36, 43, 51, 56, 57, 61, 68, 73, 74, 81, 91, 96, 97, 99, 101, 105, 111, 113, 117, 118, 119, 122, 132, 136, 139, 142, 143, 145, 156, 169, 170, 171, 184, 195, 204, 205, 207, 209, 210, 216, 228, 229, 230, 235, 241, 246, 254, 259, 269, 274, 277, 290, 293]
R2 de Treino = 79.29
R2 de Teste = 71.93
Coeficientes (pesos): [ 20.28289374 -10.84045021 -14.4657545   -6.95545581  -6.57720646
  -1.45444621  -4.56290174  -1.0966188   -0.27283075   5.50530656
  -0.50792115   0.96958968   1.51382373   2.91451219   0.79923554
   3.90673408  -2.66675101  -0.20646457   8.67142848  -0.66370813]
Interceptor (constante): 131.5586323495178

#################  Rodada 142 / 150  94.67 %
Parâmetros ('EV_MA', 'TST_MA', 'WAI_MA', 'saz_sin', 'saz_cos')
Linhas de Treino [0, 1, 2, 3, 4, 5, 6, 7, 8, 9, 10, 11, 12, 13, 14, 15, 16, 17, 18, 19, 20, 21, 22, 23, 24, 25, 26, 27, 28, 30, 31, 32, 33, 34, 35, 37, 38, 39, 40, 41, 43, 46, 47, 48, 49, 50, 52, 54, 55, 56, 57, 59, 60, 61, 62, 64, 65, 66, 67, 68, 69, 72, 73, 75, 76, 77, 78, 79, 82, 83, 84, 86, 87, 88, 89, 90, 91, 92, 93, 98, 100, 102, 103, 104, 108, 110, 111, 112, 113, 114, 115, 116, 117, 118, 119, 120, 121, 122, 123, 124, 126, 127, 128, 129, 130, 132, 133, 134, 136, 137, 138, 139, 140, 141, 144, 145, 146, 147, 148, 150, 151, 152, 153, 154, 156, 157, 158, 159, 160, 161, 164, 165, 166, 167, 168, 170, 171, 172, 173, 174, 175, 177, 178, 179, 180, 181, 184, 185, 186, 187, 191, 192, 194, 197, 198, 199, 200, 202, 203, 204, 205, 206, 207, 209, 210, 211, 212, 213, 214, 215, 217, 218, 219, 220, 221, 222, 223, 224, 225, 226, 227, 228, 229, 230, 231, 232, 233, 235, 236, 237, 238, 241, 242, 243, 245, 246, 247, 248, 249, 250, 255, 256, 258, 259, 260, 261, 262, 264, 265, 266, 267, 268, 269, 271, 272, 273, 274, 275, 276, 277, 278, 279, 280, 281, 282, 285, 286, 287, 288, 289, 290, 291, 292, 293, 294, 295, 296]
Linhas de Teste [29, 36, 42, 44, 45, 51, 53, 58, 63, 70, 71, 74, 80, 81, 85, 94, 95, 96, 97, 99, 101, 105, 106, 107, 109, 125, 131, 135, 142, 143, 149, 155, 162, 163, 169, 176, 182, 183, 188, 189, 190, 193, 195, 196, 201, 208, 216, 234, 239, 240, 244, 251, 252, 253, 254, 257, 263, 270, 283, 284]
R2 de Treino = 76.73
R2 de Teste = 83.57
Coeficientes (pesos): [ 21.67388635 -10.88995031 -13.85886809  -9.09035683  -7.22899817
  -0.35088294  -4.67118407  -2.28217546  -1.68745439   3.6064753
   0.52150448   1.4176298    1.16693055   1.37415217   1.10634325
   4.32189979  -1.78950418  -1.12238468   9.8933113    0.29711646]
Interceptor (constante): 132.25754401879112

#################  Rodada 143 / 150  95.33 %
Parâmetros ('EV_MA', 'TST_MA', 'WAI_MA', 'saz_sin', 'saz_cos')
Linhas de Treino [0, 1, 3, 4, 5, 6, 7, 9, 10, 12, 14, 15, 16, 19, 20, 21, 23, 24, 25, 26, 27, 29, 30, 34, 35, 36, 37, 38, 39, 41, 42, 43, 44, 45, 46, 47, 48, 49, 50, 51, 52, 53, 55, 56, 57, 58, 60, 61, 62, 63, 64, 66, 67, 68, 70, 71, 73, 74, 75, 76, 77, 80, 81, 82, 84, 85, 86, 88, 92, 93, 94, 95, 96, 97, 98, 99, 100, 101, 102, 103, 104, 105, 106, 107, 108, 109, 110, 111, 113, 114, 115, 116, 117, 118, 120, 121, 122, 123, 124, 125, 126, 127, 128, 129, 130, 131, 132, 133, 134, 135, 136, 138, 139, 140, 142, 143, 145, 146, 147, 148, 149, 152, 154, 155, 156, 157, 158, 159, 160, 161, 162, 163, 164, 165, 166, 167, 168, 169, 171, 172, 173, 174, 176, 177, 178, 179, 181, 182, 183, 184, 186, 187, 188, 189, 190, 192, 193, 194, 195, 196, 197, 199, 200, 201, 202, 203, 204, 205, 206, 208, 209, 210, 211, 213, 214, 215, 216, 219, 220, 221, 222, 223, 224, 225, 226, 228, 229, 230, 231, 232, 233, 234, 236, 237, 238, 239, 240, 241, 242, 243, 244, 247, 248, 251, 252, 253, 254, 255, 257, 260, 261, 263, 265, 266, 267, 268, 269, 270, 271, 272, 273, 274, 275, 277, 278, 280, 281, 282, 283, 284, 287, 288, 289, 290, 292, 293, 294, 295]
Linhas de Teste [2, 8, 11, 13, 17, 18, 22, 28, 31, 32, 33, 40, 54, 59, 65, 69, 72, 78, 79, 83, 87, 89, 90, 91, 112, 119, 137, 141, 144, 150, 151, 153, 170, 175, 180, 185, 191, 198, 207, 212, 217, 218, 227, 235, 245, 246, 249, 250, 256, 258, 259, 262, 264, 276, 279, 285, 286, 291, 296]
R2 de Treino = 78.81
R2 de Teste = 73.14
Coeficientes (pesos): [ 20.28440263 -11.5985747  -16.24899036  -7.95610571  -7.00116346
  -0.24559924  -4.06695157  -1.42727618  -0.76117961   3.29979627
  -1.24400266  -0.23437604   0.15172501   3.14973406   0.58497835
   2.3499599   -0.50677273  -0.35589386   8.39863468   1.50225475]
Interceptor (constante): 131.5873494293179

#################  Rodada 144 / 150  96.0 %
Parâmetros ('EV_MA', 'TST_MA', 'WAI_MA', 'saz_sin', 'saz_cos')
Linhas de Treino [1, 2, 5, 7, 8, 9, 10, 11, 13, 16, 17, 18, 19, 20, 22, 24, 25, 26, 27, 28, 29, 30, 31, 32, 33, 36, 37, 39, 40, 41, 42, 43, 44, 45, 49, 51, 53, 54, 55, 57, 58, 59, 60, 61, 63, 64, 65, 67, 68, 69, 70, 71, 72, 74, 75, 77, 78, 79, 80, 81, 82, 83, 84, 85, 86, 87, 89, 90, 91, 92, 93, 94, 95, 96, 97, 98, 99, 100, 101, 104, 105, 106, 107, 109, 110, 112, 113, 114, 116, 117, 118, 119, 120, 121, 122, 124, 125, 126, 128, 129, 131, 132, 133, 134, 135, 137, 138, 140, 141, 142, 143, 144, 147, 148, 149, 150, 151, 153, 154, 155, 156, 157, 159, 160, 161, 162, 163, 164, 165, 166, 167, 169, 170, 172, 173, 175, 176, 178, 179, 180, 182, 183, 185, 186, 188, 189, 190, 191, 192, 193, 194, 195, 196, 197, 198, 200, 201, 202, 203, 206, 207, 208, 210, 212, 213, 214, 215, 216, 217, 218, 219, 220, 221, 222, 225, 226, 227, 228, 229, 230, 231, 233, 234, 235, 236, 238, 239, 240, 241, 242, 243, 244, 245, 246, 247, 248, 249, 250, 251, 252, 253, 254, 255, 256, 257, 258, 259, 260, 261, 262, 263, 264, 266, 270, 271, 273, 274, 275, 276, 277, 278, 279, 280, 281, 282, 283, 284, 285, 286, 287, 288, 289, 291, 292, 293, 294, 295, 296]
Linhas de Teste [0, 3, 4, 6, 12, 14, 15, 21, 23, 34, 35, 38, 46, 47, 48, 50, 52, 56, 62, 66, 73, 76, 88, 102, 103, 108, 111, 115, 123, 127, 130, 136, 139, 145, 146, 152, 158, 168, 171, 174, 177, 181, 184, 187, 199, 204, 205, 209, 211, 223, 224, 232, 237, 265, 267, 268, 269, 272, 290]
R2 de Treino = 78.26
R2 de Teste = 79.58
Coeficientes (pesos): [ 23.3394269  -11.11680437 -17.14746528  -8.55034479 -10.07207741
  -0.35268667  -5.33746003  -3.59528208  -1.45220763   3.28775441
   0.50971825   2.11998932   0.73195445   1.32441153   2.41761933
   4.02060219  -0.44633611  -1.6234053   10.21066885   1.30920013]
Interceptor (constante): 132.06669132910648

#################  Rodada 145 / 150  96.67 %
Parâmetros ('EV_MA', 'TST_MA', 'WAI_MA', 'saz_sin', 'saz_cos')
Linhas de Treino [0, 2, 3, 4, 5, 6, 7, 8, 9, 11, 12, 13, 14, 15, 17, 18, 21, 22, 23, 28, 29, 31, 32, 33, 34, 35, 36, 38, 39, 40, 41, 42, 44, 45, 46, 47, 48, 49, 50, 51, 52, 53, 54, 55, 56, 58, 59, 61, 62, 63, 64, 65, 66, 67, 69, 70, 71, 72, 73, 74, 76, 77, 78, 79, 80, 81, 82, 83, 85, 87, 88, 89, 90, 91, 94, 95, 96, 97, 99, 101, 102, 103, 105, 106, 107, 108, 109, 110, 111, 112, 113, 115, 116, 117, 118, 119, 121, 122, 123, 124, 125, 127, 128, 130, 131, 133, 134, 135, 136, 137, 138, 139, 140, 141, 142, 143, 144, 145, 146, 149, 150, 151, 152, 153, 154, 155, 156, 158, 161, 162, 163, 165, 166, 168, 169, 170, 171, 174, 175, 176, 177, 178, 180, 181, 182, 183, 184, 185, 186, 187, 188, 189, 190, 191, 192, 193, 194, 195, 196, 198, 199, 200, 201, 202, 204, 205, 206, 207, 208, 209, 210, 211, 212, 216, 217, 218, 220, 221, 222, 223, 224, 225, 227, 228, 229, 231, 232, 233, 234, 235, 236, 237, 238, 239, 240, 242, 244, 245, 246, 249, 250, 251, 252, 253, 254, 256, 257, 258, 259, 260, 262, 263, 264, 265, 267, 268, 269, 270, 271, 272, 273, 276, 277, 278, 279, 281, 283, 284, 285, 286, 287, 288, 290, 291, 292, 294, 295, 296]
Linhas de Teste [1, 10, 16, 19, 20, 24, 25, 26, 27, 30, 37, 43, 57, 60, 68, 75, 84, 86, 92, 93, 98, 100, 104, 114, 120, 126, 129, 132, 147, 148, 157, 159, 160, 164, 167, 172, 173, 179, 197, 203, 213, 214, 215, 219, 226, 230, 241, 243, 247, 248, 255, 261, 266, 274, 275, 280, 282, 289, 293]
R2 de Treino = 78.1
R2 de Teste = 76.15
Coeficientes (pesos): [ 21.16399525 -10.13546067 -14.41582401  -8.40518212  -7.70011804
  -0.70721553  -4.88140067  -1.86867347   0.03860788   4.43256
  -0.84350329   0.0753085    2.07645824   3.76560922   1.30768804
   3.85651832  -0.63634014  -1.06279649   7.94598568   0.33294443]
Interceptor (constante): 130.830841672572

#################  Rodada 146 / 150  97.33 %
Parâmetros ('EV_MA', 'TST_MA', 'WAI_MA', 'saz_sin', 'saz_cos')
Linhas de Treino [0, 1, 2, 3, 4, 5, 6, 7, 8, 9, 10, 11, 12, 16, 19, 20, 21, 23, 24, 25, 26, 27, 29, 30, 31, 32, 33, 34, 35, 36, 37, 38, 39, 40, 41, 43, 45, 46, 47, 48, 51, 52, 53, 54, 55, 56, 57, 59, 61, 62, 63, 64, 66, 67, 68, 71, 72, 73, 75, 76, 77, 78, 79, 80, 82, 83, 84, 85, 86, 87, 88, 91, 92, 94, 95, 96, 97, 98, 99, 100, 102, 103, 104, 105, 106, 107, 109, 110, 111, 112, 114, 115, 117, 118, 119, 120, 121, 122, 123, 125, 126, 127, 130, 131, 133, 134, 135, 136, 137, 138, 139, 140, 141, 142, 144, 145, 146, 147, 148, 149, 150, 151, 152, 153, 154, 155, 156, 157, 160, 161, 162, 164, 166, 167, 169, 170, 171, 172, 173, 174, 175, 177, 178, 179, 180, 181, 182, 184, 185, 187, 188, 189, 190, 192, 193, 194, 195, 196, 198, 199, 200, 202, 203, 204, 205, 206, 208, 209, 210, 213, 214, 215, 216, 217, 218, 219, 220, 221, 222, 223, 224, 225, 226, 228, 229, 230, 232, 233, 234, 235, 236, 237, 238, 239, 240, 241, 242, 243, 245, 249, 250, 251, 252, 253, 254, 257, 258, 259, 260, 261, 262, 263, 264, 265, 266, 268, 270, 271, 273, 275, 276, 278, 279, 280, 282, 283, 285, 286, 287, 288, 290, 291, 292, 293, 294, 295, 296]
Linhas de Teste [13, 14, 15, 17, 18, 22, 28, 42, 44, 49, 50, 58, 60, 65, 69, 70, 74, 81, 89, 90, 93, 101, 108, 113, 116, 124, 128, 129, 132, 143, 158, 159, 163, 165, 168, 176, 183, 186, 191, 197, 201, 207, 211, 212, 227, 231, 244, 246, 247, 248, 255, 256, 267, 269, 272, 274, 277, 281, 284, 289]
R2 de Treino = 81.03
R2 de Teste = 60.22
Coeficientes (pesos): [ 25.08066353 -10.70333897 -19.0247553   -8.89708483 -12.08746379
  -1.53324441  -5.72884443  -2.00010622  -1.8762717    4.33045666
  -0.63833276   0.90375909   2.28289527   4.49762549   2.01679645
   5.51194326   1.42569193  -2.10463822  10.88999202   3.01606447]
Interceptor (constante): 129.9897564039714

#################  Rodada 147 / 150  98.0 %
Parâmetros ('EV_MA', 'TST_MA', 'WAI_MA', 'saz_sin', 'saz_cos')
Linhas de Treino [0, 1, 2, 4, 5, 6, 7, 8, 11, 13, 14, 15, 16, 17, 18, 21, 22, 23, 24, 25, 26, 27, 28, 29, 31, 32, 33, 36, 37, 38, 39, 40, 41, 42, 43, 44, 45, 46, 47, 48, 49, 50, 51, 52, 53, 56, 57, 58, 60, 62, 65, 66, 67, 69, 70, 71, 73, 74, 77, 78, 79, 81, 82, 83, 86, 89, 90, 91, 92, 93, 95, 96, 97, 99, 100, 101, 102, 103, 104, 105, 106, 107, 108, 109, 110, 111, 113, 114, 115, 116, 117, 118, 119, 122, 123, 124, 125, 126, 128, 129, 131, 132, 134, 135, 136, 137, 138, 141, 142, 143, 146, 147, 149, 150, 151, 152, 153, 154, 155, 156, 157, 158, 159, 160, 161, 162, 163, 165, 166, 167, 168, 169, 171, 172, 173, 174, 175, 176, 177, 182, 183, 184, 186, 187, 188, 189, 190, 191, 192, 193, 194, 195, 196, 197, 198, 199, 201, 202, 203, 205, 206, 207, 208, 209, 210, 211, 212, 213, 214, 215, 216, 217, 219, 221, 222, 223, 224, 225, 226, 227, 228, 229, 230, 231, 232, 233, 235, 236, 238, 239, 240, 241, 242, 244, 245, 246, 247, 248, 249, 251, 252, 253, 255, 256, 257, 259, 261, 262, 263, 264, 265, 266, 267, 269, 270, 271, 272, 273, 274, 275, 277, 278, 279, 280, 281, 282, 283, 284, 286, 287, 289, 290, 292, 293, 294, 295, 296]
Linhas de Teste [3, 9, 10, 12, 19, 20, 30, 34, 35, 54, 55, 59, 61, 63, 64, 68, 72, 75, 76, 80, 84, 85, 87, 88, 94, 98, 112, 120, 121, 127, 130, 133, 139, 140, 144, 145, 148, 164, 170, 178, 179, 180, 181, 185, 200, 204, 218, 220, 234, 237, 243, 250, 254, 258, 260, 268, 276, 285, 288, 291]
R2 de Treino = 76.6
R2 de Teste = 77.63
Coeficientes (pesos): [ 20.46624905 -11.1843476  -15.09152275  -8.01967728  -7.49805887
   0.59941961  -4.24929398  -2.55876531  -1.245683     2.38066506
   0.61227197   0.90133158  -0.31758732   0.23444316   0.99324854
   2.76848774  -1.11326726  -1.70701348   9.43625796   0.74117063]
Interceptor (constante): 134.23954025269717

#################  Rodada 148 / 150  98.67 %
Parâmetros ('EV_MA', 'TST_MA', 'WAI_MA', 'saz_sin', 'saz_cos')
Linhas de Treino [3, 4, 5, 6, 8, 9, 10, 11, 12, 13, 14, 15, 17, 18, 19, 20, 22, 23, 24, 25, 26, 27, 28, 29, 30, 33, 34, 35, 36, 38, 40, 41, 42, 43, 44, 46, 47, 48, 49, 50, 52, 54, 55, 57, 58, 59, 60, 61, 62, 63, 64, 65, 66, 67, 68, 69, 70, 71, 72, 73, 74, 75, 76, 77, 78, 79, 80, 81, 82, 84, 85, 87, 88, 89, 90, 91, 92, 93, 94, 97, 98, 99, 101, 102, 103, 105, 107, 108, 109, 110, 111, 112, 113, 114, 115, 116, 117, 118, 120, 121, 122, 123, 124, 126, 127, 128, 129, 130, 131, 132, 133, 134, 135, 137, 138, 139, 140, 141, 143, 144, 145, 146, 147, 148, 150, 152, 155, 157, 158, 159, 160, 161, 162, 163, 164, 165, 166, 167, 168, 170, 172, 174, 176, 178, 179, 180, 181, 183, 184, 185, 186, 188, 189, 191, 193, 196, 197, 198, 200, 201, 202, 203, 204, 205, 206, 207, 209, 210, 211, 212, 213, 214, 216, 218, 219, 220, 221, 222, 223, 224, 225, 226, 227, 228, 229, 231, 232, 233, 234, 235, 236, 237, 242, 243, 244, 245, 246, 247, 248, 249, 250, 254, 255, 256, 257, 258, 259, 260, 261, 262, 263, 266, 267, 268, 269, 270, 271, 272, 273, 274, 276, 277, 279, 280, 281, 282, 283, 284, 285, 286, 288, 289, 290, 291, 292, 293, 294, 295]
Linhas de Teste [0, 1, 2, 7, 16, 21, 31, 32, 37, 39, 45, 51, 53, 56, 83, 86, 95, 96, 100, 104, 106, 119, 125, 136, 142, 149, 151, 153, 154, 156, 169, 171, 173, 175, 177, 182, 187, 190, 192, 194, 195, 199, 208, 215, 217, 230, 238, 239, 240, 241, 251, 252, 253, 264, 265, 275, 278, 287, 296]
R2 de Treino = 78.8
R2 de Teste = 74.27
Coeficientes (pesos): [ 20.81023767 -10.2419321  -14.34009428  -9.40648408  -8.1368034
   0.19002353  -4.02879775  -3.67578042  -0.17790008   1.82971679
  -0.26857623  -0.04637229   1.35302968   0.67349518   1.69628224
   2.44917344  -0.3959021   -2.21453581   8.45556633   0.38965393]
Interceptor (constante): 133.33171301230445

#################  Rodada 149 / 150  99.33 %
Parâmetros ('EV_MA', 'TST_MA', 'WAI_MA', 'saz_sin', 'saz_cos')
Linhas de Treino [0, 1, 2, 3, 4, 5, 6, 7, 9, 10, 11, 12, 13, 14, 15, 16, 17, 18, 19, 20, 21, 22, 23, 25, 28, 29, 30, 31, 32, 34, 35, 36, 37, 39, 41, 42, 43, 44, 45, 46, 48, 49, 50, 51, 53, 54, 55, 56, 58, 59, 60, 61, 62, 63, 64, 65, 66, 68, 69, 70, 71, 72, 74, 75, 76, 80, 81, 83, 84, 85, 86, 87, 88, 89, 90, 91, 92, 93, 94, 95, 96, 97, 98, 99, 100, 101, 102, 104, 105, 106, 108, 112, 113, 115, 116, 117, 119, 120, 121, 124, 125, 126, 127, 128, 129, 130, 132, 133, 134, 135, 136, 139, 140, 141, 142, 143, 144, 145, 148, 149, 151, 153, 154, 155, 156, 157, 158, 159, 161, 162, 163, 164, 165, 166, 167, 168, 169, 170, 171, 173, 174, 175, 176, 177, 178, 179, 180, 181, 182, 183, 184, 185, 186, 187, 190, 191, 192, 194, 195, 197, 198, 199, 200, 201, 202, 204, 205, 207, 208, 209, 211, 212, 213, 215, 217, 218, 219, 220, 221, 224, 225, 227, 228, 230, 231, 233, 234, 236, 237, 238, 239, 240, 241, 243, 244, 245, 246, 247, 248, 250, 251, 252, 253, 254, 255, 256, 257, 258, 260, 261, 264, 265, 267, 268, 269, 272, 273, 274, 275, 276, 277, 278, 279, 280, 281, 282, 284, 285, 286, 287, 288, 289, 290, 291, 292, 294, 295, 296]
Linhas de Teste [8, 24, 26, 27, 33, 38, 40, 47, 52, 57, 67, 73, 77, 78, 79, 82, 103, 107, 109, 110, 111, 114, 118, 122, 123, 131, 137, 138, 146, 147, 150, 152, 160, 172, 188, 189, 193, 196, 203, 206, 210, 214, 216, 222, 223, 226, 229, 232, 235, 242, 249, 259, 262, 263, 266, 270, 271, 283, 293]
R2 de Treino = 79.01
R2 de Teste = 73.5
Coeficientes (pesos): [ 21.64203003 -10.27570045 -14.49878688  -8.47167091  -6.66874006
  -0.73499431  -4.51346931  -1.98409214  -0.18183066   4.65112236
  -0.4187305    0.93770956   1.75338286   1.92964835   0.75221422
   3.88386831  -2.53690181  -0.41992989   8.59041838   0.81837649]
Interceptor (constante): 130.96442585664664

#################  Rodada 150 / 150  100.0 %
Parâmetros ('EV_MA', 'TST_MA', 'WAI_MA', 'saz_sin', 'saz_cos')
Linhas de Treino [0, 1, 2, 3, 7, 8, 9, 10, 12, 13, 14, 15, 16, 17, 18, 19, 20, 21, 22, 24, 26, 27, 28, 30, 31, 32, 33, 34, 35, 37, 38, 39, 40, 42, 44, 45, 47, 49, 50, 51, 52, 53, 54, 55, 56, 57, 58, 59, 60, 61, 63, 64, 65, 67, 68, 69, 70, 72, 73, 74, 75, 76, 77, 78, 79, 80, 81, 82, 83, 84, 85, 86, 87, 88, 89, 90, 93, 94, 95, 96, 98, 100, 101, 103, 104, 106, 107, 108, 109, 110, 111, 112, 113, 114, 116, 118, 119, 120, 121, 122, 123, 124, 125, 127, 128, 129, 130, 131, 132, 133, 136, 137, 138, 139, 140, 142, 143, 144, 145, 146, 147, 148, 149, 150, 151, 152, 153, 154, 156, 158, 159, 160, 163, 164, 165, 168, 169, 170, 171, 172, 173, 175, 176, 177, 178, 179, 180, 181, 182, 183, 185, 186, 187, 188, 189, 190, 191, 192, 193, 194, 195, 196, 197, 199, 200, 201, 203, 204, 206, 207, 208, 210, 211, 212, 214, 215, 216, 217, 218, 220, 222, 223, 226, 227, 229, 230, 231, 232, 234, 235, 237, 238, 239, 240, 241, 242, 243, 244, 246, 247, 248, 249, 250, 251, 252, 253, 254, 255, 256, 258, 259, 260, 262, 263, 264, 265, 266, 267, 268, 269, 270, 271, 272, 274, 275, 276, 277, 278, 281, 283, 284, 285, 287, 288, 289, 291, 293, 296]
Linhas de Teste [4, 5, 6, 11, 23, 25, 29, 36, 41, 43, 46, 48, 62, 66, 71, 91, 92, 97, 99, 102, 105, 115, 117, 126, 134, 135, 141, 155, 157, 161, 162, 166, 167, 174, 184, 198, 202, 205, 209, 213, 219, 221, 224, 225, 228, 233, 236, 245, 257, 261, 273, 279, 280, 282, 286, 290, 292, 294, 295]
R2 de Treino = 78.55
R2 de Teste = 75.76
Coeficientes (pesos): [ 20.48505236 -10.84560757 -14.49406053  -7.78218575  -5.56260566
   0.02453939  -5.24075478  -3.49862591  -0.94350442   3.40612857
  -0.1650536    1.25621313   1.01134244   1.67003231   1.34906079
   4.41464025  -1.76950645  -0.10400456   8.73757788   1.15664004]
Interceptor (constante): 131.02988408144782
