
********* Melhor Resultado do Fold ************
Linhas de Treino [0, 1, 2, 3, 4, 8, 10, 11, 12, 13, 14, 15, 16, 18, 19, 20, 21, 22, 23, 26, 27, 28, 29, 30, 31, 32, 34, 35, 36, 37, 38, 39, 40, 41, 43, 44, 47, 48, 49, 50, 51, 52, 53, 54, 55, 56, 57, 58, 61, 62, 64, 65, 66, 67, 68, 69, 70, 71, 72, 74, 76, 79, 80, 81, 83, 85, 86, 87, 88, 89, 91, 94, 95, 96, 98, 99, 100, 102, 103, 104, 105, 106, 107, 109, 110, 112, 113, 114, 115, 117, 118, 119, 120, 121, 122, 123, 125, 127, 128, 129, 130, 131, 132, 133, 134, 135, 136, 137, 138, 140, 141, 142, 143, 144, 145, 146, 147, 149, 150, 151, 152, 153, 155, 156, 157, 159, 160, 161, 162, 163, 164, 165, 166, 168, 169, 170, 171, 172, 173, 174, 177, 178, 179, 180, 184, 186, 187, 188, 189, 190, 191, 193, 194, 196, 197, 198, 199, 200, 201, 202, 203, 204, 205, 206, 207, 209, 210, 212, 213, 214, 215, 216, 217, 218, 220, 221, 223, 225, 226, 227, 228, 229, 230, 231, 232, 235, 236, 238, 239, 240, 241, 242, 243, 244, 246, 247, 248, 249, 250, 251, 252, 253, 254, 255, 256, 257, 258, 259, 260, 261, 262, 264, 265, 266, 267, 268, 269, 270, 271, 272, 273, 274, 276, 277, 280, 281, 282, 284, 286, 287, 288, 289, 290, 291, 293, 295, 296]
Linhas de Teste [5, 6, 7, 9, 17, 24, 25, 33, 42, 45, 46, 59, 60, 63, 73, 75, 77, 78, 82, 84, 90, 92, 93, 97, 101, 108, 111, 116, 124, 126, 139, 148, 154, 158, 167, 175, 176, 181, 182, 183, 185, 192, 195, 208, 211, 219, 222, 224, 233, 234, 237, 245, 263, 275, 278, 279, 283, 285, 292, 294]

Rodada 1 / 150  0.67 %
Parâmetros ('EV_CA', 'PRE_CA', 'TST_CA', 'saz_sin', 'saz_cos')
R2 de Treino = 95.48
R2 de Teste = 93.65
Coeficientes (pesos): [32.16096324 -5.17045663 -4.26780969 -5.16068029 -5.43969461 -4.67536748
 -1.95824208 -5.86486792  4.49154766  6.09199505 -0.57774197 -1.13787118
  0.58639102  3.61091753 -0.5151592   4.56660128  5.52799836  1.491668
  1.08678612 -0.99697809]
Interceptor (constante): 82.61596488814692


********* Melhor Resultado do Fold ************
Linhas de Treino [0, 1, 2, 3, 4, 5, 6, 7, 8, 9, 11, 12, 13, 14, 17, 20, 21, 23, 24, 25, 26, 27, 28, 29, 32, 33, 34, 35, 36, 38, 39, 40, 41, 42, 43, 44, 45, 46, 47, 48, 49, 50, 51, 52, 53, 54, 57, 58, 59, 60, 61, 62, 63, 64, 65, 70, 71, 73, 74, 75, 77, 78, 80, 81, 82, 83, 84, 85, 87, 88, 89, 90, 91, 92, 93, 94, 95, 97, 98, 99, 100, 101, 102, 103, 105, 106, 107, 108, 110, 111, 112, 115, 116, 117, 120, 121, 122, 123, 124, 126, 127, 128, 129, 130, 131, 133, 134, 135, 136, 138, 139, 140, 141, 142, 143, 145, 148, 149, 150, 151, 152, 153, 154, 155, 156, 158, 160, 161, 162, 163, 164, 165, 166, 167, 169, 171, 172, 173, 174, 175, 176, 179, 181, 182, 183, 185, 186, 187, 188, 189, 190, 191, 192, 193, 194, 195, 196, 198, 199, 200, 201, 204, 205, 206, 207, 208, 209, 211, 212, 213, 214, 215, 216, 217, 218, 219, 220, 222, 224, 225, 227, 229, 230, 231, 232, 233, 234, 235, 236, 237, 238, 239, 240, 241, 243, 245, 247, 248, 249, 250, 251, 252, 254, 255, 256, 257, 258, 260, 261, 262, 263, 264, 265, 268, 269, 270, 271, 272, 274, 275, 276, 278, 279, 281, 282, 283, 284, 285, 287, 288, 290, 291, 292, 293, 294, 295, 296]
Linhas de Teste [10, 15, 16, 18, 19, 22, 30, 31, 37, 55, 56, 66, 67, 68, 69, 72, 76, 79, 86, 96, 104, 109, 113, 114, 118, 119, 125, 132, 137, 144, 146, 147, 157, 159, 168, 170, 177, 178, 180, 184, 197, 202, 203, 210, 221, 223, 226, 228, 242, 244, 246, 253, 259, 266, 267, 273, 277, 280, 286, 289]

Rodada 2 / 150  1.33 %
Parâmetros ('EV_CA', 'PRE_CA', 'TST_CA', 'saz_sin', 'saz_cos')
R2 de Treino = 95.22
R2 de Teste = 93.96
Coeficientes (pesos): [ 3.21259007e+01 -4.33559118e+00 -5.43503298e+00 -5.55447490e+00
 -5.21574182e+00 -5.17753567e+00 -3.26187108e+00 -6.28740073e+00
  4.84703307e+00  6.61977647e+00 -4.99597273e-01 -2.44128039e+00
  7.17981895e-01  3.28523536e+00 -3.51198437e-01  5.67826659e+00
  5.59694431e+00  1.02416157e+00 -1.21519309e-03 -1.11538793e+00]
Interceptor (constante): 84.86054620276215


********* Melhor Resultado do Fold ************
Linhas de Treino [1, 3, 4, 5, 6, 7, 8, 9, 10, 11, 13, 14, 15, 16, 17, 18, 19, 20, 21, 22, 23, 24, 25, 27, 30, 31, 32, 33, 34, 36, 37, 39, 40, 42, 43, 44, 45, 46, 47, 48, 49, 50, 52, 53, 54, 55, 56, 58, 59, 60, 61, 62, 63, 64, 66, 67, 68, 69, 70, 71, 72, 73, 75, 76, 77, 78, 79, 80, 81, 82, 84, 86, 87, 88, 90, 91, 92, 93, 94, 96, 97, 98, 99, 100, 101, 102, 103, 104, 105, 106, 108, 109, 110, 111, 113, 114, 116, 118, 119, 121, 122, 123, 124, 125, 126, 128, 130, 131, 132, 133, 134, 135, 137, 138, 139, 144, 145, 146, 147, 148, 149, 150, 151, 153, 154, 156, 157, 158, 159, 160, 161, 162, 163, 166, 167, 168, 169, 170, 171, 174, 175, 176, 177, 178, 180, 181, 182, 183, 184, 185, 187, 188, 189, 190, 191, 192, 195, 197, 198, 199, 200, 201, 202, 203, 205, 207, 208, 210, 211, 212, 214, 215, 216, 217, 219, 220, 221, 222, 223, 224, 226, 227, 228, 229, 231, 232, 233, 234, 235, 236, 237, 238, 241, 242, 243, 244, 245, 246, 247, 251, 252, 253, 254, 255, 256, 257, 258, 259, 260, 261, 263, 264, 266, 267, 269, 270, 271, 272, 273, 275, 276, 277, 278, 279, 280, 283, 284, 285, 286, 287, 288, 289, 291, 292, 293, 294, 295, 296]
Linhas de Teste [0, 2, 12, 26, 28, 29, 35, 38, 41, 51, 57, 65, 74, 83, 85, 89, 95, 107, 112, 115, 117, 120, 127, 129, 136, 140, 141, 142, 143, 152, 155, 164, 165, 172, 173, 179, 186, 193, 194, 196, 204, 206, 209, 213, 218, 225, 230, 239, 240, 248, 249, 250, 262, 265, 268, 274, 281, 282, 290]

Rodada 3 / 150  2.0 %
Parâmetros ('EV_CA', 'PRE_CA', 'TST_CA', 'saz_sin', 'saz_cos')
R2 de Treino = 94.72
R2 de Teste = 95.89
Coeficientes (pesos): [ 3.20392021e+01 -4.78940152e+00 -4.72596793e+00 -5.94346837e+00
 -5.56201890e+00 -3.71285167e+00 -2.22036479e+00 -4.40171096e+00
  2.84792564e+00  5.22792656e+00 -2.78566589e-01 -1.14291841e+00
  8.39334783e-01  2.10547886e+00  2.97233933e-02  3.38650013e+00
  4.30597566e+00  4.09477098e-01  1.99363910e+00 -1.04463210e+00]
Interceptor (constante): 85.13208082379494


********* Melhor Resultado do Fold ************
Linhas de Treino [0, 1, 2, 3, 5, 6, 7, 9, 10, 12, 13, 15, 16, 17, 18, 19, 20, 21, 22, 24, 25, 26, 28, 29, 30, 31, 33, 34, 35, 37, 38, 41, 42, 43, 45, 46, 48, 49, 50, 51, 52, 53, 54, 55, 56, 57, 58, 59, 60, 63, 65, 66, 67, 68, 69, 71, 72, 73, 74, 75, 76, 77, 78, 79, 80, 82, 83, 84, 85, 86, 87, 88, 89, 90, 91, 92, 93, 95, 96, 97, 99, 101, 102, 103, 104, 105, 106, 107, 108, 109, 111, 112, 113, 114, 115, 116, 117, 118, 119, 120, 121, 124, 125, 126, 127, 129, 130, 131, 132, 133, 134, 136, 137, 139, 140, 141, 142, 143, 144, 145, 146, 147, 148, 149, 151, 152, 154, 155, 157, 158, 159, 160, 161, 163, 164, 165, 166, 167, 168, 169, 170, 172, 173, 174, 175, 176, 177, 178, 179, 180, 181, 182, 183, 184, 185, 186, 187, 188, 189, 190, 191, 192, 193, 194, 195, 196, 197, 202, 203, 204, 205, 206, 208, 209, 210, 211, 213, 214, 217, 218, 219, 220, 221, 222, 223, 224, 225, 226, 228, 230, 233, 234, 235, 237, 239, 240, 241, 242, 243, 244, 245, 246, 247, 248, 249, 250, 252, 253, 257, 259, 262, 263, 265, 266, 267, 268, 270, 273, 274, 275, 276, 277, 278, 279, 280, 281, 282, 283, 284, 285, 286, 289, 290, 291, 292, 294, 295, 296]
Linhas de Teste [4, 8, 11, 14, 23, 27, 32, 36, 39, 40, 44, 47, 61, 62, 64, 70, 81, 94, 98, 100, 110, 122, 123, 128, 135, 138, 150, 153, 156, 162, 171, 198, 199, 200, 201, 207, 212, 215, 216, 227, 229, 231, 232, 236, 238, 251, 254, 255, 256, 258, 260, 261, 264, 269, 271, 272, 287, 288, 293]

Rodada 4 / 150  2.67 %
Parâmetros ('EV_CA', 'PRE_CA', 'TST_CA', 'saz_sin', 'saz_cos')
R2 de Treino = 94.69
R2 de Teste = 96.22
Coeficientes (pesos): [31.8742692  -4.41905378 -3.5714564  -5.9417189  -6.84292812 -2.82365261
 -1.73326958 -3.16230672  1.82861851  3.33691761 -0.41006189 -1.25194241
  0.8014077   2.63378791  0.47647507  3.51657611  3.19827033  0.27148985
  2.82406845 -0.52849944]
Interceptor (constante): 85.14443625277472


********* Melhor Resultado do Fold ************
Linhas de Treino [0, 2, 4, 5, 6, 7, 8, 9, 10, 11, 12, 14, 15, 16, 17, 18, 19, 22, 23, 24, 25, 26, 27, 28, 29, 30, 31, 32, 33, 35, 36, 37, 38, 39, 40, 41, 42, 44, 45, 46, 47, 51, 55, 56, 57, 59, 60, 61, 62, 63, 64, 65, 66, 67, 68, 69, 70, 72, 73, 74, 75, 76, 77, 78, 79, 81, 82, 83, 84, 85, 86, 89, 90, 92, 93, 94, 95, 96, 97, 98, 100, 101, 104, 107, 108, 109, 110, 111, 112, 113, 114, 115, 116, 117, 118, 119, 120, 122, 123, 124, 125, 126, 127, 128, 129, 132, 135, 136, 137, 138, 139, 140, 141, 142, 143, 144, 146, 147, 148, 150, 152, 153, 154, 155, 156, 157, 158, 159, 162, 164, 165, 167, 168, 170, 171, 172, 173, 175, 176, 177, 178, 179, 180, 181, 182, 183, 184, 185, 186, 192, 193, 194, 195, 196, 197, 198, 199, 200, 201, 202, 203, 204, 206, 207, 208, 209, 210, 211, 212, 213, 215, 216, 218, 219, 221, 222, 223, 224, 225, 226, 227, 228, 229, 230, 231, 232, 233, 234, 236, 237, 238, 239, 240, 242, 244, 245, 246, 248, 249, 250, 251, 253, 254, 255, 256, 258, 259, 260, 261, 262, 263, 264, 265, 266, 267, 268, 269, 271, 272, 273, 274, 275, 277, 278, 279, 280, 281, 282, 283, 285, 286, 287, 288, 289, 290, 292, 293, 294]
Linhas de Teste [1, 3, 13, 20, 21, 34, 43, 48, 49, 50, 52, 53, 54, 58, 71, 80, 87, 88, 91, 99, 102, 103, 105, 106, 121, 130, 131, 133, 134, 145, 149, 151, 160, 161, 163, 166, 169, 174, 187, 188, 189, 190, 191, 205, 214, 217, 220, 235, 241, 243, 247, 252, 257, 270, 276, 284, 291, 295, 296]

Rodada 5 / 150  3.33 %
Parâmetros ('EV_CA', 'PRE_CA', 'TST_CA', 'saz_sin', 'saz_cos')
R2 de Treino = 95.63
R2 de Teste = 91.98
Coeficientes (pesos): [33.39974768 -3.75235762 -3.50963618 -5.26291647 -7.16990831 -4.73373555
 -2.83859448 -5.92590492  3.39815022  6.93024612 -0.62182811 -2.3226105
  0.8941752   2.99442267 -0.79278242  3.83465335  6.63049129  1.15241634
  2.70295124 -1.10796632]
Interceptor (constante): 83.10740956905107


********* Melhor Resultado do Fold ************
Linhas de Treino [0, 1, 3, 4, 5, 6, 7, 9, 11, 12, 14, 15, 16, 17, 18, 19, 20, 21, 22, 23, 25, 26, 28, 31, 32, 33, 34, 35, 36, 37, 38, 39, 42, 43, 45, 46, 47, 48, 49, 50, 51, 52, 53, 54, 56, 57, 59, 60, 61, 62, 63, 64, 65, 66, 67, 68, 69, 73, 75, 77, 79, 82, 83, 84, 85, 88, 89, 90, 91, 92, 93, 94, 95, 96, 97, 98, 99, 100, 101, 102, 103, 104, 105, 106, 107, 108, 110, 112, 113, 114, 115, 116, 117, 118, 119, 120, 121, 122, 123, 124, 125, 126, 127, 128, 129, 132, 134, 135, 136, 139, 140, 141, 142, 143, 144, 146, 147, 148, 149, 150, 151, 152, 153, 154, 155, 157, 159, 160, 161, 162, 163, 164, 165, 167, 168, 169, 171, 172, 173, 174, 175, 177, 178, 179, 180, 181, 185, 187, 188, 189, 190, 191, 193, 195, 196, 197, 198, 199, 200, 202, 203, 205, 206, 207, 209, 212, 213, 215, 216, 217, 218, 219, 220, 221, 222, 224, 225, 226, 227, 228, 229, 230, 231, 232, 233, 234, 235, 236, 237, 239, 241, 242, 245, 247, 248, 249, 250, 251, 252, 253, 254, 255, 256, 257, 258, 261, 262, 263, 264, 265, 266, 267, 268, 269, 271, 272, 273, 274, 275, 276, 277, 278, 279, 281, 282, 283, 284, 285, 286, 287, 288, 290, 291, 292, 293, 295, 296]
Linhas de Teste [2, 8, 10, 13, 24, 27, 29, 30, 40, 41, 44, 55, 58, 70, 71, 72, 74, 76, 78, 80, 81, 86, 87, 109, 111, 130, 131, 133, 137, 138, 145, 156, 158, 166, 170, 176, 182, 183, 184, 186, 192, 194, 201, 204, 208, 210, 211, 214, 223, 238, 240, 243, 244, 246, 259, 260, 270, 280, 289, 294]

Rodada 6 / 150  4.0 %
Parâmetros ('EV_CA', 'PRE_CA', 'TST_CA', 'saz_sin', 'saz_cos')
R2 de Treino = 95.45
R2 de Teste = 93.41
Coeficientes (pesos): [ 3.25851444e+01 -5.46499442e+00 -4.49552535e+00 -5.50986678e+00
 -5.89609918e+00 -3.92285035e+00 -2.27200295e+00 -4.47585501e+00
  2.97623887e+00  4.98352363e+00 -7.02888556e-01 -1.65021170e+00
  1.31913216e+00  3.89648292e+00  2.40443665e-02  3.68889742e+00
  4.43323938e+00  6.23966092e-01  1.78528899e+00 -7.56330187e-01]
Interceptor (constante): 83.72773014292338


********* Melhor Resultado do Fold ************
Linhas de Treino [0, 2, 3, 4, 5, 7, 8, 9, 10, 12, 13, 14, 15, 16, 17, 18, 19, 21, 22, 23, 24, 25, 26, 27, 28, 29, 30, 31, 32, 33, 34, 35, 36, 37, 38, 40, 41, 42, 44, 45, 46, 47, 48, 49, 50, 51, 52, 53, 54, 55, 56, 57, 58, 59, 61, 62, 64, 65, 66, 68, 69, 70, 71, 72, 74, 75, 76, 78, 80, 81, 84, 85, 86, 87, 88, 89, 91, 92, 93, 94, 95, 96, 97, 98, 99, 100, 102, 103, 105, 107, 108, 109, 111, 113, 114, 115, 116, 117, 119, 121, 123, 124, 125, 126, 127, 128, 129, 130, 131, 132, 133, 134, 136, 137, 138, 139, 140, 141, 142, 143, 144, 145, 146, 147, 149, 150, 151, 152, 153, 154, 156, 157, 158, 159, 160, 161, 166, 167, 168, 169, 170, 171, 172, 173, 174, 175, 176, 178, 179, 180, 182, 183, 184, 185, 186, 187, 189, 190, 191, 192, 193, 194, 195, 197, 198, 199, 201, 202, 203, 204, 207, 208, 210, 211, 212, 214, 215, 217, 218, 219, 220, 222, 223, 224, 225, 226, 227, 228, 229, 230, 232, 233, 234, 235, 237, 238, 240, 241, 243, 244, 245, 246, 248, 250, 251, 252, 254, 255, 256, 257, 259, 260, 262, 263, 264, 265, 266, 267, 270, 271, 272, 273, 275, 276, 278, 279, 280, 282, 283, 284, 285, 288, 289, 292, 294, 295, 296]
Linhas de Teste [1, 6, 11, 20, 39, 43, 60, 63, 67, 73, 77, 79, 82, 83, 90, 101, 104, 106, 110, 112, 118, 120, 122, 135, 148, 155, 162, 163, 164, 165, 177, 181, 188, 196, 200, 205, 206, 209, 213, 216, 221, 231, 236, 239, 242, 247, 249, 253, 258, 261, 268, 269, 274, 277, 281, 286, 287, 290, 291, 293]

Rodada 7 / 150  4.67 %
Parâmetros ('EV_CA', 'PRE_CA', 'TST_CA', 'saz_sin', 'saz_cos')
R2 de Treino = 95.65
R2 de Teste = 92.46
Coeficientes (pesos): [31.72566205 -4.72326548 -5.500116   -5.45681839 -4.81152584 -4.97485644
 -2.15850071 -5.52670734  3.95637967  5.98185    -0.29686621 -1.47595357
  0.53947051  2.19399392 -0.15746015  4.57400191  5.09647824  1.06385556
  0.94419957 -0.94656531]
Interceptor (constante): 84.53403967425446


********* Melhor Resultado do Fold ************
Linhas de Treino [1, 2, 3, 4, 5, 6, 7, 8, 10, 11, 12, 13, 14, 16, 17, 19, 20, 23, 24, 25, 26, 27, 29, 30, 31, 34, 35, 36, 37, 38, 39, 40, 41, 42, 43, 44, 45, 48, 49, 50, 52, 53, 55, 56, 57, 58, 59, 60, 62, 63, 64, 65, 66, 67, 69, 70, 71, 72, 73, 74, 76, 77, 78, 79, 80, 81, 82, 83, 85, 86, 87, 90, 91, 93, 94, 96, 97, 98, 100, 101, 102, 103, 104, 106, 107, 108, 109, 110, 111, 112, 113, 114, 115, 118, 120, 122, 124, 126, 127, 129, 130, 131, 133, 134, 135, 136, 137, 138, 141, 142, 143, 145, 146, 148, 149, 150, 151, 152, 154, 155, 156, 157, 158, 160, 162, 163, 164, 165, 166, 169, 170, 171, 172, 173, 174, 175, 176, 177, 179, 180, 181, 182, 183, 184, 185, 186, 187, 188, 189, 190, 191, 192, 193, 194, 196, 199, 200, 201, 203, 204, 205, 206, 207, 208, 209, 210, 211, 213, 214, 216, 217, 218, 219, 220, 221, 222, 223, 225, 228, 229, 231, 232, 233, 236, 237, 238, 239, 240, 242, 243, 244, 246, 247, 248, 249, 250, 252, 253, 254, 255, 256, 257, 258, 259, 260, 261, 262, 263, 264, 265, 266, 267, 268, 269, 270, 271, 272, 273, 274, 276, 277, 278, 279, 280, 281, 282, 283, 285, 286, 287, 288, 289, 290, 291, 292, 293, 294, 295]
Linhas de Teste [0, 9, 15, 18, 21, 22, 28, 32, 33, 46, 47, 51, 54, 61, 68, 75, 84, 88, 89, 92, 95, 99, 105, 116, 117, 119, 121, 123, 125, 128, 132, 139, 140, 144, 147, 153, 159, 161, 167, 168, 178, 195, 197, 198, 202, 212, 215, 224, 226, 227, 230, 234, 235, 241, 245, 251, 275, 284, 296]

Rodada 8 / 150  5.33 %
Parâmetros ('EV_CA', 'PRE_CA', 'TST_CA', 'saz_sin', 'saz_cos')
R2 de Treino = 94.93
R2 de Teste = 95.07
Coeficientes (pesos): [33.31057556 -4.55841548 -3.85444662 -5.36146744 -6.62333097 -5.44033541
 -2.49472342 -6.62663039  3.76519274  8.23314495 -0.37566888 -2.12649116
  0.98904189  2.62641379 -0.60102097  4.50441085  7.03709323  1.39451348
  1.53489428 -1.5058436 ]
Interceptor (constante): 84.32460035322875


********* Melhor Resultado do Fold ************
Linhas de Treino [0, 1, 2, 3, 5, 6, 8, 9, 10, 11, 13, 15, 16, 17, 18, 20, 21, 22, 23, 24, 26, 27, 28, 29, 30, 31, 32, 33, 34, 36, 37, 39, 40, 41, 43, 44, 45, 46, 47, 48, 50, 51, 53, 54, 55, 57, 58, 60, 61, 63, 66, 67, 68, 70, 71, 72, 73, 74, 75, 76, 77, 78, 79, 80, 81, 82, 83, 84, 85, 86, 87, 88, 89, 90, 92, 94, 95, 96, 98, 99, 101, 103, 104, 105, 106, 109, 110, 111, 112, 113, 115, 116, 117, 118, 119, 120, 121, 122, 123, 125, 126, 127, 128, 129, 130, 131, 132, 133, 135, 137, 138, 139, 140, 144, 145, 146, 147, 148, 150, 153, 154, 155, 156, 157, 158, 159, 160, 161, 162, 163, 164, 165, 166, 167, 168, 170, 171, 173, 174, 176, 177, 178, 180, 181, 182, 183, 184, 186, 187, 188, 190, 191, 192, 193, 194, 195, 196, 197, 198, 200, 201, 202, 204, 205, 206, 208, 209, 210, 211, 212, 213, 214, 215, 216, 217, 219, 221, 222, 223, 224, 225, 226, 227, 229, 230, 231, 232, 233, 234, 235, 236, 237, 238, 239, 240, 241, 242, 243, 244, 245, 246, 247, 249, 251, 252, 253, 254, 255, 258, 259, 260, 261, 262, 263, 268, 269, 270, 272, 274, 275, 276, 277, 278, 280, 281, 282, 283, 284, 285, 286, 287, 289, 290, 291, 293, 294, 295, 296]
Linhas de Teste [4, 7, 12, 14, 19, 25, 35, 38, 42, 49, 52, 56, 59, 62, 64, 65, 69, 91, 93, 97, 100, 102, 107, 108, 114, 124, 134, 136, 141, 142, 143, 149, 151, 152, 169, 172, 175, 179, 185, 189, 199, 203, 207, 218, 220, 228, 248, 250, 256, 257, 264, 265, 266, 267, 271, 273, 279, 288, 292]

Rodada 9 / 150  6.0 %
Parâmetros ('EV_CA', 'PRE_CA', 'TST_CA', 'saz_sin', 'saz_cos')
R2 de Treino = 94.74
R2 de Teste = 96.06
Coeficientes (pesos): [31.53474702 -4.93822171 -4.23061328 -5.38981391 -5.85270557 -3.95915587
 -1.41493724 -5.78222058  3.39269114  5.2128192  -0.50331561 -0.59199237
  0.774681    2.6952979  -0.66116138  4.42056739  4.85167996  0.68496034
  1.84399349 -0.84394707]
Interceptor (constante): 83.35713741487618


********* Melhor Resultado do Fold ************
Linhas de Treino [0, 1, 2, 4, 6, 7, 8, 9, 10, 11, 12, 13, 14, 15, 18, 19, 20, 21, 22, 24, 25, 27, 28, 29, 30, 32, 33, 35, 38, 39, 40, 41, 42, 43, 44, 46, 47, 49, 51, 52, 54, 55, 56, 58, 59, 60, 61, 62, 63, 64, 65, 67, 68, 69, 70, 71, 72, 73, 74, 75, 76, 77, 78, 79, 80, 81, 82, 83, 84, 86, 87, 88, 89, 90, 91, 92, 93, 95, 97, 99, 100, 101, 102, 104, 105, 106, 107, 108, 109, 110, 111, 112, 114, 116, 117, 118, 119, 120, 121, 122, 123, 124, 125, 128, 130, 131, 132, 133, 134, 135, 136, 137, 138, 139, 140, 141, 142, 143, 144, 145, 147, 148, 149, 151, 152, 153, 155, 156, 158, 159, 161, 162, 163, 164, 165, 166, 167, 168, 169, 170, 172, 175, 176, 177, 178, 179, 181, 182, 183, 184, 185, 186, 188, 189, 192, 194, 195, 196, 197, 198, 199, 200, 201, 202, 203, 204, 205, 206, 207, 208, 209, 210, 211, 212, 213, 214, 215, 216, 218, 220, 221, 223, 224, 226, 227, 228, 230, 231, 234, 235, 236, 238, 239, 240, 241, 242, 243, 244, 245, 246, 247, 248, 249, 250, 251, 253, 256, 257, 258, 259, 260, 261, 264, 265, 266, 267, 268, 269, 270, 271, 273, 274, 275, 277, 279, 280, 281, 284, 286, 287, 288, 289, 290, 291, 292, 293, 294, 296]
Linhas de Teste [3, 5, 16, 17, 23, 26, 31, 34, 36, 37, 45, 48, 50, 53, 57, 66, 85, 94, 96, 98, 103, 113, 115, 126, 127, 129, 146, 150, 154, 157, 160, 171, 173, 174, 180, 187, 190, 191, 193, 217, 219, 222, 225, 229, 232, 233, 237, 252, 254, 255, 262, 263, 272, 276, 278, 282, 283, 285, 295]

Rodada 10 / 150  6.67 %
Parâmetros ('EV_CA', 'PRE_CA', 'TST_CA', 'saz_sin', 'saz_cos')
R2 de Treino = 95.09
R2 de Teste = 95.02
Coeficientes (pesos): [32.61366864 -3.28839035 -3.54613876 -6.12150663 -6.98672484 -2.8227216
 -3.15169645 -2.98831448  3.24888419  4.16152131 -0.33287917 -1.74559475
  0.58258505  2.88138733  0.24494138  3.56575624  3.98566898  0.61362388
  2.12398278 -0.75721716]
Interceptor (constante): 84.37073594469042


********* Melhor Resultado do Fold ************
Linhas de Treino [0, 2, 3, 4, 5, 6, 7, 8, 9, 10, 11, 13, 15, 16, 18, 19, 20, 21, 22, 24, 25, 26, 27, 28, 29, 31, 32, 33, 34, 37, 38, 40, 41, 42, 43, 45, 46, 48, 49, 50, 51, 52, 53, 54, 55, 56, 57, 58, 59, 60, 62, 63, 64, 65, 66, 68, 69, 71, 73, 74, 76, 77, 78, 79, 80, 81, 82, 83, 84, 85, 87, 89, 90, 91, 94, 96, 97, 98, 100, 101, 102, 104, 105, 107, 108, 109, 111, 112, 114, 115, 116, 117, 118, 119, 120, 121, 122, 124, 125, 126, 127, 128, 131, 132, 133, 135, 136, 137, 139, 140, 142, 143, 144, 145, 146, 147, 148, 150, 151, 152, 153, 154, 155, 156, 157, 158, 159, 160, 161, 162, 163, 164, 165, 166, 167, 168, 169, 171, 172, 173, 174, 176, 177, 179, 181, 182, 183, 184, 185, 186, 187, 188, 189, 190, 191, 193, 195, 196, 197, 198, 199, 201, 202, 203, 204, 206, 209, 210, 211, 212, 213, 214, 216, 217, 219, 220, 221, 222, 223, 224, 226, 227, 228, 229, 230, 232, 236, 237, 238, 240, 241, 242, 243, 244, 245, 246, 247, 248, 249, 250, 251, 252, 253, 256, 257, 258, 259, 260, 261, 262, 263, 264, 265, 266, 267, 268, 269, 270, 272, 273, 274, 275, 276, 277, 280, 281, 282, 283, 284, 286, 287, 288, 289, 290, 293, 294, 295]
Linhas de Teste [1, 12, 14, 17, 23, 30, 35, 36, 39, 44, 47, 61, 67, 70, 72, 75, 86, 88, 92, 93, 95, 99, 103, 106, 110, 113, 123, 129, 130, 134, 138, 141, 149, 170, 175, 178, 180, 192, 194, 200, 205, 207, 208, 215, 218, 225, 231, 233, 234, 235, 239, 254, 255, 271, 278, 279, 285, 291, 292, 296]

Rodada 11 / 150  7.33 %
Parâmetros ('EV_CA', 'PRE_CA', 'TST_CA', 'saz_sin', 'saz_cos')
R2 de Treino = 96.14
R2 de Teste = 90.51
Coeficientes (pesos): [31.21525262 -3.90348923 -5.29248892 -5.14416029 -5.32050839 -4.64171436
 -2.60955629 -6.65400411  4.52817163  7.76007954 -0.24351749 -1.93488345
 -0.05071102  2.08207146 -1.69175927  4.08602302  7.97207365  1.08326904
  1.20639993 -1.63012563]
Interceptor (constante): 82.70178354481607


********* Melhor Resultado do Fold ************
Linhas de Treino [0, 1, 2, 3, 4, 5, 6, 7, 8, 9, 10, 11, 12, 13, 14, 15, 17, 18, 19, 22, 23, 25, 26, 27, 28, 29, 30, 31, 32, 33, 34, 35, 36, 37, 38, 39, 40, 43, 44, 45, 46, 47, 48, 49, 50, 52, 53, 54, 55, 56, 57, 58, 59, 60, 61, 62, 63, 64, 65, 67, 69, 70, 71, 72, 73, 74, 75, 77, 79, 81, 82, 84, 85, 86, 88, 89, 90, 91, 92, 93, 94, 95, 97, 98, 99, 100, 101, 102, 103, 104, 106, 108, 109, 110, 111, 112, 113, 114, 116, 117, 118, 121, 122, 123, 124, 125, 128, 129, 130, 131, 132, 133, 134, 135, 136, 138, 140, 141, 142, 143, 144, 145, 146, 147, 148, 149, 151, 152, 154, 155, 156, 157, 158, 159, 160, 163, 164, 166, 167, 168, 169, 170, 172, 173, 174, 175, 176, 177, 178, 179, 180, 181, 184, 185, 187, 188, 189, 190, 191, 192, 193, 194, 196, 197, 199, 200, 201, 202, 203, 205, 207, 208, 209, 210, 212, 214, 215, 216, 217, 218, 219, 221, 225, 226, 227, 228, 229, 230, 231, 232, 233, 234, 235, 236, 237, 238, 239, 241, 242, 243, 244, 246, 248, 249, 251, 252, 253, 254, 255, 256, 257, 258, 260, 262, 265, 266, 267, 268, 269, 271, 274, 278, 279, 280, 281, 282, 284, 285, 286, 289, 290, 291, 292, 293, 294, 295, 296]
Linhas de Teste [16, 20, 21, 24, 41, 42, 51, 66, 68, 76, 78, 80, 83, 87, 96, 105, 107, 115, 119, 120, 126, 127, 137, 139, 150, 153, 161, 162, 165, 171, 182, 183, 186, 195, 198, 204, 206, 211, 213, 220, 222, 223, 224, 240, 245, 247, 250, 259, 261, 263, 264, 270, 272, 273, 275, 276, 277, 283, 287, 288]

Rodada 12 / 150  8.0 %
Parâmetros ('EV_CA', 'PRE_CA', 'TST_CA', 'saz_sin', 'saz_cos')
R2 de Treino = 95.05
R2 de Teste = 94.92
Coeficientes (pesos): [32.27767086 -5.37756114 -4.02714544 -4.93138849 -5.44124021 -3.84814903
 -2.21259603 -3.11195213  3.51132604  4.10767644 -0.46946279 -2.0567244
  0.84068471  3.25727491  0.889517    3.71327363  3.16714055  0.65089905
  2.33815641  0.16668585]
Interceptor (constante): 85.10505555073162


********* Melhor Resultado do Fold ************
Linhas de Treino [0, 1, 2, 4, 6, 7, 8, 9, 11, 12, 13, 14, 15, 16, 17, 18, 19, 20, 21, 23, 24, 27, 28, 29, 30, 32, 34, 35, 36, 38, 39, 40, 41, 42, 43, 44, 45, 46, 47, 48, 51, 53, 55, 57, 59, 60, 61, 66, 67, 68, 69, 70, 72, 73, 75, 76, 78, 79, 80, 81, 83, 86, 87, 88, 89, 90, 91, 92, 93, 95, 96, 99, 100, 101, 103, 105, 106, 107, 108, 110, 113, 114, 115, 116, 117, 118, 119, 120, 121, 123, 125, 126, 127, 129, 130, 131, 133, 134, 135, 137, 138, 139, 140, 141, 142, 143, 144, 145, 146, 147, 148, 149, 150, 151, 152, 153, 154, 155, 156, 158, 159, 160, 161, 162, 163, 164, 165, 166, 167, 169, 170, 171, 172, 173, 175, 177, 178, 180, 181, 182, 183, 184, 185, 186, 189, 190, 191, 192, 193, 194, 195, 198, 199, 200, 201, 202, 203, 204, 205, 206, 207, 208, 211, 212, 213, 214, 215, 216, 218, 219, 220, 222, 223, 224, 225, 226, 227, 228, 229, 231, 232, 233, 234, 235, 236, 238, 239, 240, 241, 242, 244, 245, 246, 247, 249, 250, 251, 252, 253, 254, 255, 256, 257, 258, 259, 260, 261, 262, 263, 264, 266, 267, 268, 270, 271, 272, 273, 274, 275, 276, 277, 278, 279, 280, 281, 282, 283, 284, 285, 286, 287, 288, 290, 291, 292, 293, 295, 296]
Linhas de Teste [3, 5, 10, 22, 25, 26, 31, 33, 37, 49, 50, 52, 54, 56, 58, 62, 63, 64, 65, 71, 74, 77, 82, 84, 85, 94, 97, 98, 102, 104, 109, 111, 112, 122, 124, 128, 132, 136, 157, 168, 174, 176, 179, 187, 188, 196, 197, 209, 210, 217, 221, 230, 237, 243, 248, 265, 269, 289, 294]

Rodada 13 / 150  8.67 %
Parâmetros ('EV_CA', 'PRE_CA', 'TST_CA', 'saz_sin', 'saz_cos')
R2 de Treino = 94.75
R2 de Teste = 96.04
Coeficientes (pesos): [33.19533256 -4.50600262 -3.33259176 -6.47528686 -7.02823255 -3.94956574
 -1.94268214 -3.09516795  3.18655382  4.19339822 -0.47141437 -1.55653809
  1.0134372   2.60198988  0.54669484  3.71042217  3.3343502   0.4103003
  1.86643442 -0.80538657]
Interceptor (constante): 84.2310268730211


********* Melhor Resultado do Fold ************
Linhas de Treino [0, 1, 3, 4, 5, 6, 8, 10, 12, 14, 16, 17, 18, 19, 20, 21, 22, 23, 24, 25, 26, 28, 30, 31, 33, 35, 36, 37, 38, 39, 41, 42, 43, 44, 46, 47, 49, 50, 51, 52, 54, 56, 57, 58, 60, 61, 62, 63, 64, 65, 66, 67, 68, 69, 70, 71, 72, 73, 74, 75, 76, 77, 78, 79, 80, 82, 83, 84, 85, 86, 87, 88, 90, 92, 93, 94, 95, 96, 97, 98, 99, 102, 103, 104, 105, 106, 107, 109, 110, 111, 112, 113, 115, 116, 117, 119, 120, 121, 122, 123, 124, 125, 126, 127, 128, 129, 130, 131, 132, 133, 134, 135, 136, 137, 138, 139, 140, 141, 144, 146, 147, 148, 149, 150, 153, 157, 159, 161, 162, 163, 164, 165, 166, 167, 168, 169, 170, 171, 172, 173, 174, 175, 176, 178, 179, 180, 181, 182, 183, 184, 186, 187, 188, 189, 190, 192, 193, 194, 195, 196, 197, 198, 200, 201, 202, 204, 205, 206, 207, 208, 209, 210, 211, 212, 213, 215, 216, 217, 218, 219, 220, 221, 222, 223, 224, 225, 226, 228, 229, 230, 231, 233, 234, 235, 237, 239, 240, 241, 243, 245, 247, 248, 250, 251, 252, 253, 254, 255, 259, 261, 262, 263, 264, 265, 267, 268, 269, 270, 271, 272, 273, 274, 275, 276, 277, 278, 279, 282, 283, 285, 287, 288, 289, 290, 291, 292, 294, 296]
Linhas de Teste [2, 7, 9, 11, 13, 15, 27, 29, 32, 34, 40, 45, 48, 53, 55, 59, 81, 89, 91, 100, 101, 108, 114, 118, 142, 143, 145, 151, 152, 154, 155, 156, 158, 160, 177, 185, 191, 199, 203, 214, 227, 232, 236, 238, 242, 244, 246, 249, 256, 257, 258, 260, 266, 280, 281, 284, 286, 293, 295]

Rodada 14 / 150  9.33 %
Parâmetros ('EV_CA', 'PRE_CA', 'TST_CA', 'saz_sin', 'saz_cos')
R2 de Treino = 95.34
R2 de Teste = 93.36
Coeficientes (pesos): [32.6287868  -4.10164633 -4.87345011 -5.9607927  -5.53627154 -4.06703399
 -2.87323108 -6.08011166  2.62818421  4.94255509 -0.98876933 -1.22460125
  1.4030117   4.11888639 -0.41147579  4.50102179  4.65852779  1.40381454
  1.46617958 -0.94166054]
Interceptor (constante): 84.56967124696025


********* Melhor Resultado do Fold ************
Linhas de Treino [1, 2, 3, 5, 7, 9, 10, 11, 12, 13, 14, 15, 16, 17, 20, 21, 22, 23, 24, 25, 26, 27, 29, 30, 31, 32, 33, 34, 35, 36, 37, 39, 40, 41, 42, 44, 45, 47, 48, 49, 50, 51, 52, 53, 54, 55, 56, 58, 59, 61, 62, 63, 64, 65, 66, 67, 68, 70, 71, 72, 74, 75, 76, 77, 78, 80, 81, 82, 83, 84, 85, 86, 87, 88, 89, 91, 92, 93, 94, 95, 96, 97, 98, 99, 100, 101, 102, 103, 104, 105, 106, 107, 108, 109, 110, 111, 112, 113, 114, 115, 118, 119, 120, 122, 123, 124, 126, 127, 128, 129, 130, 132, 134, 136, 137, 138, 139, 141, 142, 143, 145, 149, 150, 151, 152, 153, 154, 155, 156, 157, 158, 160, 161, 162, 165, 168, 170, 171, 174, 175, 176, 177, 178, 179, 180, 182, 183, 185, 186, 187, 188, 191, 192, 194, 195, 196, 197, 198, 199, 200, 203, 204, 205, 206, 207, 208, 209, 210, 211, 213, 214, 215, 217, 218, 220, 221, 222, 223, 224, 225, 227, 230, 231, 232, 233, 234, 235, 236, 237, 238, 239, 240, 242, 243, 244, 245, 246, 247, 248, 249, 250, 254, 255, 256, 257, 258, 259, 260, 261, 263, 264, 265, 266, 269, 270, 271, 272, 273, 275, 276, 277, 278, 279, 280, 281, 283, 284, 285, 286, 287, 288, 289, 291, 292, 293, 294, 295, 296]
Linhas de Teste [0, 4, 6, 8, 18, 19, 28, 38, 43, 46, 57, 60, 69, 73, 79, 90, 116, 117, 121, 125, 131, 133, 135, 140, 144, 146, 147, 148, 159, 163, 164, 166, 167, 169, 172, 173, 181, 184, 189, 190, 193, 201, 202, 212, 216, 219, 226, 228, 229, 241, 251, 252, 253, 262, 267, 268, 274, 282, 290]

Rodada 15 / 150  10.0 %
Parâmetros ('EV_CA', 'PRE_CA', 'TST_CA', 'saz_sin', 'saz_cos')
R2 de Treino = 94.77
R2 de Teste = 96.05
Coeficientes (pesos): [31.69814507 -4.62442763 -4.8049838  -5.32692254 -6.3737274  -4.32682304
 -2.47728016 -6.2171251   3.35087424  6.61555933 -0.47264142 -1.75028442
  1.24626734  3.11099977 -0.37055768  4.95721181  5.69937915  0.82581065
  1.16340183 -1.54503053]
Interceptor (constante): 84.50386397389849


********* Melhor Resultado do Fold ************
Linhas de Treino [0, 1, 2, 3, 4, 5, 7, 8, 9, 10, 11, 12, 13, 14, 16, 18, 19, 22, 24, 25, 26, 28, 29, 30, 31, 32, 33, 34, 35, 36, 37, 38, 39, 40, 41, 42, 43, 44, 45, 46, 48, 50, 51, 52, 54, 55, 59, 61, 62, 63, 64, 65, 66, 67, 68, 69, 71, 72, 73, 74, 75, 76, 77, 78, 80, 82, 83, 85, 87, 88, 89, 91, 92, 93, 94, 95, 96, 99, 100, 101, 102, 103, 104, 105, 108, 109, 110, 111, 112, 113, 114, 115, 116, 117, 118, 119, 122, 124, 125, 126, 128, 129, 130, 131, 132, 133, 135, 136, 137, 138, 139, 141, 142, 143, 144, 145, 146, 147, 148, 149, 150, 151, 152, 153, 155, 156, 158, 159, 160, 161, 162, 163, 164, 166, 167, 170, 171, 172, 173, 174, 175, 176, 177, 178, 179, 180, 181, 183, 184, 186, 189, 191, 192, 193, 194, 195, 196, 197, 198, 199, 200, 201, 202, 203, 204, 206, 207, 208, 209, 210, 211, 213, 214, 215, 216, 217, 218, 219, 221, 222, 224, 225, 226, 227, 228, 229, 230, 231, 232, 233, 235, 237, 239, 242, 243, 244, 245, 246, 247, 248, 249, 250, 253, 254, 255, 256, 257, 258, 260, 261, 262, 263, 264, 265, 266, 267, 269, 271, 272, 273, 275, 276, 277, 278, 279, 280, 281, 283, 285, 286, 287, 289, 290, 292, 293, 295, 296]
Linhas de Teste [6, 15, 17, 20, 21, 23, 27, 47, 49, 53, 56, 57, 58, 60, 70, 79, 81, 84, 86, 90, 97, 98, 106, 107, 120, 121, 123, 127, 134, 140, 154, 157, 165, 168, 169, 182, 185, 187, 188, 190, 205, 212, 220, 223, 234, 236, 238, 240, 241, 251, 252, 259, 268, 270, 274, 282, 284, 288, 291, 294]

Rodada 16 / 150  10.67 %
Parâmetros ('EV_CA', 'PRE_CA', 'TST_CA', 'saz_sin', 'saz_cos')
R2 de Treino = 95.07
R2 de Teste = 94.9
Coeficientes (pesos): [31.82770011 -4.52983074 -4.80754071 -5.65877343 -5.91537144 -3.47194802
 -2.90704589 -4.3377062   2.42022381  5.48190868 -0.49836782 -2.41030006
  0.97653461  3.27289759 -0.31820578  3.51112323  5.29081742  0.74290539
  1.65356158 -1.09568067]
Interceptor (constante): 84.98703740072317


********* Melhor Resultado do Fold ************
Linhas de Treino [0, 2, 3, 4, 5, 6, 8, 9, 10, 12, 13, 14, 15, 16, 17, 18, 19, 20, 21, 22, 23, 24, 25, 26, 27, 29, 30, 31, 32, 33, 34, 35, 36, 37, 38, 39, 41, 43, 46, 47, 48, 49, 52, 53, 54, 56, 57, 58, 59, 60, 61, 62, 63, 64, 65, 66, 67, 68, 69, 70, 71, 72, 74, 75, 76, 77, 78, 79, 81, 82, 83, 84, 85, 86, 88, 89, 90, 92, 93, 94, 96, 97, 98, 99, 100, 103, 104, 106, 107, 108, 110, 111, 112, 116, 117, 119, 120, 121, 122, 123, 124, 125, 127, 129, 130, 131, 132, 133, 134, 135, 136, 137, 138, 139, 140, 141, 142, 143, 144, 145, 146, 147, 149, 150, 151, 152, 153, 154, 156, 157, 160, 161, 162, 164, 165, 167, 168, 169, 170, 171, 172, 173, 175, 177, 178, 179, 181, 182, 183, 184, 185, 187, 188, 189, 190, 191, 193, 195, 196, 197, 200, 202, 205, 206, 208, 209, 211, 212, 214, 217, 218, 219, 220, 221, 222, 223, 224, 225, 227, 228, 229, 231, 232, 234, 235, 236, 238, 239, 240, 241, 242, 243, 244, 245, 246, 247, 248, 249, 250, 251, 252, 254, 255, 259, 260, 263, 264, 265, 266, 267, 268, 269, 270, 271, 272, 274, 275, 276, 277, 278, 279, 280, 281, 282, 283, 284, 285, 286, 288, 289, 290, 291, 292, 293, 294, 295, 296]
Linhas de Teste [1, 7, 11, 28, 40, 42, 44, 45, 50, 51, 55, 73, 80, 87, 91, 95, 101, 102, 105, 109, 113, 114, 115, 118, 126, 128, 148, 155, 158, 159, 163, 166, 174, 176, 180, 186, 192, 194, 198, 199, 201, 203, 204, 207, 210, 213, 215, 216, 226, 230, 233, 237, 253, 256, 257, 258, 261, 262, 273, 287]

Rodada 17 / 150  11.33 %
Parâmetros ('EV_CA', 'PRE_CA', 'TST_CA', 'saz_sin', 'saz_cos')
R2 de Treino = 95.36
R2 de Teste = 93.61
Coeficientes (pesos): [33.87139195 -4.35305009 -3.36598088 -5.57930573 -6.32499448 -3.90713025
 -1.58750363 -2.85034088  3.25244526  4.42359194 -0.37852032 -1.29991653
  0.37037312  2.24567208  0.91857102  2.85660293  3.38578069  0.60195449
  3.30088524 -0.10107413]
Interceptor (constante): 84.5342554582803


********* Melhor Resultado do Fold ************
Linhas de Treino [0, 1, 2, 3, 4, 5, 6, 7, 8, 9, 11, 12, 15, 16, 17, 18, 19, 20, 21, 23, 24, 25, 27, 28, 30, 33, 35, 36, 37, 39, 40, 41, 42, 43, 44, 45, 46, 47, 48, 49, 50, 51, 53, 55, 56, 57, 58, 60, 61, 62, 63, 64, 65, 66, 67, 68, 69, 70, 72, 73, 74, 76, 77, 78, 79, 80, 81, 82, 83, 84, 86, 87, 89, 90, 91, 93, 94, 95, 97, 98, 99, 100, 101, 102, 105, 106, 107, 108, 109, 110, 111, 112, 113, 114, 115, 116, 117, 118, 119, 120, 121, 123, 125, 126, 127, 128, 129, 132, 133, 134, 135, 136, 137, 138, 139, 140, 141, 142, 144, 145, 148, 149, 150, 151, 153, 154, 155, 157, 158, 159, 160, 162, 163, 165, 166, 167, 168, 169, 171, 172, 174, 176, 177, 178, 179, 180, 182, 184, 185, 186, 187, 188, 190, 192, 193, 194, 197, 198, 199, 201, 202, 203, 204, 205, 207, 208, 210, 211, 212, 213, 215, 216, 217, 219, 220, 222, 223, 224, 225, 226, 227, 228, 229, 230, 232, 233, 234, 235, 236, 237, 238, 239, 240, 241, 242, 243, 244, 246, 247, 248, 249, 250, 251, 252, 253, 254, 256, 257, 258, 259, 261, 262, 263, 265, 266, 267, 268, 269, 270, 272, 273, 274, 275, 276, 280, 282, 283, 284, 285, 287, 288, 290, 291, 292, 293, 294, 295, 296]
Linhas de Teste [10, 13, 14, 22, 26, 29, 31, 32, 34, 38, 52, 54, 59, 71, 75, 85, 88, 92, 96, 103, 104, 122, 124, 130, 131, 143, 146, 147, 152, 156, 161, 164, 170, 173, 175, 181, 183, 189, 191, 195, 196, 200, 206, 209, 214, 218, 221, 231, 245, 255, 260, 264, 271, 277, 278, 279, 281, 286, 289]

Rodada 18 / 150  12.0 %
Parâmetros ('EV_CA', 'PRE_CA', 'TST_CA', 'saz_sin', 'saz_cos')
R2 de Treino = 95.71
R2 de Teste = 91.64
Coeficientes (pesos): [30.44342655 -4.97334538 -6.94140216 -5.25003237 -4.46881742 -5.4232649
 -2.30421911 -7.45187244  4.21448107  7.0143449  -0.76477554 -1.52824642
  0.67393729  4.35493811 -1.18902227  4.8559458   7.31359007  2.06343978
  0.09986062 -2.45959497]
Interceptor (constante): 81.24984124158101


********* Melhor Resultado do Fold ************
Linhas de Treino [1, 3, 5, 6, 7, 10, 11, 12, 13, 14, 15, 17, 20, 21, 22, 23, 24, 26, 27, 28, 29, 30, 31, 32, 33, 34, 35, 38, 39, 40, 41, 42, 44, 45, 47, 49, 50, 51, 52, 53, 54, 55, 56, 57, 58, 59, 60, 61, 65, 66, 67, 69, 70, 71, 73, 74, 75, 78, 79, 80, 81, 82, 84, 85, 86, 87, 88, 90, 91, 92, 93, 94, 95, 96, 97, 98, 100, 101, 102, 103, 104, 105, 106, 107, 108, 109, 110, 111, 112, 113, 114, 115, 117, 118, 120, 121, 122, 123, 124, 125, 126, 127, 128, 130, 131, 133, 134, 135, 136, 140, 143, 144, 145, 146, 147, 148, 149, 151, 152, 154, 155, 156, 157, 158, 159, 161, 163, 164, 165, 166, 168, 169, 170, 173, 174, 175, 176, 178, 179, 180, 181, 182, 183, 184, 185, 186, 187, 188, 189, 190, 191, 192, 193, 194, 195, 196, 197, 198, 199, 200, 201, 202, 203, 204, 205, 206, 207, 209, 210, 211, 212, 213, 214, 215, 216, 218, 219, 220, 221, 222, 223, 225, 226, 227, 228, 229, 230, 231, 232, 233, 234, 235, 236, 237, 238, 240, 241, 242, 245, 246, 250, 251, 252, 253, 255, 256, 257, 258, 259, 260, 261, 262, 263, 264, 267, 268, 270, 271, 272, 273, 274, 275, 277, 278, 279, 281, 282, 283, 284, 285, 286, 287, 288, 289, 291, 292, 294, 295]
Linhas de Teste [0, 2, 4, 8, 9, 16, 18, 19, 25, 36, 37, 43, 46, 48, 62, 63, 64, 68, 72, 76, 77, 83, 89, 99, 116, 119, 129, 132, 137, 138, 139, 141, 142, 150, 153, 160, 162, 167, 171, 172, 177, 208, 217, 224, 239, 243, 244, 247, 248, 249, 254, 265, 266, 269, 276, 280, 290, 293, 296]

Rodada 19 / 150  12.67 %
Parâmetros ('EV_CA', 'PRE_CA', 'TST_CA', 'saz_sin', 'saz_cos')
R2 de Treino = 95.3
R2 de Teste = 93.48
Coeficientes (pesos): [32.72800906 -2.59299307 -3.19607915 -6.09599128 -7.69062227 -4.57998372
 -3.17857683 -6.08625476  3.80969635  6.70915792 -0.17332396 -2.18448829
  0.77662792  0.74406217 -0.31453033  5.36790818  4.92339346  0.54550473
  1.86901509 -0.39737361]
Interceptor (constante): 85.3410538822899


********* Melhor Resultado do Fold ************
Linhas de Treino [0, 1, 2, 4, 6, 7, 8, 9, 10, 11, 13, 14, 15, 16, 17, 18, 19, 20, 21, 22, 23, 25, 26, 27, 28, 29, 31, 32, 34, 36, 37, 38, 40, 42, 43, 44, 45, 46, 47, 48, 49, 50, 51, 52, 53, 54, 55, 56, 57, 58, 59, 60, 62, 63, 64, 68, 70, 71, 72, 73, 75, 76, 77, 79, 80, 81, 83, 84, 85, 86, 87, 88, 89, 90, 91, 92, 95, 96, 97, 98, 99, 101, 102, 103, 104, 105, 106, 107, 109, 113, 114, 115, 116, 118, 119, 120, 121, 122, 123, 124, 126, 127, 128, 129, 130, 131, 132, 134, 137, 138, 139, 140, 141, 142, 143, 146, 147, 148, 150, 152, 153, 154, 155, 156, 157, 158, 159, 160, 161, 162, 163, 164, 165, 166, 167, 168, 169, 170, 171, 172, 173, 174, 175, 176, 177, 180, 181, 182, 183, 185, 186, 187, 188, 189, 190, 191, 192, 194, 195, 196, 198, 199, 200, 201, 203, 204, 205, 206, 207, 208, 209, 210, 212, 213, 214, 215, 216, 217, 218, 220, 221, 223, 224, 226, 230, 231, 233, 234, 236, 237, 238, 239, 240, 241, 243, 244, 245, 247, 248, 249, 251, 252, 253, 254, 255, 256, 257, 258, 259, 260, 261, 262, 264, 265, 266, 268, 269, 270, 271, 273, 274, 276, 277, 278, 279, 280, 281, 282, 284, 286, 287, 288, 289, 290, 291, 293, 294, 296]
Linhas de Teste [3, 5, 12, 24, 30, 33, 35, 39, 41, 61, 65, 66, 67, 69, 74, 78, 82, 93, 94, 100, 108, 110, 111, 112, 117, 125, 133, 135, 136, 144, 145, 149, 151, 178, 179, 184, 193, 197, 202, 211, 219, 222, 225, 227, 228, 229, 232, 235, 242, 246, 250, 263, 267, 272, 275, 283, 285, 292, 295]

Rodada 20 / 150  13.33 %
Parâmetros ('EV_CA', 'PRE_CA', 'TST_CA', 'saz_sin', 'saz_cos')
R2 de Treino = 94.57
R2 de Teste = 95.98
Coeficientes (pesos): [32.37049822 -5.73143208 -3.44779239 -5.45773076 -5.71875563 -3.93418354
 -1.77014648 -5.41096832  4.44917833  4.60057125 -0.61302656 -0.3413103
  1.06284214  3.60100095  0.08745208  5.3948071   3.73510591  0.33220694
  0.84608888 -0.37050718]
Interceptor (constante): 84.43170041804241


********* Melhor Resultado do Fold ************
Linhas de Treino [0, 1, 2, 3, 4, 6, 7, 8, 9, 10, 11, 13, 14, 15, 16, 17, 18, 19, 20, 21, 22, 23, 24, 25, 26, 28, 30, 31, 32, 33, 34, 35, 36, 38, 39, 40, 41, 42, 43, 45, 46, 47, 48, 50, 52, 53, 54, 55, 56, 58, 60, 61, 63, 65, 66, 68, 69, 71, 72, 73, 74, 75, 77, 79, 80, 81, 82, 84, 85, 86, 87, 88, 90, 91, 93, 95, 96, 97, 98, 99, 100, 101, 102, 103, 105, 106, 107, 108, 110, 111, 112, 113, 114, 115, 116, 118, 119, 121, 122, 124, 125, 126, 127, 128, 129, 130, 131, 133, 135, 136, 137, 138, 139, 140, 141, 142, 143, 144, 145, 146, 147, 148, 149, 150, 152, 153, 154, 155, 157, 158, 159, 160, 161, 162, 164, 165, 166, 168, 169, 171, 172, 174, 175, 177, 179, 181, 182, 184, 185, 186, 187, 188, 192, 193, 194, 195, 196, 197, 198, 199, 200, 201, 204, 207, 208, 209, 210, 211, 212, 213, 214, 217, 219, 220, 221, 222, 223, 224, 228, 229, 230, 231, 232, 233, 234, 235, 236, 238, 239, 240, 241, 243, 244, 245, 246, 247, 248, 249, 250, 252, 253, 254, 255, 256, 257, 258, 259, 261, 262, 263, 264, 265, 266, 267, 268, 269, 270, 271, 272, 274, 276, 277, 279, 280, 281, 282, 283, 284, 285, 288, 289, 290, 291, 292, 293, 294, 295]
Linhas de Teste [5, 12, 27, 29, 37, 44, 49, 51, 57, 59, 62, 64, 67, 70, 76, 78, 83, 89, 92, 94, 104, 109, 117, 120, 123, 132, 134, 151, 156, 163, 167, 170, 173, 176, 178, 180, 183, 189, 190, 191, 202, 203, 205, 206, 215, 216, 218, 225, 226, 227, 237, 242, 251, 260, 273, 275, 278, 286, 287, 296]

Rodada 21 / 150  14.0 %
Parâmetros ('EV_CA', 'PRE_CA', 'TST_CA', 'saz_sin', 'saz_cos')
R2 de Treino = 95.22
R2 de Teste = 94.32
Coeficientes (pesos): [32.45447926 -3.80224546 -4.0537874  -6.4567133  -6.98009529 -4.85014788
 -2.49396411 -5.05166783  4.13788857  6.06581756 -0.37797963 -1.58087815
  0.06924031  2.62365331  0.47044521  4.55203216  4.56018917  0.48806948
  1.34533317 -1.96118191]
Interceptor (constante): 85.97144943780826


********* Melhor Resultado do Fold ************
Linhas de Treino [1, 3, 4, 5, 6, 7, 8, 10, 11, 12, 13, 16, 17, 18, 19, 21, 23, 24, 25, 26, 27, 28, 29, 30, 31, 32, 33, 35, 36, 37, 38, 39, 40, 41, 44, 45, 46, 49, 50, 51, 52, 53, 54, 55, 56, 57, 58, 59, 62, 63, 64, 65, 66, 67, 68, 69, 70, 72, 73, 74, 75, 76, 77, 78, 80, 81, 83, 84, 85, 86, 87, 89, 91, 92, 94, 95, 96, 97, 98, 99, 102, 104, 105, 106, 107, 108, 109, 110, 111, 112, 113, 114, 116, 117, 118, 119, 120, 121, 123, 124, 125, 127, 128, 129, 130, 131, 132, 133, 134, 136, 137, 139, 140, 141, 142, 143, 144, 145, 146, 147, 148, 149, 150, 151, 152, 153, 154, 155, 156, 157, 159, 160, 161, 163, 164, 165, 166, 167, 169, 170, 171, 173, 174, 175, 176, 177, 178, 180, 181, 183, 184, 185, 186, 187, 188, 189, 190, 191, 193, 194, 195, 196, 197, 199, 201, 202, 203, 204, 205, 206, 207, 209, 210, 211, 212, 213, 214, 215, 216, 218, 219, 220, 221, 222, 225, 226, 227, 228, 229, 230, 231, 234, 235, 237, 238, 240, 242, 243, 246, 248, 249, 251, 252, 253, 254, 256, 260, 261, 263, 265, 266, 267, 268, 271, 272, 273, 274, 275, 276, 277, 278, 279, 280, 281, 282, 283, 284, 285, 286, 287, 289, 290, 292, 293, 294, 295, 296]
Linhas de Teste [0, 2, 9, 14, 15, 20, 22, 34, 42, 43, 47, 48, 60, 61, 71, 79, 82, 88, 90, 93, 100, 101, 103, 115, 122, 126, 135, 138, 158, 162, 168, 172, 179, 182, 192, 198, 200, 208, 217, 223, 224, 232, 233, 236, 239, 241, 244, 245, 247, 250, 255, 257, 258, 259, 262, 264, 269, 270, 288, 291]

Rodada 22 / 150  14.67 %
Parâmetros ('EV_CA', 'PRE_CA', 'TST_CA', 'saz_sin', 'saz_cos')
R2 de Treino = 95.48
R2 de Teste = 92.41
Coeficientes (pesos): [33.08744678 -5.44876247 -4.66166378 -5.01463071 -4.8585084  -3.73014656
 -3.48210325 -5.13698463  2.48481048  6.50374949 -0.48000573 -2.37932788
  1.81807028  3.30990206 -0.6821905   4.26063846  6.5226698   1.5472086
  1.2083137  -1.2997895 ]
Interceptor (constante): 83.46934741847268


********* Melhor Resultado do Fold ************
Linhas de Treino [0, 1, 2, 3, 4, 5, 6, 7, 8, 9, 10, 12, 13, 14, 15, 17, 18, 19, 20, 21, 22, 23, 24, 27, 28, 29, 31, 34, 35, 36, 37, 39, 42, 43, 44, 45, 46, 47, 48, 49, 50, 51, 52, 53, 54, 57, 58, 59, 60, 61, 62, 64, 66, 67, 69, 70, 71, 73, 74, 76, 77, 78, 79, 80, 81, 82, 83, 84, 85, 86, 87, 88, 89, 90, 91, 92, 93, 94, 95, 96, 97, 98, 100, 101, 102, 103, 104, 107, 108, 109, 111, 112, 113, 114, 115, 117, 118, 119, 120, 122, 123, 124, 126, 127, 128, 129, 130, 131, 132, 134, 135, 136, 138, 139, 140, 141, 143, 145, 146, 147, 150, 151, 153, 156, 157, 158, 160, 161, 162, 163, 164, 165, 167, 168, 170, 171, 172, 173, 174, 175, 176, 177, 178, 179, 180, 181, 182, 183, 185, 187, 189, 190, 191, 192, 193, 194, 195, 196, 198, 199, 200, 201, 202, 203, 205, 206, 208, 209, 210, 212, 213, 214, 215, 216, 217, 218, 221, 222, 223, 224, 225, 226, 227, 228, 229, 232, 233, 234, 236, 237, 238, 239, 240, 241, 242, 243, 244, 245, 246, 247, 248, 250, 251, 252, 254, 255, 256, 257, 258, 259, 260, 262, 263, 264, 265, 267, 269, 270, 271, 273, 275, 276, 278, 279, 281, 283, 284, 285, 286, 287, 288, 289, 290, 291, 292, 293, 295, 296]
Linhas de Teste [11, 16, 25, 26, 30, 32, 33, 38, 40, 41, 55, 56, 63, 65, 68, 72, 75, 99, 105, 106, 110, 116, 121, 125, 133, 137, 142, 144, 148, 149, 152, 154, 155, 159, 166, 169, 184, 186, 188, 197, 204, 207, 211, 219, 220, 230, 231, 235, 249, 253, 261, 266, 268, 272, 274, 277, 280, 282, 294]

Rodada 23 / 150  15.33 %
Parâmetros ('EV_CA', 'PRE_CA', 'TST_CA', 'saz_sin', 'saz_cos')
R2 de Treino = 95.02
R2 de Teste = 94.96
Coeficientes (pesos): [31.04425612 -3.84251095 -5.13200683 -4.91490256 -5.78629229 -5.49158513
 -1.44000962 -7.52133199  4.88322381  7.39275542 -0.43165538 -0.78475781
  0.56708269  1.84795804 -0.88670727  4.76419656  6.03993564  0.89566218
  0.9328469  -0.7142919 ]
Interceptor (constante): 82.31232921740006


********* Melhor Resultado do Fold ************
Linhas de Treino [0, 2, 5, 6, 7, 9, 11, 12, 14, 15, 16, 17, 18, 20, 22, 25, 26, 27, 29, 30, 31, 32, 33, 34, 37, 38, 40, 41, 42, 43, 44, 45, 47, 48, 49, 50, 51, 53, 54, 55, 56, 57, 59, 60, 61, 62, 63, 64, 65, 66, 67, 68, 70, 71, 72, 73, 75, 76, 77, 78, 79, 82, 83, 86, 87, 88, 89, 90, 91, 92, 93, 94, 95, 96, 99, 100, 101, 103, 104, 105, 106, 109, 110, 112, 113, 115, 116, 117, 119, 120, 121, 122, 123, 125, 126, 130, 131, 132, 133, 134, 135, 137, 138, 140, 141, 142, 143, 144, 148, 149, 151, 152, 154, 155, 156, 157, 158, 159, 161, 162, 163, 164, 165, 166, 167, 168, 169, 170, 172, 173, 174, 175, 176, 177, 178, 179, 180, 181, 182, 183, 184, 186, 188, 189, 190, 191, 192, 193, 195, 197, 198, 200, 202, 203, 204, 205, 206, 207, 208, 209, 210, 211, 212, 214, 215, 216, 217, 218, 219, 220, 221, 222, 223, 224, 225, 226, 227, 228, 230, 231, 232, 233, 234, 235, 236, 237, 238, 239, 240, 241, 242, 243, 244, 245, 246, 247, 248, 249, 250, 251, 253, 254, 255, 256, 257, 258, 259, 260, 261, 262, 263, 264, 265, 266, 268, 269, 270, 271, 272, 273, 274, 275, 276, 277, 278, 280, 282, 284, 285, 286, 287, 288, 289, 290, 291, 293, 294, 296]
Linhas de Teste [1, 3, 4, 8, 10, 13, 19, 21, 23, 24, 28, 35, 36, 39, 46, 52, 58, 69, 74, 80, 81, 84, 85, 97, 98, 102, 107, 108, 111, 114, 118, 124, 127, 128, 129, 136, 139, 145, 146, 147, 150, 153, 160, 171, 185, 187, 194, 196, 199, 201, 213, 229, 252, 267, 279, 281, 283, 292, 295]

Rodada 24 / 150  16.0 %
Parâmetros ('EV_CA', 'PRE_CA', 'TST_CA', 'saz_sin', 'saz_cos')
R2 de Treino = 95.29
R2 de Teste = 94.32
Coeficientes (pesos): [33.39520707 -5.65472044 -3.41583931 -5.62304653 -6.27696267 -3.57090884
 -2.20406026 -3.47690363  3.63904199  4.5797076  -0.51373464 -1.98776519
  0.67721293  3.9981052  -0.2036352   3.46544414  5.01223036  0.51528789
  2.49790911 -0.6947821 ]
Interceptor (constante): 84.07164539148597


********* Melhor Resultado do Fold ************
Linhas de Treino [0, 1, 2, 3, 4, 5, 8, 9, 10, 11, 12, 13, 14, 15, 16, 19, 20, 21, 22, 23, 24, 25, 26, 27, 28, 29, 30, 32, 33, 34, 35, 36, 37, 38, 39, 40, 41, 42, 43, 44, 46, 47, 48, 49, 51, 52, 55, 56, 57, 58, 59, 60, 61, 62, 63, 64, 65, 67, 68, 69, 70, 71, 72, 74, 75, 76, 78, 79, 80, 81, 82, 83, 84, 85, 88, 89, 90, 92, 93, 94, 97, 98, 99, 100, 101, 102, 103, 104, 105, 106, 107, 108, 109, 110, 111, 114, 115, 116, 117, 118, 120, 121, 122, 123, 124, 125, 126, 127, 128, 129, 132, 133, 134, 135, 136, 137, 138, 139, 142, 144, 145, 146, 147, 148, 149, 150, 151, 152, 153, 154, 155, 156, 158, 159, 160, 162, 163, 166, 167, 168, 169, 170, 171, 172, 173, 176, 178, 179, 180, 182, 183, 184, 185, 186, 187, 188, 189, 190, 191, 192, 194, 196, 197, 198, 199, 200, 201, 202, 203, 204, 205, 206, 207, 208, 211, 213, 215, 216, 217, 218, 219, 220, 223, 224, 225, 226, 227, 229, 230, 231, 232, 233, 235, 236, 237, 239, 241, 242, 244, 245, 247, 249, 250, 251, 252, 253, 255, 257, 258, 259, 260, 261, 262, 264, 266, 267, 268, 269, 270, 272, 273, 274, 275, 277, 278, 279, 280, 281, 282, 283, 286, 287, 288, 291, 292, 294, 295, 296]
Linhas de Teste [6, 7, 17, 18, 31, 45, 50, 53, 54, 66, 73, 77, 86, 87, 91, 95, 96, 112, 113, 119, 130, 131, 140, 141, 143, 157, 161, 164, 165, 174, 175, 177, 181, 193, 195, 209, 210, 212, 214, 221, 222, 228, 234, 238, 240, 243, 246, 248, 254, 256, 263, 265, 271, 276, 284, 285, 289, 290, 293]

Rodada 25 / 150  16.67 %
Parâmetros ('EV_CA', 'PRE_CA', 'TST_CA', 'saz_sin', 'saz_cos')
R2 de Treino = 94.9
R2 de Teste = 95.56
Coeficientes (pesos): [ 3.14580782e+01 -4.08499629e+00 -4.54928724e+00 -5.74006119e+00
 -5.76456369e+00 -4.01200450e+00 -1.61027916e+00 -5.11994306e+00
  2.85878706e+00  4.20653579e+00 -5.70127442e-01 -8.82927069e-01
  7.97583873e-01  2.56968132e+00 -1.94462977e-02  4.29650539e+00
  3.61098321e+00  9.20242004e-01  2.09723940e+00 -3.37736472e-01]
Interceptor (constante): 84.62551372359334


********* Melhor Resultado do Fold ************
Linhas de Treino [0, 1, 2, 3, 4, 5, 6, 8, 10, 11, 12, 13, 14, 16, 18, 19, 20, 21, 22, 23, 24, 25, 26, 27, 28, 30, 31, 32, 33, 34, 35, 36, 37, 38, 39, 44, 45, 46, 47, 48, 49, 50, 51, 53, 55, 56, 57, 58, 59, 60, 61, 62, 63, 64, 66, 67, 68, 69, 71, 72, 73, 74, 75, 76, 77, 78, 79, 80, 81, 83, 86, 87, 88, 89, 90, 91, 92, 93, 94, 95, 96, 97, 98, 99, 100, 102, 103, 104, 105, 106, 108, 110, 111, 112, 113, 114, 117, 119, 120, 121, 122, 123, 124, 127, 129, 131, 132, 135, 136, 137, 138, 139, 141, 142, 144, 145, 146, 147, 148, 149, 150, 151, 152, 153, 154, 155, 156, 157, 158, 159, 160, 162, 163, 165, 166, 167, 168, 169, 170, 171, 172, 173, 174, 175, 176, 177, 178, 180, 183, 184, 185, 186, 188, 189, 190, 191, 192, 193, 194, 196, 197, 198, 199, 200, 202, 203, 204, 205, 206, 208, 209, 211, 213, 214, 215, 217, 218, 219, 221, 222, 225, 226, 227, 228, 229, 230, 232, 233, 234, 236, 238, 239, 240, 241, 242, 243, 244, 245, 246, 248, 249, 250, 251, 253, 254, 255, 258, 259, 260, 261, 262, 265, 267, 268, 269, 271, 272, 273, 275, 276, 277, 278, 280, 281, 282, 283, 284, 285, 286, 288, 289, 290, 291, 292, 293, 294, 295]
Linhas de Teste [7, 9, 15, 17, 29, 40, 41, 42, 43, 52, 54, 65, 70, 82, 84, 85, 101, 107, 109, 115, 116, 118, 125, 126, 128, 130, 133, 134, 140, 143, 161, 164, 179, 181, 182, 187, 195, 201, 207, 210, 212, 216, 220, 223, 224, 231, 235, 237, 247, 252, 256, 257, 263, 264, 266, 270, 274, 279, 287, 296]

Rodada 26 / 150  17.33 %
Parâmetros ('EV_CA', 'PRE_CA', 'TST_CA', 'saz_sin', 'saz_cos')
R2 de Treino = 94.98
R2 de Teste = 95.18
Coeficientes (pesos): [32.33490462 -4.62321531 -4.19101995 -5.47637708 -5.50418813 -4.63349119
 -1.59828132 -4.73776032  3.87714899  5.13894707 -0.49013729 -1.03197053
  0.55496872  2.35783535  0.04772236  3.88122509  4.39533404  0.8426402
  1.74550043 -0.17617088]
Interceptor (constante): 83.46895959047679


********* Melhor Resultado do Fold ************
Linhas de Treino [1, 2, 4, 5, 6, 7, 8, 9, 10, 11, 12, 13, 15, 16, 17, 19, 21, 22, 24, 27, 28, 29, 30, 32, 36, 37, 38, 39, 40, 41, 42, 43, 44, 45, 46, 47, 49, 51, 52, 53, 54, 55, 57, 58, 59, 60, 61, 62, 63, 64, 65, 66, 67, 69, 70, 71, 72, 73, 75, 76, 78, 79, 80, 81, 82, 84, 85, 87, 88, 89, 90, 91, 92, 95, 96, 97, 98, 99, 100, 101, 103, 104, 106, 107, 108, 109, 112, 113, 114, 115, 116, 117, 118, 119, 122, 123, 124, 125, 126, 128, 130, 132, 133, 134, 135, 136, 137, 138, 139, 140, 141, 143, 144, 145, 146, 147, 151, 152, 154, 155, 156, 157, 159, 161, 162, 164, 165, 167, 168, 169, 170, 172, 173, 174, 175, 176, 177, 178, 179, 181, 182, 183, 185, 186, 187, 188, 189, 192, 194, 195, 196, 197, 198, 200, 201, 203, 204, 205, 206, 207, 208, 209, 210, 212, 214, 215, 216, 217, 218, 219, 220, 221, 222, 223, 224, 225, 226, 227, 228, 229, 230, 231, 233, 235, 236, 237, 238, 239, 240, 241, 242, 243, 244, 245, 247, 249, 250, 252, 253, 254, 256, 257, 258, 259, 260, 261, 262, 263, 264, 265, 266, 268, 270, 271, 272, 273, 274, 275, 276, 277, 279, 280, 281, 282, 283, 284, 285, 286, 287, 288, 290, 291, 292, 293, 294, 295, 296]
Linhas de Teste [0, 3, 14, 18, 20, 23, 25, 26, 31, 33, 34, 35, 48, 50, 56, 68, 74, 77, 83, 86, 93, 94, 102, 105, 110, 111, 120, 121, 127, 129, 131, 142, 148, 149, 150, 153, 158, 160, 163, 166, 171, 180, 184, 190, 191, 193, 199, 202, 211, 213, 232, 234, 246, 248, 251, 255, 267, 269, 278, 289]

Rodada 27 / 150  18.0 %
Parâmetros ('EV_CA', 'PRE_CA', 'TST_CA', 'saz_sin', 'saz_cos')
R2 de Treino = 95.26
R2 de Teste = 93.96
Coeficientes (pesos): [ 3.22596783e+01 -4.34900314e+00 -4.39924031e+00 -5.43226361e+00
 -6.69799236e+00 -3.19788462e+00 -3.39224170e+00 -5.17249873e+00
  3.18226439e+00  5.45771421e+00 -4.02156028e-01 -2.07905938e+00
  7.71654484e-01  3.36912785e+00 -1.79471641e-02  4.28993178e+00
  4.79318834e+00  7.75206892e-01  2.22828531e+00 -1.21773207e+00]
Interceptor (constante): 83.92657378999563


********* Melhor Resultado do Fold ************
Linhas de Treino [0, 2, 3, 4, 5, 7, 8, 9, 10, 12, 14, 15, 17, 18, 19, 20, 23, 24, 25, 26, 27, 28, 29, 31, 32, 33, 34, 35, 36, 37, 39, 40, 41, 42, 43, 44, 46, 48, 50, 51, 52, 53, 54, 55, 56, 58, 59, 60, 61, 62, 64, 65, 66, 67, 68, 70, 71, 72, 74, 75, 77, 79, 80, 81, 82, 83, 84, 85, 86, 88, 89, 90, 91, 92, 93, 94, 96, 97, 98, 100, 101, 102, 104, 105, 106, 107, 109, 110, 111, 113, 114, 115, 116, 118, 119, 120, 121, 122, 123, 124, 125, 126, 127, 128, 129, 130, 131, 132, 133, 134, 136, 138, 139, 140, 141, 142, 143, 144, 145, 146, 147, 148, 149, 150, 152, 153, 157, 158, 159, 160, 161, 162, 163, 164, 166, 167, 169, 171, 175, 176, 177, 179, 180, 181, 182, 183, 184, 185, 186, 187, 189, 190, 191, 192, 193, 194, 195, 196, 197, 198, 199, 201, 202, 205, 206, 207, 208, 210, 211, 212, 213, 214, 215, 216, 217, 218, 219, 220, 223, 224, 225, 226, 227, 229, 231, 232, 233, 234, 235, 237, 238, 240, 242, 243, 246, 247, 248, 249, 251, 252, 253, 254, 255, 256, 257, 258, 259, 260, 261, 263, 264, 265, 266, 267, 268, 269, 270, 274, 275, 277, 278, 279, 280, 281, 282, 283, 284, 285, 286, 287, 288, 289, 290, 291, 293, 294, 295, 296]
Linhas de Teste [1, 6, 11, 13, 16, 21, 22, 30, 38, 45, 47, 49, 57, 63, 69, 73, 76, 78, 87, 95, 99, 103, 108, 112, 117, 135, 137, 151, 154, 155, 156, 165, 168, 170, 172, 173, 174, 178, 188, 200, 203, 204, 209, 221, 222, 228, 230, 236, 239, 241, 244, 245, 250, 262, 271, 272, 273, 276, 292]

Rodada 28 / 150  18.67 %
Parâmetros ('EV_CA', 'PRE_CA', 'TST_CA', 'saz_sin', 'saz_cos')
R2 de Treino = 95.45
R2 de Teste = 92.67
Coeficientes (pesos): [33.9595161  -5.76287183 -3.07529904 -5.84934792 -6.40946852 -4.5569168
 -0.45281545 -4.97448834  3.79337078  5.41390961 -0.32877946 -0.59335517
  1.05936011  2.36154457 -0.21316473  4.71073538  5.09567572  0.51215447
  1.85870945 -0.8329642 ]
Interceptor (constante): 84.46670936192054


********* Melhor Resultado do Fold ************
Linhas de Treino [0, 1, 2, 3, 4, 6, 7, 8, 9, 10, 11, 12, 13, 14, 15, 16, 17, 18, 19, 20, 21, 22, 23, 25, 26, 29, 30, 31, 33, 34, 35, 38, 40, 41, 42, 43, 45, 46, 47, 48, 49, 50, 51, 52, 53, 54, 56, 57, 58, 60, 61, 62, 63, 64, 65, 68, 69, 70, 71, 72, 73, 74, 76, 77, 78, 81, 82, 83, 84, 85, 86, 87, 88, 93, 94, 95, 98, 99, 101, 102, 103, 105, 106, 107, 108, 109, 110, 111, 112, 115, 116, 117, 118, 119, 120, 121, 122, 124, 125, 126, 127, 128, 129, 130, 131, 133, 134, 135, 137, 139, 140, 141, 142, 143, 144, 145, 147, 148, 149, 150, 151, 152, 153, 154, 155, 156, 157, 158, 159, 160, 161, 162, 163, 164, 165, 166, 168, 170, 171, 172, 173, 174, 176, 177, 178, 179, 180, 181, 182, 184, 186, 187, 188, 190, 191, 192, 193, 195, 197, 198, 199, 200, 201, 202, 203, 204, 207, 209, 210, 211, 212, 213, 214, 215, 216, 217, 220, 221, 222, 223, 224, 225, 226, 228, 229, 230, 231, 232, 233, 234, 235, 236, 237, 238, 239, 240, 241, 242, 244, 245, 246, 247, 248, 250, 251, 252, 255, 256, 257, 258, 259, 260, 261, 262, 263, 264, 266, 267, 268, 269, 270, 271, 272, 273, 274, 276, 278, 279, 281, 282, 285, 287, 289, 290, 292, 294, 295, 296]
Linhas de Teste [5, 24, 27, 28, 32, 36, 37, 39, 44, 55, 59, 66, 67, 75, 79, 80, 89, 90, 91, 92, 96, 97, 100, 104, 113, 114, 123, 132, 136, 138, 146, 167, 169, 175, 183, 185, 189, 194, 196, 205, 206, 208, 218, 219, 227, 243, 249, 253, 254, 265, 275, 277, 280, 283, 284, 286, 288, 291, 293]

Rodada 29 / 150  19.33 %
Parâmetros ('EV_CA', 'PRE_CA', 'TST_CA', 'saz_sin', 'saz_cos')
R2 de Treino = 95.26
R2 de Teste = 94.27
Coeficientes (pesos): [31.29457777 -3.80076659 -5.52665926 -5.68181229 -5.76569612 -4.46406871
 -3.60550993 -4.97802691  3.50202363  5.58295456 -0.45829306 -2.978941
  0.45415877  3.33343985 -0.30376522  3.8733615   5.3401545   1.09134651
  1.40603369 -1.17718629]
Interceptor (constante): 83.93692868939566


********* Melhor Resultado do Fold ************
Linhas de Treino [0, 1, 3, 5, 6, 7, 9, 11, 13, 14, 15, 16, 17, 18, 20, 21, 22, 23, 24, 25, 26, 27, 28, 29, 30, 31, 32, 33, 34, 35, 36, 37, 38, 39, 40, 41, 42, 43, 44, 45, 47, 48, 49, 50, 52, 54, 55, 56, 57, 59, 63, 65, 66, 67, 68, 69, 70, 73, 74, 75, 76, 77, 78, 79, 80, 82, 83, 84, 85, 86, 87, 89, 90, 91, 92, 93, 94, 95, 96, 97, 99, 100, 101, 102, 103, 104, 105, 107, 108, 109, 110, 111, 112, 113, 114, 115, 116, 117, 118, 120, 121, 123, 125, 126, 127, 128, 129, 130, 131, 132, 133, 134, 135, 136, 137, 138, 140, 142, 143, 146, 148, 149, 150, 151, 153, 154, 155, 156, 158, 160, 161, 163, 164, 165, 166, 167, 168, 169, 170, 171, 172, 173, 174, 175, 178, 179, 180, 181, 182, 183, 184, 185, 187, 188, 189, 190, 191, 193, 194, 195, 196, 199, 200, 201, 202, 203, 204, 205, 206, 207, 208, 209, 210, 211, 212, 213, 216, 218, 219, 220, 221, 222, 223, 224, 227, 228, 230, 231, 232, 234, 235, 236, 237, 239, 241, 243, 244, 245, 246, 247, 248, 249, 250, 251, 252, 253, 254, 255, 256, 257, 262, 263, 264, 265, 266, 267, 269, 270, 271, 272, 273, 274, 275, 276, 277, 278, 279, 280, 283, 284, 286, 287, 288, 289, 291, 292, 293, 296]
Linhas de Teste [2, 4, 8, 10, 12, 19, 46, 51, 53, 58, 60, 61, 62, 64, 71, 72, 81, 88, 98, 106, 119, 122, 124, 139, 141, 144, 145, 147, 152, 157, 159, 162, 176, 177, 186, 192, 197, 198, 214, 215, 217, 225, 226, 229, 233, 238, 240, 242, 258, 259, 260, 261, 268, 281, 282, 285, 290, 294, 295]

Rodada 30 / 150  20.0 %
Parâmetros ('EV_CA', 'PRE_CA', 'TST_CA', 'saz_sin', 'saz_cos')
R2 de Treino = 94.94
R2 de Teste = 95.6
Coeficientes (pesos): [31.12990112 -4.11653379 -5.15292088 -5.42281745 -5.23109736 -4.14934303
 -2.51905838 -5.64048444  3.25281117  6.45467475 -0.65765266 -1.1254168
  1.28034614  2.72829616 -0.49333364  4.25473803  5.19550375  1.03015765
  0.75356249 -1.22121328]
Interceptor (constante): 84.76872453548097


********* Melhor Resultado do Fold ************
Linhas de Treino [0, 1, 2, 3, 4, 5, 6, 7, 8, 9, 11, 13, 17, 19, 20, 21, 22, 23, 24, 25, 27, 28, 30, 31, 32, 33, 34, 36, 37, 38, 39, 40, 41, 42, 43, 44, 45, 46, 48, 49, 50, 51, 52, 54, 55, 56, 58, 59, 60, 61, 63, 65, 68, 69, 72, 75, 76, 77, 78, 79, 81, 82, 83, 84, 85, 86, 88, 89, 91, 92, 93, 95, 96, 97, 98, 99, 100, 102, 103, 104, 105, 106, 107, 108, 109, 110, 111, 114, 115, 116, 117, 118, 119, 121, 122, 123, 124, 125, 126, 127, 128, 129, 130, 131, 134, 135, 136, 137, 138, 140, 141, 142, 144, 145, 146, 147, 148, 149, 150, 151, 153, 155, 157, 158, 159, 160, 161, 162, 163, 165, 166, 167, 168, 169, 172, 173, 174, 175, 176, 177, 178, 179, 181, 182, 183, 185, 186, 187, 188, 189, 190, 191, 192, 193, 194, 195, 197, 198, 199, 201, 202, 203, 204, 205, 206, 207, 208, 209, 210, 211, 212, 213, 214, 215, 216, 217, 218, 219, 220, 221, 222, 224, 225, 228, 229, 231, 232, 233, 234, 237, 238, 239, 240, 241, 242, 244, 245, 246, 247, 248, 249, 250, 251, 253, 254, 255, 259, 261, 262, 263, 264, 265, 266, 267, 268, 269, 272, 273, 274, 275, 276, 279, 280, 281, 282, 283, 284, 285, 286, 287, 288, 289, 290, 291, 293, 294, 296]
Linhas de Teste [10, 12, 14, 15, 16, 18, 26, 29, 35, 47, 53, 57, 62, 64, 66, 67, 70, 71, 73, 74, 80, 87, 90, 94, 101, 112, 113, 120, 132, 133, 139, 143, 152, 154, 156, 164, 170, 171, 180, 184, 196, 200, 223, 226, 227, 230, 235, 236, 243, 252, 256, 257, 258, 260, 270, 271, 277, 278, 292, 295]

Rodada 31 / 150  20.67 %
Parâmetros ('EV_CA', 'PRE_CA', 'TST_CA', 'saz_sin', 'saz_cos')
R2 de Treino = 95.28
R2 de Teste = 94.11
Coeficientes (pesos): [33.248596   -5.03094225 -3.5494459  -5.32786489 -5.89773186 -4.72460933
 -1.06355535 -5.42306207  4.75694596  6.01709373 -0.63279093 -0.28712454
  0.52703995  3.26283903 -0.33244305  4.86143397  5.28881077  0.94196375
  0.78355887 -0.92919838]
Interceptor (constante): 82.60969140685837


********* Melhor Resultado do Fold ************
Linhas de Treino [0, 1, 2, 3, 4, 5, 6, 7, 8, 9, 10, 11, 12, 13, 14, 15, 16, 17, 18, 19, 20, 21, 23, 24, 25, 26, 27, 29, 30, 31, 34, 35, 36, 38, 39, 40, 41, 42, 43, 44, 45, 46, 47, 48, 49, 50, 52, 53, 54, 55, 56, 57, 58, 59, 61, 62, 63, 64, 65, 66, 67, 68, 69, 70, 71, 72, 73, 74, 75, 76, 77, 78, 79, 80, 81, 83, 85, 86, 87, 88, 89, 90, 91, 92, 93, 94, 95, 96, 97, 98, 99, 101, 102, 104, 105, 107, 110, 112, 113, 114, 115, 116, 117, 118, 120, 121, 122, 124, 125, 126, 128, 129, 130, 131, 132, 133, 134, 135, 137, 138, 139, 140, 142, 143, 144, 145, 146, 147, 149, 151, 152, 153, 154, 155, 156, 158, 159, 160, 161, 162, 163, 164, 165, 166, 169, 170, 171, 172, 173, 175, 176, 177, 178, 180, 181, 182, 183, 184, 185, 186, 187, 188, 190, 192, 193, 194, 196, 197, 198, 200, 201, 202, 203, 204, 206, 207, 209, 210, 212, 213, 217, 219, 220, 221, 222, 223, 224, 226, 227, 230, 232, 233, 235, 236, 237, 238, 241, 242, 243, 245, 246, 247, 248, 249, 250, 251, 252, 253, 254, 256, 257, 258, 259, 260, 261, 262, 263, 264, 265, 267, 268, 270, 271, 272, 273, 274, 275, 277, 278, 279, 286, 288, 290, 292, 293, 295, 296]
Linhas de Teste [22, 28, 32, 33, 37, 51, 60, 82, 84, 100, 103, 106, 108, 109, 111, 119, 123, 127, 136, 141, 148, 150, 157, 167, 168, 174, 179, 189, 191, 195, 199, 205, 208, 211, 214, 215, 216, 218, 225, 228, 229, 231, 234, 239, 240, 244, 255, 266, 269, 276, 280, 281, 282, 283, 284, 285, 287, 289, 291, 294]

Rodada 32 / 150  21.33 %
Parâmetros ('EV_CA', 'PRE_CA', 'TST_CA', 'saz_sin', 'saz_cos')
R2 de Treino = 95.43
R2 de Teste = 93.2
Coeficientes (pesos): [31.3964821  -4.98487649 -5.90317148 -6.13343702 -5.02467876 -5.04778657
 -2.18202569 -5.92029284  3.76784314  5.74380354 -0.11541685 -0.79443363
  0.80023543  1.33588324  0.06599876  4.74658332  4.07426162  0.11219773
  1.01270957 -0.85982072]
Interceptor (constante): 85.1350742039882


********* Melhor Resultado do Fold ************
Linhas de Treino [1, 2, 3, 5, 6, 8, 10, 11, 12, 13, 14, 15, 16, 18, 19, 21, 22, 23, 24, 26, 28, 29, 31, 32, 33, 34, 35, 36, 37, 40, 43, 44, 45, 47, 48, 49, 50, 51, 52, 53, 54, 55, 57, 58, 60, 62, 64, 65, 66, 67, 70, 71, 72, 73, 74, 75, 76, 78, 79, 80, 81, 82, 83, 84, 85, 86, 87, 89, 90, 91, 92, 93, 94, 95, 96, 97, 99, 100, 101, 102, 103, 104, 105, 106, 107, 108, 109, 110, 111, 112, 113, 115, 116, 118, 119, 120, 121, 122, 123, 125, 126, 127, 130, 132, 133, 134, 135, 136, 139, 140, 141, 142, 143, 145, 146, 147, 148, 149, 150, 151, 152, 153, 154, 155, 156, 157, 158, 159, 160, 161, 163, 164, 165, 167, 168, 170, 171, 172, 173, 174, 176, 177, 178, 179, 180, 181, 182, 184, 185, 186, 187, 188, 189, 190, 191, 193, 195, 196, 197, 199, 200, 201, 202, 203, 205, 206, 207, 208, 209, 210, 211, 213, 214, 215, 216, 218, 219, 220, 221, 222, 223, 224, 225, 226, 227, 228, 229, 230, 231, 232, 234, 235, 236, 237, 239, 240, 241, 243, 244, 245, 247, 250, 252, 253, 255, 256, 257, 258, 260, 261, 263, 265, 266, 267, 268, 269, 270, 271, 273, 275, 276, 277, 278, 280, 281, 282, 283, 284, 285, 287, 288, 289, 290, 291, 292, 294, 295, 296]
Linhas de Teste [0, 4, 7, 9, 17, 20, 25, 27, 30, 38, 39, 41, 42, 46, 56, 59, 61, 63, 68, 69, 77, 88, 98, 114, 117, 124, 128, 129, 131, 137, 138, 144, 162, 166, 169, 175, 183, 192, 194, 198, 204, 212, 217, 233, 238, 242, 246, 248, 249, 251, 254, 259, 262, 264, 272, 274, 279, 286, 293]

Rodada 33 / 150  22.0 %
Parâmetros ('EV_CA', 'PRE_CA', 'TST_CA', 'saz_sin', 'saz_cos')
R2 de Treino = 95.03
R2 de Teste = 94.91
Coeficientes (pesos): [ 3.13645009e+01 -3.92886685e+00 -4.81299636e+00 -5.44525976e+00
 -6.07586717e+00 -4.19209116e+00 -3.25939034e+00 -5.44968953e+00
  4.73735021e+00  6.10189431e+00 -3.21778982e-01 -3.06150321e+00
 -2.21283799e-02  3.05551100e+00 -6.29600109e-01  4.84400738e+00
  5.54761479e+00  1.03970248e+00  8.86347568e-01 -7.68239080e-01]
Interceptor (constante): 83.42646789585964


********* Melhor Resultado do Fold ************
Linhas de Treino [0, 1, 2, 4, 6, 7, 8, 9, 10, 11, 12, 13, 14, 15, 16, 17, 18, 20, 21, 22, 24, 25, 26, 27, 28, 29, 30, 32, 33, 35, 37, 38, 39, 40, 41, 42, 44, 45, 46, 47, 51, 53, 54, 56, 57, 59, 60, 61, 62, 63, 64, 66, 67, 68, 69, 70, 71, 72, 73, 74, 75, 76, 77, 79, 80, 82, 83, 84, 85, 86, 87, 88, 89, 90, 91, 94, 98, 100, 101, 102, 103, 105, 106, 108, 109, 110, 111, 112, 113, 114, 115, 117, 119, 120, 121, 122, 123, 124, 126, 127, 128, 129, 131, 132, 133, 136, 137, 138, 139, 140, 141, 142, 143, 144, 146, 147, 148, 150, 152, 153, 154, 156, 157, 159, 160, 162, 164, 165, 166, 167, 168, 169, 170, 171, 173, 174, 175, 177, 179, 180, 183, 184, 187, 189, 191, 192, 193, 194, 195, 196, 198, 199, 200, 201, 202, 203, 204, 205, 207, 208, 209, 211, 212, 214, 215, 216, 217, 218, 222, 223, 224, 225, 226, 227, 228, 229, 230, 231, 232, 233, 234, 235, 236, 237, 238, 239, 240, 241, 242, 243, 244, 245, 246, 247, 248, 249, 250, 251, 252, 254, 255, 256, 257, 258, 259, 260, 261, 262, 263, 264, 265, 266, 267, 269, 270, 271, 272, 273, 274, 275, 276, 277, 278, 279, 280, 281, 282, 283, 284, 285, 286, 287, 289, 291, 292, 293, 294, 295]
Linhas de Teste [3, 5, 19, 23, 31, 34, 36, 43, 48, 49, 50, 52, 55, 58, 65, 78, 81, 92, 93, 95, 96, 97, 99, 104, 107, 116, 118, 125, 130, 134, 135, 145, 149, 151, 155, 158, 161, 163, 172, 176, 178, 181, 182, 185, 186, 188, 190, 197, 206, 210, 213, 219, 220, 221, 253, 268, 288, 290, 296]

Rodada 34 / 150  22.67 %
Parâmetros ('EV_CA', 'PRE_CA', 'TST_CA', 'saz_sin', 'saz_cos')
R2 de Treino = 94.83
R2 de Teste = 95.65
Coeficientes (pesos): [ 3.19993464e+01 -4.19780147e+00 -4.32215730e+00 -5.50483929e+00
 -5.90154265e+00 -4.82291288e+00 -9.93665625e-01 -5.59217475e+00
  3.60691377e+00  5.22613596e+00 -6.17830776e-01 -2.54745945e-02
  9.29369724e-01  2.71429644e+00  1.85090935e-04  3.73977683e+00
  4.19957968e+00  5.47541586e-01  1.94340006e+00 -4.24805303e-01]
Interceptor (constante): 84.46770038998568


********* Melhor Resultado do Fold ************
Linhas de Treino [0, 3, 4, 5, 7, 9, 10, 12, 14, 15, 16, 17, 18, 19, 20, 22, 23, 25, 26, 27, 28, 29, 30, 31, 32, 33, 34, 35, 36, 37, 38, 39, 41, 42, 43, 46, 47, 48, 49, 50, 51, 52, 53, 55, 56, 57, 58, 59, 60, 61, 62, 63, 64, 65, 66, 67, 68, 69, 70, 71, 73, 74, 77, 78, 80, 81, 82, 84, 87, 88, 90, 92, 93, 94, 95, 96, 97, 98, 99, 100, 101, 103, 104, 106, 107, 108, 109, 111, 112, 113, 114, 116, 117, 118, 119, 120, 123, 124, 125, 127, 128, 129, 130, 131, 132, 133, 134, 135, 136, 137, 138, 139, 141, 143, 144, 145, 148, 149, 150, 151, 152, 154, 155, 156, 157, 158, 161, 162, 163, 164, 166, 167, 168, 169, 170, 171, 172, 174, 175, 176, 178, 179, 180, 181, 182, 183, 184, 185, 186, 188, 189, 190, 191, 192, 194, 195, 196, 197, 198, 199, 200, 204, 205, 206, 208, 210, 211, 212, 213, 214, 215, 216, 217, 218, 219, 220, 221, 223, 225, 226, 227, 228, 229, 230, 231, 233, 234, 235, 236, 238, 239, 240, 242, 243, 244, 246, 248, 249, 251, 252, 253, 254, 255, 256, 257, 258, 259, 260, 262, 264, 266, 268, 269, 270, 271, 272, 274, 276, 277, 278, 279, 280, 281, 282, 283, 284, 285, 286, 287, 288, 289, 290, 291, 292, 293, 294, 295, 296]
Linhas de Teste [1, 2, 6, 8, 11, 13, 21, 24, 40, 44, 45, 54, 72, 75, 76, 79, 83, 85, 86, 89, 91, 102, 105, 110, 115, 121, 122, 126, 140, 142, 146, 147, 153, 159, 160, 165, 173, 177, 187, 193, 201, 202, 203, 207, 209, 222, 224, 232, 237, 241, 245, 247, 250, 261, 263, 265, 267, 273, 275]

Rodada 35 / 150  23.33 %
Parâmetros ('EV_CA', 'PRE_CA', 'TST_CA', 'saz_sin', 'saz_cos')
R2 de Treino = 95.43
R2 de Teste = 93.59
Coeficientes (pesos): [33.55660927 -4.86009279 -3.5359661  -5.51777544 -6.76010851 -3.37519214
 -2.93339218 -3.50076532  1.93327194  4.97177386 -0.55092579 -2.78052744
  1.05722446  3.5428182   0.199634    3.34427665  5.06339703  1.35265269
  3.2282472  -1.31043639]
Interceptor (constante): 84.92811188874278


********* Melhor Resultado do Fold ************
Linhas de Treino [1, 2, 4, 5, 6, 7, 8, 9, 10, 11, 12, 13, 14, 15, 16, 18, 20, 21, 22, 23, 25, 26, 29, 30, 31, 32, 34, 35, 36, 37, 38, 41, 42, 43, 45, 46, 48, 49, 50, 51, 53, 54, 55, 57, 59, 61, 63, 64, 65, 66, 67, 68, 69, 70, 71, 72, 73, 75, 76, 77, 79, 80, 81, 83, 84, 85, 86, 88, 89, 90, 91, 92, 93, 94, 95, 96, 97, 98, 99, 100, 101, 102, 103, 104, 105, 106, 107, 108, 109, 112, 115, 116, 117, 118, 119, 120, 121, 122, 123, 124, 125, 126, 127, 128, 129, 130, 131, 132, 133, 134, 135, 136, 137, 138, 139, 140, 142, 143, 145, 146, 148, 149, 150, 151, 152, 153, 154, 155, 156, 157, 158, 159, 160, 161, 162, 163, 166, 168, 169, 170, 171, 172, 174, 175, 176, 178, 179, 180, 181, 182, 183, 184, 185, 186, 187, 188, 190, 191, 192, 193, 195, 197, 198, 199, 202, 203, 204, 205, 206, 208, 212, 213, 214, 215, 216, 217, 218, 220, 221, 223, 226, 227, 228, 229, 230, 231, 232, 234, 236, 238, 241, 243, 244, 246, 247, 248, 249, 250, 251, 252, 254, 255, 257, 258, 259, 261, 263, 264, 265, 266, 267, 268, 269, 270, 271, 272, 273, 275, 276, 277, 278, 279, 280, 281, 282, 283, 284, 285, 287, 289, 290, 291, 292, 293, 294, 295, 296]
Linhas de Teste [0, 3, 17, 19, 24, 27, 28, 33, 39, 40, 44, 47, 52, 56, 58, 60, 62, 74, 78, 82, 87, 110, 111, 113, 114, 141, 144, 147, 164, 165, 167, 173, 177, 189, 194, 196, 200, 201, 207, 209, 210, 211, 219, 222, 224, 225, 233, 235, 237, 239, 240, 242, 245, 253, 256, 260, 262, 274, 286, 288]

Rodada 36 / 150  24.0 %
Parâmetros ('EV_CA', 'PRE_CA', 'TST_CA', 'saz_sin', 'saz_cos')
R2 de Treino = 95.03
R2 de Teste = 94.86
Coeficientes (pesos): [32.82616088 -5.18176612 -4.12080674 -5.84640387 -5.61993365 -3.40481033
 -3.22923227 -3.15043603  2.78032352  5.24842705 -0.35716114 -2.26760028
  1.24074829  2.87789621  0.09589433  3.30379986  4.32447505  0.77075879
  2.04899968 -0.55582244]
Interceptor (constante): 84.52597735861157


********* Melhor Resultado do Fold ************
Linhas de Treino [0, 1, 2, 3, 4, 6, 7, 8, 9, 10, 11, 12, 14, 17, 18, 19, 20, 23, 24, 25, 26, 27, 28, 31, 33, 34, 35, 36, 38, 39, 40, 41, 42, 43, 44, 45, 46, 47, 48, 49, 50, 51, 52, 53, 55, 56, 57, 58, 59, 60, 62, 63, 64, 66, 67, 68, 69, 70, 71, 72, 73, 74, 75, 76, 77, 78, 80, 82, 83, 84, 85, 86, 87, 88, 89, 90, 92, 93, 94, 96, 97, 99, 101, 105, 106, 107, 108, 109, 110, 111, 113, 114, 116, 117, 118, 119, 120, 121, 122, 123, 124, 127, 128, 129, 130, 131, 132, 133, 135, 136, 137, 140, 141, 142, 143, 144, 145, 146, 147, 148, 149, 151, 152, 153, 154, 155, 156, 157, 158, 159, 160, 161, 162, 163, 164, 165, 166, 167, 168, 169, 171, 172, 173, 174, 175, 176, 177, 178, 179, 182, 183, 184, 185, 188, 189, 190, 192, 193, 194, 195, 196, 197, 198, 199, 200, 201, 202, 203, 206, 207, 209, 210, 211, 212, 213, 216, 217, 218, 219, 220, 222, 223, 224, 225, 227, 228, 229, 230, 232, 233, 234, 235, 236, 237, 238, 239, 240, 241, 242, 244, 245, 246, 247, 249, 252, 253, 254, 255, 256, 257, 258, 259, 260, 261, 262, 263, 264, 265, 266, 267, 270, 271, 274, 277, 278, 279, 280, 281, 282, 283, 286, 287, 288, 290, 291, 294, 296]
Linhas de Teste [5, 13, 15, 16, 21, 22, 29, 30, 32, 37, 54, 61, 65, 79, 81, 91, 95, 98, 100, 102, 103, 104, 112, 115, 125, 126, 134, 138, 139, 150, 170, 180, 181, 186, 187, 191, 204, 205, 208, 214, 215, 221, 226, 231, 243, 248, 250, 251, 268, 269, 272, 273, 275, 276, 284, 285, 289, 292, 293, 295]

Rodada 37 / 150  24.67 %
Parâmetros ('EV_CA', 'PRE_CA', 'TST_CA', 'saz_sin', 'saz_cos')
R2 de Treino = 94.72
R2 de Teste = 96.13
Coeficientes (pesos): [ 3.23619353e+01 -4.89269087e+00 -3.99985863e+00 -5.69342299e+00
 -5.58586699e+00 -5.69773716e+00 -8.59191997e-01 -5.92576606e+00
  4.66794795e+00  5.09845477e+00 -4.80883212e-01 -5.32793597e-01
  5.22118705e-01  2.66629620e+00  1.62273702e-02  4.86863594e+00
  3.90197616e+00  1.01378393e+00  1.28731695e+00 -3.03622346e-01]
Interceptor (constante): 84.23419544698434


********* Melhor Resultado do Fold ************
Linhas de Treino [0, 1, 2, 3, 5, 6, 8, 9, 11, 13, 14, 15, 16, 17, 18, 19, 20, 21, 22, 24, 25, 26, 27, 28, 29, 30, 32, 33, 35, 36, 37, 38, 39, 40, 41, 42, 44, 46, 47, 48, 49, 50, 51, 52, 53, 54, 55, 56, 58, 59, 60, 61, 62, 64, 65, 67, 68, 70, 71, 73, 74, 75, 76, 78, 79, 81, 82, 83, 84, 87, 88, 89, 90, 91, 92, 93, 94, 95, 98, 99, 100, 101, 102, 103, 104, 105, 106, 107, 109, 110, 111, 112, 113, 114, 115, 116, 117, 118, 119, 120, 121, 122, 123, 124, 125, 126, 128, 131, 132, 134, 135, 136, 138, 139, 140, 141, 142, 143, 144, 145, 146, 147, 148, 149, 150, 151, 152, 153, 155, 156, 157, 158, 160, 163, 164, 165, 166, 167, 169, 170, 171, 172, 173, 174, 176, 177, 180, 181, 182, 183, 186, 187, 188, 189, 190, 191, 194, 195, 196, 198, 200, 201, 202, 203, 204, 205, 207, 208, 209, 210, 211, 212, 213, 214, 215, 217, 218, 219, 220, 221, 222, 223, 224, 225, 226, 227, 229, 231, 233, 235, 236, 237, 238, 239, 240, 241, 242, 243, 244, 245, 246, 247, 248, 249, 250, 251, 253, 255, 256, 257, 260, 262, 264, 265, 266, 267, 268, 269, 270, 271, 272, 273, 274, 275, 276, 278, 280, 281, 284, 285, 286, 288, 289, 292, 293, 294, 295, 296]
Linhas de Teste [4, 7, 10, 12, 23, 31, 34, 43, 45, 57, 63, 66, 69, 72, 77, 80, 85, 86, 96, 97, 108, 127, 129, 130, 133, 137, 154, 159, 161, 162, 168, 175, 178, 179, 184, 185, 192, 193, 197, 199, 206, 216, 228, 230, 232, 234, 252, 254, 258, 259, 261, 263, 277, 279, 282, 283, 287, 290, 291]

Rodada 38 / 150  25.33 %
Parâmetros ('EV_CA', 'PRE_CA', 'TST_CA', 'saz_sin', 'saz_cos')
R2 de Treino = 95.14
R2 de Teste = 94.16
Coeficientes (pesos): [30.84442108 -4.17294814 -5.0457758  -5.53897444 -5.93167712 -3.46040187
 -2.03339984 -5.01178957  3.06403472  4.31762456 -0.28413627 -0.88528166
  0.62164977  1.56512302  0.12856601  4.37182486  3.46083146 -0.08553901
  1.39134678 -0.31857048]
Interceptor (constante): 85.68128845832318


********* Melhor Resultado do Fold ************
Linhas de Treino [0, 1, 2, 3, 4, 5, 6, 7, 10, 11, 12, 13, 15, 16, 17, 19, 20, 21, 22, 23, 24, 26, 27, 28, 29, 30, 31, 32, 33, 34, 37, 38, 39, 40, 42, 43, 44, 45, 47, 50, 51, 52, 54, 56, 57, 58, 60, 61, 62, 63, 64, 65, 66, 69, 70, 72, 73, 74, 75, 76, 77, 78, 79, 80, 81, 82, 84, 85, 86, 87, 88, 89, 91, 92, 93, 94, 95, 96, 97, 98, 100, 101, 102, 103, 104, 105, 106, 107, 108, 109, 110, 111, 112, 113, 114, 115, 116, 123, 125, 126, 127, 129, 130, 131, 132, 133, 134, 135, 137, 138, 139, 140, 141, 142, 143, 144, 145, 147, 150, 152, 153, 154, 155, 156, 157, 158, 159, 161, 162, 164, 165, 167, 168, 170, 173, 175, 176, 177, 178, 179, 180, 181, 184, 185, 186, 187, 189, 190, 191, 192, 193, 194, 196, 197, 198, 199, 200, 201, 202, 204, 205, 206, 207, 208, 209, 210, 211, 212, 214, 215, 216, 219, 220, 221, 222, 223, 224, 225, 226, 227, 228, 230, 231, 232, 233, 234, 235, 237, 238, 239, 240, 242, 243, 245, 248, 250, 251, 252, 253, 254, 256, 258, 259, 260, 261, 262, 263, 264, 265, 266, 267, 268, 269, 270, 272, 273, 274, 275, 276, 277, 279, 280, 281, 282, 283, 284, 285, 286, 287, 288, 289, 290, 291, 292, 293, 294, 295, 296]
Linhas de Teste [8, 9, 14, 18, 25, 35, 36, 41, 46, 48, 49, 53, 55, 59, 67, 68, 71, 83, 90, 99, 117, 118, 119, 120, 121, 122, 124, 128, 136, 146, 148, 149, 151, 160, 163, 166, 169, 171, 172, 174, 182, 183, 188, 195, 203, 213, 217, 218, 229, 236, 241, 244, 246, 247, 249, 255, 257, 271, 278]

Rodada 39 / 150  26.0 %
Parâmetros ('EV_CA', 'PRE_CA', 'TST_CA', 'saz_sin', 'saz_cos')
R2 de Treino = 95.65
R2 de Teste = 91.11
Coeficientes (pesos): [33.8453517  -4.34306004 -3.83734313 -5.33891526 -6.7254677  -4.30248105
 -2.89489338 -5.00036931  4.20906645  6.44194109 -0.39362088 -2.18985974
  0.24246356  3.21721857 -0.29556967  4.30669352  6.13236044  1.24548263
  2.25327118 -1.43320864]
Interceptor (constante): 83.58819203052852


********* Melhor Resultado do Fold ************
Linhas de Treino [0, 3, 4, 5, 7, 8, 9, 10, 12, 13, 14, 15, 16, 17, 18, 19, 21, 22, 23, 24, 25, 27, 28, 29, 30, 31, 32, 33, 34, 35, 36, 37, 39, 40, 41, 43, 44, 45, 46, 47, 48, 49, 52, 53, 54, 55, 56, 57, 58, 59, 60, 61, 62, 63, 65, 66, 67, 68, 69, 71, 72, 74, 77, 78, 79, 80, 81, 82, 83, 85, 86, 87, 90, 91, 95, 96, 97, 98, 99, 100, 102, 103, 104, 108, 110, 111, 112, 113, 114, 115, 117, 118, 119, 120, 121, 122, 124, 125, 126, 127, 128, 129, 130, 133, 134, 136, 137, 138, 139, 141, 144, 146, 147, 148, 149, 150, 151, 154, 159, 160, 161, 162, 163, 164, 165, 166, 167, 168, 169, 170, 171, 172, 173, 174, 175, 177, 178, 179, 180, 181, 182, 183, 184, 185, 186, 187, 188, 189, 191, 192, 193, 194, 195, 196, 197, 199, 200, 201, 203, 204, 205, 206, 207, 208, 209, 210, 211, 213, 214, 215, 216, 217, 218, 219, 221, 222, 224, 225, 226, 228, 229, 230, 231, 232, 233, 234, 235, 236, 237, 239, 240, 241, 242, 243, 244, 245, 246, 247, 248, 249, 250, 251, 252, 253, 254, 255, 256, 257, 258, 259, 260, 261, 262, 263, 268, 269, 271, 272, 273, 274, 275, 276, 277, 278, 279, 282, 283, 284, 285, 286, 287, 288, 289, 290, 291, 292, 293, 295]
Linhas de Teste [1, 2, 6, 11, 20, 26, 38, 42, 50, 51, 64, 70, 73, 75, 76, 84, 88, 89, 92, 93, 94, 101, 105, 106, 107, 109, 116, 123, 131, 132, 135, 140, 142, 143, 145, 152, 153, 155, 156, 157, 158, 176, 190, 198, 202, 212, 220, 223, 227, 238, 264, 265, 266, 267, 270, 280, 281, 294, 296]

Rodada 40 / 150  26.67 %
Parâmetros ('EV_CA', 'PRE_CA', 'TST_CA', 'saz_sin', 'saz_cos')
R2 de Treino = 95.5
R2 de Teste = 93.29
Coeficientes (pesos): [31.51962613 -4.28486671 -4.97853223 -5.40612528 -6.05472641 -5.10242649
 -2.00069893 -7.17644459  3.45412016  7.19108415 -0.83870141 -1.38449039
  1.1984549   3.91119259 -1.01640219  4.60068291  6.8513018   1.34004094
  1.02874424 -1.96386571]
Interceptor (constante): 82.63854226884271


********* Melhor Resultado do Fold ************
Linhas de Treino [1, 4, 6, 7, 9, 10, 11, 12, 13, 14, 15, 16, 17, 19, 20, 21, 22, 24, 25, 26, 27, 28, 29, 30, 31, 33, 35, 37, 38, 39, 40, 41, 42, 43, 45, 46, 47, 48, 49, 50, 51, 52, 54, 55, 57, 58, 59, 61, 62, 63, 64, 67, 68, 69, 71, 72, 76, 77, 78, 79, 80, 81, 82, 83, 84, 85, 86, 87, 88, 89, 90, 91, 92, 93, 94, 95, 96, 97, 98, 99, 100, 102, 103, 104, 106, 107, 108, 109, 110, 111, 112, 113, 115, 116, 118, 119, 120, 121, 122, 123, 124, 125, 127, 128, 129, 130, 132, 133, 134, 136, 137, 138, 140, 142, 144, 145, 147, 148, 150, 151, 152, 154, 155, 156, 157, 159, 161, 163, 165, 166, 168, 169, 170, 171, 172, 174, 175, 176, 177, 179, 180, 182, 183, 184, 185, 186, 187, 188, 189, 190, 192, 193, 194, 195, 196, 198, 199, 200, 203, 205, 207, 208, 209, 210, 211, 212, 213, 214, 216, 217, 218, 219, 220, 221, 223, 224, 225, 226, 227, 228, 229, 230, 231, 232, 233, 234, 235, 236, 237, 238, 240, 242, 243, 244, 245, 246, 248, 250, 251, 252, 253, 254, 255, 257, 258, 259, 260, 261, 262, 263, 265, 266, 267, 268, 272, 273, 274, 275, 276, 277, 278, 279, 280, 282, 283, 284, 286, 287, 288, 289, 290, 291, 292, 293, 294, 295, 296]
Linhas de Teste [0, 2, 3, 5, 8, 18, 23, 32, 34, 36, 44, 53, 56, 60, 65, 66, 70, 73, 74, 75, 101, 105, 114, 117, 126, 131, 135, 139, 141, 143, 146, 149, 153, 158, 160, 162, 164, 167, 173, 178, 181, 191, 197, 201, 202, 204, 206, 215, 222, 239, 241, 247, 249, 256, 264, 269, 270, 271, 281, 285]

Rodada 41 / 150  27.33 %
Parâmetros ('EV_CA', 'PRE_CA', 'TST_CA', 'saz_sin', 'saz_cos')
R2 de Treino = 95.13
R2 de Teste = 94.61
Coeficientes (pesos): [31.8007969  -3.99910334 -5.0233225  -5.32656062 -5.52952397 -4.45114209
 -2.6834728  -6.1668111   3.10240018  6.66698026 -0.46173687 -1.44542615
  1.17110526  2.66981102 -0.47199861  4.64764444  5.84369274  1.61541463
  1.00824937 -1.42811905]
Interceptor (constante): 84.46851489119962


********* Melhor Resultado do Fold ************
Linhas de Treino [0, 2, 3, 4, 5, 6, 7, 8, 9, 11, 12, 13, 16, 18, 19, 20, 23, 24, 25, 27, 28, 30, 32, 33, 34, 35, 36, 37, 39, 40, 41, 42, 44, 47, 48, 50, 51, 53, 55, 56, 57, 59, 60, 61, 62, 63, 64, 65, 66, 67, 68, 70, 72, 73, 74, 75, 76, 77, 78, 79, 80, 81, 82, 85, 86, 87, 88, 91, 93, 95, 96, 98, 100, 101, 102, 103, 104, 105, 108, 109, 110, 111, 112, 113, 114, 115, 116, 117, 118, 119, 121, 123, 125, 126, 127, 128, 129, 131, 132, 134, 135, 136, 137, 138, 139, 140, 141, 142, 143, 144, 145, 146, 147, 148, 149, 150, 151, 153, 154, 155, 156, 157, 158, 159, 160, 162, 163, 164, 165, 166, 167, 168, 169, 170, 172, 173, 174, 175, 176, 177, 178, 179, 180, 181, 182, 183, 187, 188, 189, 190, 191, 192, 193, 194, 195, 197, 198, 200, 201, 202, 204, 205, 206, 208, 209, 210, 211, 212, 213, 214, 215, 216, 217, 218, 220, 221, 222, 223, 224, 225, 226, 227, 228, 229, 230, 231, 232, 233, 234, 235, 237, 238, 239, 240, 241, 244, 245, 246, 247, 248, 249, 251, 252, 253, 254, 255, 256, 257, 259, 261, 262, 263, 264, 265, 266, 268, 269, 270, 271, 272, 273, 275, 276, 277, 279, 280, 281, 282, 283, 285, 287, 288, 289, 291, 293, 294, 295]
Linhas de Teste [1, 10, 14, 15, 17, 21, 22, 26, 29, 31, 38, 43, 45, 46, 49, 52, 54, 58, 69, 71, 83, 84, 89, 90, 92, 94, 97, 99, 106, 107, 120, 122, 124, 130, 133, 152, 161, 171, 184, 185, 186, 196, 199, 203, 207, 219, 236, 242, 243, 250, 258, 260, 267, 274, 278, 284, 286, 290, 292, 296]

Rodada 42 / 150  28.0 %
Parâmetros ('EV_CA', 'PRE_CA', 'TST_CA', 'saz_sin', 'saz_cos')
R2 de Treino = 95.89
R2 de Teste = 90.79
Coeficientes (pesos): [33.41193491 -5.0379709  -3.5961133  -5.35148579 -6.46195348 -5.50390957
 -2.30691976 -6.59000803  5.41266694  7.44058536 -0.37791277 -1.90928557
 -0.19707252  3.22057658 -0.86795543  5.05881936  6.66069997  1.11530058
  1.40713544 -1.32526712]
Interceptor (constante): 82.73872314055095


********* Melhor Resultado do Fold ************
Linhas de Treino [0, 1, 2, 3, 4, 5, 6, 8, 10, 11, 12, 13, 14, 15, 16, 17, 18, 19, 20, 21, 22, 23, 24, 25, 26, 28, 29, 30, 31, 32, 33, 34, 36, 38, 39, 41, 42, 43, 44, 45, 46, 47, 49, 51, 52, 53, 54, 55, 56, 57, 58, 59, 60, 61, 62, 64, 65, 66, 67, 69, 70, 71, 73, 74, 75, 78, 79, 81, 82, 83, 84, 85, 89, 90, 91, 92, 94, 95, 96, 97, 98, 99, 100, 101, 102, 104, 105, 106, 107, 111, 112, 114, 115, 116, 117, 119, 120, 122, 123, 124, 126, 127, 128, 129, 130, 131, 132, 133, 135, 136, 137, 138, 139, 140, 141, 143, 145, 146, 148, 149, 150, 152, 153, 154, 155, 156, 158, 159, 160, 161, 162, 163, 164, 165, 166, 167, 168, 171, 172, 173, 177, 178, 179, 180, 181, 182, 184, 185, 186, 187, 189, 190, 191, 193, 195, 196, 197, 198, 199, 201, 202, 203, 204, 205, 206, 207, 208, 212, 213, 214, 215, 217, 218, 219, 220, 222, 223, 225, 226, 227, 228, 229, 230, 231, 233, 234, 235, 236, 239, 241, 242, 243, 245, 246, 247, 248, 249, 250, 251, 252, 253, 254, 255, 256, 258, 259, 260, 261, 262, 263, 264, 265, 266, 267, 268, 269, 270, 271, 272, 273, 274, 275, 278, 279, 280, 281, 283, 284, 285, 286, 287, 288, 290, 291, 292, 293, 295, 296]
Linhas de Teste [7, 9, 27, 35, 37, 40, 48, 50, 63, 68, 72, 76, 77, 80, 86, 87, 88, 93, 103, 108, 109, 110, 113, 118, 121, 125, 134, 142, 144, 147, 151, 157, 169, 170, 174, 175, 176, 183, 188, 192, 194, 200, 209, 210, 211, 216, 221, 224, 232, 237, 238, 240, 244, 257, 276, 277, 282, 289, 294]

Rodada 43 / 150  28.67 %
Parâmetros ('EV_CA', 'PRE_CA', 'TST_CA', 'saz_sin', 'saz_cos')
R2 de Treino = 95.32
R2 de Teste = 93.91
Coeficientes (pesos): [33.38615436 -4.84438377 -3.93674523 -6.15392125 -6.69478145 -3.1025711
 -2.36857807 -2.48519396  2.05921551  2.7199688  -0.46829057 -1.86071971
  0.97871721  2.95562959  0.7844505   2.89142693  2.63377633  0.10571433
  3.02369275 -0.39438968]
Interceptor (constante): 85.55420445839866


********* Melhor Resultado do Fold ************
Linhas de Treino [0, 1, 2, 3, 4, 5, 6, 7, 8, 9, 10, 11, 13, 14, 15, 17, 18, 19, 21, 22, 23, 24, 26, 27, 29, 30, 31, 32, 34, 35, 36, 37, 38, 39, 40, 42, 43, 44, 45, 46, 48, 49, 50, 51, 52, 53, 54, 55, 56, 58, 59, 60, 61, 62, 63, 65, 66, 67, 68, 69, 70, 71, 72, 73, 74, 75, 76, 77, 78, 79, 80, 82, 83, 84, 86, 87, 88, 89, 90, 91, 92, 93, 94, 95, 96, 97, 98, 99, 100, 101, 102, 103, 105, 106, 107, 108, 109, 110, 113, 114, 115, 117, 118, 120, 121, 122, 123, 124, 125, 126, 127, 129, 130, 131, 133, 134, 135, 139, 140, 141, 142, 143, 144, 145, 146, 147, 148, 149, 150, 151, 152, 153, 154, 155, 157, 158, 159, 160, 161, 162, 163, 164, 165, 167, 169, 170, 171, 172, 173, 174, 175, 176, 177, 178, 181, 183, 184, 185, 186, 188, 189, 190, 191, 192, 194, 196, 197, 198, 199, 200, 201, 202, 203, 204, 206, 207, 209, 210, 211, 213, 215, 216, 219, 220, 221, 222, 224, 226, 228, 230, 232, 236, 237, 238, 239, 240, 241, 242, 243, 244, 247, 249, 250, 251, 252, 253, 256, 257, 258, 259, 260, 261, 262, 264, 265, 266, 267, 269, 270, 271, 273, 274, 276, 277, 278, 280, 281, 282, 284, 285, 286, 287, 288, 289, 290, 292, 294, 296]
Linhas de Teste [12, 16, 20, 25, 28, 33, 41, 47, 57, 64, 81, 85, 104, 111, 112, 116, 119, 128, 132, 136, 137, 138, 156, 166, 168, 179, 180, 182, 187, 193, 195, 205, 208, 212, 214, 217, 218, 223, 225, 227, 229, 231, 233, 234, 235, 245, 246, 248, 254, 255, 263, 268, 272, 275, 279, 283, 291, 293, 295]

Rodada 44 / 150  29.33 %
Parâmetros ('EV_CA', 'PRE_CA', 'TST_CA', 'saz_sin', 'saz_cos')
R2 de Treino = 94.68
R2 de Teste = 96.35
Coeficientes (pesos): [31.36915793 -4.24302172 -4.70574883 -5.34040261 -5.58851592 -4.58661157
 -2.76348837 -5.83202284  4.45715609  7.15130633 -0.58411184 -2.33990578
  0.78885411  3.34736076 -0.69824791  4.78585139  6.64824411  1.35244451
  0.69493468 -1.41667826]
Interceptor (constante): 83.40358882986206


********* Melhor Resultado do Fold ************
Linhas de Treino [0, 1, 2, 3, 5, 7, 8, 9, 10, 12, 14, 15, 16, 17, 18, 20, 21, 22, 23, 25, 26, 27, 28, 29, 31, 32, 33, 34, 35, 36, 37, 38, 40, 41, 43, 44, 45, 46, 47, 48, 49, 50, 52, 53, 54, 56, 57, 58, 60, 63, 64, 65, 66, 68, 69, 70, 71, 72, 73, 74, 75, 76, 77, 80, 81, 83, 84, 85, 86, 87, 88, 89, 90, 92, 93, 94, 97, 99, 101, 103, 104, 105, 106, 107, 108, 109, 110, 111, 112, 113, 114, 116, 117, 118, 119, 120, 121, 122, 124, 125, 126, 128, 130, 131, 132, 133, 134, 135, 136, 137, 138, 139, 141, 142, 143, 144, 146, 147, 149, 151, 152, 153, 156, 157, 158, 160, 161, 162, 164, 166, 167, 168, 169, 170, 171, 173, 174, 175, 176, 178, 179, 180, 181, 182, 183, 184, 185, 186, 187, 188, 191, 192, 193, 194, 195, 196, 197, 199, 200, 201, 202, 203, 204, 205, 206, 207, 208, 209, 210, 211, 212, 214, 215, 216, 217, 218, 219, 221, 222, 223, 224, 225, 227, 229, 231, 232, 233, 234, 235, 236, 237, 238, 239, 240, 241, 242, 243, 244, 245, 246, 247, 248, 249, 250, 254, 255, 256, 257, 258, 260, 263, 264, 267, 268, 269, 270, 271, 272, 274, 275, 276, 277, 278, 279, 281, 282, 283, 284, 285, 286, 289, 290, 291, 292, 293, 294, 295, 296]
Linhas de Teste [4, 6, 11, 13, 19, 24, 30, 39, 42, 51, 55, 59, 61, 62, 67, 78, 79, 82, 91, 95, 96, 98, 100, 102, 115, 123, 127, 129, 140, 145, 148, 150, 154, 155, 159, 163, 165, 172, 177, 189, 190, 198, 213, 220, 226, 228, 230, 251, 252, 253, 259, 261, 262, 265, 266, 273, 280, 287, 288]

Rodada 45 / 150  30.0 %
Parâmetros ('EV_CA', 'PRE_CA', 'TST_CA', 'saz_sin', 'saz_cos')
R2 de Treino = 94.74
R2 de Teste = 96.07
Coeficientes (pesos): [31.15926608 -4.44026714 -4.7314229  -5.49986156 -5.62374848 -3.87128673
 -1.51377791 -4.60558611  3.17708543  4.15364573 -0.57080557 -0.51800325
  1.01412116  2.72897963  0.40111228  3.76356343  3.06858872  0.06715769
  2.02493396 -0.09639241]
Interceptor (constante): 84.33021517356565


********* Melhor Resultado do Fold ************
Linhas de Treino [1, 2, 3, 4, 6, 7, 9, 13, 14, 15, 16, 18, 19, 20, 21, 23, 24, 25, 26, 27, 29, 30, 31, 32, 34, 35, 37, 38, 39, 40, 41, 42, 43, 44, 45, 46, 48, 49, 50, 54, 56, 57, 58, 59, 60, 62, 63, 64, 65, 67, 68, 69, 70, 72, 73, 74, 75, 76, 77, 79, 80, 81, 83, 84, 85, 86, 87, 88, 89, 92, 93, 97, 99, 102, 103, 105, 106, 107, 108, 110, 111, 112, 114, 115, 116, 117, 118, 119, 120, 122, 123, 124, 125, 126, 127, 128, 129, 130, 131, 134, 136, 137, 139, 140, 141, 142, 143, 144, 145, 146, 147, 148, 149, 150, 151, 152, 153, 154, 157, 158, 159, 160, 161, 162, 163, 164, 166, 167, 168, 169, 170, 172, 173, 174, 175, 177, 178, 179, 181, 182, 183, 185, 186, 187, 188, 189, 191, 192, 193, 194, 195, 197, 198, 199, 200, 201, 202, 203, 204, 207, 208, 209, 210, 211, 212, 213, 215, 216, 217, 218, 219, 220, 221, 222, 223, 224, 225, 226, 227, 228, 229, 231, 232, 233, 234, 235, 236, 237, 238, 239, 240, 241, 242, 244, 246, 247, 248, 249, 250, 251, 252, 253, 254, 256, 258, 259, 261, 262, 263, 264, 265, 267, 268, 269, 271, 272, 274, 276, 277, 278, 279, 280, 281, 282, 283, 284, 285, 286, 287, 288, 289, 291, 292, 293, 294, 295, 296]
Linhas de Teste [0, 5, 8, 10, 11, 12, 17, 22, 28, 33, 36, 47, 51, 52, 53, 55, 61, 66, 71, 78, 82, 90, 91, 94, 95, 96, 98, 100, 101, 104, 109, 113, 121, 132, 133, 135, 138, 155, 156, 165, 171, 176, 180, 184, 190, 196, 205, 206, 214, 230, 243, 245, 255, 257, 260, 266, 270, 273, 275, 290]

Rodada 46 / 150  30.67 %
Parâmetros ('EV_CA', 'PRE_CA', 'TST_CA', 'saz_sin', 'saz_cos')
R2 de Treino = 94.86
R2 de Teste = 95.95
Coeficientes (pesos): [33.42953851 -4.31871516 -4.10262164 -6.24474192 -6.19019533 -4.83031503
 -1.92592626 -6.01231565  4.51407084  6.52907109 -0.37865792 -0.90192291
  0.98485337  2.50138207 -0.32362411  5.33650314  5.32384822  0.29925534
  0.33117748 -1.01172795]
Interceptor (constante): 84.53908085690013


********* Melhor Resultado do Fold ************
Linhas de Treino [0, 2, 3, 4, 5, 6, 8, 10, 11, 12, 13, 17, 18, 19, 20, 22, 23, 28, 29, 30, 32, 33, 34, 35, 36, 37, 38, 40, 43, 44, 45, 46, 47, 48, 49, 50, 51, 52, 53, 54, 55, 56, 57, 59, 60, 61, 62, 63, 66, 68, 69, 70, 71, 72, 73, 74, 75, 77, 78, 79, 80, 81, 82, 83, 84, 85, 86, 88, 89, 90, 91, 92, 93, 94, 95, 96, 98, 99, 100, 101, 102, 104, 105, 106, 107, 108, 109, 110, 112, 113, 114, 115, 116, 117, 118, 119, 120, 121, 123, 125, 126, 127, 128, 130, 131, 132, 133, 134, 135, 136, 137, 138, 141, 142, 143, 144, 145, 146, 147, 148, 150, 151, 152, 153, 154, 155, 156, 157, 158, 159, 160, 161, 162, 163, 164, 165, 167, 169, 171, 172, 173, 174, 175, 176, 177, 178, 180, 181, 182, 183, 184, 185, 186, 187, 188, 190, 191, 193, 194, 196, 197, 199, 201, 202, 203, 204, 205, 206, 207, 208, 210, 211, 214, 215, 216, 218, 219, 220, 222, 223, 224, 226, 227, 228, 229, 230, 231, 232, 234, 235, 236, 237, 239, 240, 241, 242, 243, 244, 245, 246, 250, 252, 253, 254, 255, 256, 257, 258, 259, 260, 262, 263, 265, 266, 267, 268, 269, 270, 271, 272, 273, 274, 275, 277, 278, 279, 280, 281, 282, 283, 285, 286, 287, 290, 291, 293, 294]
Linhas de Teste [1, 7, 9, 14, 15, 16, 21, 24, 25, 26, 27, 31, 39, 41, 42, 58, 64, 65, 67, 76, 87, 97, 103, 111, 122, 124, 129, 139, 140, 149, 166, 168, 170, 179, 189, 192, 195, 198, 200, 209, 212, 213, 217, 221, 225, 233, 238, 247, 248, 249, 251, 261, 264, 276, 284, 288, 289, 292, 295, 296]

Rodada 47 / 150  31.33 %
Parâmetros ('EV_CA', 'PRE_CA', 'TST_CA', 'saz_sin', 'saz_cos')
R2 de Treino = 95.29
R2 de Teste = 94.0
Coeficientes (pesos): [34.39513395 -5.86034614 -2.29713364 -5.09788894 -6.82206564 -4.25869814
 -1.9326171  -3.45280522  3.30126884  4.83906107 -0.47127682 -2.10236274
  0.2067962   4.19885644  0.19964077  3.04196699  4.62466962  1.13507894
  3.51094977 -0.86201884]
Interceptor (constante): 83.48040796210678


********* Melhor Resultado do Fold ************
Linhas de Treino [0, 1, 2, 3, 4, 5, 7, 8, 9, 10, 11, 12, 13, 14, 15, 16, 17, 18, 19, 21, 22, 23, 24, 25, 26, 27, 28, 29, 31, 33, 34, 36, 37, 38, 39, 40, 41, 42, 44, 45, 46, 47, 48, 49, 50, 51, 52, 53, 54, 55, 56, 58, 59, 60, 61, 62, 63, 64, 65, 66, 67, 68, 69, 70, 71, 73, 74, 75, 76, 77, 78, 80, 81, 82, 87, 89, 90, 91, 92, 93, 94, 95, 96, 97, 98, 99, 100, 101, 102, 103, 104, 106, 108, 109, 110, 111, 112, 113, 115, 116, 117, 118, 121, 122, 123, 124, 125, 128, 129, 131, 132, 133, 135, 136, 137, 138, 139, 140, 142, 143, 144, 145, 146, 147, 148, 149, 151, 153, 155, 156, 157, 158, 160, 161, 162, 164, 165, 166, 168, 169, 170, 171, 172, 173, 176, 179, 180, 181, 182, 184, 185, 187, 189, 190, 191, 192, 193, 194, 195, 196, 197, 198, 200, 201, 202, 204, 205, 206, 209, 210, 212, 213, 214, 215, 217, 218, 219, 220, 221, 222, 224, 225, 226, 227, 228, 229, 230, 231, 233, 234, 236, 237, 238, 241, 242, 243, 244, 245, 246, 247, 248, 249, 250, 251, 252, 253, 254, 255, 257, 258, 259, 260, 261, 262, 264, 265, 266, 270, 271, 272, 273, 275, 276, 277, 280, 283, 284, 285, 286, 288, 289, 290, 291, 292, 293, 294, 295, 296]
Linhas de Teste [6, 20, 30, 32, 35, 43, 57, 72, 79, 83, 84, 85, 86, 88, 105, 107, 114, 119, 120, 126, 127, 130, 134, 141, 150, 152, 154, 159, 163, 167, 174, 175, 177, 178, 183, 186, 188, 199, 203, 207, 208, 211, 216, 223, 232, 235, 239, 240, 256, 263, 267, 268, 269, 274, 278, 279, 281, 282, 287]

Rodada 48 / 150  32.0 %
Parâmetros ('EV_CA', 'PRE_CA', 'TST_CA', 'saz_sin', 'saz_cos')
R2 de Treino = 95.75
R2 de Teste = 90.79
Coeficientes (pesos): [31.95907483 -5.14693728 -5.08363324 -5.53014882 -4.98614302 -3.44197122
 -2.81932301 -4.91623032  2.97279842  4.89781216 -0.18093571 -1.55525437
  0.74244422  1.92536665 -0.1794657   3.98203097  4.53330017  0.75260364
  2.26663194 -0.23199917]
Interceptor (constante): 85.0031452834673


********* Melhor Resultado do Fold ************
Linhas de Treino [0, 1, 2, 3, 5, 6, 7, 8, 9, 10, 11, 12, 13, 14, 15, 16, 17, 18, 19, 20, 21, 22, 23, 24, 25, 26, 27, 28, 29, 30, 31, 32, 33, 35, 36, 37, 39, 41, 42, 43, 44, 46, 47, 51, 52, 53, 54, 55, 56, 57, 58, 59, 61, 62, 64, 65, 66, 67, 70, 71, 72, 75, 76, 78, 79, 81, 82, 83, 84, 85, 86, 87, 88, 90, 91, 93, 94, 95, 96, 97, 98, 100, 101, 103, 104, 105, 107, 108, 109, 110, 111, 112, 113, 114, 115, 116, 117, 118, 119, 120, 121, 122, 124, 126, 127, 129, 130, 131, 132, 133, 134, 135, 138, 139, 140, 141, 144, 145, 149, 150, 151, 152, 153, 154, 155, 156, 157, 158, 159, 160, 161, 163, 165, 166, 167, 168, 170, 171, 172, 174, 175, 176, 177, 178, 179, 180, 182, 183, 184, 185, 186, 187, 188, 189, 190, 191, 192, 195, 196, 198, 199, 200, 201, 202, 203, 205, 206, 207, 208, 209, 210, 211, 212, 213, 214, 215, 216, 217, 219, 220, 221, 223, 224, 225, 226, 227, 228, 229, 230, 232, 233, 235, 238, 239, 240, 243, 245, 247, 248, 249, 251, 252, 253, 255, 256, 257, 259, 260, 261, 263, 264, 266, 267, 268, 269, 270, 272, 273, 274, 275, 276, 278, 279, 281, 282, 283, 284, 285, 286, 287, 288, 289, 290, 292, 293, 294, 295, 296]
Linhas de Teste [4, 34, 38, 40, 45, 48, 49, 50, 60, 63, 68, 69, 73, 74, 77, 80, 89, 92, 99, 102, 106, 123, 125, 128, 136, 137, 142, 143, 146, 147, 148, 162, 164, 169, 173, 181, 193, 194, 197, 204, 218, 222, 231, 234, 236, 237, 241, 242, 244, 246, 250, 254, 258, 262, 265, 271, 277, 280, 291]

Rodada 49 / 150  32.67 %
Parâmetros ('EV_CA', 'PRE_CA', 'TST_CA', 'saz_sin', 'saz_cos')
R2 de Treino = 95.07
R2 de Teste = 94.72
Coeficientes (pesos): [31.48702617 -3.24116599 -4.51933856 -5.21012687 -6.85104001 -4.77878519
 -1.44945961 -5.2359328   3.43587821  5.61117775 -0.74585645 -1.39168061
  0.81283476  2.74551201 -0.24341229  3.77668683  5.0643167   0.83444973
  1.93946554 -0.96563687]
Interceptor (constante): 82.87558900240441


********* Melhor Resultado do Fold ************
Linhas de Treino [0, 1, 4, 5, 6, 7, 8, 9, 10, 11, 12, 14, 15, 16, 17, 20, 21, 22, 24, 25, 26, 27, 28, 30, 31, 32, 33, 34, 35, 36, 38, 39, 40, 41, 42, 43, 45, 47, 48, 49, 50, 51, 52, 53, 55, 57, 58, 60, 61, 63, 64, 65, 66, 67, 68, 69, 71, 72, 73, 74, 76, 77, 78, 79, 80, 82, 83, 84, 85, 86, 87, 88, 89, 90, 91, 92, 94, 95, 96, 97, 98, 99, 100, 101, 102, 103, 104, 105, 106, 107, 109, 111, 113, 114, 119, 120, 121, 122, 123, 124, 125, 126, 127, 128, 129, 130, 132, 133, 134, 135, 136, 137, 138, 139, 140, 141, 142, 143, 146, 147, 148, 149, 150, 152, 154, 155, 156, 159, 162, 163, 164, 165, 166, 167, 168, 169, 170, 171, 173, 174, 175, 176, 177, 178, 179, 180, 181, 183, 184, 186, 188, 189, 190, 192, 193, 194, 195, 196, 197, 198, 199, 200, 203, 204, 205, 206, 207, 208, 209, 211, 212, 213, 214, 216, 217, 218, 221, 222, 223, 225, 230, 231, 232, 233, 234, 235, 236, 237, 238, 239, 240, 241, 242, 243, 244, 245, 246, 247, 248, 249, 250, 251, 254, 255, 256, 257, 258, 260, 261, 262, 263, 264, 265, 266, 267, 268, 269, 270, 271, 273, 274, 275, 276, 277, 278, 279, 280, 281, 282, 284, 287, 288, 289, 290, 291, 292, 295, 296]
Linhas de Teste [2, 3, 13, 18, 19, 23, 29, 37, 44, 46, 54, 56, 59, 62, 70, 75, 81, 93, 108, 110, 112, 115, 116, 117, 118, 131, 144, 145, 151, 153, 157, 158, 160, 161, 172, 182, 185, 187, 191, 201, 202, 210, 215, 219, 220, 224, 226, 227, 228, 229, 252, 253, 259, 272, 283, 285, 286, 293, 294]

Rodada 50 / 150  33.33 %
Parâmetros ('EV_CA', 'PRE_CA', 'TST_CA', 'saz_sin', 'saz_cos')
R2 de Treino = 95.13
R2 de Teste = 94.83
Coeficientes (pesos): [30.51545796 -3.7249957  -5.7106985  -6.04111924 -5.47740328 -4.70889605
 -3.26486694 -6.54496694  4.09998943  6.46645476 -0.54663474 -1.87742301
  1.00345097  2.82671562 -0.79478892  5.26088455  5.5233019   1.17828315
  0.18123158 -1.31344649]
Interceptor (constante): 84.84210553681446


********* Melhor Resultado do Fold ************
Linhas de Treino [0, 1, 3, 5, 7, 8, 10, 11, 12, 13, 14, 15, 16, 18, 19, 20, 21, 24, 25, 26, 27, 28, 29, 33, 34, 37, 38, 39, 40, 41, 42, 44, 45, 46, 47, 48, 49, 50, 51, 52, 53, 54, 55, 56, 58, 59, 60, 61, 62, 63, 64, 65, 66, 67, 68, 70, 71, 72, 74, 75, 76, 77, 81, 82, 83, 84, 85, 86, 87, 88, 90, 91, 92, 93, 97, 98, 99, 100, 101, 103, 104, 106, 107, 109, 111, 112, 113, 114, 116, 117, 118, 119, 120, 121, 123, 124, 126, 127, 129, 130, 131, 132, 133, 134, 135, 136, 138, 139, 140, 141, 142, 143, 144, 145, 146, 147, 148, 149, 150, 152, 153, 155, 157, 158, 160, 161, 162, 163, 164, 165, 166, 167, 169, 170, 171, 172, 173, 174, 175, 176, 177, 178, 179, 180, 181, 183, 184, 185, 186, 188, 189, 190, 191, 192, 195, 196, 197, 198, 199, 200, 202, 203, 204, 205, 206, 207, 209, 210, 211, 212, 214, 215, 217, 219, 220, 222, 223, 224, 225, 226, 227, 228, 229, 231, 232, 233, 234, 235, 237, 238, 239, 240, 241, 242, 243, 245, 246, 247, 248, 249, 250, 251, 252, 254, 255, 256, 257, 258, 259, 261, 262, 264, 265, 266, 267, 268, 269, 270, 271, 272, 273, 275, 276, 278, 279, 280, 281, 282, 283, 284, 285, 287, 288, 289, 290, 291, 294]
Linhas de Teste [2, 4, 6, 9, 17, 22, 23, 30, 31, 32, 35, 36, 43, 57, 69, 73, 78, 79, 80, 89, 94, 95, 96, 102, 105, 108, 110, 115, 122, 125, 128, 137, 151, 154, 156, 159, 168, 182, 187, 193, 194, 201, 208, 213, 216, 218, 221, 230, 236, 244, 253, 260, 263, 274, 277, 286, 292, 293, 295, 296]

Rodada 51 / 150  34.0 %
Parâmetros ('EV_CA', 'PRE_CA', 'TST_CA', 'saz_sin', 'saz_cos')
R2 de Treino = 95.21
R2 de Teste = 94.01
Coeficientes (pesos): [33.0345679  -4.47542326 -3.69164992 -5.29534624 -6.19254571 -4.79177103
 -1.78090095 -5.89494538  4.24189029  5.97124879 -0.55403246 -1.41244799
  0.67276159  3.42796259 -0.60336619  4.43994583  5.54802738  0.91812794
  1.82673893 -0.77250196]
Interceptor (constante): 84.5595548540996


********* Melhor Resultado do Fold ************
Linhas de Treino [0, 1, 2, 3, 4, 6, 7, 8, 9, 10, 11, 13, 14, 15, 17, 18, 19, 20, 21, 22, 23, 24, 25, 27, 29, 30, 31, 32, 33, 34, 35, 36, 37, 38, 40, 43, 44, 45, 46, 47, 49, 51, 52, 56, 57, 58, 59, 60, 61, 62, 63, 64, 65, 66, 67, 68, 69, 70, 71, 72, 73, 74, 75, 76, 77, 78, 79, 80, 82, 83, 85, 86, 87, 88, 89, 90, 92, 94, 95, 96, 97, 98, 99, 100, 101, 102, 103, 104, 105, 107, 108, 109, 110, 112, 114, 115, 116, 118, 119, 120, 122, 123, 124, 125, 126, 127, 128, 130, 132, 133, 136, 137, 138, 141, 142, 144, 145, 146, 147, 149, 150, 151, 152, 153, 154, 155, 156, 157, 158, 159, 160, 161, 162, 163, 164, 165, 166, 167, 168, 169, 170, 172, 173, 174, 175, 176, 177, 178, 179, 180, 182, 185, 186, 187, 188, 189, 190, 192, 193, 194, 195, 197, 198, 199, 200, 201, 202, 203, 205, 206, 208, 209, 210, 211, 212, 213, 215, 216, 217, 218, 219, 221, 222, 223, 225, 226, 227, 228, 229, 230, 233, 235, 236, 237, 238, 243, 244, 245, 246, 247, 249, 251, 253, 254, 255, 259, 260, 261, 262, 263, 264, 268, 270, 271, 272, 273, 274, 275, 276, 277, 279, 280, 281, 282, 284, 285, 286, 287, 288, 289, 290, 291, 292, 293, 294, 295, 296]
Linhas de Teste [5, 12, 16, 26, 28, 39, 41, 42, 48, 50, 53, 54, 55, 81, 84, 91, 93, 106, 111, 113, 117, 121, 129, 131, 134, 135, 139, 140, 143, 148, 171, 181, 183, 184, 191, 196, 204, 207, 214, 220, 224, 231, 232, 234, 239, 240, 241, 242, 248, 250, 252, 256, 257, 258, 265, 266, 267, 269, 278, 283]

Rodada 52 / 150  34.67 %
Parâmetros ('EV_CA', 'PRE_CA', 'TST_CA', 'saz_sin', 'saz_cos')
R2 de Treino = 95.24
R2 de Teste = 94.13
Coeficientes (pesos): [32.04007869 -5.24794604 -4.89548742 -5.56002437 -5.43944173 -3.75843975
 -2.65041857 -5.7269953   2.86453016  5.52429033 -0.56621468 -0.94072625
  1.15146487  3.55956107 -0.25869245  4.67467869  5.28823153  1.26373955
  1.36574303 -1.59113469]
Interceptor (constante): 82.50202361759229


********* Melhor Resultado do Fold ************
Linhas de Treino [0, 2, 3, 4, 5, 6, 9, 12, 13, 16, 17, 18, 20, 22, 23, 24, 26, 27, 28, 29, 30, 31, 32, 33, 34, 35, 36, 37, 38, 39, 40, 41, 42, 43, 45, 46, 48, 50, 53, 54, 55, 56, 57, 58, 59, 62, 65, 66, 69, 70, 71, 72, 73, 74, 75, 76, 77, 78, 79, 80, 81, 82, 83, 84, 86, 87, 89, 90, 91, 93, 94, 95, 96, 97, 98, 99, 101, 102, 105, 106, 107, 108, 109, 110, 111, 112, 113, 114, 115, 116, 117, 118, 119, 121, 122, 123, 125, 127, 128, 129, 130, 131, 132, 133, 134, 135, 136, 137, 138, 139, 140, 141, 142, 143, 144, 146, 147, 148, 149, 150, 151, 152, 153, 154, 155, 156, 159, 161, 162, 166, 167, 168, 169, 171, 172, 175, 178, 179, 180, 181, 182, 183, 184, 185, 186, 187, 188, 189, 190, 191, 193, 194, 195, 196, 197, 199, 200, 201, 203, 204, 206, 207, 208, 209, 210, 211, 212, 213, 214, 215, 216, 217, 218, 220, 221, 222, 224, 225, 226, 227, 228, 229, 230, 231, 232, 234, 236, 237, 239, 240, 241, 242, 243, 244, 246, 247, 248, 249, 250, 252, 253, 254, 256, 257, 258, 259, 260, 261, 262, 263, 264, 265, 266, 267, 268, 269, 270, 271, 273, 274, 277, 278, 279, 280, 282, 283, 284, 286, 287, 288, 289, 290, 291, 292, 293, 294, 295, 296]
Linhas de Teste [1, 7, 8, 10, 11, 14, 15, 19, 21, 25, 44, 47, 49, 51, 52, 60, 61, 63, 64, 67, 68, 85, 88, 92, 100, 103, 104, 120, 124, 126, 145, 157, 158, 160, 163, 164, 165, 170, 173, 174, 176, 177, 192, 198, 202, 205, 219, 223, 233, 235, 238, 245, 251, 255, 272, 275, 276, 281, 285]

Rodada 53 / 150  35.33 %
Parâmetros ('EV_CA', 'PRE_CA', 'TST_CA', 'saz_sin', 'saz_cos')
R2 de Treino = 95.33
R2 de Teste = 94.31
Coeficientes (pesos): [31.62041146 -4.27939649 -5.04916151 -5.47121766 -5.55653422 -4.49085994
 -2.4973451  -5.98737416  3.9365343   7.13241411 -0.4053762  -1.98209608
  0.63707393  2.75658316 -0.71984599  4.54167008  6.44350334  1.32751894
  0.69586037 -1.138364  ]
Interceptor (constante): 82.55422642091861


********* Melhor Resultado do Fold ************
Linhas de Treino [0, 1, 2, 3, 4, 5, 6, 7, 8, 9, 10, 11, 12, 14, 15, 16, 17, 19, 21, 22, 23, 24, 25, 26, 28, 30, 31, 32, 33, 35, 36, 39, 40, 41, 42, 43, 44, 46, 47, 48, 49, 50, 51, 52, 53, 54, 55, 57, 58, 59, 60, 61, 63, 64, 65, 66, 67, 68, 69, 73, 74, 75, 78, 79, 80, 81, 84, 85, 86, 88, 89, 91, 92, 93, 94, 95, 96, 100, 101, 102, 103, 104, 105, 106, 107, 108, 110, 111, 113, 115, 117, 120, 121, 122, 123, 124, 125, 126, 127, 128, 129, 130, 131, 132, 133, 134, 135, 137, 138, 139, 140, 143, 145, 147, 148, 149, 151, 152, 153, 154, 155, 156, 157, 158, 159, 160, 161, 162, 163, 164, 165, 166, 168, 170, 171, 173, 174, 175, 176, 177, 179, 181, 182, 183, 184, 185, 187, 188, 189, 190, 191, 192, 193, 194, 195, 196, 197, 198, 199, 200, 201, 202, 204, 205, 207, 208, 210, 211, 212, 213, 214, 215, 216, 217, 218, 219, 220, 221, 222, 223, 224, 225, 226, 230, 231, 232, 233, 234, 235, 236, 238, 239, 240, 241, 242, 244, 245, 246, 247, 248, 250, 251, 252, 253, 254, 255, 256, 257, 258, 259, 260, 263, 264, 265, 266, 267, 269, 270, 271, 272, 274, 275, 276, 277, 278, 280, 281, 282, 283, 285, 286, 287, 290, 291, 292, 293, 295, 296]
Linhas de Teste [13, 18, 20, 27, 29, 34, 37, 38, 45, 56, 62, 70, 71, 72, 76, 77, 82, 83, 87, 90, 97, 98, 99, 109, 112, 114, 116, 118, 119, 136, 141, 142, 144, 146, 150, 167, 169, 172, 178, 180, 186, 203, 206, 209, 227, 228, 229, 237, 243, 249, 261, 262, 268, 273, 279, 284, 288, 289, 294]

Rodada 54 / 150  36.0 %
Parâmetros ('EV_CA', 'PRE_CA', 'TST_CA', 'saz_sin', 'saz_cos')
R2 de Treino = 94.81
R2 de Teste = 95.56
Coeficientes (pesos): [32.34651487 -2.72228999 -4.06718783 -6.66585006 -7.32105697 -3.95188601
 -2.9520616  -3.80382394  2.96066279  4.47286863 -0.32534049 -2.34951648
  0.22765705  1.68473925  0.58997058  3.64569792  3.64349883  0.07904511
  2.69306785 -1.25088863]
Interceptor (constante): 86.71624308114106


********* Melhor Resultado do Fold ************
Linhas de Treino [1, 2, 4, 5, 6, 7, 8, 9, 10, 11, 12, 13, 14, 15, 16, 17, 18, 19, 20, 21, 22, 23, 25, 26, 27, 28, 29, 30, 31, 32, 34, 35, 36, 37, 38, 39, 41, 42, 43, 44, 45, 47, 48, 49, 50, 51, 52, 53, 54, 55, 56, 57, 60, 61, 62, 63, 64, 67, 68, 69, 70, 71, 72, 73, 76, 77, 78, 79, 80, 81, 82, 83, 84, 85, 87, 88, 89, 90, 91, 92, 93, 94, 95, 96, 97, 98, 99, 100, 102, 103, 104, 105, 106, 108, 109, 110, 111, 112, 113, 114, 115, 116, 117, 118, 119, 120, 121, 122, 124, 125, 126, 128, 129, 131, 134, 135, 136, 137, 139, 140, 141, 142, 143, 144, 145, 146, 148, 150, 151, 154, 156, 157, 158, 159, 160, 163, 164, 165, 167, 168, 169, 170, 171, 172, 173, 174, 176, 177, 178, 180, 181, 182, 183, 184, 186, 187, 191, 192, 193, 194, 196, 198, 201, 202, 203, 204, 205, 206, 207, 208, 209, 213, 214, 216, 218, 219, 220, 221, 223, 224, 227, 228, 229, 230, 231, 232, 233, 234, 235, 236, 237, 238, 239, 240, 241, 242, 243, 244, 245, 248, 249, 250, 251, 252, 253, 255, 256, 257, 258, 260, 261, 262, 263, 265, 266, 267, 268, 269, 272, 273, 274, 275, 276, 277, 278, 279, 281, 283, 284, 285, 286, 288, 289, 292, 293, 294, 295, 296]
Linhas de Teste [0, 3, 24, 33, 40, 46, 58, 59, 65, 66, 74, 75, 86, 101, 107, 123, 127, 130, 132, 133, 138, 147, 149, 152, 153, 155, 161, 162, 166, 175, 179, 185, 188, 189, 190, 195, 197, 199, 200, 210, 211, 212, 215, 217, 222, 225, 226, 246, 247, 254, 259, 264, 270, 271, 280, 282, 287, 290, 291]

Rodada 55 / 150  36.67 %
Parâmetros ('EV_CA', 'PRE_CA', 'TST_CA', 'saz_sin', 'saz_cos')
R2 de Treino = 95.24
R2 de Teste = 94.48
Coeficientes (pesos): [ 3.23060228e+01 -5.42962262e+00 -4.11346569e+00 -4.98235021e+00
 -5.61273000e+00 -4.42861763e+00 -1.72160760e+00 -4.21239279e+00
  3.88527994e+00  4.97946287e+00 -4.70510212e-01 -1.20388239e+00
  9.24411304e-01  2.85124544e+00 -3.79072384e-02  3.84702241e+00
  3.82677124e+00  5.44002510e-01  1.75223023e+00 -4.23812322e-03]
Interceptor (constante): 84.84142902322618


********* Melhor Resultado do Fold ************
Linhas de Treino [1, 3, 4, 5, 6, 7, 10, 11, 12, 14, 16, 17, 18, 19, 20, 21, 22, 23, 25, 26, 27, 28, 29, 30, 32, 33, 34, 35, 36, 37, 38, 40, 41, 43, 44, 45, 46, 47, 48, 49, 50, 51, 52, 53, 54, 55, 56, 58, 60, 61, 62, 63, 64, 66, 67, 68, 69, 71, 72, 74, 76, 77, 78, 80, 81, 82, 83, 84, 85, 86, 87, 90, 91, 92, 93, 95, 97, 98, 99, 100, 101, 102, 103, 104, 106, 107, 108, 110, 112, 113, 114, 115, 116, 117, 118, 119, 121, 122, 123, 124, 125, 126, 127, 128, 130, 131, 132, 133, 135, 136, 138, 140, 142, 143, 144, 145, 146, 147, 148, 149, 151, 153, 154, 155, 156, 157, 158, 159, 160, 161, 162, 164, 165, 166, 167, 169, 170, 171, 173, 174, 175, 176, 177, 179, 180, 181, 183, 184, 185, 186, 187, 188, 190, 192, 193, 194, 195, 196, 198, 200, 201, 203, 204, 205, 206, 208, 209, 210, 211, 212, 213, 214, 215, 216, 217, 218, 219, 220, 221, 222, 224, 225, 228, 229, 230, 231, 232, 234, 235, 236, 237, 238, 239, 240, 241, 244, 246, 247, 248, 249, 250, 252, 253, 254, 255, 256, 257, 258, 260, 261, 262, 263, 264, 265, 266, 267, 268, 269, 270, 271, 272, 274, 275, 276, 277, 279, 281, 282, 284, 285, 288, 289, 291, 292, 294, 295, 296]
Linhas de Teste [0, 2, 8, 9, 13, 15, 24, 31, 39, 42, 57, 59, 65, 70, 73, 75, 79, 88, 89, 94, 96, 105, 109, 111, 120, 129, 134, 137, 139, 141, 150, 152, 163, 168, 172, 178, 182, 189, 191, 197, 199, 202, 207, 223, 226, 227, 233, 242, 243, 245, 251, 259, 273, 278, 280, 283, 286, 287, 290, 293]

Rodada 56 / 150  37.33 %
Parâmetros ('EV_CA', 'PRE_CA', 'TST_CA', 'saz_sin', 'saz_cos')
R2 de Treino = 95.32
R2 de Teste = 93.57
Coeficientes (pesos): [31.45827244 -4.94981053 -4.88517592 -5.11466374 -4.89364212 -4.30984181
 -3.4826484  -4.95182712  5.53793033  6.02235771 -0.45395788 -2.32048717
  0.5305787   3.83895714 -0.25947131  5.09539466  4.78930099  0.85471098
  0.11341056 -0.91322945]
Interceptor (constante): 83.56948419024728


********* Melhor Resultado do Fold ************
Linhas de Treino [0, 1, 2, 3, 4, 5, 6, 7, 8, 9, 13, 15, 16, 17, 18, 20, 21, 22, 23, 24, 27, 28, 29, 30, 31, 33, 34, 35, 36, 37, 38, 39, 40, 41, 42, 43, 44, 46, 47, 48, 49, 50, 52, 55, 56, 57, 58, 59, 61, 62, 63, 64, 65, 66, 67, 68, 70, 72, 73, 74, 75, 76, 79, 80, 81, 83, 84, 85, 86, 87, 88, 89, 90, 91, 92, 94, 96, 97, 98, 99, 100, 102, 103, 104, 105, 106, 108, 109, 110, 111, 112, 115, 116, 117, 119, 120, 121, 122, 123, 124, 125, 126, 128, 129, 130, 131, 133, 134, 135, 137, 138, 139, 140, 141, 142, 144, 145, 147, 148, 150, 151, 152, 153, 154, 155, 156, 157, 158, 159, 160, 161, 162, 163, 164, 165, 166, 168, 169, 170, 171, 172, 173, 175, 177, 178, 179, 181, 182, 183, 184, 185, 186, 187, 188, 189, 190, 191, 192, 194, 195, 197, 199, 200, 201, 202, 203, 204, 205, 207, 208, 209, 211, 212, 213, 214, 215, 217, 218, 219, 220, 221, 222, 223, 224, 225, 226, 227, 228, 230, 233, 234, 236, 239, 241, 242, 243, 244, 245, 246, 248, 249, 250, 251, 254, 255, 257, 258, 259, 260, 262, 263, 264, 265, 266, 267, 268, 269, 270, 271, 273, 274, 275, 278, 280, 282, 283, 284, 285, 286, 287, 288, 289, 290, 292, 293, 295, 296]
Linhas de Teste [10, 11, 12, 14, 19, 25, 26, 32, 45, 51, 53, 54, 60, 69, 71, 77, 78, 82, 93, 95, 101, 107, 113, 114, 118, 127, 132, 136, 143, 146, 149, 167, 174, 176, 180, 193, 196, 198, 206, 210, 216, 229, 231, 232, 235, 237, 238, 240, 247, 252, 253, 256, 261, 272, 276, 277, 279, 281, 291, 294]

Rodada 57 / 150  38.0 %
Parâmetros ('EV_CA', 'PRE_CA', 'TST_CA', 'saz_sin', 'saz_cos')
R2 de Treino = 95.13
R2 de Teste = 94.65
Coeficientes (pesos): [32.04360198 -4.02960471 -5.65904696 -5.93614766 -5.19920928 -4.35392831
 -3.08182795 -6.22263288  2.66020631  6.67725181 -0.62746029 -1.93835897
  0.94103765  3.25983006 -1.05288723  3.78438674  7.04891568  1.82597606
  1.68018456 -2.24067076]
Interceptor (constante): 83.96344678440936


********* Melhor Resultado do Fold ************
Linhas de Treino [0, 1, 2, 3, 5, 6, 8, 9, 10, 11, 12, 13, 14, 15, 18, 19, 22, 24, 25, 26, 27, 29, 30, 31, 32, 33, 37, 38, 39, 40, 42, 44, 45, 46, 47, 48, 49, 50, 51, 53, 54, 55, 56, 57, 58, 59, 60, 61, 62, 63, 64, 65, 66, 68, 69, 70, 71, 72, 73, 74, 75, 77, 78, 79, 80, 82, 83, 87, 88, 89, 92, 93, 94, 95, 96, 98, 99, 101, 103, 104, 105, 106, 107, 108, 109, 111, 112, 113, 114, 115, 116, 117, 118, 119, 120, 121, 123, 124, 125, 126, 127, 129, 131, 132, 134, 135, 136, 137, 138, 139, 141, 142, 143, 145, 146, 147, 149, 150, 151, 152, 153, 154, 155, 156, 157, 159, 160, 161, 162, 163, 164, 165, 166, 167, 168, 169, 170, 171, 172, 173, 174, 175, 176, 177, 178, 180, 182, 183, 184, 186, 187, 189, 191, 192, 193, 194, 195, 196, 197, 198, 199, 200, 201, 202, 203, 206, 207, 209, 210, 212, 214, 216, 217, 218, 219, 222, 223, 226, 227, 229, 231, 232, 233, 234, 235, 237, 238, 239, 240, 241, 242, 243, 245, 247, 249, 250, 251, 252, 253, 254, 256, 257, 258, 259, 260, 261, 262, 263, 264, 265, 267, 268, 269, 271, 272, 273, 274, 275, 276, 277, 278, 279, 280, 281, 282, 283, 284, 286, 287, 288, 289, 290, 291, 292, 293, 294, 295, 296]
Linhas de Teste [4, 7, 16, 17, 20, 21, 23, 28, 34, 35, 36, 41, 43, 52, 67, 76, 81, 84, 85, 86, 90, 91, 97, 100, 102, 110, 122, 128, 130, 133, 140, 144, 148, 158, 179, 181, 185, 188, 190, 204, 205, 208, 211, 213, 215, 220, 221, 224, 225, 228, 230, 236, 244, 246, 248, 255, 266, 270, 285]

Rodada 58 / 150  38.67 %
Parâmetros ('EV_CA', 'PRE_CA', 'TST_CA', 'saz_sin', 'saz_cos')
R2 de Treino = 94.84
R2 de Teste = 95.49
Coeficientes (pesos): [32.3422557  -4.39580332 -4.2410218  -5.70444393 -6.25152544 -4.43313145
 -1.07268535 -5.44252389  3.94443728  5.22736232 -0.25250824 -0.43009962
  0.53127932  1.72225012  0.35818571  4.66363091  3.97725485  0.35095163
  1.36970999 -0.16315129]
Interceptor (constante): 84.79166151946045


********* Melhor Resultado do Fold ************
Linhas de Treino [0, 1, 2, 4, 6, 7, 8, 9, 10, 11, 12, 13, 14, 15, 16, 17, 19, 20, 21, 22, 23, 24, 25, 26, 27, 28, 29, 31, 32, 33, 34, 35, 36, 38, 39, 40, 41, 42, 43, 45, 47, 48, 50, 51, 52, 53, 54, 56, 57, 59, 60, 61, 62, 65, 67, 69, 70, 71, 72, 73, 74, 75, 76, 77, 78, 79, 80, 81, 82, 83, 84, 85, 86, 88, 89, 90, 91, 92, 93, 94, 95, 96, 97, 98, 99, 100, 101, 102, 103, 104, 105, 106, 107, 109, 110, 111, 113, 114, 116, 117, 118, 120, 121, 122, 123, 126, 127, 128, 129, 130, 132, 133, 134, 136, 137, 139, 140, 141, 143, 144, 145, 146, 148, 149, 150, 151, 152, 154, 155, 158, 159, 160, 163, 164, 165, 166, 167, 168, 171, 172, 174, 176, 178, 179, 180, 181, 182, 183, 185, 187, 188, 189, 190, 191, 193, 194, 196, 197, 198, 199, 200, 201, 202, 204, 205, 206, 207, 208, 209, 210, 211, 212, 213, 215, 216, 220, 221, 222, 223, 224, 225, 226, 227, 228, 229, 230, 231, 232, 233, 234, 235, 236, 237, 238, 240, 242, 243, 244, 245, 246, 247, 248, 249, 250, 251, 252, 253, 255, 256, 257, 258, 259, 260, 261, 265, 266, 267, 270, 272, 273, 276, 277, 278, 279, 280, 281, 283, 284, 285, 286, 287, 288, 290, 291, 293, 294, 295, 296]
Linhas de Teste [3, 5, 18, 30, 37, 44, 46, 49, 55, 58, 63, 64, 66, 68, 87, 108, 112, 115, 119, 124, 125, 131, 135, 138, 142, 147, 153, 156, 157, 161, 162, 169, 170, 173, 175, 177, 184, 186, 192, 195, 203, 214, 217, 218, 219, 239, 241, 254, 262, 263, 264, 268, 269, 271, 274, 275, 282, 289, 292]

Rodada 59 / 150  39.33 %
Parâmetros ('EV_CA', 'PRE_CA', 'TST_CA', 'saz_sin', 'saz_cos')
R2 de Treino = 95.2
R2 de Teste = 94.24
Coeficientes (pesos): [32.50761565 -4.8624477  -3.87885104 -5.90320901 -6.39801055 -4.12537839
 -2.63841667 -4.93659143  3.43718341  5.55918207 -0.47462115 -1.96414428
  1.63984174  2.88914413 -0.17598145  5.0452419   4.73749232  0.55552863
  0.89201531 -0.95283518]
Interceptor (constante): 83.44178955738164


********* Melhor Resultado do Fold ************
Linhas de Treino [0, 2, 3, 4, 5, 7, 8, 9, 10, 11, 12, 13, 14, 15, 16, 17, 18, 19, 20, 21, 23, 24, 25, 26, 28, 30, 31, 32, 34, 35, 36, 37, 39, 41, 42, 43, 44, 45, 46, 49, 51, 52, 53, 54, 55, 57, 58, 59, 60, 63, 64, 65, 66, 67, 68, 69, 70, 71, 73, 75, 76, 77, 78, 79, 81, 82, 84, 85, 86, 87, 88, 89, 90, 91, 93, 94, 95, 96, 97, 100, 101, 102, 105, 107, 108, 109, 110, 111, 112, 113, 114, 115, 118, 119, 120, 122, 124, 125, 127, 128, 129, 130, 131, 132, 133, 134, 135, 136, 137, 138, 139, 140, 141, 142, 143, 144, 146, 147, 148, 149, 150, 152, 153, 156, 157, 158, 161, 162, 163, 167, 168, 169, 170, 172, 173, 174, 175, 176, 177, 178, 179, 180, 181, 182, 184, 185, 186, 188, 189, 190, 191, 192, 193, 195, 196, 197, 198, 199, 202, 203, 204, 205, 206, 207, 208, 210, 211, 213, 214, 215, 216, 217, 218, 219, 220, 221, 223, 224, 225, 226, 227, 228, 229, 230, 231, 232, 233, 235, 236, 237, 238, 239, 240, 241, 242, 243, 244, 245, 246, 247, 248, 251, 252, 253, 254, 255, 256, 259, 261, 262, 263, 264, 266, 268, 269, 270, 271, 272, 273, 274, 275, 276, 277, 278, 279, 280, 281, 282, 283, 285, 286, 287, 289, 290, 291, 292, 293, 294]
Linhas de Teste [1, 6, 22, 27, 29, 33, 38, 40, 47, 48, 50, 56, 61, 62, 72, 74, 80, 83, 92, 98, 99, 103, 104, 106, 116, 117, 121, 123, 126, 145, 151, 154, 155, 159, 160, 164, 165, 166, 171, 183, 187, 194, 200, 201, 209, 212, 222, 234, 249, 250, 257, 258, 260, 265, 267, 284, 288, 295, 296]

Rodada 60 / 150  40.0 %
Parâmetros ('EV_CA', 'PRE_CA', 'TST_CA', 'saz_sin', 'saz_cos')
R2 de Treino = 95.58
R2 de Teste = 92.58
Coeficientes (pesos): [33.54363312 -4.40862815 -2.86479279 -5.29618584 -7.63268146 -4.3598575
 -1.60388378 -4.67402683  2.29288282  5.53146736 -0.52658639 -1.7952241
  0.03916298  2.95532511 -0.4608902   2.60168362  5.70588687  0.9230018
  4.39630139 -0.70419019]
Interceptor (constante): 84.55071065419894


********* Melhor Resultado do Fold ************
Linhas de Treino [1, 2, 3, 5, 6, 7, 9, 10, 11, 12, 13, 15, 16, 17, 20, 21, 22, 23, 24, 26, 27, 28, 29, 30, 31, 32, 33, 34, 35, 36, 37, 39, 40, 41, 42, 43, 44, 45, 46, 47, 48, 49, 50, 51, 52, 53, 54, 55, 56, 57, 58, 59, 60, 63, 64, 65, 68, 69, 72, 73, 74, 75, 78, 79, 80, 81, 82, 83, 84, 85, 86, 87, 89, 91, 92, 93, 95, 96, 97, 98, 99, 100, 101, 102, 103, 104, 106, 107, 108, 110, 111, 112, 115, 116, 117, 118, 119, 120, 121, 122, 123, 124, 125, 126, 127, 129, 130, 132, 133, 134, 135, 136, 137, 138, 139, 140, 141, 142, 143, 144, 145, 146, 147, 148, 149, 150, 151, 153, 154, 155, 156, 157, 158, 159, 160, 161, 162, 164, 165, 167, 168, 170, 171, 173, 174, 175, 176, 177, 178, 179, 180, 181, 182, 183, 184, 185, 187, 188, 189, 190, 191, 192, 194, 195, 196, 199, 200, 201, 203, 204, 205, 208, 209, 210, 211, 213, 214, 215, 217, 218, 220, 221, 222, 225, 226, 228, 230, 231, 232, 233, 234, 236, 237, 238, 239, 240, 242, 243, 244, 247, 248, 249, 250, 251, 253, 257, 258, 259, 260, 261, 263, 264, 265, 266, 267, 268, 269, 270, 271, 272, 273, 275, 276, 277, 278, 279, 280, 281, 282, 283, 286, 289, 290, 291, 293, 294, 295]
Linhas de Teste [0, 4, 8, 14, 18, 19, 25, 38, 61, 62, 66, 67, 70, 71, 76, 77, 88, 90, 94, 105, 109, 113, 114, 128, 131, 152, 163, 166, 169, 172, 186, 193, 197, 198, 202, 206, 207, 212, 216, 219, 223, 224, 227, 229, 235, 241, 245, 246, 252, 254, 255, 256, 262, 274, 284, 285, 287, 288, 292, 296]

Rodada 61 / 150  40.67 %
Parâmetros ('EV_CA', 'PRE_CA', 'TST_CA', 'saz_sin', 'saz_cos')
R2 de Treino = 95.11
R2 de Teste = 94.63
Coeficientes (pesos): [32.53113838 -5.30368185 -3.64376339 -5.24708484 -6.08126149 -4.31495834
 -1.843709   -5.36827267  3.04136598  5.29785636 -0.43904677 -0.70531467
  1.1633368   2.3693823   0.13688835  4.14038754  3.69313881  0.41145116
  2.50437715 -0.28881656]
Interceptor (constante): 84.39644412053956


********* Melhor Resultado do Fold ************
Linhas de Treino [0, 2, 3, 4, 6, 7, 8, 9, 10, 11, 12, 13, 14, 15, 16, 17, 18, 19, 20, 21, 22, 23, 24, 25, 26, 27, 29, 30, 31, 33, 35, 36, 37, 38, 40, 41, 43, 46, 47, 48, 49, 50, 51, 52, 53, 54, 55, 56, 58, 59, 60, 61, 62, 63, 64, 65, 66, 67, 68, 69, 70, 71, 72, 73, 74, 76, 77, 78, 81, 82, 83, 86, 87, 88, 90, 92, 93, 94, 95, 97, 98, 99, 100, 102, 104, 105, 106, 107, 108, 109, 110, 111, 113, 114, 117, 118, 119, 120, 122, 123, 124, 126, 128, 129, 131, 133, 134, 136, 137, 138, 139, 140, 142, 143, 144, 145, 146, 147, 148, 149, 152, 153, 154, 155, 156, 157, 158, 159, 160, 161, 162, 163, 164, 166, 168, 169, 171, 172, 174, 176, 177, 178, 180, 181, 182, 183, 184, 185, 186, 187, 189, 190, 191, 192, 193, 195, 197, 198, 199, 202, 203, 204, 205, 206, 207, 208, 209, 211, 212, 213, 214, 215, 216, 217, 218, 219, 220, 222, 223, 224, 225, 226, 227, 229, 230, 231, 232, 233, 234, 235, 236, 237, 238, 241, 242, 244, 245, 246, 248, 249, 250, 252, 254, 255, 256, 257, 260, 261, 262, 263, 264, 265, 267, 268, 269, 270, 271, 272, 273, 274, 276, 277, 279, 282, 283, 284, 285, 286, 287, 288, 289, 290, 291, 292, 293, 295, 296]
Linhas de Teste [1, 5, 28, 32, 34, 39, 42, 44, 45, 57, 75, 79, 80, 84, 85, 89, 91, 96, 101, 103, 112, 115, 116, 121, 125, 127, 130, 132, 135, 141, 150, 151, 165, 167, 170, 173, 175, 179, 188, 194, 196, 200, 201, 210, 221, 228, 239, 240, 243, 247, 251, 253, 258, 259, 266, 275, 278, 280, 281, 294]

Rodada 62 / 150  41.33 %
Parâmetros ('EV_CA', 'PRE_CA', 'TST_CA', 'saz_sin', 'saz_cos')
R2 de Treino = 95.79
R2 de Teste = 90.46
Coeficientes (pesos): [33.11793466 -5.45803365 -4.53372215 -5.03221298 -5.22138457 -4.2699455
 -3.77268416 -4.8921991   4.56135151  6.69635158 -0.13835687 -3.17149735
  0.165922    3.37477881 -0.46954111  4.35608207  6.77714069  1.57243016
  1.44063278 -0.90619656]
Interceptor (constante): 83.43489107424763


********* Melhor Resultado do Fold ************
Linhas de Treino [0, 1, 3, 4, 5, 7, 8, 9, 11, 12, 13, 14, 15, 17, 18, 19, 20, 21, 22, 25, 26, 28, 29, 30, 31, 32, 33, 34, 37, 38, 39, 42, 44, 45, 48, 49, 50, 51, 52, 53, 54, 55, 57, 58, 59, 60, 61, 62, 63, 64, 65, 66, 67, 68, 70, 71, 73, 74, 75, 76, 77, 78, 79, 80, 81, 82, 84, 85, 86, 87, 88, 89, 90, 91, 92, 94, 95, 96, 97, 99, 100, 101, 103, 104, 105, 106, 109, 110, 111, 112, 113, 114, 115, 116, 117, 118, 119, 120, 121, 122, 125, 126, 127, 128, 130, 131, 132, 133, 135, 136, 137, 138, 140, 141, 142, 143, 144, 146, 147, 148, 150, 151, 152, 153, 154, 155, 156, 157, 158, 159, 160, 161, 163, 164, 165, 166, 167, 168, 169, 170, 171, 172, 173, 174, 175, 176, 177, 178, 179, 182, 183, 184, 185, 186, 187, 188, 189, 190, 193, 194, 195, 196, 197, 198, 200, 201, 202, 203, 204, 205, 206, 207, 208, 209, 210, 212, 213, 214, 215, 216, 217, 218, 219, 220, 221, 222, 223, 224, 227, 228, 229, 230, 232, 233, 235, 239, 240, 241, 242, 243, 245, 246, 247, 249, 251, 252, 253, 254, 255, 256, 258, 259, 262, 266, 267, 268, 270, 271, 273, 274, 275, 276, 278, 280, 281, 282, 283, 284, 285, 286, 287, 288, 290, 291, 292, 294, 295, 296]
Linhas de Teste [2, 6, 10, 16, 23, 24, 27, 35, 36, 40, 41, 43, 46, 47, 56, 69, 72, 83, 93, 98, 102, 107, 108, 123, 124, 129, 134, 139, 145, 149, 162, 180, 181, 191, 192, 199, 211, 225, 226, 231, 234, 236, 237, 238, 244, 248, 250, 257, 260, 261, 263, 264, 265, 269, 272, 277, 279, 289, 293]

Rodada 63 / 150  42.0 %
Parâmetros ('EV_CA', 'PRE_CA', 'TST_CA', 'saz_sin', 'saz_cos')
R2 de Treino = 95.05
R2 de Teste = 93.83
Coeficientes (pesos): [32.12284276 -4.12465003 -5.17896912 -5.84289381 -5.53833424 -5.34292038
 -0.53601461 -5.52379962  3.3309346   5.46304593 -1.10939713 -1.0659268
  1.06743874  3.12553705 -0.43732421  3.21057655  4.85947759  0.61639927
  1.82005948 -1.03659466]
Interceptor (constante): 84.8870815262007


********* Melhor Resultado do Fold ************
Linhas de Treino [0, 1, 2, 3, 4, 5, 6, 7, 8, 9, 10, 11, 12, 13, 14, 15, 16, 18, 19, 20, 21, 22, 23, 24, 25, 26, 27, 28, 29, 30, 31, 32, 33, 34, 35, 36, 38, 39, 40, 41, 42, 43, 44, 45, 46, 47, 51, 52, 53, 54, 56, 57, 58, 60, 61, 62, 65, 66, 67, 69, 70, 71, 72, 73, 74, 75, 76, 77, 79, 80, 81, 82, 83, 84, 85, 88, 89, 90, 91, 93, 94, 96, 97, 98, 101, 102, 103, 104, 105, 107, 108, 109, 110, 112, 113, 114, 115, 116, 117, 118, 119, 121, 122, 123, 124, 125, 126, 127, 128, 129, 130, 131, 132, 134, 135, 139, 141, 143, 144, 145, 147, 149, 150, 151, 152, 157, 158, 159, 161, 162, 163, 165, 166, 167, 169, 170, 172, 173, 175, 177, 179, 180, 181, 182, 183, 186, 187, 188, 190, 191, 192, 193, 194, 196, 197, 198, 199, 200, 201, 202, 204, 205, 206, 207, 209, 210, 211, 212, 213, 214, 216, 219, 220, 221, 223, 224, 225, 226, 227, 228, 229, 230, 231, 232, 233, 234, 235, 236, 237, 238, 239, 240, 241, 243, 244, 245, 246, 247, 248, 250, 251, 252, 253, 254, 255, 256, 257, 258, 259, 260, 261, 262, 263, 264, 265, 266, 268, 269, 271, 272, 274, 275, 276, 277, 278, 279, 280, 281, 283, 284, 285, 287, 288, 289, 292, 293, 294, 296]
Linhas de Teste [17, 37, 48, 49, 50, 55, 59, 63, 64, 68, 78, 86, 87, 92, 95, 99, 100, 106, 111, 120, 133, 136, 137, 138, 140, 142, 146, 148, 153, 154, 155, 156, 160, 164, 168, 171, 174, 176, 178, 184, 185, 189, 195, 203, 208, 215, 217, 218, 222, 242, 249, 267, 270, 273, 282, 286, 290, 291, 295]

Rodada 64 / 150  42.67 %
Parâmetros ('EV_CA', 'PRE_CA', 'TST_CA', 'saz_sin', 'saz_cos')
R2 de Treino = 95.14
R2 de Teste = 94.5
Coeficientes (pesos): [30.9716786  -3.11422183 -4.65431117 -5.54703281 -6.47522569 -4.53229484
 -2.3372866  -5.43567482  4.57675036  5.52839396 -0.64696963 -1.8161473
  0.28760948  2.81744057  0.07259404  5.20640706  5.12036569  0.66051695
  1.34294546 -0.97070526]
Interceptor (constante): 83.8100930496169


********* Melhor Resultado do Fold ************
Linhas de Treino [0, 1, 2, 4, 5, 6, 8, 10, 14, 16, 17, 18, 19, 23, 24, 25, 27, 28, 32, 34, 35, 36, 37, 38, 39, 40, 41, 42, 43, 44, 45, 46, 47, 48, 49, 50, 55, 56, 57, 59, 61, 62, 63, 64, 66, 67, 68, 69, 70, 71, 72, 75, 76, 77, 78, 79, 80, 83, 84, 85, 86, 87, 88, 89, 90, 91, 92, 93, 94, 95, 96, 98, 99, 100, 101, 102, 103, 105, 106, 107, 108, 109, 111, 112, 113, 114, 115, 116, 120, 121, 123, 124, 125, 127, 128, 129, 130, 131, 132, 133, 134, 135, 136, 137, 138, 139, 140, 141, 142, 145, 146, 148, 149, 150, 151, 152, 153, 154, 155, 156, 160, 162, 163, 164, 165, 166, 167, 168, 169, 170, 171, 172, 173, 174, 175, 176, 178, 179, 180, 181, 184, 185, 186, 188, 189, 191, 192, 193, 194, 195, 196, 197, 198, 199, 200, 201, 202, 203, 206, 207, 208, 210, 211, 212, 215, 216, 217, 218, 219, 221, 222, 223, 224, 225, 226, 227, 228, 229, 231, 234, 235, 236, 237, 238, 239, 240, 241, 242, 243, 244, 245, 246, 247, 248, 249, 250, 251, 252, 253, 254, 255, 256, 257, 258, 259, 260, 261, 262, 263, 264, 265, 266, 267, 269, 270, 272, 273, 274, 275, 277, 278, 279, 280, 281, 282, 284, 285, 286, 287, 288, 289, 290, 291, 292, 293, 294, 295, 296]
Linhas de Teste [3, 7, 9, 11, 12, 13, 15, 20, 21, 22, 26, 29, 30, 31, 33, 51, 52, 53, 54, 58, 60, 65, 73, 74, 81, 82, 97, 104, 110, 117, 118, 119, 122, 126, 143, 144, 147, 157, 158, 159, 161, 177, 182, 183, 187, 190, 204, 205, 209, 213, 214, 220, 230, 232, 233, 268, 271, 276, 283]

Rodada 65 / 150  43.33 %
Parâmetros ('EV_CA', 'PRE_CA', 'TST_CA', 'saz_sin', 'saz_cos')
R2 de Treino = 94.91
R2 de Teste = 95.57
Coeficientes (pesos): [32.48405614 -4.62584302 -4.19703304 -6.01436357 -6.21559142 -3.30390452
 -2.62870943 -4.33831246  3.05908382  5.04757545 -0.48774138 -1.38009044
  1.09640005  3.34552539  0.06490371  4.50292989  4.08840143  0.86652026
  0.70079571 -1.29705967]
Interceptor (constante): 83.9573863959314


********* Melhor Resultado do Fold ************
Linhas de Treino [0, 2, 3, 5, 6, 7, 8, 9, 10, 12, 14, 15, 16, 17, 18, 20, 21, 22, 23, 24, 25, 26, 28, 29, 33, 35, 36, 37, 38, 39, 40, 42, 43, 45, 46, 47, 48, 49, 50, 52, 53, 54, 55, 56, 57, 58, 59, 60, 61, 62, 63, 64, 65, 66, 67, 68, 69, 70, 73, 75, 77, 79, 80, 81, 83, 84, 85, 86, 87, 88, 89, 90, 92, 93, 94, 95, 97, 98, 99, 100, 102, 103, 104, 105, 106, 107, 108, 110, 111, 112, 113, 114, 115, 116, 117, 119, 120, 121, 123, 124, 126, 128, 129, 131, 132, 133, 134, 136, 137, 138, 139, 140, 141, 142, 144, 145, 147, 148, 149, 150, 152, 153, 154, 155, 156, 157, 158, 159, 160, 161, 162, 163, 164, 166, 167, 168, 169, 170, 171, 172, 174, 175, 179, 180, 181, 183, 184, 185, 186, 187, 188, 189, 190, 191, 192, 193, 194, 195, 196, 198, 199, 200, 201, 202, 203, 204, 205, 207, 208, 209, 210, 212, 214, 216, 217, 218, 219, 220, 221, 222, 223, 224, 225, 227, 228, 230, 231, 233, 234, 236, 237, 238, 239, 240, 241, 242, 243, 244, 245, 250, 251, 253, 255, 256, 257, 259, 260, 261, 262, 263, 265, 266, 267, 268, 269, 271, 272, 273, 274, 275, 276, 277, 278, 280, 281, 283, 285, 286, 287, 288, 289, 290, 291, 292, 293, 295, 296]
Linhas de Teste [1, 4, 11, 13, 19, 27, 30, 31, 32, 34, 41, 44, 51, 71, 72, 74, 76, 78, 82, 91, 96, 101, 109, 118, 122, 125, 127, 130, 135, 143, 146, 151, 165, 173, 176, 177, 178, 182, 197, 206, 211, 213, 215, 226, 229, 232, 235, 246, 247, 248, 249, 252, 254, 258, 264, 270, 279, 282, 284, 294]

Rodada 66 / 150  44.0 %
Parâmetros ('EV_CA', 'PRE_CA', 'TST_CA', 'saz_sin', 'saz_cos')
R2 de Treino = 94.86
R2 de Teste = 95.12
Coeficientes (pesos): [32.25776606 -4.13728985 -2.42214672 -5.59361412 -7.39713714 -3.22436534
 -3.31996573 -3.01167962  3.39874289  4.38339943 -0.40247187 -3.17134531
 -0.29069622  3.20211132  0.40609863  3.88464152  4.68106212  1.06251832
  3.34780764 -0.54329286]
Interceptor (constante): 84.44798792507572


********* Melhor Resultado do Fold ************
Linhas de Treino [0, 1, 2, 4, 5, 7, 8, 9, 10, 11, 13, 14, 16, 17, 18, 19, 21, 22, 23, 25, 26, 27, 28, 30, 31, 32, 33, 34, 35, 36, 38, 39, 40, 41, 42, 43, 44, 45, 46, 47, 49, 51, 53, 54, 55, 57, 58, 60, 61, 64, 65, 66, 67, 69, 70, 71, 72, 73, 74, 75, 76, 77, 78, 79, 80, 81, 82, 83, 85, 86, 87, 88, 89, 90, 91, 92, 93, 95, 96, 97, 98, 100, 101, 102, 103, 104, 105, 106, 107, 108, 109, 110, 111, 112, 113, 114, 115, 116, 118, 120, 121, 122, 124, 125, 127, 128, 130, 131, 132, 133, 135, 136, 138, 140, 143, 144, 145, 146, 147, 148, 149, 151, 153, 154, 155, 157, 158, 159, 160, 161, 162, 164, 165, 166, 167, 168, 169, 170, 171, 172, 173, 175, 176, 177, 178, 180, 181, 182, 183, 186, 187, 188, 189, 190, 193, 194, 196, 197, 198, 199, 201, 203, 205, 206, 207, 208, 209, 210, 211, 212, 213, 214, 215, 217, 219, 220, 221, 222, 223, 225, 226, 227, 228, 229, 230, 232, 234, 235, 236, 237, 239, 241, 242, 243, 244, 246, 247, 248, 249, 250, 251, 252, 253, 254, 255, 256, 257, 258, 259, 260, 261, 262, 263, 264, 265, 266, 269, 270, 273, 274, 275, 276, 277, 278, 279, 281, 282, 284, 285, 286, 288, 289, 290, 292, 293, 294, 295]
Linhas de Teste [3, 6, 12, 15, 20, 24, 29, 37, 48, 50, 52, 56, 59, 62, 63, 68, 84, 94, 99, 117, 119, 123, 126, 129, 134, 137, 139, 141, 142, 150, 152, 156, 163, 174, 179, 184, 185, 191, 192, 195, 200, 202, 204, 216, 218, 224, 231, 233, 238, 240, 245, 267, 268, 271, 272, 280, 283, 287, 291, 296]

Rodada 67 / 150  44.67 %
Parâmetros ('EV_CA', 'PRE_CA', 'TST_CA', 'saz_sin', 'saz_cos')
R2 de Treino = 95.31
R2 de Teste = 93.88
Coeficientes (pesos): [30.86187777 -4.47521275 -5.28242627 -5.0113783  -5.58750882 -5.42756521
 -1.40282947 -6.07976304  4.2596669   6.04034979 -0.5874206  -0.86451012
  1.01937043  2.43545049 -0.59438958  4.03551802  4.97680935  0.46575992
  1.01269131 -0.60042552]
Interceptor (constante): 84.59917915670329


********* Melhor Resultado do Fold ************
Linhas de Treino [1, 2, 3, 4, 5, 6, 7, 8, 9, 10, 11, 12, 13, 14, 15, 16, 18, 19, 20, 21, 24, 27, 28, 29, 30, 31, 32, 33, 34, 35, 37, 38, 41, 42, 43, 44, 45, 47, 48, 49, 50, 51, 52, 53, 54, 56, 58, 59, 60, 61, 62, 63, 64, 65, 66, 67, 68, 69, 70, 71, 72, 73, 74, 76, 77, 78, 79, 80, 82, 83, 84, 85, 87, 88, 89, 90, 91, 92, 93, 94, 95, 96, 97, 98, 99, 100, 101, 102, 103, 105, 106, 107, 109, 112, 114, 116, 117, 118, 119, 120, 121, 122, 123, 124, 125, 126, 127, 128, 129, 130, 134, 135, 136, 137, 138, 139, 140, 141, 142, 143, 146, 147, 150, 151, 152, 153, 154, 155, 156, 159, 160, 161, 162, 163, 164, 165, 168, 169, 170, 172, 173, 174, 175, 176, 177, 178, 179, 181, 182, 183, 184, 185, 186, 191, 192, 193, 194, 195, 197, 199, 200, 201, 202, 203, 204, 205, 206, 208, 209, 211, 212, 213, 215, 216, 217, 218, 219, 220, 221, 222, 223, 224, 225, 226, 227, 228, 229, 231, 232, 233, 234, 235, 236, 237, 238, 239, 240, 242, 243, 244, 245, 246, 247, 248, 249, 251, 252, 254, 256, 258, 259, 261, 262, 264, 267, 268, 269, 270, 271, 272, 273, 275, 276, 277, 278, 279, 280, 281, 282, 283, 284, 286, 287, 289, 291, 294, 295, 296]
Linhas de Teste [0, 17, 22, 23, 25, 26, 36, 39, 40, 46, 55, 57, 75, 81, 86, 104, 108, 110, 111, 113, 115, 131, 132, 133, 144, 145, 148, 149, 157, 158, 166, 167, 171, 180, 187, 188, 189, 190, 196, 198, 207, 210, 214, 230, 241, 250, 253, 255, 257, 260, 263, 265, 266, 274, 285, 288, 290, 292, 293]

Rodada 68 / 150  45.33 %
Parâmetros ('EV_CA', 'PRE_CA', 'TST_CA', 'saz_sin', 'saz_cos')
R2 de Treino = 95.36
R2 de Teste = 92.83
Coeficientes (pesos): [32.88297268 -4.74677702 -4.14866739 -6.29432467 -6.6461202  -4.67383922
 -1.36239003 -7.37851129  3.91430108  6.18992318 -0.19561615  0.5843076
  1.51824278  2.0672597  -0.24921504  5.79664624  4.32496988 -0.18336976
  0.51284929 -1.21341347]
Interceptor (constante): 84.17450262970215


********* Melhor Resultado do Fold ************
Linhas de Treino [0, 1, 2, 3, 4, 5, 6, 7, 10, 11, 12, 13, 14, 15, 16, 17, 18, 19, 20, 22, 23, 24, 25, 26, 27, 28, 29, 30, 31, 32, 34, 36, 37, 39, 40, 41, 42, 44, 45, 46, 47, 48, 49, 50, 51, 52, 53, 55, 56, 57, 58, 59, 60, 61, 62, 63, 67, 68, 69, 71, 72, 74, 75, 76, 77, 78, 79, 81, 82, 84, 85, 86, 88, 89, 91, 92, 94, 95, 96, 97, 99, 101, 104, 105, 106, 107, 108, 109, 110, 111, 113, 114, 115, 117, 118, 119, 121, 122, 123, 124, 125, 126, 127, 129, 130, 131, 132, 133, 134, 135, 137, 138, 139, 140, 141, 142, 143, 144, 145, 146, 148, 149, 150, 151, 152, 153, 155, 156, 157, 158, 160, 161, 163, 165, 166, 167, 168, 171, 173, 174, 176, 177, 178, 179, 180, 182, 183, 184, 185, 186, 187, 188, 189, 190, 191, 192, 193, 195, 196, 197, 198, 200, 201, 202, 204, 206, 207, 208, 209, 210, 211, 213, 214, 215, 216, 218, 221, 222, 223, 224, 225, 226, 229, 230, 231, 232, 233, 234, 235, 238, 239, 240, 241, 243, 244, 245, 246, 247, 248, 249, 250, 251, 252, 253, 254, 255, 257, 258, 260, 263, 264, 265, 266, 267, 268, 270, 271, 272, 274, 275, 276, 277, 279, 280, 281, 282, 283, 284, 285, 287, 288, 290, 291, 292, 293, 294, 295, 296]
Linhas de Teste [8, 9, 21, 33, 35, 38, 43, 54, 64, 65, 66, 70, 73, 80, 83, 87, 90, 93, 98, 100, 102, 103, 112, 116, 120, 128, 136, 147, 154, 159, 162, 164, 169, 170, 172, 175, 181, 194, 199, 203, 205, 212, 217, 219, 220, 227, 228, 236, 237, 242, 256, 259, 261, 262, 269, 273, 278, 286, 289]

Rodada 69 / 150  46.0 %
Parâmetros ('EV_CA', 'PRE_CA', 'TST_CA', 'saz_sin', 'saz_cos')
R2 de Treino = 94.8
R2 de Teste = 95.91
Coeficientes (pesos): [31.53334261 -4.28597272 -4.96120312 -5.34761126 -5.64462519 -3.47385856
 -2.69402387 -4.67036378  2.90116504  5.68709583 -0.40995204 -2.02519401
  0.12610494  3.11113678 -0.40647282  3.26734852  5.79596687  1.35706453
  2.00385237 -1.09763793]
Interceptor (constante): 83.14202050525317


********* Melhor Resultado do Fold ************
Linhas de Treino [0, 1, 3, 4, 6, 8, 9, 11, 12, 13, 15, 17, 19, 20, 21, 22, 23, 24, 25, 26, 27, 29, 30, 31, 32, 33, 34, 35, 36, 37, 38, 39, 40, 41, 43, 44, 46, 48, 50, 51, 52, 54, 55, 56, 57, 59, 62, 63, 64, 65, 66, 68, 70, 71, 72, 73, 74, 75, 76, 78, 80, 81, 82, 83, 84, 86, 87, 90, 91, 93, 94, 96, 98, 99, 100, 101, 102, 103, 104, 108, 109, 110, 111, 112, 113, 115, 116, 117, 118, 119, 120, 122, 123, 125, 126, 127, 128, 129, 130, 131, 132, 133, 134, 135, 136, 137, 139, 141, 142, 143, 144, 145, 146, 147, 148, 149, 150, 151, 152, 154, 156, 157, 158, 159, 162, 163, 164, 165, 166, 167, 169, 170, 171, 172, 173, 174, 175, 176, 177, 178, 179, 180, 181, 182, 184, 185, 187, 188, 189, 190, 191, 192, 194, 195, 196, 197, 198, 199, 200, 202, 203, 204, 205, 206, 207, 210, 211, 212, 213, 214, 215, 216, 217, 218, 219, 220, 224, 226, 227, 228, 229, 230, 231, 232, 233, 235, 236, 237, 238, 240, 241, 242, 245, 246, 247, 248, 249, 250, 252, 253, 254, 255, 256, 257, 258, 259, 260, 261, 262, 263, 264, 265, 266, 267, 268, 269, 270, 271, 272, 273, 274, 278, 279, 280, 282, 283, 284, 285, 286, 287, 288, 289, 290, 291, 292, 293, 294, 296]
Linhas de Teste [2, 5, 7, 10, 14, 16, 18, 28, 42, 45, 47, 49, 53, 58, 60, 61, 67, 69, 77, 79, 85, 88, 89, 92, 95, 97, 105, 106, 107, 114, 121, 124, 138, 140, 153, 155, 160, 161, 168, 183, 186, 193, 201, 208, 209, 221, 222, 223, 225, 234, 239, 243, 244, 251, 275, 276, 277, 281, 295]

Rodada 70 / 150  46.67 %
Parâmetros ('EV_CA', 'PRE_CA', 'TST_CA', 'saz_sin', 'saz_cos')
R2 de Treino = 95.55
R2 de Teste = 91.89
Coeficientes (pesos): [34.04381015 -5.46521575 -4.57841768 -5.48544253 -4.72039252 -5.01821078
 -2.89978443 -5.5359897   4.53423884  6.81582301 -0.3847032  -2.24346354
  1.46797879  3.28810064 -0.20907005  5.50902485  5.67080268  1.34645182
  0.32717892 -1.123803  ]
Interceptor (constante): 83.62219338052425


********* Melhor Resultado do Fold ************
Linhas de Treino [1, 2, 3, 4, 5, 6, 7, 8, 9, 11, 12, 13, 14, 15, 16, 17, 18, 19, 21, 22, 23, 24, 25, 26, 27, 28, 31, 32, 33, 34, 35, 36, 37, 38, 39, 40, 41, 42, 44, 45, 46, 47, 48, 49, 50, 51, 52, 53, 55, 56, 57, 58, 59, 60, 61, 62, 64, 65, 66, 67, 68, 69, 70, 72, 73, 74, 77, 78, 79, 81, 82, 83, 84, 88, 91, 92, 94, 95, 96, 97, 99, 102, 104, 105, 107, 110, 111, 112, 113, 115, 117, 120, 121, 122, 123, 125, 127, 128, 129, 130, 131, 132, 133, 134, 135, 136, 137, 139, 140, 145, 146, 147, 148, 149, 150, 151, 152, 153, 154, 155, 156, 157, 159, 160, 161, 163, 164, 165, 166, 167, 168, 169, 170, 172, 173, 174, 175, 176, 178, 179, 180, 181, 182, 183, 184, 186, 187, 188, 189, 190, 191, 192, 193, 195, 196, 197, 199, 200, 201, 203, 204, 205, 206, 207, 208, 209, 211, 212, 213, 214, 215, 216, 217, 218, 219, 220, 221, 222, 223, 224, 225, 226, 228, 229, 230, 231, 232, 233, 235, 236, 237, 238, 239, 241, 243, 244, 246, 247, 248, 249, 250, 251, 253, 254, 255, 256, 257, 258, 259, 261, 262, 263, 266, 267, 268, 269, 270, 271, 272, 273, 274, 275, 276, 278, 279, 280, 282, 283, 284, 286, 288, 289, 290, 293, 294, 295, 296]
Linhas de Teste [0, 10, 20, 29, 30, 43, 54, 63, 71, 75, 76, 80, 85, 86, 87, 89, 90, 93, 98, 100, 101, 103, 106, 108, 109, 114, 116, 118, 119, 124, 126, 138, 141, 142, 143, 144, 158, 162, 171, 177, 185, 194, 198, 202, 210, 227, 234, 240, 242, 245, 252, 260, 264, 265, 277, 281, 285, 287, 291, 292]

Rodada 71 / 150  47.33 %
Parâmetros ('EV_CA', 'PRE_CA', 'TST_CA', 'saz_sin', 'saz_cos')
R2 de Treino = 95.26
R2 de Teste = 94.01
Coeficientes (pesos): [31.49307337 -5.18325681 -5.36772548 -5.44867636 -4.86100815 -4.07371611
 -1.74879547 -4.78232191  3.52231198  4.23108182 -0.33296184 -1.1957785
  0.45276707  2.17853156 -0.60988243  3.51075559  4.06408442  0.29820518
  1.77616839 -0.25750735]
Interceptor (constante): 84.26078885573567


********* Melhor Resultado do Fold ************
Linhas de Treino [0, 1, 4, 5, 6, 9, 10, 11, 12, 13, 16, 18, 19, 20, 21, 23, 24, 26, 27, 28, 29, 30, 31, 32, 33, 34, 38, 40, 42, 43, 44, 45, 46, 47, 48, 49, 52, 53, 54, 56, 57, 58, 61, 62, 63, 64, 65, 66, 67, 68, 69, 70, 71, 72, 73, 75, 76, 77, 78, 79, 80, 81, 82, 83, 84, 85, 86, 87, 88, 89, 90, 93, 94, 95, 96, 97, 98, 99, 100, 101, 103, 104, 105, 106, 107, 108, 109, 110, 111, 112, 113, 114, 115, 116, 117, 118, 119, 122, 123, 124, 125, 126, 127, 128, 130, 133, 134, 135, 136, 138, 139, 140, 141, 142, 143, 144, 145, 146, 147, 148, 149, 150, 153, 155, 156, 157, 158, 159, 161, 162, 163, 164, 165, 166, 167, 168, 169, 170, 171, 173, 175, 176, 177, 178, 180, 181, 182, 185, 186, 188, 189, 190, 191, 192, 193, 194, 195, 196, 197, 198, 199, 200, 201, 202, 203, 204, 205, 207, 208, 209, 210, 213, 214, 215, 217, 218, 219, 220, 221, 223, 225, 226, 227, 228, 230, 232, 233, 234, 235, 236, 238, 239, 240, 242, 243, 245, 246, 247, 248, 249, 251, 252, 253, 254, 255, 256, 258, 259, 260, 263, 264, 265, 266, 267, 269, 270, 271, 272, 273, 274, 275, 276, 277, 278, 279, 281, 282, 283, 284, 285, 287, 288, 290, 291, 292, 293, 296]
Linhas de Teste [2, 3, 7, 8, 14, 15, 17, 22, 25, 35, 36, 37, 39, 41, 50, 51, 55, 59, 60, 74, 91, 92, 102, 120, 121, 129, 131, 132, 137, 151, 152, 154, 160, 172, 174, 179, 183, 184, 187, 206, 211, 212, 216, 222, 224, 229, 231, 237, 241, 244, 250, 257, 261, 262, 268, 280, 286, 289, 294, 295]

Rodada 72 / 150  48.0 %
Parâmetros ('EV_CA', 'PRE_CA', 'TST_CA', 'saz_sin', 'saz_cos')
R2 de Treino = 94.93
R2 de Teste = 95.34
Coeficientes (pesos): [31.44840468 -4.77396144 -5.02341831 -5.41294217 -5.70529486 -5.21082016
 -3.0990875  -6.07670287  4.14487807  6.73415636 -0.50153544 -2.36456928
  0.58465673  4.04941996 -0.8683051   4.57760589  6.29752492  1.67034293
  0.66349639 -1.75423663]
Interceptor (constante): 83.31349090093772


********* Melhor Resultado do Fold ************
Linhas de Treino [0, 1, 2, 3, 4, 5, 6, 7, 8, 9, 10, 11, 12, 13, 14, 15, 16, 17, 18, 19, 20, 21, 22, 23, 25, 28, 29, 30, 32, 34, 35, 36, 37, 38, 39, 40, 41, 42, 43, 46, 49, 50, 51, 52, 53, 54, 55, 56, 57, 58, 59, 60, 61, 62, 63, 65, 68, 70, 71, 73, 74, 75, 76, 77, 78, 79, 80, 81, 82, 83, 85, 86, 87, 88, 89, 90, 91, 92, 93, 94, 96, 97, 98, 100, 101, 102, 103, 104, 106, 107, 108, 109, 111, 112, 113, 114, 116, 117, 118, 119, 120, 121, 122, 123, 124, 125, 126, 127, 129, 130, 131, 132, 134, 135, 137, 138, 139, 140, 141, 142, 143, 144, 146, 147, 150, 151, 152, 153, 154, 155, 156, 158, 160, 161, 162, 165, 166, 167, 168, 170, 171, 172, 174, 176, 177, 178, 179, 181, 182, 183, 184, 185, 187, 188, 192, 193, 194, 195, 196, 198, 201, 202, 203, 204, 205, 206, 208, 209, 210, 211, 212, 213, 214, 215, 216, 217, 218, 219, 220, 221, 222, 223, 224, 225, 226, 227, 228, 229, 231, 232, 234, 235, 237, 238, 239, 240, 241, 242, 244, 245, 246, 248, 250, 251, 252, 254, 255, 257, 258, 259, 260, 261, 262, 264, 265, 267, 268, 269, 274, 275, 277, 278, 279, 280, 281, 282, 283, 284, 285, 286, 287, 288, 289, 291, 292, 294, 295, 296]
Linhas de Teste [24, 26, 27, 31, 33, 44, 45, 47, 48, 64, 66, 67, 69, 72, 84, 95, 99, 105, 110, 115, 128, 133, 136, 145, 148, 149, 157, 159, 163, 164, 169, 173, 175, 180, 186, 189, 190, 191, 197, 199, 200, 207, 230, 233, 236, 243, 247, 249, 253, 256, 263, 266, 270, 271, 272, 273, 276, 290, 293]

Rodada 73 / 150  48.67 %
Parâmetros ('EV_CA', 'PRE_CA', 'TST_CA', 'saz_sin', 'saz_cos')
R2 de Treino = 95.53
R2 de Teste = 92.13
Coeficientes (pesos): [ 3.31610954e+01 -3.77165446e+00 -3.81054689e+00 -5.51376945e+00
 -6.62646969e+00 -4.97914511e+00 -1.16121986e+00 -5.72168056e+00
  4.56663298e+00  6.11958680e+00 -6.29837197e-01 -4.50508544e-01
  1.20117705e+00  2.02805323e+00  2.16191249e-01  4.91915355e+00
  4.03040788e+00  1.21488669e-02  1.22260335e+00  1.53678497e-01]
Interceptor (constante): 84.50011713055275


********* Melhor Resultado do Fold ************
Linhas de Treino [0, 1, 2, 3, 4, 6, 7, 8, 10, 11, 12, 14, 15, 17, 18, 20, 21, 22, 24, 25, 26, 27, 29, 30, 31, 32, 33, 35, 36, 37, 39, 41, 42, 43, 44, 45, 46, 47, 48, 49, 50, 51, 52, 54, 55, 56, 58, 59, 60, 61, 63, 64, 66, 67, 68, 69, 71, 72, 74, 75, 76, 77, 79, 80, 82, 83, 84, 85, 86, 87, 88, 89, 90, 91, 92, 93, 94, 95, 96, 98, 99, 100, 101, 102, 103, 105, 106, 108, 109, 110, 111, 112, 113, 114, 115, 116, 117, 118, 119, 120, 121, 122, 123, 124, 125, 126, 128, 129, 131, 132, 133, 136, 137, 138, 139, 140, 141, 142, 143, 144, 145, 146, 147, 148, 149, 150, 151, 152, 154, 157, 158, 159, 160, 161, 162, 163, 164, 166, 167, 169, 171, 172, 173, 174, 175, 177, 178, 179, 180, 181, 183, 184, 185, 186, 187, 188, 189, 190, 191, 192, 193, 194, 195, 196, 197, 198, 199, 200, 202, 203, 205, 206, 207, 209, 210, 211, 212, 213, 215, 216, 221, 222, 224, 227, 229, 230, 231, 232, 233, 234, 236, 237, 239, 240, 241, 242, 243, 244, 245, 246, 247, 249, 250, 252, 253, 255, 256, 257, 260, 261, 262, 263, 264, 265, 266, 268, 269, 270, 271, 272, 273, 276, 277, 280, 281, 282, 285, 286, 287, 288, 289, 290, 291, 292, 293, 294, 295, 296]
Linhas de Teste [5, 9, 13, 16, 19, 23, 28, 34, 38, 40, 53, 57, 62, 65, 70, 73, 78, 81, 97, 104, 107, 127, 130, 134, 135, 153, 155, 156, 165, 168, 170, 176, 182, 201, 204, 208, 214, 217, 218, 219, 220, 223, 225, 226, 228, 235, 238, 248, 251, 254, 258, 259, 267, 274, 275, 278, 279, 283, 284]

Rodada 74 / 150  49.33 %
Parâmetros ('EV_CA', 'PRE_CA', 'TST_CA', 'saz_sin', 'saz_cos')
R2 de Treino = 94.85
R2 de Teste = 95.56
Coeficientes (pesos): [31.50524319 -4.15020553 -4.83359352 -5.73347099 -5.76334813 -3.81849901
 -2.98332429 -5.16474155  4.08428997  6.38292701 -0.61202676 -2.49275929
  0.64915315  4.21928513 -0.70687491  4.41982341  6.77073553  1.34094692
  1.06279323 -1.74745702]
Interceptor (constante): 83.3538615396434


********* Melhor Resultado do Fold ************
Linhas de Treino [0, 2, 3, 5, 7, 8, 9, 10, 13, 14, 15, 16, 17, 19, 20, 22, 23, 24, 25, 26, 27, 28, 29, 30, 31, 33, 34, 35, 36, 37, 38, 39, 40, 41, 43, 44, 45, 47, 48, 50, 51, 53, 54, 55, 57, 59, 60, 62, 63, 64, 65, 66, 67, 69, 70, 71, 72, 73, 74, 75, 76, 78, 80, 81, 84, 85, 86, 87, 89, 90, 91, 92, 93, 95, 97, 98, 99, 100, 101, 102, 103, 104, 105, 106, 107, 108, 109, 110, 114, 115, 116, 118, 119, 120, 121, 124, 126, 127, 128, 129, 130, 131, 132, 133, 134, 135, 136, 137, 138, 141, 142, 143, 144, 145, 148, 149, 151, 152, 153, 154, 155, 156, 157, 158, 159, 160, 162, 163, 164, 165, 168, 169, 170, 171, 172, 173, 174, 175, 176, 177, 179, 180, 182, 183, 184, 185, 186, 187, 189, 190, 191, 194, 197, 198, 199, 200, 201, 202, 204, 206, 207, 208, 210, 211, 212, 214, 216, 217, 218, 219, 220, 222, 223, 224, 225, 226, 227, 228, 229, 230, 231, 233, 234, 235, 236, 237, 238, 240, 241, 242, 243, 244, 245, 247, 248, 249, 250, 251, 252, 253, 254, 256, 257, 258, 259, 260, 261, 262, 263, 264, 265, 266, 267, 268, 270, 271, 272, 273, 274, 275, 276, 277, 278, 279, 280, 281, 283, 284, 285, 286, 287, 289, 290, 291, 292, 293, 294, 295]
Linhas de Teste [1, 4, 6, 11, 12, 18, 21, 32, 42, 46, 49, 52, 56, 58, 61, 68, 77, 79, 82, 83, 88, 94, 96, 111, 112, 113, 117, 122, 123, 125, 139, 140, 146, 147, 150, 161, 166, 167, 178, 181, 188, 192, 193, 195, 196, 203, 205, 209, 213, 215, 221, 232, 239, 246, 255, 269, 282, 288, 296]

Rodada 75 / 150  50.0 %
Parâmetros ('EV_CA', 'PRE_CA', 'TST_CA', 'saz_sin', 'saz_cos')
R2 de Treino = 95.53
R2 de Teste = 92.56
Coeficientes (pesos): [33.93206015 -4.77228673 -3.13464159 -5.88977115 -6.9508283  -4.25183716
 -2.58612406 -5.30658756  2.52759585  6.37431707 -0.21867248 -1.51399961
  0.82927232  1.94220819  0.40499583  4.52832771  5.0848414   1.27653684
  2.49263382 -1.34352423]
Interceptor (constante): 84.38232869235112


********* Melhor Resultado do Fold ************
Linhas de Treino [1, 2, 5, 6, 7, 8, 9, 10, 11, 12, 14, 15, 16, 17, 18, 19, 20, 21, 24, 25, 27, 28, 29, 30, 31, 32, 34, 35, 38, 39, 41, 43, 44, 45, 46, 47, 48, 49, 50, 52, 53, 54, 55, 56, 57, 58, 59, 60, 61, 63, 64, 65, 66, 68, 70, 71, 72, 73, 74, 75, 76, 78, 79, 80, 81, 82, 84, 85, 86, 87, 88, 90, 91, 92, 93, 95, 96, 97, 98, 99, 100, 102, 103, 105, 106, 107, 108, 109, 110, 111, 112, 113, 114, 115, 116, 117, 118, 119, 121, 122, 123, 124, 125, 126, 127, 128, 129, 130, 131, 133, 135, 136, 137, 138, 139, 140, 141, 142, 143, 145, 146, 147, 149, 150, 151, 152, 153, 154, 155, 156, 158, 159, 161, 162, 163, 164, 165, 166, 167, 168, 169, 170, 172, 174, 175, 176, 177, 178, 179, 180, 181, 182, 183, 185, 186, 188, 189, 190, 192, 193, 194, 196, 197, 198, 200, 201, 202, 203, 204, 205, 206, 207, 208, 209, 210, 211, 212, 213, 215, 216, 218, 219, 221, 222, 224, 225, 227, 229, 231, 232, 233, 234, 235, 236, 238, 239, 240, 242, 243, 244, 245, 246, 249, 250, 253, 254, 255, 256, 257, 258, 259, 260, 262, 263, 266, 269, 270, 271, 272, 274, 275, 276, 277, 278, 279, 280, 281, 282, 283, 284, 285, 287, 288, 289, 290, 292, 294]
Linhas de Teste [0, 3, 4, 13, 22, 23, 26, 33, 36, 37, 40, 42, 51, 62, 67, 69, 77, 83, 89, 94, 101, 104, 120, 132, 134, 144, 148, 157, 160, 171, 173, 184, 187, 191, 195, 199, 214, 217, 220, 223, 226, 228, 230, 237, 241, 247, 248, 251, 252, 261, 264, 265, 267, 268, 273, 286, 291, 293, 295, 296]

Rodada 76 / 150  50.67 %
Parâmetros ('EV_CA', 'PRE_CA', 'TST_CA', 'saz_sin', 'saz_cos')
R2 de Treino = 95.1
R2 de Teste = 94.78
Coeficientes (pesos): [32.3431005  -2.99654076 -4.07235142 -6.20837859 -7.09307458 -4.50901941
 -3.03095525 -5.58759374  2.90356631  6.31408486 -0.48873235 -2.09253824
  0.92292725  2.66842257 -0.72377872  3.93208929  5.89591749  0.92113232
  1.58009451 -1.75422059]
Interceptor (constante): 85.04167721475575


********* Melhor Resultado do Fold ************
Linhas de Treino [0, 1, 2, 3, 4, 5, 6, 8, 10, 12, 13, 14, 16, 17, 18, 19, 21, 22, 23, 24, 25, 26, 27, 28, 29, 30, 31, 32, 33, 34, 35, 36, 37, 38, 39, 40, 42, 44, 45, 46, 47, 48, 51, 52, 53, 54, 55, 56, 57, 58, 59, 60, 61, 62, 63, 64, 65, 66, 67, 68, 69, 70, 71, 72, 73, 74, 75, 76, 77, 78, 79, 81, 82, 83, 84, 85, 86, 87, 89, 90, 91, 92, 93, 94, 95, 96, 97, 101, 102, 103, 104, 106, 107, 108, 109, 111, 114, 115, 116, 117, 119, 120, 121, 122, 123, 125, 126, 127, 128, 130, 131, 132, 133, 134, 135, 136, 137, 138, 140, 142, 143, 144, 145, 146, 148, 149, 150, 151, 152, 153, 155, 156, 157, 159, 160, 161, 162, 163, 164, 165, 166, 167, 168, 170, 171, 172, 173, 174, 175, 176, 177, 184, 187, 189, 190, 191, 192, 193, 194, 195, 197, 199, 200, 201, 202, 204, 205, 206, 207, 208, 209, 211, 212, 213, 214, 215, 217, 218, 220, 223, 224, 225, 226, 228, 229, 230, 231, 232, 233, 234, 235, 236, 237, 238, 239, 241, 242, 243, 245, 246, 247, 248, 251, 252, 254, 255, 258, 259, 260, 261, 262, 264, 265, 266, 267, 268, 269, 270, 271, 273, 274, 275, 279, 281, 282, 283, 284, 285, 286, 288, 289, 291, 292, 293, 294, 295, 296]
Linhas de Teste [7, 9, 11, 15, 20, 41, 43, 49, 50, 80, 88, 98, 99, 100, 105, 110, 112, 113, 118, 124, 129, 139, 141, 147, 154, 158, 169, 178, 179, 180, 181, 182, 183, 185, 186, 188, 196, 198, 203, 210, 216, 219, 221, 222, 227, 240, 244, 249, 250, 253, 256, 257, 263, 272, 276, 277, 278, 280, 287, 290]

Rodada 77 / 150  51.33 %
Parâmetros ('EV_CA', 'PRE_CA', 'TST_CA', 'saz_sin', 'saz_cos')
R2 de Treino = 95.18
R2 de Teste = 94.06
Coeficientes (pesos): [ 3.22159023e+01 -5.67330519e+00 -5.30031889e+00 -5.08846958e+00
 -5.02791929e+00 -4.99689500e+00 -3.33371406e-01 -5.71931484e+00
  3.74241718e+00  4.86892437e+00 -4.51230340e-01 -9.80008445e-02
  5.86170890e-01  2.44759419e+00  1.16702798e-02  4.12161294e+00
  4.19630664e+00  4.66813523e-01  1.36485437e+00 -8.58503695e-01]
Interceptor (constante): 84.31577343976872


********* Melhor Resultado do Fold ************
Linhas de Treino [0, 3, 4, 5, 6, 7, 9, 10, 11, 12, 13, 15, 16, 17, 18, 20, 22, 23, 24, 25, 26, 27, 28, 31, 32, 33, 34, 35, 36, 37, 38, 40, 41, 42, 43, 44, 45, 46, 47, 48, 49, 50, 51, 52, 53, 54, 57, 60, 61, 62, 63, 67, 68, 69, 70, 71, 72, 73, 75, 77, 80, 83, 84, 86, 87, 88, 89, 92, 93, 94, 96, 97, 98, 99, 100, 101, 102, 103, 104, 105, 106, 107, 108, 109, 110, 111, 112, 113, 114, 116, 117, 118, 120, 121, 123, 124, 125, 126, 127, 128, 129, 130, 132, 133, 134, 136, 137, 139, 140, 141, 142, 143, 144, 146, 147, 148, 149, 151, 154, 155, 156, 157, 158, 159, 160, 161, 163, 164, 166, 167, 169, 170, 171, 173, 174, 175, 176, 177, 178, 179, 180, 181, 182, 183, 184, 185, 186, 187, 188, 189, 190, 191, 192, 194, 195, 196, 198, 199, 200, 201, 202, 203, 204, 205, 206, 207, 208, 210, 212, 213, 214, 216, 217, 219, 220, 221, 222, 223, 224, 225, 226, 227, 228, 229, 230, 231, 233, 234, 237, 238, 239, 240, 241, 244, 245, 246, 247, 248, 249, 250, 251, 252, 253, 254, 256, 257, 259, 260, 261, 262, 263, 264, 265, 267, 268, 270, 272, 273, 274, 275, 276, 277, 278, 280, 281, 282, 283, 284, 285, 286, 287, 289, 290, 291, 292, 293, 295, 296]
Linhas de Teste [1, 2, 8, 14, 19, 21, 29, 30, 39, 55, 56, 58, 59, 64, 65, 66, 74, 76, 78, 79, 81, 82, 85, 90, 91, 95, 115, 119, 122, 131, 135, 138, 145, 150, 152, 153, 162, 165, 168, 172, 193, 197, 209, 211, 215, 218, 232, 235, 236, 242, 243, 255, 258, 266, 269, 271, 279, 288, 294]

Rodada 78 / 150  52.0 %
Parâmetros ('EV_CA', 'PRE_CA', 'TST_CA', 'saz_sin', 'saz_cos')
R2 de Treino = 95.45
R2 de Teste = 93.15
Coeficientes (pesos): [32.51177326 -4.77288939 -4.17634159 -4.98605186 -5.81971979 -3.40221329
 -3.36048044 -3.82062503  3.42863847  4.72994677 -0.46546942 -2.95942014
  0.24016535  3.78722616 -0.3195794   3.62741174  5.26105587  1.62123114
  2.44197977 -0.84729696]
Interceptor (constante): 83.34958360055332


********* Melhor Resultado do Fold ************
Linhas de Treino [0, 1, 2, 3, 4, 5, 7, 8, 9, 10, 11, 13, 14, 15, 17, 19, 20, 21, 22, 23, 26, 27, 29, 30, 31, 33, 34, 35, 36, 37, 38, 39, 40, 41, 42, 43, 44, 45, 46, 49, 50, 51, 54, 55, 56, 58, 59, 62, 64, 65, 66, 67, 69, 74, 75, 76, 77, 78, 79, 80, 81, 82, 83, 84, 85, 86, 88, 89, 90, 91, 93, 94, 95, 96, 98, 99, 100, 101, 103, 104, 105, 107, 108, 109, 110, 111, 112, 113, 114, 115, 117, 118, 119, 120, 121, 122, 124, 125, 126, 129, 131, 132, 133, 134, 135, 136, 137, 138, 139, 140, 141, 142, 144, 145, 146, 147, 148, 149, 150, 151, 152, 153, 154, 155, 157, 158, 159, 160, 161, 162, 163, 164, 165, 166, 168, 169, 171, 172, 173, 176, 178, 179, 180, 181, 182, 183, 184, 185, 186, 187, 188, 191, 193, 195, 196, 197, 198, 199, 200, 203, 205, 208, 209, 210, 211, 212, 213, 214, 215, 216, 217, 218, 219, 220, 221, 222, 223, 226, 227, 228, 230, 232, 233, 234, 235, 236, 237, 238, 240, 241, 242, 243, 244, 245, 246, 247, 248, 249, 250, 251, 252, 253, 255, 256, 257, 258, 260, 261, 262, 263, 264, 265, 266, 267, 268, 269, 270, 271, 272, 273, 276, 277, 278, 279, 280, 281, 282, 283, 284, 286, 287, 288, 290, 291, 293, 294, 295, 296]
Linhas de Teste [6, 12, 16, 18, 24, 25, 28, 32, 47, 48, 52, 53, 57, 60, 61, 63, 68, 70, 71, 72, 73, 87, 92, 97, 102, 106, 116, 123, 127, 128, 130, 143, 156, 167, 170, 174, 175, 177, 189, 190, 192, 194, 201, 202, 204, 206, 207, 224, 225, 229, 231, 239, 254, 259, 274, 275, 285, 289, 292]

Rodada 79 / 150  52.67 %
Parâmetros ('EV_CA', 'PRE_CA', 'TST_CA', 'saz_sin', 'saz_cos')
R2 de Treino = 95.08
R2 de Teste = 94.88
Coeficientes (pesos): [31.87750726 -5.26616439 -4.24683748 -6.06495529 -6.01547976 -4.72632982
 -1.31733304 -6.24588365  3.65368867  6.4021832  -0.57216069 -0.27219291
  1.16885653  2.67836537 -0.64320887  4.58235491  5.29121094  0.19552392
  1.40593449 -1.19234049]
Interceptor (constante): 84.00617245283435


********* Melhor Resultado do Fold ************
Linhas de Treino [0, 1, 2, 3, 4, 6, 7, 8, 9, 11, 12, 13, 14, 15, 16, 18, 19, 20, 21, 22, 23, 24, 25, 26, 28, 29, 30, 32, 33, 36, 37, 39, 40, 41, 42, 43, 47, 48, 49, 50, 51, 52, 53, 55, 56, 57, 58, 59, 60, 61, 62, 63, 64, 65, 66, 67, 68, 69, 70, 71, 72, 73, 74, 76, 77, 78, 79, 80, 81, 82, 83, 85, 87, 88, 89, 90, 91, 92, 94, 95, 97, 98, 99, 100, 101, 102, 104, 105, 106, 110, 112, 113, 115, 116, 118, 119, 120, 122, 123, 124, 127, 128, 129, 130, 131, 132, 134, 135, 138, 139, 141, 143, 144, 145, 147, 148, 150, 152, 153, 154, 156, 157, 158, 160, 162, 165, 167, 168, 169, 170, 171, 172, 173, 174, 175, 177, 178, 179, 180, 181, 182, 183, 184, 185, 186, 187, 188, 189, 190, 191, 192, 193, 194, 195, 196, 197, 198, 199, 201, 202, 203, 204, 206, 207, 209, 210, 211, 214, 215, 216, 217, 218, 219, 220, 221, 222, 223, 224, 225, 226, 227, 228, 229, 230, 231, 232, 235, 236, 237, 239, 240, 241, 242, 243, 244, 247, 248, 249, 250, 251, 252, 253, 254, 255, 256, 257, 258, 259, 261, 263, 264, 265, 266, 267, 268, 269, 271, 272, 273, 274, 275, 276, 277, 278, 279, 280, 285, 286, 287, 288, 289, 290, 291, 292, 293, 294, 295, 296]
Linhas de Teste [5, 10, 17, 27, 31, 34, 35, 38, 44, 45, 46, 54, 75, 84, 86, 93, 96, 103, 107, 108, 109, 111, 114, 117, 121, 125, 126, 133, 136, 137, 140, 142, 146, 149, 151, 155, 159, 161, 163, 164, 166, 176, 200, 205, 208, 212, 213, 233, 234, 238, 245, 246, 260, 262, 270, 281, 282, 283, 284]

Rodada 80 / 150  53.33 %
Parâmetros ('EV_CA', 'PRE_CA', 'TST_CA', 'saz_sin', 'saz_cos')
R2 de Treino = 95.1
R2 de Teste = 94.89
Coeficientes (pesos): [32.8067639  -4.70588979 -4.04150514 -5.321803   -5.77017196 -4.01285353
 -3.17970865 -4.24378311  3.82828102  5.62102798 -0.41654048 -2.46909433
  0.84440676  3.20025487  0.4762575   4.61494277  4.68581745  1.23845532
  1.5989148  -0.28423928]
Interceptor (constante): 84.15632248105653


********* Melhor Resultado do Fold ************
Linhas de Treino [1, 2, 3, 6, 7, 8, 9, 10, 11, 12, 13, 14, 16, 17, 18, 19, 20, 21, 22, 23, 24, 25, 26, 27, 28, 30, 31, 33, 35, 36, 37, 38, 39, 41, 42, 43, 44, 45, 47, 48, 49, 50, 51, 52, 54, 55, 56, 57, 58, 59, 60, 61, 62, 63, 64, 65, 66, 67, 68, 70, 71, 72, 73, 74, 76, 79, 81, 82, 83, 84, 85, 86, 87, 88, 89, 90, 92, 93, 94, 95, 97, 100, 101, 103, 106, 107, 109, 110, 111, 112, 113, 114, 115, 116, 117, 118, 119, 120, 122, 123, 124, 125, 126, 127, 128, 130, 131, 132, 137, 138, 139, 140, 141, 142, 143, 144, 145, 147, 148, 149, 150, 151, 152, 153, 154, 155, 156, 157, 159, 160, 162, 163, 165, 166, 167, 168, 169, 170, 171, 173, 174, 175, 176, 177, 178, 179, 181, 182, 183, 184, 185, 186, 187, 188, 190, 191, 192, 193, 194, 195, 196, 197, 198, 199, 201, 202, 203, 204, 205, 206, 207, 208, 209, 210, 211, 212, 213, 214, 215, 217, 218, 219, 220, 221, 222, 223, 225, 227, 228, 229, 230, 231, 232, 233, 234, 235, 236, 238, 241, 242, 243, 244, 245, 246, 247, 248, 249, 251, 252, 255, 256, 257, 258, 259, 260, 261, 266, 267, 268, 271, 272, 273, 275, 276, 278, 279, 280, 281, 283, 284, 285, 286, 287, 291, 294, 295, 296]
Linhas de Teste [0, 4, 5, 15, 29, 32, 34, 40, 46, 53, 69, 75, 77, 78, 80, 91, 96, 98, 99, 102, 104, 105, 108, 121, 129, 133, 134, 135, 136, 146, 158, 161, 164, 172, 180, 189, 200, 216, 224, 226, 237, 239, 240, 250, 253, 254, 262, 263, 264, 265, 269, 270, 274, 277, 282, 288, 289, 290, 292, 293]

Rodada 81 / 150  54.0 %
Parâmetros ('EV_CA', 'PRE_CA', 'TST_CA', 'saz_sin', 'saz_cos')
R2 de Treino = 95.32
R2 de Teste = 93.3
Coeficientes (pesos): [34.79319108 -5.98138061 -2.93248535 -6.0515121  -6.64043094 -4.9162003
 -1.39794515 -4.63217702  4.54184551  5.14121938 -0.3378995  -0.36275417
  1.78832238  2.21341329  0.82390512  5.1729316   2.6545501  -0.72357418
  0.81898591  0.09705609]
Interceptor (constante): 84.52677036877574


********* Melhor Resultado do Fold ************
Linhas de Treino [0, 2, 3, 4, 5, 6, 7, 10, 11, 12, 13, 14, 15, 16, 18, 19, 20, 22, 24, 25, 26, 27, 28, 29, 31, 32, 33, 34, 35, 36, 37, 39, 40, 41, 42, 44, 46, 47, 49, 50, 51, 52, 53, 54, 55, 56, 57, 58, 60, 61, 63, 64, 65, 67, 69, 70, 71, 72, 73, 74, 75, 77, 78, 80, 82, 83, 85, 86, 87, 88, 89, 90, 91, 92, 93, 94, 96, 97, 98, 99, 101, 102, 103, 104, 105, 107, 108, 109, 111, 112, 113, 115, 116, 117, 118, 119, 120, 121, 123, 124, 125, 126, 127, 129, 130, 131, 132, 133, 134, 135, 136, 137, 138, 139, 141, 142, 143, 145, 146, 147, 148, 149, 150, 152, 154, 155, 156, 157, 158, 160, 161, 162, 164, 165, 166, 167, 168, 169, 170, 171, 172, 173, 174, 175, 176, 177, 180, 181, 182, 183, 185, 186, 187, 188, 189, 190, 191, 192, 193, 194, 195, 196, 197, 200, 201, 202, 203, 206, 207, 209, 210, 211, 213, 214, 216, 217, 218, 219, 221, 222, 224, 225, 226, 227, 228, 230, 231, 233, 234, 236, 237, 238, 239, 240, 241, 243, 245, 247, 248, 250, 251, 252, 253, 254, 255, 256, 257, 258, 261, 262, 263, 264, 265, 266, 267, 268, 269, 270, 272, 273, 274, 275, 277, 278, 280, 282, 284, 285, 286, 287, 288, 289, 290, 292, 293, 295, 296]
Linhas de Teste [1, 8, 9, 17, 21, 23, 30, 38, 43, 45, 48, 59, 62, 66, 68, 76, 79, 81, 84, 95, 100, 106, 110, 114, 122, 128, 140, 144, 151, 153, 159, 163, 178, 179, 184, 198, 199, 204, 205, 208, 212, 215, 220, 223, 229, 232, 235, 242, 244, 246, 249, 259, 260, 271, 276, 279, 281, 283, 291, 294]

Rodada 82 / 150  54.67 %
Parâmetros ('EV_CA', 'PRE_CA', 'TST_CA', 'saz_sin', 'saz_cos')
R2 de Treino = 95.35
R2 de Teste = 92.97
Coeficientes (pesos): [ 3.15906275e+01 -3.83884805e+00 -4.42707791e+00 -4.76979305e+00
 -5.87727177e+00 -3.90737946e+00 -2.99719129e+00 -5.62010230e+00
  3.55392047e+00  6.28140483e+00 -4.76592310e-01 -2.46474406e+00
  2.17356853e-02  3.02297021e+00 -6.15829609e-01  4.27771599e+00
  6.89313258e+00  1.81039676e+00  2.38737376e+00 -1.11771404e+00]
Interceptor (constante): 84.00588556310514


********* Melhor Resultado do Fold ************
Linhas de Treino [0, 1, 2, 3, 4, 5, 8, 9, 11, 12, 13, 15, 17, 18, 19, 20, 21, 23, 24, 26, 27, 28, 29, 30, 31, 32, 34, 35, 36, 37, 38, 39, 40, 42, 43, 45, 46, 47, 48, 49, 50, 53, 54, 58, 59, 60, 62, 63, 64, 65, 66, 67, 68, 69, 70, 73, 74, 75, 76, 77, 78, 79, 80, 81, 82, 84, 85, 86, 88, 89, 90, 91, 92, 93, 95, 96, 98, 99, 100, 102, 103, 104, 105, 106, 108, 109, 110, 111, 112, 113, 114, 117, 118, 119, 121, 122, 124, 128, 129, 130, 131, 132, 133, 134, 135, 136, 137, 138, 139, 140, 141, 142, 144, 145, 146, 147, 148, 149, 151, 152, 153, 154, 155, 158, 159, 160, 161, 162, 163, 164, 165, 168, 169, 170, 171, 172, 173, 174, 175, 176, 177, 178, 179, 180, 181, 182, 183, 184, 186, 187, 188, 189, 190, 192, 196, 198, 199, 200, 201, 202, 203, 204, 205, 206, 207, 208, 209, 210, 211, 212, 214, 215, 216, 217, 220, 221, 223, 224, 226, 229, 231, 232, 234, 235, 237, 238, 239, 240, 241, 242, 244, 245, 246, 248, 249, 250, 251, 252, 253, 254, 255, 258, 259, 260, 261, 262, 263, 264, 265, 267, 268, 269, 270, 271, 272, 274, 275, 276, 277, 278, 279, 280, 281, 282, 283, 284, 285, 286, 287, 288, 289, 290, 291, 292, 293, 294, 295, 296]
Linhas de Teste [6, 7, 10, 14, 16, 22, 25, 33, 41, 44, 51, 52, 55, 56, 57, 61, 71, 72, 83, 87, 94, 97, 101, 107, 115, 116, 120, 123, 125, 126, 127, 143, 150, 156, 157, 166, 167, 185, 191, 193, 194, 195, 197, 213, 218, 219, 222, 225, 227, 228, 230, 233, 236, 243, 247, 256, 257, 266, 273]

Rodada 83 / 150  55.33 %
Parâmetros ('EV_CA', 'PRE_CA', 'TST_CA', 'saz_sin', 'saz_cos')
R2 de Treino = 95.34
R2 de Teste = 93.9
Coeficientes (pesos): [ 3.21407008e+01 -4.52305826e+00 -4.55155038e+00 -5.37033799e+00
 -6.24186684e+00 -4.09456942e+00 -1.75261901e+00 -4.83117907e+00
  2.95911543e+00  5.57604141e+00 -5.61748192e-01 -9.56730664e-01
  4.97621694e-01  2.92612891e+00  3.18746997e-02  3.24393582e+00
  4.77579153e+00  8.88917891e-01  2.32584757e+00 -1.11583528e+00]
Interceptor (constante): 83.61711039596993


********* Melhor Resultado do Fold ************
Linhas de Treino [0, 1, 2, 4, 5, 6, 7, 8, 9, 10, 11, 13, 14, 15, 16, 17, 18, 21, 22, 23, 24, 25, 26, 27, 28, 29, 30, 32, 33, 34, 37, 38, 40, 41, 43, 44, 45, 46, 47, 48, 49, 50, 51, 52, 53, 55, 56, 57, 58, 59, 60, 61, 62, 66, 67, 68, 69, 71, 72, 73, 75, 76, 77, 78, 79, 80, 81, 83, 84, 85, 87, 90, 91, 94, 95, 96, 97, 98, 99, 100, 101, 102, 104, 105, 106, 107, 108, 109, 110, 112, 113, 114, 115, 116, 120, 121, 122, 123, 124, 125, 126, 127, 128, 129, 131, 132, 133, 134, 135, 136, 137, 138, 139, 140, 142, 143, 144, 146, 148, 150, 151, 152, 153, 156, 157, 158, 159, 161, 162, 163, 164, 165, 166, 167, 169, 170, 172, 175, 178, 179, 180, 181, 182, 184, 185, 186, 189, 190, 191, 193, 194, 195, 196, 197, 198, 199, 200, 202, 204, 205, 206, 207, 208, 210, 211, 212, 213, 215, 216, 218, 219, 220, 222, 223, 224, 225, 226, 227, 228, 229, 230, 232, 233, 234, 235, 236, 237, 239, 240, 242, 243, 244, 245, 246, 247, 249, 250, 252, 253, 254, 255, 256, 257, 259, 260, 261, 262, 263, 264, 265, 266, 267, 268, 269, 270, 271, 272, 273, 274, 275, 276, 277, 278, 279, 280, 281, 282, 283, 286, 287, 288, 289, 290, 291, 292, 293, 294, 295]
Linhas de Teste [3, 12, 19, 20, 31, 35, 36, 39, 42, 54, 63, 64, 65, 70, 74, 82, 86, 88, 89, 92, 93, 103, 111, 117, 118, 119, 130, 141, 145, 147, 149, 154, 155, 160, 168, 171, 173, 174, 176, 177, 183, 187, 188, 192, 201, 203, 209, 214, 217, 221, 231, 238, 241, 248, 251, 258, 284, 285, 296]

Rodada 84 / 150  56.0 %
Parâmetros ('EV_CA', 'PRE_CA', 'TST_CA', 'saz_sin', 'saz_cos')
R2 de Treino = 94.59
R2 de Teste = 96.57
Coeficientes (pesos): [31.60240472 -3.81206381 -4.27307312 -5.68493317 -5.78697498 -3.76820353
 -2.52769293 -5.71141918  2.67223282  6.1212524  -0.56482253 -1.35368686
  1.10599003  3.2131335  -0.70713879  4.33408868  5.48784241  1.59292605
  1.11925773 -1.32915839]
Interceptor (constante): 84.09294657382684


********* Melhor Resultado do Fold ************
Linhas de Treino [0, 1, 3, 4, 5, 6, 7, 8, 9, 10, 12, 14, 15, 16, 17, 19, 20, 21, 22, 23, 25, 29, 30, 31, 32, 33, 34, 35, 36, 38, 39, 40, 41, 42, 43, 44, 45, 46, 48, 51, 52, 53, 54, 55, 56, 57, 59, 61, 62, 63, 64, 65, 66, 68, 69, 70, 71, 72, 74, 75, 76, 77, 78, 79, 80, 81, 82, 83, 84, 86, 87, 88, 89, 91, 92, 93, 94, 95, 96, 97, 98, 99, 100, 101, 102, 103, 104, 105, 106, 107, 108, 110, 111, 114, 115, 116, 117, 118, 119, 120, 121, 122, 123, 125, 126, 127, 128, 129, 130, 133, 134, 135, 136, 140, 141, 143, 144, 145, 146, 147, 149, 150, 151, 153, 154, 155, 156, 157, 158, 159, 160, 161, 163, 164, 166, 167, 168, 171, 172, 173, 174, 176, 177, 178, 179, 180, 183, 184, 185, 187, 188, 189, 191, 192, 193, 194, 195, 197, 198, 199, 200, 201, 203, 204, 205, 208, 209, 212, 213, 214, 215, 216, 217, 218, 219, 220, 221, 222, 223, 224, 225, 226, 227, 228, 229, 230, 231, 232, 233, 235, 236, 237, 238, 239, 240, 241, 242, 243, 244, 246, 247, 248, 249, 250, 251, 253, 254, 256, 257, 258, 259, 260, 262, 263, 264, 265, 266, 269, 270, 271, 273, 274, 276, 277, 279, 281, 282, 283, 284, 285, 288, 289, 290, 291, 292, 293, 294, 296]
Linhas de Teste [2, 11, 13, 18, 24, 26, 27, 28, 37, 47, 49, 50, 58, 60, 67, 73, 85, 90, 109, 112, 113, 124, 131, 132, 137, 138, 139, 142, 148, 152, 162, 165, 169, 170, 175, 181, 182, 186, 190, 196, 202, 206, 207, 210, 211, 234, 245, 252, 255, 261, 267, 268, 272, 275, 278, 280, 286, 287, 295]

Rodada 85 / 150  56.67 %
Parâmetros ('EV_CA', 'PRE_CA', 'TST_CA', 'saz_sin', 'saz_cos')
R2 de Treino = 95.35
R2 de Teste = 93.76
Coeficientes (pesos): [31.24980736 -4.66320182 -5.99190269 -5.87144431 -5.11383224 -5.15494123
 -3.21634118 -5.55179198  4.89736242  5.60561653 -0.4304801  -2.83902892
  0.93314565  3.19792397 -0.55304289  5.13196096  5.25086517  0.55122742
  0.54975133 -1.11911893]
Interceptor (constante): 84.14332111318525


********* Melhor Resultado do Fold ************
Linhas de Treino [0, 1, 2, 4, 5, 8, 9, 10, 11, 12, 14, 16, 17, 20, 22, 24, 25, 26, 27, 29, 30, 31, 33, 36, 37, 38, 39, 41, 42, 43, 44, 45, 46, 47, 48, 50, 51, 52, 53, 54, 55, 56, 57, 58, 59, 60, 61, 62, 63, 64, 65, 66, 67, 68, 69, 71, 72, 74, 75, 77, 78, 80, 82, 83, 84, 85, 86, 87, 88, 90, 91, 93, 94, 95, 96, 97, 98, 101, 102, 103, 104, 106, 107, 108, 109, 110, 111, 112, 113, 114, 115, 116, 117, 118, 120, 121, 123, 125, 126, 127, 128, 129, 130, 131, 133, 134, 135, 136, 138, 139, 140, 141, 142, 143, 144, 145, 146, 147, 148, 149, 150, 151, 152, 154, 155, 156, 157, 158, 159, 160, 162, 163, 164, 166, 167, 168, 169, 170, 171, 172, 173, 174, 175, 176, 177, 178, 179, 181, 184, 185, 186, 187, 188, 189, 190, 191, 192, 193, 194, 195, 196, 199, 200, 201, 202, 204, 205, 206, 207, 208, 209, 210, 211, 212, 214, 216, 218, 219, 220, 221, 222, 223, 224, 225, 226, 227, 228, 229, 231, 232, 233, 234, 235, 237, 238, 242, 245, 246, 249, 250, 251, 252, 253, 254, 256, 257, 258, 260, 261, 262, 263, 265, 267, 268, 269, 270, 272, 273, 274, 275, 277, 278, 279, 280, 282, 283, 286, 287, 288, 289, 290, 291, 292, 293, 294, 295, 296]
Linhas de Teste [3, 6, 7, 13, 15, 18, 19, 21, 23, 28, 32, 34, 35, 40, 49, 70, 73, 76, 79, 81, 89, 92, 99, 100, 105, 119, 122, 124, 132, 137, 153, 161, 165, 180, 182, 183, 197, 198, 203, 213, 215, 217, 230, 236, 239, 240, 241, 243, 244, 247, 248, 255, 259, 264, 266, 271, 276, 281, 284, 285]

Rodada 86 / 150  57.33 %
Parâmetros ('EV_CA', 'PRE_CA', 'TST_CA', 'saz_sin', 'saz_cos')
R2 de Treino = 95.12
R2 de Teste = 94.62
Coeficientes (pesos): [33.36151016 -4.51079814 -3.73263155 -5.69873222 -6.40498494 -3.97957329
 -2.26136111 -4.22176495  3.25598336  5.54960506 -0.29790162 -2.2142842
  1.05837501  2.41676768 -0.29663059  4.36822247  5.36132356  0.93815833
  1.54183381 -0.98075005]
Interceptor (constante): 85.42839773050794


********* Melhor Resultado do Fold ************
Linhas de Treino [0, 1, 2, 3, 4, 5, 6, 7, 8, 9, 11, 12, 13, 14, 15, 16, 18, 19, 20, 21, 23, 24, 25, 26, 27, 28, 29, 30, 31, 32, 33, 34, 35, 36, 37, 39, 40, 41, 42, 43, 44, 47, 48, 49, 51, 52, 53, 54, 55, 56, 57, 62, 64, 65, 66, 67, 70, 71, 72, 73, 74, 75, 76, 79, 80, 81, 82, 83, 84, 85, 86, 87, 88, 89, 92, 93, 94, 95, 96, 97, 98, 99, 100, 101, 102, 103, 104, 105, 106, 107, 108, 110, 111, 112, 113, 114, 115, 117, 118, 119, 121, 122, 124, 126, 127, 128, 131, 132, 133, 135, 136, 137, 138, 139, 141, 142, 143, 144, 145, 146, 148, 150, 153, 154, 155, 157, 159, 160, 161, 163, 164, 165, 166, 167, 170, 171, 172, 173, 176, 177, 179, 180, 181, 182, 183, 184, 185, 186, 188, 189, 191, 193, 197, 198, 199, 200, 201, 203, 204, 205, 207, 208, 209, 210, 211, 212, 213, 214, 215, 217, 218, 219, 220, 222, 224, 226, 227, 228, 229, 230, 232, 233, 234, 235, 236, 237, 238, 239, 240, 241, 242, 243, 244, 245, 247, 248, 249, 251, 253, 254, 255, 257, 258, 259, 260, 261, 262, 263, 264, 265, 266, 268, 269, 270, 271, 272, 273, 274, 275, 276, 278, 279, 281, 283, 284, 285, 286, 287, 288, 289, 290, 291, 292, 293, 294, 295, 296]
Linhas de Teste [10, 17, 22, 38, 45, 46, 50, 58, 59, 60, 61, 63, 68, 69, 77, 78, 90, 91, 109, 116, 120, 123, 125, 129, 130, 134, 140, 147, 149, 151, 152, 156, 158, 162, 168, 169, 174, 175, 178, 187, 190, 192, 194, 195, 196, 202, 206, 216, 221, 223, 225, 231, 246, 250, 252, 256, 267, 277, 280, 282]

Rodada 87 / 150  58.0 %
Parâmetros ('EV_CA', 'PRE_CA', 'TST_CA', 'saz_sin', 'saz_cos')
R2 de Treino = 94.95
R2 de Teste = 95.24
Coeficientes (pesos): [31.37489456 -4.23390189 -5.40084241 -5.58526994 -5.6944084  -4.43714393
 -2.8172471  -5.9260549   3.75973127  6.39746084 -0.81227805 -2.39359357
  1.08621059  4.09805836 -0.90749202  3.94855074  6.76997331  1.26556295
  1.57941836 -1.39825632]
Interceptor (constante): 82.32146143526892


********* Melhor Resultado do Fold ************
Linhas de Treino [0, 1, 3, 5, 6, 7, 8, 10, 11, 12, 13, 14, 15, 16, 17, 18, 19, 21, 22, 23, 27, 28, 31, 32, 34, 35, 38, 40, 41, 43, 44, 45, 46, 48, 49, 50, 51, 52, 53, 54, 55, 56, 57, 58, 59, 60, 61, 62, 63, 64, 68, 69, 70, 71, 73, 74, 76, 77, 78, 79, 80, 81, 82, 83, 84, 85, 87, 89, 90, 91, 92, 93, 94, 95, 97, 99, 100, 101, 102, 103, 105, 106, 107, 108, 109, 110, 111, 113, 114, 115, 116, 119, 120, 122, 123, 124, 125, 126, 127, 129, 130, 132, 133, 134, 135, 136, 137, 138, 139, 140, 142, 146, 147, 148, 149, 150, 151, 152, 153, 154, 155, 156, 157, 158, 159, 160, 161, 162, 164, 165, 167, 168, 169, 170, 173, 174, 175, 176, 177, 178, 179, 180, 181, 182, 183, 184, 186, 187, 188, 189, 190, 191, 192, 193, 194, 195, 196, 197, 198, 200, 201, 202, 203, 204, 205, 206, 207, 209, 210, 211, 212, 213, 214, 215, 216, 217, 218, 220, 221, 222, 223, 224, 225, 226, 228, 229, 230, 231, 236, 237, 239, 240, 241, 243, 244, 245, 246, 247, 248, 249, 250, 252, 253, 254, 255, 256, 258, 259, 260, 261, 263, 264, 266, 267, 268, 270, 271, 272, 274, 275, 276, 277, 278, 280, 281, 282, 284, 285, 286, 288, 289, 290, 291, 292, 293, 294, 295, 296]
Linhas de Teste [2, 4, 9, 20, 24, 25, 26, 29, 30, 33, 36, 37, 39, 42, 47, 65, 66, 67, 72, 75, 86, 88, 96, 98, 104, 112, 117, 118, 121, 128, 131, 141, 143, 144, 145, 163, 166, 171, 172, 185, 199, 208, 219, 227, 232, 233, 234, 235, 238, 242, 251, 257, 262, 265, 269, 273, 279, 283, 287]

Rodada 88 / 150  58.67 %
Parâmetros ('EV_CA', 'PRE_CA', 'TST_CA', 'saz_sin', 'saz_cos')
R2 de Treino = 95.44
R2 de Teste = 93.07
Coeficientes (pesos): [ 3.15683397e+01 -4.39904571e+00 -4.98720620e+00 -5.38067609e+00
 -5.46703622e+00 -3.63981091e+00 -2.18655586e+00 -3.86536383e+00
  3.36101349e+00  3.51522257e+00 -3.59915370e-01 -9.85320414e-01
  1.00761603e+00  2.31638513e+00  4.12060625e-01  3.90273657e+00
  2.47832659e+00  2.64570157e-02  1.26010427e+00 -2.66265126e-01]
Interceptor (constante): 84.15825093690994


********* Melhor Resultado do Fold ************
Linhas de Treino [1, 2, 3, 4, 6, 7, 9, 10, 12, 13, 15, 17, 18, 19, 20, 21, 22, 23, 24, 25, 26, 28, 29, 30, 32, 33, 34, 35, 36, 37, 38, 39, 40, 42, 44, 45, 46, 47, 49, 50, 51, 52, 54, 56, 57, 58, 59, 60, 61, 63, 65, 66, 67, 68, 69, 70, 72, 73, 75, 76, 77, 78, 79, 80, 81, 83, 86, 88, 89, 90, 91, 92, 93, 95, 96, 98, 99, 100, 104, 105, 107, 108, 109, 110, 111, 112, 113, 115, 116, 117, 118, 119, 120, 121, 122, 123, 124, 125, 126, 127, 128, 129, 130, 131, 132, 134, 137, 140, 141, 142, 143, 144, 145, 147, 148, 149, 151, 152, 153, 155, 156, 157, 158, 160, 161, 162, 163, 165, 166, 167, 168, 169, 170, 171, 172, 173, 174, 175, 176, 178, 179, 180, 182, 183, 185, 186, 187, 188, 189, 190, 192, 194, 195, 196, 197, 198, 199, 200, 201, 202, 203, 204, 206, 208, 209, 210, 212, 213, 214, 215, 216, 217, 218, 219, 220, 221, 222, 223, 225, 227, 228, 230, 231, 232, 233, 234, 235, 236, 237, 238, 239, 240, 241, 242, 243, 244, 245, 246, 247, 248, 249, 250, 251, 252, 253, 254, 255, 256, 257, 259, 261, 262, 263, 264, 265, 266, 267, 268, 269, 271, 272, 273, 275, 276, 277, 279, 280, 281, 282, 283, 284, 285, 286, 287, 288, 291, 292, 295]
Linhas de Teste [0, 5, 8, 11, 14, 16, 27, 31, 41, 43, 48, 53, 55, 62, 64, 71, 74, 82, 84, 85, 87, 94, 97, 101, 102, 103, 106, 114, 133, 135, 136, 138, 139, 146, 150, 154, 159, 164, 177, 181, 184, 191, 193, 205, 207, 211, 224, 226, 229, 258, 260, 270, 274, 278, 289, 290, 293, 294, 296]

Rodada 89 / 150  59.33 %
Parâmetros ('EV_CA', 'PRE_CA', 'TST_CA', 'saz_sin', 'saz_cos')
R2 de Treino = 94.88
R2 de Teste = 95.51
Coeficientes (pesos): [ 3.13763668e+01 -4.28746858e+00 -4.32289087e+00 -5.24591557e+00
 -6.05073792e+00 -5.72938026e+00 -2.20439468e+00 -7.89198874e+00
  5.55558709e+00  7.94274569e+00 -5.17344580e-01 -1.03443499e+00
  2.79120209e-02  2.81009755e+00 -9.42218857e-01  5.28765627e+00
  6.52576827e+00  8.80343635e-01  9.95725219e-01 -8.08979843e-01]
Interceptor (constante): 82.82668204767815


********* Melhor Resultado do Fold ************
Linhas de Treino [0, 2, 3, 4, 5, 6, 7, 8, 9, 10, 11, 13, 14, 15, 16, 17, 18, 19, 20, 21, 22, 23, 24, 25, 26, 27, 28, 29, 30, 31, 32, 33, 34, 35, 36, 37, 38, 39, 40, 41, 42, 43, 45, 46, 47, 48, 49, 50, 53, 55, 58, 59, 60, 61, 62, 63, 64, 65, 66, 67, 68, 69, 70, 71, 72, 73, 74, 75, 76, 77, 78, 79, 81, 82, 84, 85, 86, 87, 88, 89, 90, 91, 92, 94, 96, 97, 98, 99, 100, 101, 102, 103, 104, 105, 106, 109, 112, 114, 116, 117, 118, 119, 120, 121, 122, 123, 124, 125, 128, 129, 130, 131, 132, 133, 134, 135, 136, 137, 138, 139, 140, 141, 143, 144, 145, 146, 147, 149, 150, 151, 152, 153, 154, 156, 158, 159, 161, 162, 163, 164, 165, 166, 168, 169, 171, 172, 174, 175, 177, 178, 180, 181, 182, 183, 184, 185, 187, 190, 191, 192, 193, 194, 195, 196, 197, 198, 199, 202, 203, 205, 206, 207, 208, 211, 213, 215, 216, 217, 219, 221, 223, 224, 225, 226, 227, 229, 230, 231, 232, 233, 234, 235, 236, 238, 239, 240, 241, 242, 243, 244, 246, 247, 248, 250, 251, 252, 255, 256, 257, 258, 259, 260, 262, 264, 265, 266, 267, 269, 270, 271, 273, 274, 276, 277, 278, 279, 280, 281, 282, 283, 284, 285, 287, 289, 290, 293, 294, 296]
Linhas de Teste [1, 12, 44, 51, 52, 54, 56, 57, 80, 83, 93, 95, 107, 108, 110, 111, 113, 115, 126, 127, 142, 148, 155, 157, 160, 167, 170, 173, 176, 179, 186, 188, 189, 200, 201, 204, 209, 210, 212, 214, 218, 220, 222, 228, 237, 245, 249, 253, 254, 261, 263, 268, 272, 275, 286, 288, 291, 292, 295]

Rodada 90 / 150  60.0 %
Parâmetros ('EV_CA', 'PRE_CA', 'TST_CA', 'saz_sin', 'saz_cos')
R2 de Treino = 95.5
R2 de Teste = 93.31
Coeficientes (pesos): [33.50124498 -4.92365928 -3.2117766  -5.85760229 -6.41808807 -4.03110758
 -2.04372514 -4.39614953  2.99856626  5.50325129 -0.42994409 -0.95136536
  0.70568671  2.77326714  0.46663371  4.09228504  4.31966517  1.0782656
  2.18026495 -1.02441494]
Interceptor (constante): 85.14181702708184


********* Melhor Resultado do Fold ************
Linhas de Treino [1, 2, 3, 4, 5, 6, 7, 8, 9, 10, 11, 12, 13, 14, 15, 16, 17, 18, 19, 20, 21, 22, 24, 25, 26, 27, 28, 29, 31, 33, 34, 35, 36, 40, 41, 42, 43, 44, 45, 46, 47, 49, 51, 53, 54, 56, 57, 58, 59, 61, 62, 63, 64, 66, 68, 69, 70, 71, 72, 73, 74, 75, 76, 77, 78, 79, 80, 82, 84, 86, 89, 91, 92, 93, 94, 95, 97, 98, 99, 100, 102, 103, 105, 107, 108, 109, 110, 111, 112, 113, 114, 115, 116, 117, 118, 119, 120, 121, 122, 123, 124, 125, 126, 127, 129, 131, 132, 133, 134, 135, 136, 137, 138, 140, 143, 144, 145, 147, 148, 149, 150, 151, 152, 153, 155, 156, 158, 159, 160, 162, 163, 164, 165, 166, 167, 169, 170, 171, 172, 173, 174, 175, 176, 177, 178, 181, 183, 184, 185, 186, 187, 189, 190, 191, 192, 193, 194, 195, 196, 197, 200, 201, 202, 204, 206, 207, 208, 209, 210, 211, 212, 213, 214, 215, 216, 217, 219, 220, 222, 223, 224, 226, 227, 228, 229, 230, 231, 232, 233, 234, 236, 237, 238, 239, 240, 241, 242, 243, 245, 247, 248, 249, 250, 251, 252, 254, 255, 257, 258, 259, 260, 261, 263, 264, 266, 268, 269, 271, 272, 274, 275, 277, 279, 280, 281, 282, 283, 284, 285, 286, 287, 289, 290, 291, 292, 293, 294]
Linhas de Teste [0, 23, 30, 32, 37, 38, 39, 48, 50, 52, 55, 60, 65, 67, 81, 83, 85, 87, 88, 90, 96, 101, 104, 106, 128, 130, 139, 141, 142, 146, 154, 157, 161, 168, 179, 180, 182, 188, 198, 199, 203, 205, 218, 221, 225, 235, 244, 246, 253, 256, 262, 265, 267, 270, 273, 276, 278, 288, 295, 296]

Rodada 91 / 150  60.67 %
Parâmetros ('EV_CA', 'PRE_CA', 'TST_CA', 'saz_sin', 'saz_cos')
R2 de Treino = 94.77
R2 de Teste = 95.45
Coeficientes (pesos): [31.00262826 -3.71356638 -3.73833657 -5.36468133 -6.6901409  -2.67392436
 -4.17069309 -3.39419883  3.95607767  4.62103037 -0.4822412  -3.30252275
  0.46876097  4.14327194  0.38329416  4.42985148  4.49881876  0.63986823
  1.63291018 -1.12848849]
Interceptor (constante): 82.99790404815825


********* Melhor Resultado do Fold ************
Linhas de Treino [0, 1, 2, 3, 4, 5, 6, 9, 10, 11, 12, 13, 14, 15, 16, 17, 18, 19, 21, 22, 23, 24, 25, 26, 29, 30, 31, 32, 34, 37, 38, 39, 40, 41, 42, 43, 44, 45, 46, 47, 48, 49, 50, 52, 53, 55, 56, 57, 58, 59, 60, 62, 63, 64, 65, 66, 67, 68, 70, 71, 72, 73, 74, 75, 76, 77, 78, 80, 81, 82, 83, 84, 85, 86, 87, 88, 89, 90, 92, 93, 95, 96, 97, 98, 99, 101, 102, 103, 104, 105, 106, 107, 110, 111, 112, 113, 115, 116, 118, 119, 120, 121, 122, 123, 124, 125, 126, 127, 128, 129, 130, 131, 132, 133, 134, 135, 136, 138, 139, 140, 141, 142, 144, 145, 146, 148, 149, 150, 154, 155, 157, 158, 159, 160, 161, 162, 163, 166, 167, 168, 170, 172, 173, 174, 175, 179, 180, 182, 183, 184, 186, 187, 188, 189, 190, 191, 192, 193, 194, 195, 196, 197, 198, 199, 200, 201, 203, 204, 205, 207, 211, 214, 215, 216, 218, 219, 220, 221, 224, 225, 226, 227, 229, 230, 231, 233, 234, 235, 236, 237, 238, 239, 241, 242, 244, 245, 246, 247, 248, 249, 250, 251, 252, 253, 254, 256, 258, 259, 261, 262, 263, 265, 266, 267, 268, 269, 270, 271, 272, 273, 276, 277, 278, 279, 280, 282, 283, 285, 286, 287, 288, 290, 291, 292, 293, 295, 296]
Linhas de Teste [7, 8, 20, 27, 28, 33, 35, 36, 51, 54, 61, 69, 79, 91, 94, 100, 108, 109, 114, 117, 137, 143, 147, 151, 152, 153, 156, 164, 165, 169, 171, 176, 177, 178, 181, 185, 202, 206, 208, 209, 210, 212, 213, 217, 222, 223, 228, 232, 240, 243, 255, 257, 260, 264, 274, 275, 281, 284, 289, 294]

Rodada 92 / 150  61.33 %
Parâmetros ('EV_CA', 'PRE_CA', 'TST_CA', 'saz_sin', 'saz_cos')
R2 de Treino = 94.56
R2 de Teste = 95.59
Coeficientes (pesos): [32.09106824 -4.50483799 -4.25877836 -5.53669155 -6.12006186 -3.90716144
 -1.63609564 -4.8925355   1.99843815  4.00234224 -0.73073575 -1.02743596
  0.93342248  3.34242635  0.25539189  3.72271997  4.14633284  1.13395109
  3.03295794 -0.75905332]
Interceptor (constante): 86.39310627588029


********* Melhor Resultado do Fold ************
Linhas de Treino [0, 2, 3, 4, 5, 7, 8, 10, 12, 13, 14, 17, 18, 19, 20, 21, 22, 23, 25, 27, 28, 29, 30, 31, 32, 33, 34, 35, 36, 37, 38, 39, 40, 42, 43, 44, 48, 49, 50, 51, 52, 54, 55, 56, 58, 59, 60, 61, 62, 64, 65, 66, 67, 69, 70, 72, 75, 79, 80, 81, 82, 83, 85, 86, 87, 88, 90, 91, 92, 93, 94, 95, 96, 97, 99, 100, 101, 102, 104, 105, 106, 107, 108, 109, 111, 112, 113, 114, 116, 117, 119, 121, 122, 124, 125, 127, 128, 130, 131, 132, 133, 135, 136, 137, 138, 139, 140, 141, 142, 143, 144, 145, 146, 147, 149, 150, 151, 152, 153, 154, 156, 157, 158, 159, 161, 162, 163, 164, 165, 166, 167, 168, 169, 170, 171, 172, 176, 177, 178, 179, 180, 181, 182, 183, 185, 186, 188, 189, 190, 192, 193, 195, 196, 197, 198, 199, 200, 201, 202, 203, 205, 206, 207, 208, 209, 210, 211, 212, 213, 214, 216, 217, 218, 219, 220, 221, 222, 223, 224, 225, 226, 228, 229, 231, 232, 233, 235, 236, 238, 240, 241, 243, 244, 245, 246, 247, 248, 249, 251, 253, 254, 255, 256, 257, 258, 259, 260, 261, 262, 263, 264, 265, 266, 267, 268, 269, 270, 272, 273, 274, 275, 276, 277, 278, 279, 281, 282, 284, 285, 287, 288, 289, 290, 291, 293, 294, 295, 296]
Linhas de Teste [1, 6, 9, 11, 15, 16, 24, 26, 41, 45, 46, 47, 53, 57, 63, 68, 71, 73, 74, 76, 77, 78, 84, 89, 98, 103, 110, 115, 118, 120, 123, 126, 129, 134, 148, 155, 160, 173, 174, 175, 184, 187, 191, 194, 204, 215, 227, 230, 234, 237, 239, 242, 250, 252, 271, 280, 283, 286, 292]

Rodada 93 / 150  62.0 %
Parâmetros ('EV_CA', 'PRE_CA', 'TST_CA', 'saz_sin', 'saz_cos')
R2 de Treino = 96.07
R2 de Teste = 88.39
Coeficientes (pesos): [35.17193848 -5.34095541 -3.52190869 -6.56035632 -6.16478149 -5.0923525
 -1.70676674 -4.37428947  4.66167546  5.84813998 -0.25745276 -1.35951884
  0.60159841  2.25028372 -0.48405855  4.1001908   4.84234571  0.25603627
  1.65421376 -0.56276098]
Interceptor (constante): 84.29914865825884


********* Melhor Resultado do Fold ************
Linhas de Treino [0, 1, 4, 6, 7, 8, 9, 11, 12, 13, 15, 16, 18, 19, 20, 23, 24, 25, 26, 27, 28, 29, 30, 32, 33, 35, 36, 37, 38, 39, 41, 43, 44, 45, 46, 47, 48, 49, 50, 51, 52, 53, 54, 55, 56, 57, 58, 59, 60, 61, 62, 63, 64, 65, 67, 68, 69, 70, 71, 73, 74, 76, 77, 78, 79, 81, 83, 84, 85, 87, 88, 89, 90, 91, 94, 96, 97, 98, 99, 100, 101, 102, 103, 104, 106, 108, 109, 110, 113, 114, 115, 116, 117, 118, 120, 121, 123, 124, 125, 126, 127, 128, 129, 130, 134, 135, 137, 139, 140, 141, 142, 143, 144, 145, 146, 147, 148, 151, 152, 153, 154, 155, 156, 157, 158, 160, 161, 162, 163, 164, 165, 166, 168, 169, 170, 171, 173, 174, 175, 176, 177, 178, 179, 180, 181, 182, 184, 185, 186, 187, 188, 189, 191, 193, 194, 196, 197, 198, 199, 200, 201, 202, 203, 204, 205, 206, 207, 208, 209, 210, 212, 213, 215, 217, 218, 219, 220, 221, 222, 223, 225, 226, 227, 228, 229, 230, 232, 233, 234, 235, 236, 237, 238, 239, 240, 241, 242, 243, 244, 245, 246, 248, 250, 252, 253, 255, 256, 257, 258, 260, 261, 262, 264, 265, 267, 269, 270, 271, 272, 273, 274, 275, 276, 278, 280, 281, 282, 283, 284, 285, 286, 288, 289, 290, 292, 294, 295, 296]
Linhas de Teste [2, 3, 5, 10, 14, 17, 21, 22, 31, 34, 40, 42, 66, 72, 75, 80, 82, 86, 92, 93, 95, 105, 107, 111, 112, 119, 122, 131, 132, 133, 136, 138, 149, 150, 159, 167, 172, 183, 190, 192, 195, 211, 214, 216, 224, 231, 247, 249, 251, 254, 259, 263, 266, 268, 277, 279, 287, 291, 293]

Rodada 94 / 150  62.67 %
Parâmetros ('EV_CA', 'PRE_CA', 'TST_CA', 'saz_sin', 'saz_cos')
R2 de Treino = 95.63
R2 de Teste = 92.02
Coeficientes (pesos): [31.89509572 -5.3958529  -6.08842171 -5.19320057 -4.7101467  -5.93235007
 -2.38469084 -7.01035714  4.87510967  7.37232718 -0.45274665 -1.72186755
  0.92952428  3.41047055 -1.05319848  4.57448794  6.55759935  1.18631372
 -0.05516507 -1.67391682]
Interceptor (constante): 83.57773084033987


********* Melhor Resultado do Fold ************
Linhas de Treino [0, 1, 2, 3, 5, 6, 7, 8, 9, 10, 11, 14, 15, 16, 17, 20, 21, 22, 23, 24, 26, 27, 28, 30, 31, 32, 33, 34, 35, 36, 37, 38, 39, 40, 41, 42, 45, 46, 47, 48, 50, 51, 52, 53, 54, 55, 57, 60, 61, 63, 65, 66, 67, 68, 69, 71, 72, 73, 74, 75, 76, 77, 78, 79, 80, 81, 82, 83, 84, 85, 86, 87, 88, 89, 90, 91, 92, 93, 94, 95, 96, 98, 100, 101, 103, 104, 105, 106, 107, 108, 109, 110, 111, 112, 114, 115, 117, 118, 119, 120, 122, 123, 126, 128, 129, 130, 131, 132, 133, 134, 136, 137, 138, 139, 141, 142, 143, 146, 147, 148, 149, 150, 151, 152, 153, 154, 155, 156, 157, 159, 160, 161, 164, 165, 167, 168, 169, 171, 172, 173, 174, 175, 176, 177, 178, 179, 180, 181, 182, 183, 184, 185, 187, 188, 190, 191, 192, 194, 195, 198, 199, 202, 203, 204, 205, 206, 208, 209, 210, 211, 212, 213, 214, 215, 216, 217, 218, 221, 222, 223, 224, 225, 227, 228, 230, 231, 232, 234, 235, 237, 239, 240, 242, 243, 244, 246, 247, 249, 250, 251, 252, 253, 254, 255, 256, 257, 259, 260, 262, 263, 264, 265, 266, 267, 268, 270, 271, 273, 274, 275, 276, 277, 278, 279, 280, 281, 283, 284, 286, 287, 288, 289, 291, 292, 293, 294, 295, 296]
Linhas de Teste [4, 12, 13, 18, 19, 25, 29, 43, 44, 49, 56, 58, 59, 62, 64, 70, 97, 99, 102, 113, 116, 121, 124, 125, 127, 135, 140, 144, 145, 158, 162, 163, 166, 170, 186, 189, 193, 196, 197, 200, 201, 207, 219, 220, 226, 229, 233, 236, 238, 241, 245, 248, 258, 261, 269, 272, 282, 285, 290]

Rodada 95 / 150  63.33 %
Parâmetros ('EV_CA', 'PRE_CA', 'TST_CA', 'saz_sin', 'saz_cos')
R2 de Treino = 94.9
R2 de Teste = 95.68
Coeficientes (pesos): [31.06494238 -3.65139767 -4.85004205 -5.3474236  -5.85240729 -3.40164239
 -1.97373132 -5.47149842  1.8690709   6.20727057 -0.52399653 -0.63413763
  1.24700031  1.76538301 -0.20870363  3.99986495  5.02554304  1.39207299
  1.72758457 -0.83635338]
Interceptor (constante): 83.48587955729116


********* Melhor Resultado do Fold ************
Linhas de Treino [2, 3, 4, 5, 7, 8, 9, 10, 11, 12, 14, 15, 16, 17, 18, 19, 21, 22, 23, 25, 26, 27, 28, 29, 30, 31, 32, 34, 35, 37, 38, 40, 41, 42, 43, 44, 45, 46, 50, 51, 52, 53, 54, 55, 56, 57, 58, 59, 60, 63, 64, 65, 68, 69, 71, 72, 74, 75, 76, 77, 78, 79, 80, 82, 83, 85, 86, 87, 88, 89, 90, 91, 92, 94, 95, 96, 97, 98, 99, 100, 101, 102, 103, 105, 107, 108, 109, 110, 111, 112, 114, 115, 116, 117, 119, 120, 121, 122, 123, 124, 126, 127, 128, 129, 132, 133, 134, 135, 137, 138, 139, 140, 141, 142, 143, 144, 145, 147, 148, 149, 150, 151, 152, 153, 154, 155, 156, 157, 158, 159, 160, 161, 162, 163, 164, 165, 166, 167, 168, 170, 171, 172, 173, 174, 175, 176, 178, 179, 180, 181, 183, 184, 186, 187, 188, 190, 191, 192, 193, 194, 195, 196, 197, 198, 199, 200, 205, 206, 207, 208, 210, 211, 212, 213, 214, 215, 217, 218, 219, 220, 222, 224, 225, 226, 227, 229, 232, 233, 234, 235, 236, 237, 238, 240, 241, 242, 245, 246, 247, 249, 250, 252, 253, 254, 259, 260, 261, 262, 263, 264, 265, 266, 267, 268, 269, 270, 271, 272, 275, 277, 279, 280, 281, 282, 283, 284, 285, 286, 287, 288, 289, 290, 292, 293, 294, 295, 296]
Linhas de Teste [0, 1, 6, 13, 20, 24, 33, 36, 39, 47, 48, 49, 61, 62, 66, 67, 70, 73, 81, 84, 93, 104, 106, 113, 118, 125, 130, 131, 136, 146, 169, 177, 182, 185, 189, 201, 202, 203, 204, 209, 216, 221, 223, 228, 230, 231, 239, 243, 244, 248, 251, 255, 256, 257, 258, 273, 274, 276, 278, 291]

Rodada 96 / 150  64.0 %
Parâmetros ('EV_CA', 'PRE_CA', 'TST_CA', 'saz_sin', 'saz_cos')
R2 de Treino = 95.6
R2 de Teste = 91.88
Coeficientes (pesos): [32.93283986 -4.42117826 -4.28270505 -6.00053191 -5.90420377 -3.13686041
 -4.19827217 -4.11536691  3.43647578  6.48193041 -0.20632505 -3.1837388
  1.03218023  3.3079996  -0.497607    4.63475461  6.26654616  0.90733334
  1.20381677 -2.10081337]
Interceptor (constante): 85.22577928621294


********* Melhor Resultado do Fold ************
Linhas de Treino [0, 1, 2, 4, 6, 7, 9, 11, 13, 14, 15, 16, 17, 18, 19, 20, 21, 23, 24, 26, 28, 29, 30, 31, 32, 33, 34, 35, 36, 37, 38, 39, 40, 41, 42, 43, 45, 46, 47, 48, 49, 50, 53, 56, 57, 59, 60, 61, 62, 64, 65, 66, 67, 68, 69, 70, 71, 72, 73, 74, 75, 77, 78, 79, 80, 81, 82, 83, 84, 86, 87, 88, 90, 93, 94, 95, 96, 97, 98, 99, 100, 102, 103, 104, 105, 106, 107, 108, 109, 110, 111, 113, 115, 118, 122, 123, 124, 125, 126, 127, 128, 129, 130, 131, 132, 136, 137, 139, 140, 141, 143, 144, 145, 146, 147, 148, 149, 150, 151, 152, 154, 155, 156, 158, 159, 160, 161, 163, 164, 165, 168, 169, 170, 171, 172, 175, 177, 178, 180, 181, 182, 183, 184, 185, 186, 187, 188, 189, 191, 192, 193, 194, 195, 196, 197, 198, 200, 201, 202, 203, 204, 205, 206, 207, 208, 209, 210, 211, 212, 213, 214, 215, 216, 219, 221, 222, 223, 224, 225, 227, 228, 229, 230, 231, 233, 234, 235, 236, 237, 238, 239, 240, 241, 242, 243, 244, 245, 246, 247, 248, 249, 251, 252, 254, 255, 256, 257, 258, 259, 261, 262, 264, 265, 267, 268, 271, 273, 274, 275, 276, 277, 278, 279, 280, 281, 282, 283, 284, 285, 288, 289, 290, 291, 292, 293, 294, 296]
Linhas de Teste [3, 5, 8, 10, 12, 22, 25, 27, 44, 51, 52, 54, 55, 58, 63, 76, 85, 89, 91, 92, 101, 112, 114, 116, 117, 119, 120, 121, 133, 134, 135, 138, 142, 153, 157, 162, 166, 167, 173, 174, 176, 179, 190, 199, 217, 218, 220, 226, 232, 250, 253, 260, 263, 266, 269, 270, 272, 286, 287, 295]

Rodada 97 / 150  64.67 %
Parâmetros ('EV_CA', 'PRE_CA', 'TST_CA', 'saz_sin', 'saz_cos')
R2 de Treino = 95.35
R2 de Teste = 93.7
Coeficientes (pesos): [32.65573034 -4.1241028  -4.48365412 -6.57618111 -6.46667021 -3.55056322
 -2.98609405 -4.5233546   3.50836264  4.38161216 -0.29812663 -1.55159522
  1.17989902  1.80998899  0.44348533  4.9328558   2.94081855  0.08601109
  1.33657191  0.06154845]
Interceptor (constante): 84.85409494979702


********* Melhor Resultado do Fold ************
Linhas de Treino [0, 1, 3, 5, 6, 8, 9, 10, 11, 12, 13, 14, 17, 18, 19, 20, 21, 22, 23, 24, 25, 27, 28, 29, 31, 33, 35, 36, 37, 38, 39, 40, 41, 43, 44, 45, 46, 47, 48, 49, 51, 52, 54, 55, 56, 57, 58, 59, 60, 61, 62, 63, 64, 65, 66, 67, 70, 72, 73, 75, 76, 77, 79, 80, 81, 83, 84, 85, 86, 88, 89, 91, 92, 93, 95, 99, 100, 101, 102, 103, 104, 105, 106, 107, 108, 109, 112, 113, 114, 116, 117, 118, 119, 120, 121, 122, 123, 124, 125, 126, 127, 129, 130, 131, 133, 134, 135, 136, 137, 138, 139, 141, 142, 143, 144, 145, 146, 147, 148, 149, 150, 151, 153, 154, 155, 157, 158, 159, 160, 161, 162, 163, 165, 166, 167, 168, 169, 170, 172, 173, 174, 175, 176, 177, 178, 179, 180, 181, 182, 183, 184, 185, 186, 188, 189, 190, 193, 194, 197, 198, 199, 200, 201, 202, 203, 204, 205, 207, 209, 213, 214, 215, 216, 217, 218, 220, 221, 222, 223, 224, 225, 226, 228, 229, 230, 231, 232, 235, 236, 237, 239, 240, 241, 243, 244, 245, 247, 248, 250, 251, 253, 255, 256, 257, 258, 259, 260, 261, 263, 264, 265, 266, 268, 269, 270, 271, 272, 273, 274, 275, 276, 277, 278, 279, 280, 281, 282, 283, 284, 285, 286, 287, 289, 291, 292, 293, 295, 296]
Linhas de Teste [2, 4, 7, 15, 16, 26, 30, 32, 34, 42, 50, 53, 68, 69, 71, 74, 78, 82, 87, 90, 94, 96, 97, 98, 110, 111, 115, 128, 132, 140, 152, 156, 164, 171, 187, 191, 192, 195, 196, 206, 208, 210, 211, 212, 219, 227, 233, 234, 238, 242, 246, 249, 252, 254, 262, 267, 288, 290, 294]

Rodada 98 / 150  65.33 %
Parâmetros ('EV_CA', 'PRE_CA', 'TST_CA', 'saz_sin', 'saz_cos')
R2 de Treino = 94.87
R2 de Teste = 95.94
Coeficientes (pesos): [ 3.19210832e+01 -4.06875102e+00 -4.18394965e+00 -5.58603559e+00
 -6.46290933e+00 -3.65932661e+00 -2.82383249e+00 -4.22394651e+00
  2.85298431e+00  5.46833036e+00 -7.00658058e-01 -1.94091191e+00
  8.64342682e-01  3.70114151e+00  3.10218596e-02  3.79310508e+00
  4.90696120e+00  1.23139520e+00  1.67243808e+00 -1.17112014e+00]
Interceptor (constante): 83.11074824009884


********* Melhor Resultado do Fold ************
Linhas de Treino [0, 1, 2, 3, 4, 5, 6, 7, 8, 9, 10, 11, 12, 13, 15, 16, 18, 19, 20, 21, 22, 24, 25, 26, 27, 28, 29, 30, 32, 33, 34, 36, 38, 39, 40, 41, 42, 44, 46, 47, 48, 49, 50, 51, 52, 53, 54, 55, 56, 58, 59, 61, 62, 63, 64, 65, 66, 67, 68, 69, 70, 71, 72, 73, 74, 75, 76, 77, 78, 81, 82, 83, 84, 85, 87, 88, 89, 90, 91, 92, 93, 94, 95, 96, 97, 98, 101, 104, 105, 106, 107, 110, 111, 112, 113, 114, 115, 116, 117, 118, 119, 120, 121, 123, 125, 128, 129, 130, 131, 132, 133, 134, 135, 136, 138, 140, 142, 143, 146, 151, 152, 153, 154, 156, 157, 158, 159, 161, 162, 163, 164, 165, 166, 167, 169, 170, 171, 173, 174, 175, 176, 177, 178, 179, 180, 181, 182, 184, 185, 187, 189, 190, 191, 192, 193, 194, 195, 196, 198, 199, 200, 201, 202, 203, 204, 206, 207, 208, 209, 210, 211, 212, 216, 217, 218, 219, 220, 221, 223, 224, 225, 226, 227, 228, 230, 231, 232, 233, 234, 236, 238, 239, 241, 242, 243, 244, 245, 246, 248, 249, 250, 251, 252, 253, 254, 255, 256, 257, 258, 259, 260, 262, 263, 265, 266, 267, 269, 270, 271, 272, 273, 274, 276, 278, 279, 281, 282, 284, 285, 286, 287, 288, 290, 291, 293, 294, 295, 296]
Linhas de Teste [14, 17, 23, 31, 35, 37, 43, 45, 57, 60, 79, 80, 86, 99, 100, 102, 103, 108, 109, 122, 124, 126, 127, 137, 139, 141, 144, 145, 147, 148, 149, 150, 155, 160, 168, 172, 183, 186, 188, 197, 205, 213, 214, 215, 222, 229, 235, 237, 240, 247, 261, 264, 268, 275, 277, 280, 283, 289, 292]

Rodada 99 / 150  66.0 %
Parâmetros ('EV_CA', 'PRE_CA', 'TST_CA', 'saz_sin', 'saz_cos')
R2 de Treino = 95.07
R2 de Teste = 95.11
Coeficientes (pesos): [32.73303745 -5.01694218 -3.90153754 -5.48824152 -6.0744527  -4.70745415
 -1.36594373 -4.53388906  3.84900088  4.51451103 -0.46819424 -0.77117222
  0.24622287  2.87934848  0.31830045  3.92252047  3.99995845  0.74942126
  2.06804712 -0.62270497]
Interceptor (constante): 84.65408505292123


********* Melhor Resultado do Fold ************
Linhas de Treino [0, 1, 2, 3, 4, 5, 6, 7, 8, 10, 12, 13, 14, 15, 16, 17, 20, 22, 23, 24, 25, 26, 27, 30, 31, 32, 33, 34, 35, 36, 37, 39, 42, 43, 44, 45, 47, 48, 49, 50, 51, 52, 53, 54, 55, 57, 58, 60, 61, 62, 63, 66, 67, 68, 69, 70, 71, 73, 74, 76, 78, 79, 80, 81, 82, 84, 85, 86, 87, 89, 90, 91, 92, 93, 94, 96, 97, 98, 99, 100, 101, 102, 103, 104, 106, 108, 109, 110, 111, 112, 113, 114, 115, 116, 117, 118, 119, 120, 121, 122, 124, 125, 126, 127, 128, 130, 131, 132, 133, 134, 135, 136, 137, 138, 139, 140, 141, 142, 144, 145, 146, 147, 148, 149, 150, 152, 153, 155, 156, 157, 160, 162, 164, 166, 167, 168, 169, 171, 172, 173, 174, 176, 177, 179, 182, 183, 185, 186, 187, 188, 189, 190, 191, 192, 195, 196, 197, 199, 201, 202, 203, 204, 205, 206, 208, 209, 210, 211, 212, 213, 214, 215, 216, 217, 218, 219, 220, 221, 222, 223, 226, 227, 228, 229, 230, 231, 232, 233, 234, 235, 237, 238, 239, 240, 242, 243, 244, 246, 247, 248, 249, 250, 251, 252, 253, 254, 255, 256, 257, 258, 260, 261, 262, 263, 264, 266, 267, 268, 269, 270, 272, 273, 274, 275, 276, 277, 278, 280, 283, 286, 287, 288, 289, 290, 291, 292, 294, 295]
Linhas de Teste [9, 11, 18, 19, 21, 28, 29, 38, 40, 41, 46, 56, 59, 64, 65, 72, 75, 77, 83, 88, 95, 105, 107, 123, 129, 143, 151, 154, 158, 159, 161, 163, 165, 170, 175, 178, 180, 181, 184, 193, 194, 198, 200, 207, 224, 225, 236, 241, 245, 259, 265, 271, 279, 281, 282, 284, 285, 293, 296]

Rodada 100 / 150  66.67 %
Parâmetros ('EV_CA', 'PRE_CA', 'TST_CA', 'saz_sin', 'saz_cos')
R2 de Treino = 95.29
R2 de Teste = 93.78
Coeficientes (pesos): [32.2831312  -4.94417153 -4.68598857 -4.85272067 -5.42809337 -5.55109056
 -0.65925181 -6.73394787  3.03333613  6.61988671 -0.83357302 -0.93386571
  0.98844947  3.11950286 -0.95960665  3.35286046  6.29053074  1.40502861
  2.37049749 -0.89903117]
Interceptor (constante): 83.42227117782058


********* Melhor Resultado do Fold ************
Linhas de Treino [0, 1, 2, 3, 5, 7, 8, 9, 10, 11, 12, 14, 15, 16, 17, 18, 19, 21, 22, 23, 24, 25, 26, 27, 28, 29, 30, 31, 32, 34, 35, 37, 38, 40, 41, 42, 43, 44, 45, 46, 47, 49, 50, 52, 54, 55, 56, 58, 59, 61, 62, 65, 66, 67, 68, 69, 70, 71, 73, 75, 76, 77, 79, 80, 82, 83, 84, 85, 86, 88, 89, 91, 92, 93, 94, 97, 98, 100, 101, 102, 103, 104, 105, 106, 107, 109, 110, 111, 112, 113, 116, 117, 118, 119, 121, 122, 126, 127, 128, 130, 131, 133, 134, 135, 136, 137, 138, 139, 141, 142, 143, 145, 146, 147, 148, 149, 150, 151, 152, 154, 155, 156, 157, 159, 160, 161, 162, 163, 164, 165, 166, 167, 168, 169, 170, 171, 172, 173, 174, 175, 176, 177, 179, 180, 181, 183, 184, 185, 186, 187, 188, 189, 191, 192, 194, 195, 196, 197, 198, 199, 200, 201, 202, 203, 204, 206, 207, 209, 210, 212, 214, 216, 217, 219, 220, 221, 222, 223, 224, 225, 227, 228, 229, 230, 232, 234, 235, 236, 237, 238, 241, 242, 243, 244, 245, 247, 248, 249, 250, 251, 252, 254, 255, 256, 257, 258, 259, 260, 262, 263, 264, 265, 266, 268, 270, 271, 272, 273, 274, 275, 276, 277, 279, 280, 281, 282, 283, 284, 285, 286, 287, 290, 291, 292, 293, 294, 295]
Linhas de Teste [4, 6, 13, 20, 33, 36, 39, 48, 51, 53, 57, 60, 63, 64, 72, 74, 78, 81, 87, 90, 95, 96, 99, 108, 114, 115, 120, 123, 124, 125, 129, 132, 140, 144, 153, 158, 178, 182, 190, 193, 205, 208, 211, 213, 215, 218, 226, 231, 233, 239, 240, 246, 253, 261, 267, 269, 278, 288, 289, 296]

Rodada 101 / 150  67.33 %
Parâmetros ('EV_CA', 'PRE_CA', 'TST_CA', 'saz_sin', 'saz_cos')
R2 de Treino = 94.84
R2 de Teste = 95.1
Coeficientes (pesos): [31.11693563 -3.2623748  -3.58029328 -5.93629377 -7.21128523 -3.58995954
 -3.70092181 -5.07291818  4.21551847  6.78139855 -0.22062583 -2.46660551
  0.26658094  2.10147915 -0.11539682  4.72492757  5.43796746  0.17008807
  1.61358326 -1.28838869]
Interceptor (constante): 82.89251880886883


********* Melhor Resultado do Fold ************
Linhas de Treino [0, 1, 2, 3, 4, 5, 6, 7, 8, 9, 10, 11, 13, 14, 15, 16, 17, 18, 20, 21, 24, 28, 29, 30, 31, 32, 33, 34, 36, 37, 38, 39, 41, 43, 44, 46, 48, 51, 52, 53, 54, 57, 59, 60, 63, 64, 65, 66, 67, 69, 70, 71, 72, 73, 74, 75, 76, 77, 78, 79, 81, 82, 83, 84, 85, 86, 87, 89, 90, 91, 92, 93, 94, 95, 96, 97, 99, 100, 101, 106, 107, 108, 109, 110, 112, 114, 115, 116, 117, 118, 120, 121, 122, 123, 124, 125, 126, 129, 130, 131, 132, 133, 134, 135, 136, 137, 138, 139, 140, 141, 143, 144, 145, 146, 148, 149, 151, 152, 153, 154, 155, 156, 157, 158, 159, 160, 163, 164, 165, 166, 167, 168, 169, 170, 171, 172, 175, 176, 177, 178, 179, 180, 181, 182, 184, 185, 186, 187, 188, 189, 190, 191, 192, 193, 194, 195, 196, 198, 199, 200, 201, 202, 203, 204, 205, 208, 209, 211, 212, 213, 214, 215, 216, 217, 218, 219, 220, 221, 222, 224, 226, 228, 229, 231, 232, 233, 234, 235, 236, 237, 239, 240, 241, 242, 243, 244, 246, 247, 248, 249, 250, 251, 252, 253, 254, 256, 257, 259, 261, 263, 264, 265, 266, 267, 268, 269, 270, 271, 273, 274, 275, 277, 278, 279, 280, 281, 283, 284, 285, 286, 287, 288, 289, 290, 291, 292, 296]
Linhas de Teste [12, 19, 22, 23, 25, 26, 27, 35, 40, 42, 45, 47, 49, 50, 55, 56, 58, 61, 62, 68, 80, 88, 98, 102, 103, 104, 105, 111, 113, 119, 127, 128, 142, 147, 150, 161, 162, 173, 174, 183, 197, 206, 207, 210, 223, 225, 227, 230, 238, 245, 255, 258, 260, 262, 272, 276, 282, 293, 294, 295]

Rodada 102 / 150  68.0 %
Parâmetros ('EV_CA', 'PRE_CA', 'TST_CA', 'saz_sin', 'saz_cos')
R2 de Treino = 94.94
R2 de Teste = 96.19
Coeficientes (pesos): [32.41793069 -4.02355211 -4.09122423 -5.25213262 -5.97132882 -4.20711475
 -2.69355989 -5.88503066  2.91910843  6.372779   -0.40711894 -1.8048098
  1.02001085  2.39345117 -0.68420118  4.55554261  5.55583312  1.3954892
  1.84818119 -0.56086873]
Interceptor (constante): 84.00657530805104


********* Melhor Resultado do Fold ************
Linhas de Treino [0, 1, 2, 3, 4, 6, 7, 10, 11, 12, 13, 14, 15, 16, 17, 18, 19, 20, 21, 22, 23, 24, 25, 26, 27, 28, 29, 30, 31, 32, 33, 35, 36, 38, 39, 40, 42, 43, 45, 46, 47, 48, 49, 50, 51, 53, 54, 55, 56, 57, 58, 60, 61, 62, 63, 64, 65, 67, 68, 69, 70, 72, 74, 75, 78, 80, 81, 84, 85, 86, 87, 88, 89, 90, 92, 93, 94, 95, 96, 97, 98, 99, 100, 102, 103, 104, 105, 107, 108, 111, 112, 113, 114, 115, 116, 117, 119, 120, 121, 122, 123, 124, 125, 126, 127, 128, 129, 131, 132, 133, 134, 136, 137, 140, 141, 142, 143, 144, 145, 147, 148, 150, 151, 153, 154, 155, 157, 158, 160, 161, 162, 164, 165, 166, 168, 169, 170, 171, 173, 174, 177, 178, 179, 180, 181, 182, 183, 184, 185, 186, 187, 188, 189, 190, 193, 195, 197, 198, 199, 200, 201, 202, 205, 206, 207, 208, 209, 210, 211, 212, 213, 215, 217, 218, 219, 221, 223, 224, 225, 226, 227, 228, 229, 230, 231, 232, 233, 235, 236, 237, 238, 239, 240, 243, 244, 245, 246, 248, 249, 250, 252, 253, 254, 255, 256, 257, 258, 259, 260, 261, 262, 263, 266, 267, 268, 269, 270, 271, 272, 275, 276, 277, 278, 279, 282, 284, 285, 286, 287, 288, 289, 290, 291, 292, 293, 294, 295, 296]
Linhas de Teste [5, 8, 9, 34, 37, 41, 44, 52, 59, 66, 71, 73, 76, 77, 79, 82, 83, 91, 101, 106, 109, 110, 118, 130, 135, 138, 139, 146, 149, 152, 156, 159, 163, 167, 172, 175, 176, 191, 192, 194, 196, 203, 204, 214, 216, 220, 222, 234, 241, 242, 247, 251, 264, 265, 273, 274, 280, 281, 283]

Rodada 103 / 150  68.67 %
Parâmetros ('EV_CA', 'PRE_CA', 'TST_CA', 'saz_sin', 'saz_cos')
R2 de Treino = 95.03
R2 de Teste = 94.59
Coeficientes (pesos): [32.34406986 -4.98540947 -5.19538703 -5.33106188 -5.22376539 -4.63685266
 -2.15964807 -4.80624924  3.75846488  5.5175838  -0.57591409 -2.42752105
  0.38715672  4.12863461 -0.83970579  3.32227647  6.88856149  1.6397181
  2.11656266 -1.82064817]
Interceptor (constante): 83.13703801505106


********* Melhor Resultado do Fold ************
Linhas de Treino [0, 3, 4, 5, 6, 7, 8, 9, 12, 13, 15, 16, 17, 18, 19, 20, 22, 23, 25, 26, 27, 29, 30, 31, 33, 34, 35, 36, 37, 38, 39, 40, 41, 42, 43, 44, 45, 46, 47, 48, 49, 50, 51, 52, 53, 55, 56, 57, 58, 59, 60, 61, 62, 63, 64, 65, 66, 68, 69, 70, 71, 72, 73, 74, 76, 77, 78, 79, 80, 81, 82, 83, 85, 86, 87, 88, 89, 90, 91, 95, 96, 98, 99, 101, 102, 103, 104, 105, 106, 107, 108, 109, 110, 111, 113, 114, 115, 118, 119, 120, 122, 123, 124, 125, 126, 127, 128, 129, 130, 131, 132, 133, 135, 137, 138, 139, 140, 142, 144, 145, 146, 147, 149, 150, 151, 152, 153, 155, 156, 157, 158, 159, 160, 161, 162, 163, 167, 168, 172, 173, 174, 175, 176, 177, 178, 180, 182, 183, 185, 186, 187, 188, 190, 191, 192, 193, 194, 196, 197, 198, 199, 202, 203, 204, 205, 206, 207, 208, 209, 210, 211, 213, 214, 215, 216, 217, 218, 220, 221, 222, 223, 225, 226, 227, 229, 230, 231, 233, 234, 235, 236, 238, 239, 240, 241, 242, 243, 245, 246, 247, 248, 250, 251, 252, 253, 254, 255, 256, 258, 259, 260, 261, 262, 264, 265, 266, 267, 269, 272, 273, 274, 276, 278, 279, 280, 281, 282, 283, 284, 285, 287, 288, 289, 291, 293, 294, 295, 296]
Linhas de Teste [1, 2, 10, 11, 14, 21, 24, 28, 32, 54, 67, 75, 84, 92, 93, 94, 97, 100, 112, 116, 117, 121, 134, 136, 141, 143, 148, 154, 164, 165, 166, 169, 170, 171, 179, 181, 184, 189, 195, 200, 201, 212, 219, 224, 228, 232, 237, 244, 249, 257, 263, 268, 270, 271, 275, 277, 286, 290, 292]

Rodada 104 / 150  69.33 %
Parâmetros ('EV_CA', 'PRE_CA', 'TST_CA', 'saz_sin', 'saz_cos')
R2 de Treino = 95.54
R2 de Teste = 92.84
Coeficientes (pesos): [34.03566389 -6.38444047 -4.19369782 -5.74334152 -6.04884576 -5.2307806
 -0.7768524  -4.57370952  3.49055362  4.54271794 -0.64778096 -0.42221338
  0.77843506  3.72898751  0.41531877  3.48880184  4.02477332  0.64334131
  2.31438049 -1.06056288]
Interceptor (constante): 86.15941878449313


********* Melhor Resultado do Fold ************
Linhas de Treino [1, 2, 4, 5, 6, 8, 9, 10, 11, 12, 13, 14, 19, 20, 21, 22, 23, 24, 25, 26, 27, 28, 32, 33, 34, 35, 36, 37, 39, 40, 41, 42, 44, 45, 47, 48, 49, 50, 51, 52, 53, 54, 55, 56, 57, 58, 59, 60, 61, 62, 63, 64, 66, 67, 68, 71, 72, 73, 74, 75, 76, 77, 78, 79, 80, 81, 82, 83, 84, 87, 88, 90, 91, 92, 93, 94, 95, 96, 97, 98, 99, 100, 101, 102, 103, 104, 105, 106, 108, 109, 110, 111, 112, 113, 114, 115, 116, 117, 118, 119, 120, 121, 123, 124, 125, 127, 128, 129, 130, 132, 134, 135, 136, 138, 139, 140, 141, 142, 143, 144, 146, 147, 148, 149, 150, 152, 153, 154, 156, 158, 159, 161, 162, 163, 164, 165, 166, 167, 169, 170, 171, 172, 173, 174, 175, 176, 178, 179, 181, 182, 183, 184, 189, 190, 191, 192, 193, 194, 195, 196, 197, 200, 201, 203, 204, 205, 206, 207, 208, 210, 211, 212, 213, 214, 215, 216, 218, 219, 220, 222, 223, 224, 225, 226, 227, 228, 230, 231, 232, 233, 234, 237, 238, 239, 240, 241, 242, 244, 245, 246, 247, 249, 251, 253, 255, 257, 258, 260, 261, 262, 263, 264, 265, 267, 268, 269, 270, 271, 272, 273, 274, 275, 276, 277, 278, 280, 281, 282, 283, 286, 288, 289, 290, 292, 293, 294, 295, 296]
Linhas de Teste [0, 3, 7, 15, 16, 17, 18, 29, 30, 31, 38, 43, 46, 65, 69, 70, 85, 86, 89, 107, 122, 126, 131, 133, 137, 145, 151, 155, 157, 160, 168, 177, 180, 185, 186, 187, 188, 198, 199, 202, 209, 217, 221, 229, 235, 236, 243, 248, 250, 252, 254, 256, 259, 266, 279, 284, 285, 287, 291]

Rodada 105 / 150  70.0 %
Parâmetros ('EV_CA', 'PRE_CA', 'TST_CA', 'saz_sin', 'saz_cos')
R2 de Treino = 95.63
R2 de Teste = 92.27
Coeficientes (pesos): [31.22768954 -4.08005528 -5.10766047 -5.56577354 -5.42516791 -3.67256997
 -1.97016257 -5.37105283  3.40456797  5.02709929 -0.52954435 -0.75754126
  1.1933377   2.36275988 -0.19349618  4.6431485   3.66493545  0.56279838
  0.51822532 -0.24196623]
Interceptor (constante): 84.15571505718985


********* Melhor Resultado do Fold ************
Linhas de Treino [0, 1, 2, 3, 4, 5, 6, 7, 8, 9, 10, 11, 12, 13, 14, 15, 16, 17, 18, 19, 20, 22, 23, 24, 25, 26, 27, 28, 29, 30, 33, 34, 35, 36, 37, 38, 39, 41, 44, 45, 47, 48, 49, 50, 51, 53, 54, 55, 57, 58, 59, 60, 61, 62, 63, 66, 67, 68, 69, 70, 71, 72, 73, 74, 76, 77, 78, 79, 80, 81, 82, 83, 84, 86, 87, 88, 89, 90, 91, 92, 94, 95, 96, 98, 99, 100, 101, 102, 103, 104, 105, 106, 107, 108, 109, 110, 111, 113, 116, 117, 118, 119, 120, 121, 122, 124, 125, 127, 128, 129, 131, 133, 134, 135, 136, 137, 138, 139, 140, 141, 142, 143, 144, 145, 146, 147, 149, 150, 151, 152, 153, 155, 156, 157, 159, 161, 163, 164, 165, 167, 169, 174, 175, 176, 179, 181, 182, 183, 185, 187, 189, 190, 192, 194, 195, 197, 198, 199, 200, 201, 202, 203, 204, 206, 207, 208, 210, 211, 212, 214, 216, 217, 218, 219, 220, 221, 222, 224, 225, 226, 228, 229, 230, 231, 232, 234, 235, 236, 237, 238, 240, 242, 243, 244, 245, 246, 247, 248, 249, 251, 252, 253, 254, 255, 256, 257, 258, 259, 260, 261, 262, 263, 266, 267, 268, 269, 270, 271, 272, 273, 275, 276, 277, 278, 279, 280, 281, 282, 283, 286, 287, 288, 290, 291, 294, 295, 296]
Linhas de Teste [21, 31, 32, 40, 42, 43, 46, 52, 56, 64, 65, 75, 85, 93, 97, 112, 114, 115, 123, 126, 130, 132, 148, 154, 158, 160, 162, 166, 168, 170, 171, 172, 173, 177, 178, 180, 184, 186, 188, 191, 193, 196, 205, 209, 213, 215, 223, 227, 233, 239, 241, 250, 264, 265, 274, 284, 285, 289, 292, 293]

Rodada 106 / 150  70.67 %
Parâmetros ('EV_CA', 'PRE_CA', 'TST_CA', 'saz_sin', 'saz_cos')
R2 de Treino = 94.96
R2 de Teste = 94.93
Coeficientes (pesos): [33.16021742 -4.79785527 -3.34288538 -5.70166173 -6.17441669 -4.35797473
 -2.24699772 -5.01503093  4.03050218  6.07375933 -0.35950062 -1.48384784
  0.9672323   2.39221467  0.09184102  4.79914111  4.39469165  0.72072395
  1.21206767 -0.69081707]
Interceptor (constante): 83.68544357257727


********* Melhor Resultado do Fold ************
Linhas de Treino [0, 1, 3, 4, 6, 7, 8, 9, 10, 11, 12, 13, 14, 15, 17, 18, 19, 20, 21, 22, 24, 27, 29, 30, 31, 32, 33, 34, 36, 37, 38, 39, 40, 41, 42, 43, 44, 46, 47, 48, 49, 51, 52, 55, 56, 57, 58, 59, 61, 63, 64, 65, 66, 67, 68, 69, 72, 73, 74, 75, 76, 78, 79, 81, 82, 83, 84, 85, 87, 88, 89, 91, 92, 93, 94, 95, 97, 98, 99, 100, 101, 102, 103, 104, 105, 108, 109, 110, 111, 112, 114, 115, 116, 117, 118, 119, 120, 121, 123, 124, 125, 126, 127, 128, 129, 130, 131, 132, 133, 134, 136, 137, 140, 141, 142, 143, 145, 146, 147, 148, 150, 151, 152, 153, 154, 155, 156, 158, 160, 161, 162, 163, 165, 166, 167, 168, 169, 170, 171, 172, 173, 174, 176, 177, 178, 180, 181, 182, 183, 184, 185, 186, 187, 188, 189, 190, 191, 192, 193, 195, 196, 197, 198, 200, 201, 202, 205, 206, 207, 209, 210, 211, 212, 213, 215, 217, 219, 220, 222, 223, 224, 225, 227, 229, 230, 232, 233, 234, 235, 236, 237, 238, 239, 240, 241, 242, 243, 244, 245, 247, 248, 249, 250, 251, 253, 254, 256, 258, 259, 260, 262, 263, 264, 265, 266, 268, 270, 272, 273, 274, 275, 278, 279, 282, 284, 285, 286, 287, 288, 289, 290, 291, 292, 293, 294, 295, 296]
Linhas de Teste [2, 5, 16, 23, 25, 26, 28, 35, 45, 50, 53, 54, 60, 62, 70, 71, 77, 80, 86, 90, 96, 106, 107, 113, 122, 135, 138, 139, 144, 149, 157, 159, 164, 175, 179, 194, 199, 203, 204, 208, 214, 216, 218, 221, 226, 228, 231, 246, 252, 255, 257, 261, 267, 269, 271, 276, 277, 280, 281, 283]

Rodada 107 / 150  71.33 %
Parâmetros ('EV_CA', 'PRE_CA', 'TST_CA', 'saz_sin', 'saz_cos')
R2 de Treino = 95.27
R2 de Teste = 94.26
Coeficientes (pesos): [32.39894578 -4.89977128 -5.78723618 -5.93597777 -4.93369705 -4.49445504
 -2.76976068 -5.90298051  3.60089488  6.33573767 -0.58986095 -2.10875527
  1.12969261  3.70925871 -0.91677547  4.33635107  6.69632758  1.10625946
  1.21270383 -1.76639802]
Interceptor (constante): 83.64439708358444


********* Melhor Resultado do Fold ************
Linhas de Treino [0, 1, 2, 3, 4, 5, 7, 8, 9, 12, 14, 15, 16, 17, 18, 19, 20, 21, 23, 24, 25, 26, 27, 28, 29, 30, 31, 32, 33, 34, 35, 37, 38, 40, 41, 42, 43, 44, 45, 46, 47, 49, 50, 51, 52, 53, 54, 56, 57, 60, 62, 64, 65, 66, 68, 69, 70, 71, 72, 73, 74, 75, 76, 77, 78, 79, 80, 85, 86, 87, 88, 89, 90, 91, 92, 93, 94, 95, 96, 97, 98, 100, 103, 104, 106, 107, 108, 109, 110, 111, 112, 113, 114, 115, 116, 120, 121, 122, 123, 124, 125, 126, 128, 130, 131, 132, 133, 134, 135, 136, 138, 139, 141, 142, 143, 144, 145, 146, 147, 148, 149, 150, 151, 152, 153, 154, 157, 158, 159, 160, 161, 162, 164, 166, 167, 168, 169, 170, 171, 172, 173, 175, 176, 177, 178, 179, 180, 181, 182, 184, 186, 187, 188, 189, 190, 191, 193, 194, 196, 199, 203, 204, 205, 206, 207, 208, 209, 210, 213, 214, 215, 216, 218, 220, 221, 222, 223, 224, 225, 226, 227, 228, 229, 231, 232, 233, 234, 235, 236, 239, 240, 241, 242, 243, 244, 245, 246, 247, 248, 249, 250, 252, 253, 254, 255, 257, 258, 261, 263, 264, 265, 266, 267, 268, 269, 271, 273, 274, 275, 276, 277, 279, 280, 281, 283, 284, 285, 286, 287, 288, 289, 290, 291, 292, 293, 294, 295, 296]
Linhas de Teste [6, 10, 11, 13, 22, 36, 39, 48, 55, 58, 59, 61, 63, 67, 81, 82, 83, 84, 99, 101, 102, 105, 117, 118, 119, 127, 129, 137, 140, 155, 156, 163, 165, 174, 183, 185, 192, 195, 197, 198, 200, 201, 202, 211, 212, 217, 219, 230, 237, 238, 251, 256, 259, 260, 262, 270, 272, 278, 282]

Rodada 108 / 150  72.0 %
Parâmetros ('EV_CA', 'PRE_CA', 'TST_CA', 'saz_sin', 'saz_cos')
R2 de Treino = 95.27
R2 de Teste = 93.88
Coeficientes (pesos): [33.00640708 -4.66864764 -3.54101879 -5.52386334 -6.56916984 -3.25629727
 -1.67613333 -3.96925729  2.8459925   4.98486148 -0.49220691 -1.26051577
  0.85693098  3.64957988 -0.13451707  3.5622673   5.265046    1.23469542
  1.9941968  -1.14532681]
Interceptor (constante): 84.02737493550194


********* Melhor Resultado do Fold ************
Linhas de Treino [0, 2, 5, 6, 10, 11, 13, 15, 16, 18, 20, 21, 22, 23, 24, 25, 26, 27, 28, 31, 32, 34, 35, 36, 37, 39, 40, 41, 42, 43, 45, 46, 48, 49, 50, 52, 53, 54, 55, 56, 57, 58, 59, 60, 61, 62, 63, 64, 65, 67, 70, 71, 72, 74, 75, 76, 77, 80, 81, 82, 83, 84, 85, 86, 87, 88, 89, 90, 91, 93, 96, 97, 99, 100, 101, 102, 105, 106, 107, 108, 111, 112, 113, 114, 115, 116, 117, 118, 119, 122, 123, 125, 126, 127, 128, 129, 130, 132, 133, 134, 135, 136, 137, 138, 139, 140, 141, 143, 144, 145, 146, 147, 148, 149, 150, 151, 152, 154, 155, 156, 157, 158, 159, 160, 162, 163, 164, 165, 166, 167, 168, 169, 170, 171, 172, 173, 174, 175, 176, 177, 178, 179, 180, 181, 183, 184, 185, 186, 188, 189, 191, 192, 193, 194, 195, 196, 197, 198, 199, 200, 201, 202, 203, 204, 205, 208, 209, 210, 211, 212, 213, 214, 215, 216, 217, 218, 219, 220, 221, 223, 224, 225, 226, 227, 228, 230, 231, 233, 234, 236, 237, 238, 239, 240, 241, 242, 244, 245, 246, 248, 249, 250, 251, 252, 254, 255, 256, 257, 258, 259, 260, 261, 262, 264, 265, 266, 267, 269, 270, 271, 272, 274, 275, 276, 277, 278, 280, 281, 282, 283, 284, 285, 286, 289, 291, 292, 293, 295]
Linhas de Teste [1, 3, 4, 7, 8, 9, 12, 14, 17, 19, 29, 30, 33, 38, 44, 47, 51, 66, 68, 69, 73, 78, 79, 92, 94, 95, 98, 103, 104, 109, 110, 120, 121, 124, 131, 142, 153, 161, 182, 187, 190, 206, 207, 222, 229, 232, 235, 243, 247, 253, 263, 268, 273, 279, 287, 288, 290, 294, 296]

Rodada 109 / 150  72.67 %
Parâmetros ('EV_CA', 'PRE_CA', 'TST_CA', 'saz_sin', 'saz_cos')
R2 de Treino = 95.58
R2 de Teste = 92.65
Coeficientes (pesos): [31.84652594 -4.40387985 -4.36797401 -5.12057906 -6.25950775 -4.09104302
 -3.12477999 -5.20187726  3.50446134  5.6511542  -0.24011539 -2.45079718
  0.1890066   2.45992815 -0.4132672   4.1893066   5.20165841  0.85189156
  2.27725582 -0.78897242]
Interceptor (constante): 84.00876134217992


********* Melhor Resultado do Fold ************
Linhas de Treino [1, 2, 3, 4, 5, 6, 7, 8, 9, 10, 11, 12, 13, 14, 16, 17, 19, 21, 22, 23, 25, 26, 28, 29, 30, 31, 32, 33, 35, 36, 38, 39, 40, 42, 43, 44, 45, 46, 47, 48, 50, 51, 52, 53, 54, 55, 56, 58, 59, 60, 61, 62, 63, 64, 65, 66, 67, 68, 69, 70, 71, 73, 75, 77, 78, 79, 80, 81, 82, 83, 84, 85, 86, 90, 92, 93, 94, 95, 96, 97, 98, 99, 101, 102, 103, 104, 105, 106, 107, 109, 110, 112, 113, 114, 115, 117, 118, 119, 120, 121, 122, 123, 124, 126, 127, 129, 130, 131, 132, 135, 137, 138, 139, 140, 142, 144, 148, 149, 153, 154, 155, 156, 157, 158, 159, 160, 161, 162, 163, 164, 165, 166, 168, 170, 171, 172, 173, 174, 175, 177, 178, 179, 180, 182, 183, 184, 185, 186, 187, 188, 190, 191, 192, 193, 194, 195, 196, 197, 198, 199, 200, 201, 202, 203, 204, 205, 206, 207, 208, 209, 211, 212, 213, 214, 215, 216, 217, 218, 219, 221, 222, 223, 226, 227, 228, 229, 230, 231, 232, 233, 235, 237, 238, 239, 241, 243, 246, 247, 250, 251, 252, 253, 255, 256, 257, 259, 260, 261, 262, 263, 264, 265, 267, 268, 269, 270, 271, 272, 273, 274, 276, 277, 278, 279, 280, 281, 282, 283, 284, 285, 287, 288, 289, 290, 292, 293, 294, 296]
Linhas de Teste [0, 15, 18, 20, 24, 27, 34, 37, 41, 49, 57, 72, 74, 76, 87, 88, 89, 91, 100, 108, 111, 116, 125, 128, 133, 134, 136, 141, 143, 145, 146, 147, 150, 151, 152, 167, 169, 176, 181, 189, 210, 220, 224, 225, 234, 236, 240, 242, 244, 245, 248, 249, 254, 258, 266, 275, 286, 291, 295]

Rodada 110 / 150  73.33 %
Parâmetros ('EV_CA', 'PRE_CA', 'TST_CA', 'saz_sin', 'saz_cos')
R2 de Treino = 94.86
R2 de Teste = 95.47
Coeficientes (pesos): [31.0702319  -4.05916697 -4.94506736 -5.65124538 -5.95612708 -4.98450106
 -1.75545321 -5.0429615   3.77576075  4.83965951 -0.6902372  -0.83623159
  0.76346094  2.55404948  0.18044217  3.89500861  3.49071683  0.34201559
  1.53997669 -0.38067286]
Interceptor (constante): 85.3974241653899


********* Melhor Resultado do Fold ************
Linhas de Treino [0, 1, 2, 5, 6, 8, 9, 11, 12, 13, 15, 16, 17, 18, 19, 20, 21, 22, 23, 25, 26, 27, 28, 29, 30, 31, 33, 34, 35, 37, 38, 39, 40, 41, 42, 43, 44, 45, 48, 49, 51, 53, 54, 55, 56, 57, 58, 59, 60, 61, 62, 63, 64, 66, 67, 68, 69, 70, 71, 73, 74, 75, 76, 77, 78, 79, 80, 81, 82, 83, 84, 85, 86, 88, 89, 90, 92, 93, 95, 96, 97, 98, 99, 100, 102, 103, 104, 105, 106, 107, 109, 110, 111, 112, 113, 114, 116, 117, 118, 119, 120, 121, 122, 124, 125, 127, 128, 129, 130, 131, 132, 134, 135, 136, 140, 141, 142, 143, 144, 145, 146, 147, 148, 149, 150, 152, 153, 154, 156, 157, 160, 161, 164, 165, 166, 167, 168, 169, 170, 173, 174, 175, 176, 178, 181, 182, 183, 184, 187, 188, 190, 192, 193, 195, 196, 197, 199, 200, 201, 203, 204, 205, 206, 207, 208, 210, 212, 213, 214, 215, 216, 217, 218, 219, 220, 221, 222, 223, 224, 226, 227, 228, 229, 231, 233, 234, 235, 237, 238, 239, 240, 241, 243, 244, 245, 246, 248, 249, 250, 251, 254, 256, 257, 258, 259, 261, 262, 263, 264, 265, 266, 267, 268, 269, 270, 271, 272, 273, 275, 276, 277, 278, 279, 280, 281, 282, 284, 285, 286, 287, 288, 289, 291, 293, 294, 295, 296]
Linhas de Teste [3, 4, 7, 10, 14, 24, 32, 36, 46, 47, 50, 52, 65, 72, 87, 91, 94, 101, 108, 115, 123, 126, 133, 137, 138, 139, 151, 155, 158, 159, 162, 163, 171, 172, 177, 179, 180, 185, 186, 189, 191, 194, 198, 202, 209, 211, 225, 230, 232, 236, 242, 247, 252, 253, 255, 260, 274, 283, 290, 292]

Rodada 111 / 150  74.0 %
Parâmetros ('EV_CA', 'PRE_CA', 'TST_CA', 'saz_sin', 'saz_cos')
R2 de Treino = 95.13
R2 de Teste = 94.1
Coeficientes (pesos): [32.94423161 -5.96932954 -3.04150789 -4.9815681  -5.83235077 -4.34372634
 -0.14238272 -4.76848923  4.30024399  4.86894264 -0.26483133  0.15572747
  0.14660896  3.04465888 -0.5288733   3.67035845  4.62682691  0.4227968
  2.38419544 -0.21211191]
Interceptor (constante): 83.42227524693922


********* Melhor Resultado do Fold ************
Linhas de Treino [0, 1, 3, 4, 6, 7, 8, 9, 10, 11, 12, 14, 15, 16, 17, 18, 19, 20, 21, 22, 23, 24, 25, 27, 28, 29, 30, 31, 32, 33, 34, 36, 37, 38, 39, 41, 45, 46, 47, 48, 49, 50, 51, 52, 53, 55, 56, 57, 58, 59, 60, 61, 62, 64, 65, 66, 67, 68, 69, 70, 71, 72, 73, 75, 77, 78, 79, 80, 81, 82, 84, 86, 87, 88, 91, 92, 93, 94, 95, 96, 97, 98, 99, 100, 101, 104, 105, 106, 107, 108, 109, 111, 112, 113, 115, 118, 120, 121, 122, 123, 124, 125, 126, 127, 128, 129, 131, 133, 134, 135, 137, 138, 139, 141, 145, 146, 147, 148, 150, 151, 153, 154, 155, 156, 157, 158, 159, 160, 161, 162, 163, 164, 165, 168, 169, 170, 171, 172, 174, 176, 177, 178, 179, 180, 181, 182, 183, 184, 185, 186, 187, 188, 189, 190, 191, 192, 193, 194, 195, 196, 197, 198, 199, 200, 201, 202, 204, 205, 206, 207, 208, 209, 211, 213, 214, 215, 219, 220, 221, 222, 223, 224, 225, 227, 228, 230, 231, 232, 233, 235, 236, 237, 238, 239, 240, 241, 242, 244, 245, 246, 247, 248, 250, 251, 252, 253, 255, 256, 258, 259, 260, 261, 264, 265, 267, 270, 271, 272, 273, 274, 276, 277, 278, 280, 281, 282, 283, 285, 286, 287, 288, 289, 290, 291, 292, 294, 296]
Linhas de Teste [2, 5, 13, 26, 35, 40, 42, 43, 44, 54, 63, 74, 76, 83, 85, 89, 90, 102, 103, 110, 114, 116, 117, 119, 130, 132, 136, 140, 142, 143, 144, 149, 152, 166, 167, 173, 175, 203, 210, 212, 216, 217, 218, 226, 229, 234, 243, 249, 254, 257, 262, 263, 266, 268, 269, 275, 279, 284, 293, 295]

Rodada 112 / 150  74.67 %
Parâmetros ('EV_CA', 'PRE_CA', 'TST_CA', 'saz_sin', 'saz_cos')
R2 de Treino = 95.0
R2 de Teste = 95.24
Coeficientes (pesos): [32.30039694 -3.26655538 -3.93210459 -5.40511013 -6.97402947 -4.30226258
 -3.22962513 -5.89673122  3.76865684  6.35137836 -0.45914026 -2.29894187
  0.65199847  2.31355677 -0.25358147  4.56329146  5.53673981  1.14110141
  1.94296297 -1.0887857 ]
Interceptor (constante): 83.44350478351772


********* Melhor Resultado do Fold ************
Linhas de Treino [0, 2, 3, 4, 5, 6, 7, 8, 10, 12, 13, 14, 15, 17, 19, 21, 23, 24, 26, 27, 28, 29, 31, 32, 33, 35, 36, 38, 39, 40, 41, 42, 43, 44, 46, 47, 48, 50, 51, 52, 54, 55, 57, 58, 59, 61, 62, 63, 64, 65, 66, 67, 68, 69, 70, 71, 72, 74, 75, 76, 77, 78, 80, 81, 82, 83, 84, 85, 86, 87, 88, 89, 90, 91, 92, 93, 94, 96, 97, 98, 99, 101, 102, 103, 104, 105, 106, 108, 110, 112, 113, 114, 115, 116, 117, 119, 121, 123, 124, 126, 127, 129, 130, 131, 132, 133, 136, 137, 138, 139, 140, 142, 143, 144, 145, 147, 148, 149, 150, 151, 152, 154, 155, 156, 158, 159, 160, 161, 162, 163, 164, 165, 166, 167, 169, 170, 171, 172, 173, 174, 175, 177, 178, 179, 180, 181, 182, 183, 184, 185, 186, 187, 188, 189, 191, 192, 193, 194, 195, 196, 198, 199, 200, 202, 203, 204, 207, 208, 209, 210, 211, 212, 213, 215, 216, 217, 218, 221, 223, 225, 226, 227, 228, 229, 230, 231, 232, 233, 234, 235, 236, 237, 240, 241, 242, 243, 244, 246, 247, 249, 250, 251, 252, 253, 254, 255, 256, 257, 259, 260, 261, 262, 263, 264, 265, 266, 268, 269, 271, 272, 273, 274, 275, 276, 279, 282, 283, 284, 285, 286, 288, 290, 291, 292, 293, 294, 295, 296]
Linhas de Teste [1, 9, 11, 16, 18, 20, 22, 25, 30, 34, 37, 45, 49, 53, 56, 60, 73, 79, 95, 100, 107, 109, 111, 118, 120, 122, 125, 128, 134, 135, 141, 146, 153, 157, 168, 176, 190, 197, 201, 205, 206, 214, 219, 220, 222, 224, 238, 239, 245, 248, 258, 267, 270, 277, 278, 280, 281, 287, 289]

Rodada 113 / 150  75.33 %
Parâmetros ('EV_CA', 'PRE_CA', 'TST_CA', 'saz_sin', 'saz_cos')
R2 de Treino = 95.78
R2 de Teste = 91.96
Coeficientes (pesos): [32.14402529 -5.13208287 -5.67873898 -6.34566292 -5.17690107 -4.76465786
 -3.15162787 -5.39519155  4.16352528  6.1901583  -0.18383729 -1.88785946
  1.06116691  2.32993472 -0.36045759  4.62232958  5.09705874  0.3499678
  0.55389984 -0.99263741]
Interceptor (constante): 84.78363268393396


********* Melhor Resultado do Fold ************
Linhas de Treino [0, 1, 2, 3, 4, 5, 7, 9, 10, 11, 13, 14, 15, 16, 17, 18, 20, 21, 22, 24, 25, 26, 27, 30, 31, 32, 33, 34, 35, 36, 37, 40, 42, 43, 44, 45, 46, 47, 49, 50, 52, 53, 54, 55, 56, 58, 60, 61, 63, 65, 68, 69, 72, 73, 74, 76, 79, 80, 81, 83, 84, 85, 86, 87, 88, 89, 90, 91, 92, 93, 94, 95, 96, 99, 100, 101, 102, 103, 104, 105, 107, 108, 109, 110, 111, 112, 113, 114, 115, 116, 117, 118, 119, 120, 121, 122, 123, 124, 125, 126, 127, 128, 129, 130, 131, 132, 133, 134, 135, 136, 137, 138, 139, 140, 141, 142, 143, 144, 146, 147, 149, 151, 152, 153, 155, 156, 157, 158, 159, 160, 161, 162, 163, 164, 166, 167, 168, 170, 171, 172, 173, 175, 176, 177, 179, 180, 182, 184, 185, 186, 187, 189, 190, 191, 194, 196, 197, 198, 200, 201, 202, 203, 205, 206, 207, 208, 209, 210, 211, 212, 213, 214, 215, 216, 217, 218, 219, 220, 222, 224, 225, 226, 227, 229, 230, 232, 234, 236, 238, 239, 242, 243, 244, 245, 247, 248, 249, 250, 251, 252, 253, 254, 255, 257, 258, 259, 260, 261, 262, 263, 264, 265, 266, 267, 268, 269, 270, 271, 272, 274, 275, 276, 277, 278, 279, 280, 281, 282, 283, 284, 287, 289, 290, 291, 292, 293, 294, 295]
Linhas de Teste [6, 8, 12, 19, 23, 28, 29, 38, 39, 41, 48, 51, 57, 59, 62, 64, 66, 67, 70, 71, 75, 77, 78, 82, 97, 98, 106, 145, 148, 150, 154, 165, 169, 174, 178, 181, 183, 188, 192, 193, 195, 199, 204, 221, 223, 228, 231, 233, 235, 237, 240, 241, 246, 256, 273, 285, 286, 288, 296]

Rodada 114 / 150  76.0 %
Parâmetros ('EV_CA', 'PRE_CA', 'TST_CA', 'saz_sin', 'saz_cos')
R2 de Treino = 95.12
R2 de Teste = 94.42
Coeficientes (pesos): [31.15640656 -3.89416677 -5.33231394 -5.57695344 -5.23651498 -5.27367526
 -2.11508875 -6.21074692  4.24036073  5.83246439 -0.86107735 -0.61313956
  1.15780528  3.21220741 -0.07801406  4.49030009  4.18061969  0.64555969
  0.74890115 -0.84181948]
Interceptor (constante): 84.61508192646575


********* Melhor Resultado do Fold ************
Linhas de Treino [1, 2, 3, 4, 5, 6, 7, 8, 9, 10, 11, 12, 13, 14, 16, 18, 19, 20, 22, 23, 24, 25, 26, 28, 29, 30, 32, 34, 35, 36, 37, 38, 39, 40, 41, 42, 43, 44, 45, 46, 47, 48, 49, 50, 51, 52, 53, 54, 56, 57, 59, 60, 62, 63, 64, 65, 66, 67, 70, 71, 72, 73, 74, 75, 76, 77, 78, 79, 82, 83, 85, 87, 89, 90, 91, 94, 95, 97, 98, 100, 101, 102, 103, 106, 107, 108, 109, 110, 111, 114, 115, 116, 117, 118, 119, 120, 122, 123, 125, 126, 128, 130, 132, 133, 134, 135, 136, 137, 138, 139, 140, 141, 142, 143, 144, 145, 146, 148, 149, 150, 151, 152, 153, 154, 155, 157, 158, 159, 162, 163, 165, 166, 167, 168, 169, 171, 172, 173, 174, 175, 176, 177, 178, 179, 180, 181, 183, 185, 186, 188, 189, 190, 191, 192, 193, 194, 195, 197, 198, 199, 201, 202, 203, 204, 205, 206, 209, 210, 211, 212, 214, 216, 217, 218, 219, 220, 221, 222, 223, 224, 225, 226, 228, 229, 230, 231, 232, 233, 234, 235, 236, 237, 238, 239, 240, 241, 242, 243, 245, 246, 247, 248, 249, 252, 253, 254, 255, 256, 257, 258, 260, 262, 263, 266, 267, 268, 269, 270, 273, 274, 275, 277, 278, 279, 280, 281, 283, 284, 285, 286, 287, 288, 289, 290, 292, 293, 295, 296]
Linhas de Teste [0, 15, 17, 21, 27, 31, 33, 55, 58, 61, 68, 69, 80, 81, 84, 86, 88, 92, 93, 96, 99, 104, 105, 112, 113, 121, 124, 127, 129, 131, 147, 156, 160, 161, 164, 170, 182, 184, 187, 196, 200, 207, 208, 213, 215, 227, 244, 250, 251, 259, 261, 264, 265, 271, 272, 276, 282, 291, 294]

Rodada 115 / 150  76.67 %
Parâmetros ('EV_CA', 'PRE_CA', 'TST_CA', 'saz_sin', 'saz_cos')
R2 de Treino = 95.03
R2 de Teste = 95.09
Coeficientes (pesos): [32.0233796  -4.07260722 -4.34376915 -5.23070275 -6.16306331 -2.94046897
 -2.74612031 -3.78014974  1.80527952  5.02174482 -0.52091283 -2.53900249
  0.93425717  3.24907066  0.04217795  3.76091371  5.55560216  1.6685105
  2.29469662 -1.38174254]
Interceptor (constante): 84.04741475480738


********* Melhor Resultado do Fold ************
Linhas de Treino [0, 1, 3, 5, 6, 7, 8, 9, 10, 11, 12, 13, 14, 15, 16, 17, 18, 19, 20, 21, 22, 24, 25, 29, 33, 34, 35, 36, 37, 38, 39, 40, 41, 42, 43, 44, 45, 46, 47, 48, 49, 50, 51, 52, 53, 54, 56, 60, 61, 62, 64, 65, 66, 67, 68, 70, 71, 72, 73, 75, 77, 78, 79, 80, 81, 82, 83, 84, 85, 86, 89, 90, 91, 92, 93, 94, 96, 97, 98, 99, 100, 102, 103, 104, 105, 106, 107, 109, 110, 115, 116, 117, 118, 119, 120, 121, 122, 123, 124, 125, 126, 127, 128, 129, 130, 131, 133, 134, 135, 136, 137, 138, 139, 140, 141, 142, 143, 144, 145, 147, 148, 151, 153, 154, 155, 156, 157, 159, 160, 161, 162, 164, 166, 167, 168, 172, 173, 175, 176, 178, 179, 180, 181, 182, 183, 184, 185, 187, 188, 189, 190, 191, 192, 193, 194, 195, 196, 197, 198, 199, 202, 204, 205, 206, 207, 208, 209, 210, 211, 212, 213, 214, 215, 216, 218, 220, 221, 222, 223, 224, 225, 227, 230, 231, 233, 235, 236, 237, 238, 239, 240, 241, 242, 243, 244, 245, 246, 247, 248, 250, 252, 253, 254, 255, 256, 257, 258, 259, 260, 262, 264, 265, 266, 267, 268, 269, 271, 272, 273, 274, 275, 279, 280, 281, 282, 283, 284, 285, 287, 288, 289, 290, 291, 292, 293, 294, 296]
Linhas de Teste [2, 4, 23, 26, 27, 28, 30, 31, 32, 55, 57, 58, 59, 63, 69, 74, 76, 87, 88, 95, 101, 108, 111, 112, 113, 114, 132, 146, 149, 150, 152, 158, 163, 165, 169, 170, 171, 174, 177, 186, 200, 201, 203, 217, 219, 226, 228, 229, 232, 234, 249, 251, 261, 263, 270, 276, 277, 278, 286, 295]

Rodada 116 / 150  77.33 %
Parâmetros ('EV_CA', 'PRE_CA', 'TST_CA', 'saz_sin', 'saz_cos')
R2 de Treino = 94.8
R2 de Teste = 96.15
Coeficientes (pesos): [32.29614066 -3.61318194 -4.20307283 -5.97512898 -6.60875543 -3.48404598
 -3.70782482 -5.13768594  3.45094671  5.79568233 -0.58387977 -2.46493534
  0.91114352  3.53706972 -0.22343401  4.75725208  5.27618664  0.98100969
  1.57102273 -1.15523133]
Interceptor (constante): 83.60815862349335


********* Melhor Resultado do Fold ************
Linhas de Treino [1, 2, 4, 5, 6, 8, 9, 10, 11, 12, 13, 14, 15, 16, 17, 18, 19, 21, 22, 23, 24, 25, 26, 27, 28, 29, 30, 31, 32, 34, 36, 37, 39, 41, 42, 43, 44, 45, 46, 47, 48, 50, 51, 52, 53, 54, 55, 57, 58, 59, 61, 62, 63, 65, 67, 68, 69, 70, 71, 72, 73, 74, 75, 76, 77, 78, 79, 80, 81, 82, 83, 86, 87, 88, 89, 91, 92, 93, 95, 97, 98, 99, 100, 101, 105, 106, 107, 108, 111, 112, 113, 114, 116, 117, 118, 120, 121, 122, 123, 124, 125, 126, 127, 128, 129, 130, 131, 132, 133, 134, 135, 139, 141, 142, 143, 145, 146, 147, 148, 149, 150, 151, 152, 153, 154, 155, 156, 157, 158, 160, 161, 162, 163, 165, 167, 169, 170, 171, 172, 173, 174, 175, 176, 177, 179, 180, 182, 183, 184, 185, 186, 187, 188, 189, 191, 194, 195, 198, 199, 200, 201, 202, 203, 204, 205, 207, 208, 211, 212, 213, 214, 215, 216, 217, 218, 219, 220, 221, 222, 223, 225, 226, 228, 229, 230, 232, 233, 234, 235, 236, 241, 242, 243, 244, 246, 247, 248, 249, 250, 251, 252, 254, 255, 256, 258, 260, 261, 262, 263, 264, 265, 266, 267, 268, 269, 270, 271, 273, 274, 275, 276, 277, 278, 279, 280, 282, 284, 285, 286, 288, 290, 291, 292, 293, 294, 295, 296]
Linhas de Teste [0, 3, 7, 20, 33, 35, 38, 40, 49, 56, 60, 64, 66, 84, 85, 90, 94, 96, 102, 103, 104, 109, 110, 115, 119, 136, 137, 138, 140, 144, 159, 164, 166, 168, 178, 181, 190, 192, 193, 196, 197, 206, 209, 210, 224, 227, 231, 237, 238, 239, 240, 245, 253, 257, 259, 272, 281, 283, 287, 289]

Rodada 117 / 150  78.0 %
Parâmetros ('EV_CA', 'PRE_CA', 'TST_CA', 'saz_sin', 'saz_cos')
R2 de Treino = 94.99
R2 de Teste = 94.92
Coeficientes (pesos): [ 3.13602436e+01 -5.50365216e+00 -5.63189254e+00 -5.77585257e+00
 -4.69214604e+00 -5.03068836e+00 -1.43622367e+00 -5.38442335e+00
  3.99403193e+00  5.48629041e+00 -2.30093065e-01 -6.39937185e-03
  1.00255816e+00  1.46071465e+00  5.90303094e-01  4.43798179e+00
  3.10624353e+00  1.82530033e-01  7.71419643e-01 -3.65753181e-01]
Interceptor (constante): 85.05348635453109


********* Melhor Resultado do Fold ************
Linhas de Treino [0, 1, 2, 3, 4, 6, 7, 9, 12, 13, 16, 18, 20, 22, 23, 24, 25, 26, 27, 28, 29, 30, 31, 32, 33, 35, 38, 40, 41, 42, 43, 44, 45, 46, 47, 48, 49, 51, 53, 54, 55, 56, 57, 58, 59, 60, 61, 62, 63, 64, 65, 66, 67, 69, 70, 72, 73, 74, 75, 76, 77, 78, 79, 80, 81, 83, 84, 85, 86, 87, 88, 89, 90, 91, 93, 94, 95, 96, 97, 98, 99, 100, 101, 102, 103, 104, 106, 107, 108, 109, 110, 111, 112, 113, 114, 115, 116, 117, 119, 120, 123, 125, 128, 129, 130, 131, 132, 133, 136, 137, 138, 139, 140, 141, 143, 144, 146, 147, 148, 149, 150, 151, 152, 153, 154, 155, 156, 158, 159, 160, 163, 164, 165, 166, 167, 168, 169, 170, 171, 173, 174, 176, 177, 178, 179, 180, 181, 182, 183, 185, 186, 188, 189, 190, 192, 193, 194, 196, 197, 198, 199, 200, 201, 202, 203, 204, 206, 207, 209, 210, 211, 213, 214, 216, 217, 218, 219, 220, 222, 224, 226, 227, 228, 229, 230, 231, 232, 234, 235, 237, 238, 239, 240, 241, 244, 245, 246, 248, 249, 250, 251, 252, 253, 254, 257, 259, 260, 261, 262, 263, 264, 265, 266, 267, 269, 270, 271, 272, 273, 274, 275, 276, 277, 278, 279, 281, 283, 284, 286, 287, 288, 289, 290, 292, 293, 294, 295, 296]
Linhas de Teste [5, 8, 10, 11, 14, 15, 17, 19, 21, 34, 36, 37, 39, 50, 52, 68, 71, 82, 92, 105, 118, 121, 122, 124, 126, 127, 134, 135, 142, 145, 157, 161, 162, 172, 175, 184, 187, 191, 195, 205, 208, 212, 215, 221, 223, 225, 233, 236, 242, 243, 247, 255, 256, 258, 268, 280, 282, 285, 291]

Rodada 118 / 150  78.67 %
Parâmetros ('EV_CA', 'PRE_CA', 'TST_CA', 'saz_sin', 'saz_cos')
R2 de Treino = 95.47
R2 de Teste = 93.51
Coeficientes (pesos): [32.222402   -4.79940436 -5.54482962 -5.49238698 -5.04834564 -4.06175137
 -3.39851481 -4.66512129  3.47267377  5.93990686 -0.42285974 -2.23824086
  1.50620656  3.35706366 -0.31642155  4.09004366  5.28096269  1.41098704
  0.26760472 -1.06421063]
Interceptor (constante): 83.66055755406117


********* Melhor Resultado do Fold ************
Linhas de Treino [0, 2, 3, 4, 5, 6, 7, 8, 10, 11, 13, 14, 15, 16, 17, 18, 19, 20, 21, 23, 25, 26, 27, 28, 30, 31, 32, 33, 34, 35, 36, 37, 38, 39, 40, 41, 44, 45, 46, 48, 49, 50, 51, 52, 53, 54, 55, 56, 57, 58, 59, 60, 63, 64, 66, 68, 69, 71, 72, 73, 74, 75, 76, 78, 81, 82, 84, 85, 87, 88, 90, 91, 92, 93, 94, 95, 96, 98, 99, 100, 101, 102, 103, 104, 105, 106, 107, 108, 109, 110, 111, 112, 113, 114, 115, 116, 117, 118, 119, 121, 122, 124, 126, 127, 130, 131, 132, 134, 135, 136, 137, 138, 140, 142, 143, 144, 145, 146, 148, 149, 150, 151, 152, 153, 154, 156, 157, 158, 159, 161, 162, 163, 164, 165, 166, 167, 168, 169, 170, 171, 172, 173, 174, 175, 176, 177, 178, 180, 181, 182, 183, 184, 186, 187, 188, 190, 191, 192, 193, 195, 196, 197, 199, 200, 201, 202, 203, 204, 205, 206, 208, 209, 210, 211, 212, 215, 216, 217, 219, 221, 222, 223, 224, 225, 226, 227, 228, 229, 231, 232, 233, 234, 236, 237, 238, 239, 240, 242, 243, 244, 245, 246, 247, 248, 249, 251, 253, 255, 256, 257, 258, 259, 260, 261, 263, 264, 265, 268, 270, 272, 273, 275, 276, 277, 278, 280, 281, 282, 283, 285, 286, 287, 288, 289, 290, 291, 295, 296]
Linhas de Teste [1, 9, 12, 22, 24, 29, 42, 43, 47, 61, 62, 65, 67, 70, 77, 79, 80, 83, 86, 89, 97, 120, 123, 125, 128, 129, 133, 139, 141, 147, 155, 160, 179, 185, 189, 194, 198, 207, 213, 214, 218, 220, 230, 235, 241, 250, 252, 254, 262, 266, 267, 269, 271, 274, 279, 284, 292, 293, 294]

Rodada 119 / 150  79.33 %
Parâmetros ('EV_CA', 'PRE_CA', 'TST_CA', 'saz_sin', 'saz_cos')
R2 de Treino = 95.77
R2 de Teste = 91.23
Coeficientes (pesos): [33.1277494  -4.47465507 -2.83416141 -5.58546536 -6.51420199 -4.62898326
 -1.29253233 -6.03849779  3.78203482  6.04992926 -0.41517315 -0.95410229
  0.27977102  2.3406988  -0.80078933  4.60096459  5.62777979  0.67441154
  2.42488865 -0.83150275]
Interceptor (constante): 83.19738020533363


********* Melhor Resultado do Fold ************
Linhas de Treino [0, 1, 2, 3, 4, 5, 7, 8, 9, 10, 11, 12, 14, 15, 17, 19, 20, 21, 22, 23, 24, 26, 27, 28, 29, 30, 31, 32, 33, 34, 35, 36, 37, 38, 39, 40, 42, 43, 47, 49, 50, 52, 55, 56, 57, 58, 59, 60, 61, 62, 63, 64, 65, 66, 67, 68, 69, 70, 71, 74, 76, 77, 79, 80, 82, 83, 84, 85, 86, 87, 88, 89, 90, 92, 94, 95, 96, 97, 101, 102, 103, 104, 105, 108, 109, 110, 111, 112, 113, 114, 115, 118, 119, 120, 121, 122, 123, 124, 125, 126, 127, 128, 129, 132, 133, 134, 135, 136, 137, 138, 139, 140, 141, 142, 144, 145, 146, 147, 149, 150, 152, 155, 157, 158, 159, 160, 161, 162, 163, 164, 165, 166, 168, 169, 170, 171, 172, 174, 175, 177, 178, 179, 181, 184, 185, 186, 187, 189, 190, 191, 192, 193, 194, 195, 196, 197, 198, 200, 201, 203, 205, 206, 207, 208, 209, 210, 212, 213, 214, 215, 217, 218, 219, 220, 221, 223, 224, 225, 226, 227, 228, 229, 230, 231, 232, 233, 234, 235, 236, 237, 238, 239, 240, 241, 242, 243, 245, 247, 249, 250, 251, 252, 253, 254, 255, 256, 257, 258, 259, 261, 262, 263, 266, 267, 268, 269, 270, 271, 272, 274, 276, 277, 278, 279, 280, 281, 282, 283, 284, 285, 286, 287, 289, 291, 292, 293, 294, 295]
Linhas de Teste [6, 13, 16, 18, 25, 41, 44, 45, 46, 48, 51, 53, 54, 72, 73, 75, 78, 81, 91, 93, 98, 99, 100, 106, 107, 116, 117, 130, 131, 143, 148, 151, 153, 154, 156, 167, 173, 176, 180, 182, 183, 188, 199, 202, 204, 211, 216, 222, 244, 246, 248, 260, 264, 265, 273, 275, 288, 290, 296]

Rodada 120 / 150  80.0 %
Parâmetros ('EV_CA', 'PRE_CA', 'TST_CA', 'saz_sin', 'saz_cos')
R2 de Treino = 95.04
R2 de Teste = 94.57
Coeficientes (pesos): [32.64244836 -4.05112169 -3.56125371 -5.27608533 -7.46135834 -4.79880284
 -1.11337315 -4.7260654   3.69478391  4.52446216 -0.73207957 -1.57357617
 -0.35982194  3.31897065 -0.09590317  3.32268061  4.70534012  0.64096317
  3.65936058 -0.94052519]
Interceptor (constante): 85.90214220787819


********* Melhor Resultado do Fold ************
Linhas de Treino [0, 3, 4, 6, 8, 9, 10, 11, 12, 14, 15, 16, 17, 18, 20, 22, 24, 25, 26, 27, 29, 30, 31, 32, 33, 35, 36, 37, 38, 39, 40, 41, 42, 43, 44, 47, 48, 50, 51, 52, 54, 55, 56, 57, 58, 60, 61, 62, 63, 64, 65, 66, 67, 68, 70, 73, 74, 75, 76, 77, 78, 79, 81, 82, 83, 84, 85, 86, 87, 88, 89, 90, 92, 93, 94, 95, 96, 97, 98, 100, 102, 103, 104, 105, 107, 108, 109, 110, 111, 115, 118, 119, 120, 121, 122, 123, 124, 125, 126, 129, 131, 133, 135, 137, 139, 140, 141, 142, 143, 144, 145, 147, 149, 150, 151, 152, 153, 155, 158, 159, 160, 162, 163, 164, 165, 166, 167, 168, 169, 170, 171, 172, 173, 174, 176, 177, 178, 179, 180, 181, 182, 183, 184, 185, 187, 188, 189, 190, 192, 193, 194, 196, 197, 198, 199, 201, 202, 203, 204, 205, 206, 207, 208, 209, 210, 211, 212, 213, 214, 215, 216, 218, 219, 220, 221, 222, 223, 225, 226, 227, 228, 229, 230, 231, 233, 235, 237, 239, 240, 241, 243, 244, 245, 247, 248, 249, 250, 251, 252, 253, 254, 255, 256, 257, 258, 259, 260, 261, 262, 263, 264, 265, 266, 267, 269, 270, 271, 272, 273, 274, 275, 276, 278, 279, 280, 281, 282, 283, 284, 285, 286, 289, 291, 292, 293, 294, 295]
Linhas de Teste [1, 2, 5, 7, 13, 19, 21, 23, 28, 34, 45, 46, 49, 53, 59, 69, 71, 72, 80, 91, 99, 101, 106, 112, 113, 114, 116, 117, 127, 128, 130, 132, 134, 136, 138, 146, 148, 154, 156, 157, 161, 175, 186, 191, 195, 200, 217, 224, 232, 234, 236, 238, 242, 246, 268, 277, 287, 288, 290, 296]

Rodada 121 / 150  80.67 %
Parâmetros ('EV_CA', 'PRE_CA', 'TST_CA', 'saz_sin', 'saz_cos')
R2 de Treino = 95.82
R2 de Teste = 91.08
Coeficientes (pesos): [34.07518302 -4.70810261 -3.87990449 -5.8118263  -6.69008384 -4.02485387
 -2.1171675  -3.18695504  2.95204926  3.3826162  -0.58154771 -2.13453429
  0.57490684  3.08376112  0.78839146  3.41518953  3.32177906  0.37015929
  3.56644037 -0.28291402]
Interceptor (constante): 85.6922425881703


********* Melhor Resultado do Fold ************
Linhas de Treino [0, 1, 2, 3, 4, 5, 6, 7, 8, 9, 10, 11, 12, 13, 15, 16, 17, 19, 21, 23, 24, 25, 27, 28, 31, 32, 33, 34, 35, 37, 39, 41, 42, 43, 45, 46, 47, 48, 49, 50, 52, 53, 54, 55, 56, 57, 58, 59, 60, 62, 64, 67, 68, 69, 70, 71, 72, 73, 74, 75, 76, 77, 79, 80, 81, 82, 84, 87, 88, 89, 90, 91, 92, 94, 95, 96, 97, 98, 99, 100, 101, 102, 103, 104, 105, 106, 107, 108, 109, 110, 111, 112, 113, 114, 115, 116, 117, 120, 122, 123, 125, 126, 127, 128, 129, 130, 131, 132, 133, 134, 136, 138, 139, 140, 141, 142, 143, 145, 146, 147, 148, 150, 151, 152, 154, 155, 156, 157, 158, 159, 160, 161, 163, 164, 165, 166, 167, 168, 169, 170, 172, 175, 177, 178, 179, 180, 181, 182, 183, 185, 186, 187, 188, 189, 191, 194, 195, 196, 197, 200, 202, 203, 204, 205, 206, 207, 208, 209, 210, 211, 212, 215, 216, 217, 218, 220, 221, 222, 224, 226, 227, 228, 230, 231, 232, 233, 234, 236, 237, 238, 239, 240, 241, 242, 243, 244, 246, 247, 249, 250, 251, 252, 253, 254, 255, 257, 258, 260, 261, 263, 264, 265, 266, 267, 268, 269, 270, 271, 272, 274, 275, 276, 277, 278, 279, 280, 281, 282, 285, 286, 287, 288, 290, 291, 293, 295, 296]
Linhas de Teste [14, 18, 20, 22, 26, 29, 30, 36, 38, 40, 44, 51, 61, 63, 65, 66, 78, 83, 85, 86, 93, 118, 119, 121, 124, 135, 137, 144, 149, 153, 162, 171, 173, 174, 176, 184, 190, 192, 193, 198, 199, 201, 213, 214, 219, 223, 225, 229, 235, 245, 248, 256, 259, 262, 273, 283, 284, 289, 292, 294]

Rodada 122 / 150  81.33 %
Parâmetros ('EV_CA', 'PRE_CA', 'TST_CA', 'saz_sin', 'saz_cos')
R2 de Treino = 94.7
R2 de Teste = 96.53
Coeficientes (pesos): [32.78161576 -4.74405098 -2.9006081  -5.18762535 -6.74461627 -3.87165598
 -1.66598551 -4.44428714  3.36562343  5.261144   -0.37287404 -0.74747606
  0.45494171  2.69031481  0.25703404  3.76375192  3.73392697  0.90655662
  2.26503142 -0.20299831]
Interceptor (constante): 84.20063711575543


********* Melhor Resultado do Fold ************
Linhas de Treino [1, 2, 4, 5, 6, 7, 8, 10, 11, 12, 13, 14, 15, 17, 18, 19, 20, 21, 22, 23, 25, 26, 27, 28, 29, 30, 31, 32, 33, 34, 36, 38, 39, 40, 41, 43, 44, 45, 46, 49, 50, 51, 52, 53, 55, 56, 57, 59, 61, 63, 64, 65, 66, 67, 68, 69, 70, 71, 72, 73, 74, 75, 76, 77, 78, 79, 80, 81, 83, 84, 85, 86, 87, 88, 89, 91, 93, 96, 98, 99, 100, 101, 102, 103, 104, 105, 106, 107, 108, 109, 111, 112, 113, 114, 116, 117, 118, 119, 121, 122, 124, 126, 127, 128, 130, 131, 132, 134, 135, 136, 137, 138, 139, 142, 143, 144, 146, 148, 149, 150, 152, 153, 154, 155, 156, 157, 158, 159, 160, 161, 162, 164, 165, 167, 168, 170, 171, 173, 174, 175, 176, 177, 180, 181, 184, 185, 186, 187, 188, 190, 191, 192, 193, 195, 196, 197, 198, 199, 200, 201, 202, 203, 204, 205, 207, 209, 210, 213, 214, 215, 217, 218, 219, 220, 221, 223, 224, 225, 227, 228, 229, 230, 231, 232, 233, 234, 235, 236, 238, 239, 240, 242, 244, 245, 246, 247, 248, 249, 250, 251, 252, 253, 254, 255, 256, 257, 258, 259, 261, 262, 265, 267, 268, 269, 270, 272, 273, 274, 275, 276, 277, 278, 279, 280, 281, 283, 284, 285, 286, 287, 288, 289, 290, 292, 293, 294, 295, 296]
Linhas de Teste [0, 3, 9, 16, 24, 35, 37, 42, 47, 48, 54, 58, 60, 62, 82, 90, 92, 94, 95, 97, 110, 115, 120, 123, 125, 129, 133, 140, 141, 145, 147, 151, 163, 166, 169, 172, 178, 179, 182, 183, 189, 194, 206, 208, 211, 212, 216, 222, 226, 237, 241, 243, 260, 263, 264, 266, 271, 282, 291]

Rodada 123 / 150  82.0 %
Parâmetros ('EV_CA', 'PRE_CA', 'TST_CA', 'saz_sin', 'saz_cos')
R2 de Treino = 95.18
R2 de Teste = 94.32
Coeficientes (pesos): [32.17475472 -4.71053348 -4.26107302 -5.73099685 -6.16831639 -4.51180339
 -2.7377423  -4.7680247   3.80277353  5.72431392 -0.57219174 -2.14694399
  1.11395237  3.33775897 -0.0399231   4.4290925   5.25869502  0.44511363
  1.27275667 -1.3386342 ]
Interceptor (constante): 85.28169423509658


********* Melhor Resultado do Fold ************
Linhas de Treino [0, 1, 2, 3, 4, 5, 6, 7, 9, 12, 13, 14, 15, 16, 17, 18, 19, 20, 21, 22, 23, 24, 26, 28, 29, 30, 31, 33, 34, 35, 36, 37, 38, 39, 40, 41, 42, 44, 45, 46, 47, 48, 49, 51, 53, 54, 56, 58, 59, 60, 61, 62, 63, 64, 65, 66, 69, 71, 72, 75, 76, 78, 80, 81, 82, 83, 84, 85, 86, 87, 88, 89, 90, 91, 92, 93, 94, 95, 97, 98, 99, 101, 103, 105, 106, 107, 109, 110, 111, 112, 113, 114, 115, 116, 117, 118, 119, 120, 121, 123, 124, 125, 126, 127, 128, 129, 130, 132, 133, 134, 135, 136, 137, 138, 139, 140, 141, 142, 144, 145, 146, 147, 148, 149, 150, 151, 153, 154, 155, 156, 157, 159, 160, 161, 162, 163, 166, 168, 169, 171, 172, 173, 174, 175, 176, 177, 178, 179, 180, 181, 182, 183, 184, 185, 186, 187, 189, 190, 191, 192, 193, 194, 195, 197, 198, 199, 200, 201, 203, 206, 207, 208, 209, 211, 212, 213, 214, 216, 217, 219, 222, 223, 224, 225, 226, 227, 228, 229, 232, 234, 235, 236, 237, 238, 239, 241, 242, 243, 245, 246, 247, 248, 249, 250, 252, 253, 254, 256, 257, 258, 259, 260, 262, 263, 264, 265, 266, 268, 269, 271, 273, 274, 277, 278, 279, 280, 282, 283, 284, 287, 288, 289, 290, 291, 292, 294, 295, 296]
Linhas de Teste [8, 10, 11, 25, 27, 32, 43, 50, 52, 55, 57, 67, 68, 70, 73, 74, 77, 79, 96, 100, 102, 104, 108, 122, 131, 143, 152, 158, 164, 165, 167, 170, 188, 196, 202, 204, 205, 210, 215, 218, 220, 221, 230, 231, 233, 240, 244, 251, 255, 261, 267, 270, 272, 275, 276, 281, 285, 286, 293]

Rodada 124 / 150  82.67 %
Parâmetros ('EV_CA', 'PRE_CA', 'TST_CA', 'saz_sin', 'saz_cos')
R2 de Treino = 94.83
R2 de Teste = 96.25
Coeficientes (pesos): [31.42901019 -4.08956791 -5.66766195 -5.64072779 -5.28439773 -4.71657231
 -2.10807934 -6.30685516  3.95900473  6.5358381  -0.35536995 -1.3069245
  0.43923206  2.42340648 -0.7612985   4.52061498  6.01565104  1.257658
  0.93892047 -1.42918923]
Interceptor (constante): 83.2467103424985


********* Melhor Resultado do Fold ************
Linhas de Treino [0, 1, 2, 3, 5, 7, 8, 9, 10, 11, 13, 14, 16, 18, 19, 20, 21, 22, 23, 24, 25, 26, 27, 28, 29, 30, 32, 34, 35, 36, 37, 38, 40, 42, 43, 44, 45, 46, 47, 48, 49, 50, 51, 52, 53, 54, 55, 57, 58, 59, 60, 61, 62, 63, 65, 66, 67, 68, 69, 70, 71, 72, 73, 74, 77, 78, 79, 80, 82, 83, 85, 86, 90, 91, 92, 93, 94, 95, 96, 97, 99, 100, 101, 102, 104, 106, 108, 110, 112, 113, 114, 115, 116, 117, 118, 119, 120, 121, 122, 123, 124, 125, 127, 128, 129, 130, 131, 132, 133, 134, 135, 136, 137, 138, 140, 141, 143, 144, 145, 146, 147, 148, 149, 151, 152, 153, 154, 156, 157, 158, 161, 162, 163, 164, 165, 166, 167, 169, 170, 171, 172, 173, 174, 175, 176, 178, 179, 182, 183, 184, 186, 188, 189, 190, 191, 192, 193, 194, 195, 196, 198, 199, 200, 201, 202, 204, 205, 206, 208, 210, 211, 212, 213, 214, 215, 216, 217, 218, 219, 220, 221, 222, 223, 224, 225, 226, 229, 230, 231, 232, 233, 234, 235, 236, 237, 238, 240, 241, 242, 243, 244, 245, 246, 248, 251, 255, 256, 259, 260, 261, 262, 263, 264, 266, 267, 268, 270, 271, 272, 273, 275, 276, 277, 281, 282, 283, 284, 285, 286, 287, 288, 289, 290, 291, 292, 293, 294, 296]
Linhas de Teste [4, 6, 12, 15, 17, 31, 33, 39, 41, 56, 64, 75, 76, 81, 84, 87, 88, 89, 98, 103, 105, 107, 109, 111, 126, 139, 142, 150, 155, 159, 160, 168, 177, 180, 181, 185, 187, 197, 203, 207, 209, 227, 228, 239, 247, 249, 250, 252, 253, 254, 257, 258, 265, 269, 274, 278, 279, 280, 295]

Rodada 125 / 150  83.33 %
Parâmetros ('EV_CA', 'PRE_CA', 'TST_CA', 'saz_sin', 'saz_cos')
R2 de Treino = 95.27
R2 de Teste = 94.13
Coeficientes (pesos): [31.00729424 -4.31484777 -5.13074069 -5.42163493 -5.14810928 -3.97289749
 -3.03037556 -6.3701645   3.63980026  6.79534585 -0.46349683 -1.61239831
  1.1627048   2.97348436 -0.94707257  4.77412985  6.26388241  1.26715461
  0.50154697 -1.37756002]
Interceptor (constante): 82.27523508690615


********* Melhor Resultado do Fold ************
Linhas de Treino [0, 1, 2, 3, 4, 5, 6, 8, 9, 10, 11, 12, 13, 14, 16, 17, 18, 19, 20, 21, 22, 23, 26, 30, 31, 33, 34, 35, 37, 38, 39, 40, 41, 42, 43, 44, 45, 46, 47, 49, 50, 51, 52, 53, 54, 55, 56, 57, 58, 59, 61, 62, 64, 65, 66, 67, 68, 69, 70, 71, 73, 75, 76, 77, 78, 80, 81, 83, 85, 86, 87, 88, 89, 91, 92, 94, 95, 98, 99, 100, 101, 102, 103, 104, 105, 107, 108, 109, 111, 114, 117, 118, 119, 121, 122, 123, 124, 125, 127, 128, 129, 130, 132, 133, 134, 136, 137, 138, 139, 140, 141, 142, 143, 144, 145, 146, 147, 148, 149, 150, 151, 152, 153, 155, 157, 158, 159, 160, 161, 162, 163, 164, 165, 166, 167, 168, 170, 171, 173, 175, 176, 178, 179, 180, 182, 183, 184, 185, 186, 187, 188, 189, 190, 191, 192, 193, 195, 196, 197, 198, 199, 200, 201, 202, 203, 204, 205, 206, 208, 209, 210, 211, 212, 213, 214, 215, 217, 219, 220, 221, 224, 225, 226, 227, 229, 231, 233, 234, 236, 237, 239, 240, 241, 242, 243, 245, 247, 248, 249, 250, 251, 253, 254, 255, 256, 257, 258, 260, 261, 262, 264, 265, 266, 267, 268, 269, 270, 271, 272, 273, 274, 275, 276, 279, 280, 281, 282, 283, 284, 285, 288, 290, 291, 293, 294, 295, 296]
Linhas de Teste [7, 15, 24, 25, 27, 28, 29, 32, 36, 48, 60, 63, 72, 74, 79, 82, 84, 90, 93, 96, 97, 106, 110, 112, 113, 115, 116, 120, 126, 131, 135, 154, 156, 169, 172, 174, 177, 181, 194, 207, 216, 218, 222, 223, 228, 230, 232, 235, 238, 244, 246, 252, 259, 263, 277, 278, 286, 287, 289, 292]

Rodada 126 / 150  84.0 %
Parâmetros ('EV_CA', 'PRE_CA', 'TST_CA', 'saz_sin', 'saz_cos')
R2 de Treino = 95.5
R2 de Teste = 91.96
Coeficientes (pesos): [31.80988276 -5.28336861 -4.80805624 -5.58795339 -5.57764149 -4.5662667
  0.7584994  -5.40201805  3.5340087   2.8959652  -0.6138304   0.99865812
  0.49782974  2.67906893 -0.04104229  4.10604499  3.19953358 -0.32633003
  2.29664985 -0.76582393]
Interceptor (constante): 83.80551310558137


********* Melhor Resultado do Fold ************
Linhas de Treino [0, 2, 3, 6, 7, 8, 9, 12, 13, 14, 15, 16, 17, 18, 20, 22, 23, 24, 25, 26, 27, 28, 29, 31, 32, 34, 35, 36, 37, 38, 39, 40, 41, 43, 44, 46, 47, 48, 50, 51, 53, 54, 55, 56, 57, 58, 60, 61, 62, 63, 64, 65, 66, 67, 68, 69, 70, 71, 72, 73, 74, 75, 77, 78, 79, 80, 81, 82, 84, 85, 86, 87, 88, 90, 92, 93, 94, 95, 96, 97, 98, 99, 100, 101, 102, 105, 106, 107, 108, 110, 111, 112, 113, 115, 116, 117, 118, 119, 120, 121, 122, 123, 124, 125, 126, 128, 131, 132, 133, 134, 135, 136, 137, 139, 140, 141, 144, 145, 147, 149, 151, 152, 153, 154, 155, 156, 157, 158, 159, 161, 162, 163, 165, 166, 167, 168, 169, 171, 172, 173, 174, 175, 176, 177, 178, 179, 181, 182, 183, 185, 186, 187, 188, 189, 190, 191, 193, 194, 195, 196, 197, 199, 200, 201, 202, 203, 207, 208, 209, 210, 212, 213, 215, 216, 217, 218, 219, 222, 223, 224, 225, 226, 227, 228, 230, 232, 235, 236, 237, 238, 239, 240, 241, 242, 243, 244, 245, 246, 248, 249, 250, 252, 253, 254, 255, 257, 258, 259, 260, 262, 263, 264, 266, 267, 268, 269, 270, 274, 275, 276, 277, 278, 279, 281, 282, 284, 285, 286, 287, 288, 289, 290, 292, 293, 294, 295, 296]
Linhas de Teste [1, 4, 5, 10, 11, 19, 21, 30, 33, 42, 45, 49, 52, 59, 76, 83, 89, 91, 103, 104, 109, 114, 127, 129, 130, 138, 142, 143, 146, 148, 150, 160, 164, 170, 180, 184, 192, 198, 204, 205, 206, 211, 214, 220, 221, 229, 231, 233, 234, 247, 251, 256, 261, 265, 271, 272, 273, 280, 283, 291]

Rodada 127 / 150  84.67 %
Parâmetros ('EV_CA', 'PRE_CA', 'TST_CA', 'saz_sin', 'saz_cos')
R2 de Treino = 95.3
R2 de Teste = 93.86
Coeficientes (pesos): [31.70004083 -4.07794987 -4.87695521 -4.81332873 -5.21965218 -4.35167914
 -3.09971391 -5.7335031   4.09627977  7.1484399  -0.49600084 -2.49931623
  0.5567335   3.20708812 -0.60990062  4.89582144  6.26601171  1.87052827
  1.01925643 -1.36736299]
Interceptor (constante): 83.52137665173774


********* Melhor Resultado do Fold ************
Linhas de Treino [0, 1, 3, 4, 5, 7, 8, 9, 10, 11, 13, 14, 15, 16, 17, 18, 19, 21, 22, 24, 25, 26, 27, 28, 29, 30, 31, 32, 33, 34, 35, 36, 37, 38, 41, 42, 45, 46, 47, 48, 49, 52, 53, 54, 56, 58, 59, 60, 61, 62, 63, 64, 67, 70, 71, 72, 74, 75, 76, 78, 79, 80, 81, 82, 83, 84, 85, 86, 87, 89, 90, 91, 93, 94, 95, 96, 97, 98, 99, 102, 103, 104, 106, 108, 109, 110, 111, 112, 113, 114, 115, 116, 117, 120, 122, 123, 124, 126, 127, 128, 129, 130, 131, 132, 134, 135, 136, 138, 141, 142, 143, 145, 146, 147, 148, 149, 150, 151, 152, 154, 155, 156, 157, 158, 159, 160, 161, 162, 163, 164, 165, 166, 169, 170, 171, 172, 173, 174, 176, 177, 178, 180, 181, 183, 184, 186, 187, 189, 190, 191, 192, 194, 195, 196, 197, 198, 199, 200, 202, 203, 204, 205, 206, 207, 208, 209, 210, 211, 212, 213, 214, 215, 216, 217, 218, 219, 220, 221, 222, 223, 224, 228, 229, 230, 231, 232, 233, 234, 235, 236, 238, 239, 241, 243, 244, 245, 246, 247, 248, 250, 251, 252, 253, 255, 256, 257, 259, 260, 261, 262, 263, 264, 265, 266, 267, 269, 271, 272, 273, 274, 275, 276, 277, 278, 280, 282, 283, 285, 286, 287, 288, 289, 290, 291, 292, 294, 295, 296]
Linhas de Teste [2, 6, 12, 20, 23, 39, 40, 43, 44, 50, 51, 55, 57, 65, 66, 68, 69, 73, 77, 88, 92, 100, 101, 105, 107, 118, 119, 121, 125, 133, 137, 139, 140, 144, 153, 167, 168, 175, 179, 182, 185, 188, 193, 201, 225, 226, 227, 237, 240, 242, 249, 254, 258, 268, 270, 279, 281, 284, 293]

Rodada 128 / 150  85.33 %
Parâmetros ('EV_CA', 'PRE_CA', 'TST_CA', 'saz_sin', 'saz_cos')
R2 de Treino = 95.01
R2 de Teste = 95.35
Coeficientes (pesos): [33.57566633 -3.99986326 -2.86409801 -5.79539031 -7.13948585 -3.43295482
 -3.32074738 -2.88258869  3.89367848  4.75771107 -0.42128725 -2.35639986
  0.23291598  3.0388431   0.36276498  3.69586715  4.1392541   0.81037185
  2.11721875 -0.44655518]
Interceptor (constante): 84.72830525849254


********* Melhor Resultado do Fold ************
Linhas de Treino [1, 2, 4, 5, 6, 7, 8, 10, 11, 12, 13, 14, 15, 16, 18, 19, 20, 21, 22, 23, 24, 25, 26, 27, 28, 29, 30, 31, 32, 33, 35, 36, 38, 39, 40, 41, 42, 43, 44, 45, 48, 49, 50, 51, 52, 54, 55, 56, 57, 59, 60, 61, 62, 63, 64, 65, 66, 68, 69, 72, 73, 74, 75, 76, 77, 78, 79, 80, 82, 83, 84, 86, 88, 89, 90, 91, 92, 93, 96, 97, 98, 99, 100, 101, 103, 104, 105, 106, 107, 108, 109, 110, 112, 113, 114, 115, 116, 117, 118, 119, 120, 121, 125, 126, 127, 128, 129, 130, 131, 133, 135, 137, 138, 139, 140, 142, 143, 144, 145, 146, 147, 148, 150, 151, 153, 154, 155, 156, 157, 160, 162, 164, 167, 168, 169, 170, 171, 172, 174, 175, 177, 179, 180, 181, 182, 183, 184, 185, 187, 188, 190, 192, 193, 194, 195, 196, 197, 198, 200, 201, 202, 203, 204, 205, 206, 207, 208, 209, 210, 211, 213, 214, 215, 216, 218, 220, 221, 222, 223, 225, 226, 227, 228, 229, 230, 231, 232, 233, 234, 235, 237, 238, 240, 242, 244, 245, 246, 247, 249, 250, 251, 252, 254, 256, 257, 258, 259, 260, 261, 263, 264, 265, 267, 268, 270, 271, 272, 273, 274, 275, 276, 277, 278, 279, 280, 281, 282, 283, 284, 285, 286, 287, 288, 289, 291, 292, 293, 294]
Linhas de Teste [0, 3, 9, 17, 34, 37, 46, 47, 53, 58, 67, 70, 71, 81, 85, 87, 94, 95, 102, 111, 122, 123, 124, 132, 134, 136, 141, 149, 152, 158, 159, 161, 163, 165, 166, 173, 176, 178, 186, 189, 191, 199, 212, 217, 219, 224, 236, 239, 241, 243, 248, 253, 255, 262, 266, 269, 290, 295, 296]

Rodada 129 / 150  86.0 %
Parâmetros ('EV_CA', 'PRE_CA', 'TST_CA', 'saz_sin', 'saz_cos')
R2 de Treino = 94.87
R2 de Teste = 94.99
Coeficientes (pesos): [32.66820805 -4.93413884 -3.98624836 -6.06112826 -6.46705223 -5.2519964
 -3.28253093 -6.94098757  3.50746265  8.34453412 -0.28662119 -1.77298393
  1.78819192  2.15406994 -0.70519302  4.54105643  6.27730972  0.67648198
  1.14040478 -0.8747601 ]
Interceptor (constante): 83.98281144664908


********* Melhor Resultado do Fold ************
Linhas de Treino [0, 1, 2, 3, 4, 5, 6, 7, 9, 10, 11, 12, 15, 17, 19, 20, 21, 23, 24, 25, 27, 28, 29, 30, 32, 33, 34, 36, 37, 39, 40, 42, 43, 44, 45, 46, 47, 48, 49, 50, 51, 52, 53, 55, 57, 58, 59, 60, 63, 65, 66, 67, 68, 69, 70, 71, 72, 73, 74, 76, 77, 79, 81, 82, 83, 84, 85, 87, 88, 89, 90, 91, 92, 93, 94, 95, 96, 97, 100, 101, 102, 103, 104, 105, 106, 107, 109, 110, 111, 112, 113, 114, 115, 116, 118, 119, 120, 121, 122, 123, 124, 125, 126, 127, 129, 130, 131, 132, 133, 134, 135, 136, 137, 138, 139, 140, 141, 142, 143, 144, 146, 148, 149, 150, 152, 153, 154, 156, 158, 159, 160, 161, 163, 164, 165, 166, 167, 168, 169, 170, 172, 173, 174, 175, 176, 177, 178, 179, 180, 181, 182, 184, 185, 186, 188, 189, 191, 192, 193, 194, 198, 199, 201, 204, 205, 206, 207, 211, 212, 214, 216, 217, 218, 219, 220, 221, 222, 223, 224, 225, 226, 227, 228, 229, 230, 231, 232, 233, 234, 235, 236, 237, 238, 239, 240, 241, 242, 243, 244, 246, 247, 248, 249, 251, 252, 253, 254, 255, 256, 258, 259, 261, 262, 263, 265, 266, 268, 269, 270, 271, 272, 273, 277, 278, 279, 280, 281, 283, 284, 286, 287, 289, 290, 291, 292, 293, 295, 296]
Linhas de Teste [8, 13, 14, 16, 18, 22, 26, 31, 35, 38, 41, 54, 56, 61, 62, 64, 75, 78, 80, 86, 98, 99, 108, 117, 128, 145, 147, 151, 155, 157, 162, 171, 183, 187, 190, 195, 196, 197, 200, 202, 203, 208, 209, 210, 213, 215, 245, 250, 257, 260, 264, 267, 274, 275, 276, 282, 285, 288, 294]

Rodada 130 / 150  86.67 %
Parâmetros ('EV_CA', 'PRE_CA', 'TST_CA', 'saz_sin', 'saz_cos')
R2 de Treino = 95.34
R2 de Teste = 93.89
Coeficientes (pesos): [31.83767786 -4.2872165  -5.06462839 -5.49627982 -5.87806767 -4.52632709
 -2.0907092  -5.70598897  3.46046697  5.75619077 -0.47152173 -1.26545109
  0.65632202  2.67519465 -0.19337893  4.21563131  5.04348523  1.04406104
  1.55895631 -1.05106245]
Interceptor (constante): 84.60967188680165


********* Melhor Resultado do Fold ************
Linhas de Treino [0, 1, 2, 3, 4, 5, 6, 7, 8, 9, 10, 12, 13, 14, 15, 19, 20, 21, 23, 24, 25, 26, 27, 28, 30, 31, 32, 34, 35, 36, 37, 38, 40, 41, 42, 44, 45, 46, 47, 48, 49, 50, 52, 53, 54, 57, 58, 61, 63, 64, 65, 66, 67, 68, 69, 70, 71, 72, 73, 74, 75, 76, 78, 79, 80, 81, 83, 84, 85, 86, 87, 89, 90, 92, 93, 94, 96, 98, 99, 100, 101, 102, 104, 107, 108, 110, 111, 113, 114, 115, 116, 117, 118, 119, 121, 122, 123, 124, 125, 127, 128, 129, 130, 132, 133, 134, 135, 136, 137, 138, 139, 140, 141, 142, 143, 146, 147, 148, 150, 153, 154, 155, 156, 158, 160, 161, 163, 164, 165, 166, 167, 168, 169, 170, 171, 172, 173, 174, 175, 176, 177, 178, 179, 180, 181, 182, 184, 185, 186, 187, 188, 189, 190, 191, 192, 194, 195, 197, 199, 200, 201, 202, 203, 204, 206, 207, 208, 209, 210, 211, 212, 216, 217, 219, 220, 221, 222, 223, 224, 225, 226, 227, 229, 230, 233, 234, 235, 236, 237, 238, 239, 240, 241, 242, 244, 245, 246, 247, 248, 249, 251, 253, 256, 257, 258, 259, 260, 263, 264, 265, 266, 267, 268, 269, 270, 271, 272, 274, 275, 276, 277, 278, 279, 280, 281, 282, 283, 284, 285, 286, 287, 289, 290, 292, 293, 294, 295]
Linhas de Teste [11, 16, 17, 18, 22, 29, 33, 39, 43, 51, 55, 56, 59, 60, 62, 77, 82, 88, 91, 95, 97, 103, 105, 106, 109, 112, 120, 126, 131, 144, 145, 149, 151, 152, 157, 159, 162, 183, 193, 196, 198, 205, 213, 214, 215, 218, 228, 231, 232, 243, 250, 252, 254, 255, 261, 262, 273, 288, 291, 296]

Rodada 131 / 150  87.33 %
Parâmetros ('EV_CA', 'PRE_CA', 'TST_CA', 'saz_sin', 'saz_cos')
R2 de Treino = 95.1
R2 de Teste = 94.66
Coeficientes (pesos): [32.35889376 -4.47938102 -4.52757295 -5.98806472 -6.6286032  -2.63457406
 -3.32568594 -4.37563603  1.30552537  4.45990161 -0.61156739 -2.10242701
  1.49618865  3.78814186  0.03666547  3.57544734  4.57287548  0.80808183
  2.05599078 -1.40958785]
Interceptor (constante): 84.13561496982089


********* Melhor Resultado do Fold ************
Linhas de Treino [0, 1, 2, 4, 5, 6, 7, 8, 9, 10, 11, 12, 13, 14, 16, 17, 18, 19, 20, 21, 22, 23, 24, 25, 26, 28, 29, 30, 33, 35, 36, 37, 38, 39, 41, 42, 43, 45, 46, 47, 48, 50, 51, 52, 54, 55, 56, 57, 59, 60, 61, 62, 63, 65, 66, 68, 69, 70, 71, 72, 73, 75, 77, 79, 81, 82, 83, 84, 85, 86, 88, 89, 90, 91, 92, 93, 94, 95, 96, 97, 98, 101, 102, 103, 104, 105, 106, 108, 109, 110, 111, 112, 113, 114, 116, 117, 119, 120, 122, 124, 125, 126, 127, 128, 129, 130, 131, 132, 134, 135, 137, 138, 139, 141, 143, 144, 145, 146, 148, 149, 150, 151, 152, 153, 154, 155, 157, 158, 159, 160, 161, 162, 163, 164, 165, 168, 172, 173, 175, 176, 177, 178, 179, 180, 181, 183, 184, 185, 186, 187, 188, 189, 190, 191, 192, 193, 195, 196, 197, 198, 200, 201, 202, 203, 205, 207, 208, 209, 210, 212, 213, 214, 215, 217, 218, 220, 222, 223, 224, 225, 226, 228, 229, 230, 231, 232, 234, 235, 236, 238, 241, 242, 243, 244, 245, 246, 247, 249, 250, 251, 252, 254, 255, 256, 257, 259, 260, 261, 262, 263, 265, 266, 267, 268, 269, 270, 272, 273, 274, 276, 277, 278, 279, 280, 281, 282, 283, 284, 285, 287, 288, 289, 291, 292, 293, 294, 296]
Linhas de Teste [3, 15, 27, 31, 32, 34, 40, 44, 49, 53, 58, 64, 67, 74, 76, 78, 80, 87, 99, 100, 107, 115, 118, 121, 123, 133, 136, 140, 142, 147, 156, 166, 167, 169, 170, 171, 174, 182, 194, 199, 204, 206, 211, 216, 219, 221, 227, 233, 237, 239, 240, 248, 253, 258, 264, 271, 275, 286, 290, 295]

Rodada 132 / 150  88.0 %
Parâmetros ('EV_CA', 'PRE_CA', 'TST_CA', 'saz_sin', 'saz_cos')
R2 de Treino = 95.24
R2 de Teste = 94.48
Coeficientes (pesos): [32.97242024 -4.58792101 -4.30312682 -6.33101897 -6.60494999 -4.74825967
 -3.44177304 -4.59251851  4.4604026   6.48964191 -0.30719742 -3.05943436
  1.03945269  2.6792757  -0.14256812  4.62563154  5.36026511  0.47068441
  0.69361938 -1.00405119]
Interceptor (constante): 83.50974067801795


********* Melhor Resultado do Fold ************
Linhas de Treino [0, 1, 2, 3, 4, 6, 7, 8, 9, 10, 11, 12, 14, 15, 16, 17, 18, 19, 20, 22, 25, 27, 28, 29, 30, 31, 32, 33, 34, 37, 38, 39, 40, 42, 43, 44, 45, 46, 47, 48, 49, 50, 51, 52, 53, 54, 55, 56, 57, 58, 59, 60, 61, 62, 63, 64, 65, 67, 68, 69, 71, 74, 75, 76, 77, 78, 80, 82, 83, 84, 87, 88, 89, 90, 91, 92, 93, 94, 95, 96, 97, 98, 99, 100, 101, 102, 103, 105, 106, 107, 109, 110, 112, 113, 114, 115, 116, 118, 119, 120, 121, 122, 123, 124, 125, 126, 127, 129, 130, 131, 132, 133, 136, 137, 138, 140, 142, 143, 144, 145, 146, 147, 148, 149, 151, 152, 153, 154, 156, 157, 158, 159, 161, 162, 163, 164, 165, 166, 167, 169, 170, 171, 173, 174, 176, 178, 179, 181, 182, 183, 185, 186, 187, 188, 190, 191, 192, 193, 194, 196, 197, 198, 199, 201, 202, 204, 205, 206, 207, 209, 211, 212, 213, 214, 215, 216, 217, 218, 219, 220, 221, 222, 223, 225, 226, 227, 228, 229, 231, 232, 233, 235, 236, 237, 239, 240, 242, 243, 247, 248, 249, 250, 252, 253, 254, 255, 256, 258, 259, 260, 261, 262, 263, 264, 265, 267, 268, 269, 270, 271, 272, 273, 274, 275, 277, 278, 280, 283, 284, 286, 287, 288, 290, 291, 293, 294, 295, 296]
Linhas de Teste [5, 13, 21, 23, 24, 26, 35, 36, 41, 66, 70, 72, 73, 79, 81, 85, 86, 104, 108, 111, 117, 128, 134, 135, 139, 141, 150, 155, 160, 168, 172, 175, 177, 180, 184, 189, 195, 200, 203, 208, 210, 224, 230, 234, 238, 241, 244, 245, 246, 251, 257, 266, 276, 279, 281, 282, 285, 289, 292]

Rodada 133 / 150  88.67 %
Parâmetros ('EV_CA', 'PRE_CA', 'TST_CA', 'saz_sin', 'saz_cos')
R2 de Treino = 95.19
R2 de Teste = 94.3
Coeficientes (pesos): [32.94814686 -4.25701917 -4.00352985 -5.47209716 -5.73459737 -4.13050743
 -0.56919476 -4.93946648  3.3623667   4.70919479 -0.43225954 -0.35329785
  0.502506    2.63064441 -0.30949623  3.84385321  4.72050509  0.43529005
  2.51028916 -0.68606791]
Interceptor (constante): 84.83539461931431


********* Melhor Resultado do Fold ************
Linhas de Treino [1, 2, 3, 5, 6, 8, 9, 10, 11, 13, 15, 16, 17, 18, 20, 21, 22, 23, 24, 26, 27, 28, 29, 31, 32, 33, 34, 35, 36, 37, 38, 39, 40, 41, 42, 43, 44, 45, 46, 47, 49, 50, 51, 52, 53, 55, 56, 58, 59, 60, 62, 63, 64, 65, 66, 67, 68, 70, 72, 73, 74, 75, 76, 77, 78, 79, 80, 81, 82, 83, 85, 86, 87, 88, 90, 91, 95, 96, 97, 98, 99, 100, 101, 102, 103, 104, 105, 106, 107, 108, 109, 110, 111, 112, 113, 115, 117, 118, 120, 121, 122, 123, 124, 125, 126, 127, 128, 129, 131, 133, 134, 135, 136, 139, 140, 141, 142, 144, 145, 146, 147, 149, 150, 151, 152, 153, 155, 156, 157, 158, 159, 160, 161, 162, 163, 166, 167, 168, 169, 170, 171, 172, 174, 175, 177, 178, 180, 181, 182, 183, 184, 186, 187, 188, 189, 190, 191, 192, 193, 194, 195, 196, 198, 199, 200, 201, 202, 203, 204, 205, 206, 208, 209, 210, 211, 213, 214, 215, 216, 218, 219, 221, 222, 223, 224, 225, 227, 228, 229, 230, 231, 232, 233, 234, 235, 237, 238, 239, 240, 241, 243, 244, 245, 246, 248, 250, 251, 252, 253, 254, 255, 257, 258, 259, 260, 261, 262, 264, 266, 271, 273, 275, 276, 279, 280, 281, 282, 284, 285, 286, 288, 289, 290, 291, 292, 293, 295, 296]
Linhas de Teste [0, 4, 7, 12, 14, 19, 25, 30, 48, 54, 57, 61, 69, 71, 84, 89, 92, 93, 94, 114, 116, 119, 130, 132, 137, 138, 143, 148, 154, 164, 165, 173, 176, 179, 185, 197, 207, 212, 217, 220, 226, 236, 242, 247, 249, 256, 263, 265, 267, 268, 269, 270, 272, 274, 277, 278, 283, 287, 294]

Rodada 134 / 150  89.33 %
Parâmetros ('EV_CA', 'PRE_CA', 'TST_CA', 'saz_sin', 'saz_cos')
R2 de Treino = 95.22
R2 de Teste = 93.53
Coeficientes (pesos): [30.79740197 -4.36159426 -5.15566283 -4.87005948 -4.87782316 -4.84447184
 -2.48457885 -6.69094304  4.88195372  7.00440267 -0.4601762  -0.60612368
  0.33112155  2.2940349  -0.4037163   5.08386283  5.32199534  1.06804234
  0.93004609 -0.8670891 ]
Interceptor (constante): 85.03120769069051


********* Melhor Resultado do Fold ************
Linhas de Treino [0, 3, 4, 5, 7, 11, 12, 13, 14, 15, 16, 17, 18, 19, 21, 22, 23, 24, 25, 26, 27, 29, 30, 31, 32, 33, 34, 35, 36, 39, 40, 41, 43, 44, 48, 49, 51, 53, 54, 55, 56, 57, 58, 59, 60, 61, 62, 64, 66, 67, 69, 70, 71, 72, 73, 74, 76, 77, 78, 79, 80, 81, 82, 84, 85, 86, 87, 88, 89, 91, 92, 93, 94, 95, 97, 99, 100, 103, 104, 105, 106, 107, 108, 109, 111, 112, 114, 115, 116, 117, 118, 119, 120, 121, 123, 126, 128, 130, 131, 132, 133, 134, 135, 136, 137, 138, 139, 140, 141, 142, 143, 144, 145, 147, 148, 149, 150, 151, 152, 154, 155, 156, 157, 159, 160, 162, 164, 165, 166, 167, 168, 169, 170, 171, 172, 173, 174, 175, 176, 177, 179, 180, 182, 183, 184, 185, 189, 193, 194, 195, 196, 197, 198, 199, 200, 203, 204, 205, 206, 207, 208, 210, 211, 212, 213, 214, 215, 216, 217, 218, 219, 220, 221, 224, 226, 227, 228, 230, 231, 232, 233, 234, 236, 237, 238, 239, 240, 241, 242, 243, 244, 245, 246, 247, 248, 249, 250, 251, 252, 253, 254, 255, 256, 257, 258, 261, 262, 263, 264, 265, 266, 267, 268, 269, 270, 271, 272, 273, 274, 275, 276, 277, 278, 279, 281, 282, 283, 285, 286, 287, 288, 289, 290, 291, 292, 294, 295, 296]
Linhas de Teste [1, 2, 6, 8, 9, 10, 20, 28, 37, 38, 42, 45, 46, 47, 50, 52, 63, 65, 68, 75, 83, 90, 96, 98, 101, 102, 110, 113, 122, 124, 125, 127, 129, 146, 153, 158, 161, 163, 178, 181, 186, 187, 188, 190, 191, 192, 201, 202, 209, 222, 223, 225, 229, 235, 259, 260, 280, 284, 293]

Rodada 135 / 150  90.0 %
Parâmetros ('EV_CA', 'PRE_CA', 'TST_CA', 'saz_sin', 'saz_cos')
R2 de Treino = 95.18
R2 de Teste = 94.67
Coeficientes (pesos): [32.39162166 -4.68088239 -3.79905158 -5.24110214 -6.23392081 -4.89323211
 -1.99112354 -4.86835317  4.21183739  5.55116426 -0.45086402 -1.83056703
  0.42601453  2.80966338 -0.14083378  4.32552406  4.83109366  1.34809947
  1.65138988 -0.63933963]
Interceptor (constante): 83.17001700293041


********* Melhor Resultado do Fold ************
Linhas de Treino [1, 2, 4, 5, 7, 8, 9, 10, 11, 12, 13, 15, 16, 17, 18, 19, 21, 22, 24, 25, 26, 27, 28, 29, 30, 31, 32, 33, 34, 36, 37, 38, 39, 40, 41, 42, 43, 44, 45, 46, 47, 48, 49, 50, 51, 52, 54, 55, 56, 57, 61, 63, 64, 66, 67, 68, 69, 70, 71, 72, 73, 74, 76, 77, 78, 81, 82, 84, 85, 87, 91, 95, 96, 97, 98, 99, 101, 102, 103, 105, 106, 108, 109, 110, 111, 113, 114, 115, 116, 117, 118, 119, 121, 122, 123, 124, 125, 126, 127, 129, 130, 131, 132, 133, 134, 135, 136, 138, 139, 140, 142, 143, 145, 146, 148, 150, 151, 152, 153, 154, 156, 158, 159, 161, 162, 164, 165, 166, 167, 168, 169, 170, 171, 173, 177, 178, 179, 183, 184, 185, 186, 187, 188, 189, 191, 192, 193, 194, 195, 197, 198, 199, 203, 204, 205, 206, 207, 208, 209, 210, 211, 212, 213, 215, 216, 217, 218, 219, 220, 221, 222, 223, 224, 225, 227, 228, 229, 230, 231, 233, 234, 235, 236, 237, 238, 241, 242, 243, 245, 246, 247, 249, 250, 251, 252, 253, 254, 255, 256, 257, 258, 259, 260, 261, 262, 263, 264, 265, 266, 267, 269, 270, 271, 272, 273, 274, 275, 276, 277, 278, 279, 280, 281, 282, 283, 284, 285, 286, 287, 288, 289, 290, 291, 292, 293, 294, 296]
Linhas de Teste [0, 3, 6, 14, 20, 23, 35, 53, 58, 59, 60, 62, 65, 75, 79, 80, 83, 86, 88, 89, 90, 92, 93, 94, 100, 104, 107, 112, 120, 128, 137, 141, 144, 147, 149, 155, 157, 160, 163, 172, 174, 175, 176, 180, 181, 182, 190, 196, 200, 201, 202, 214, 226, 232, 239, 240, 244, 248, 268, 295]

Rodada 136 / 150  90.67 %
Parâmetros ('EV_CA', 'PRE_CA', 'TST_CA', 'saz_sin', 'saz_cos')
R2 de Treino = 95.46
R2 de Teste = 93.6
Coeficientes (pesos): [33.29921982 -5.15298389 -4.28802777 -5.76231174 -5.64479579 -4.23804286
 -2.22619056 -4.89154795  3.22142649  5.00670742 -0.46058684 -1.47424991
  1.04677915  3.04776478 -0.08830464  4.22257631  4.49979826  0.74544261
  1.36781479 -0.72622471]
Interceptor (constante): 84.95640350770313


********* Melhor Resultado do Fold ************
Linhas de Treino [0, 2, 3, 4, 6, 7, 8, 10, 11, 12, 14, 15, 18, 19, 20, 21, 22, 23, 24, 25, 26, 27, 28, 29, 30, 31, 32, 35, 36, 39, 40, 41, 42, 43, 44, 45, 46, 48, 51, 52, 53, 54, 55, 56, 57, 58, 59, 60, 61, 62, 63, 65, 66, 67, 68, 70, 71, 72, 73, 74, 75, 76, 78, 79, 80, 81, 82, 83, 84, 86, 88, 89, 90, 91, 92, 93, 94, 95, 96, 97, 99, 100, 101, 102, 103, 104, 105, 107, 109, 110, 111, 112, 113, 114, 116, 117, 118, 119, 120, 122, 123, 124, 125, 126, 127, 128, 129, 130, 132, 133, 134, 136, 137, 139, 140, 141, 142, 143, 144, 145, 146, 147, 148, 149, 151, 153, 154, 155, 156, 157, 158, 160, 161, 162, 163, 168, 169, 170, 171, 172, 173, 174, 175, 176, 178, 179, 180, 181, 182, 184, 186, 188, 190, 192, 193, 195, 196, 198, 200, 201, 202, 203, 204, 205, 206, 207, 208, 209, 210, 211, 212, 213, 214, 215, 216, 217, 218, 220, 221, 226, 227, 228, 229, 230, 231, 232, 233, 234, 235, 237, 238, 239, 240, 241, 242, 243, 244, 246, 247, 248, 250, 252, 253, 254, 256, 257, 258, 259, 261, 262, 263, 265, 266, 267, 268, 269, 271, 274, 275, 276, 277, 279, 280, 281, 282, 283, 284, 285, 286, 287, 289, 290, 292, 293, 294, 295, 296]
Linhas de Teste [1, 5, 9, 13, 16, 17, 33, 34, 37, 38, 47, 49, 50, 64, 69, 77, 85, 87, 98, 106, 108, 115, 121, 131, 135, 138, 150, 152, 159, 164, 165, 166, 167, 177, 183, 185, 187, 189, 191, 194, 197, 199, 219, 222, 223, 224, 225, 236, 245, 249, 251, 255, 260, 264, 270, 272, 273, 278, 288, 291]

Rodada 137 / 150  91.33 %
Parâmetros ('EV_CA', 'PRE_CA', 'TST_CA', 'saz_sin', 'saz_cos')
R2 de Treino = 95.14
R2 de Teste = 94.59
Coeficientes (pesos): [30.05241264 -4.89568232 -4.58684585 -4.76885907 -6.08365967 -3.62630361
 -2.72208181 -4.70244039  3.80066808  5.99466617 -0.24700952 -2.9152098
 -0.4104361   3.55975859 -1.14628934  3.59379786  7.18127928  1.39181526
  2.2418703  -1.37996107]
Interceptor (constante): 82.93050391508433


********* Melhor Resultado do Fold ************
Linhas de Treino [0, 1, 2, 3, 5, 6, 7, 8, 9, 11, 13, 14, 16, 17, 19, 20, 23, 24, 25, 28, 29, 30, 31, 32, 33, 34, 35, 36, 37, 38, 40, 43, 44, 46, 47, 49, 50, 51, 53, 54, 55, 56, 57, 58, 59, 60, 61, 62, 63, 64, 65, 66, 67, 68, 69, 70, 73, 74, 75, 76, 77, 79, 80, 81, 83, 85, 86, 87, 88, 89, 90, 91, 92, 93, 94, 95, 96, 97, 98, 99, 100, 101, 104, 105, 106, 107, 108, 109, 111, 112, 113, 115, 117, 118, 119, 120, 121, 122, 125, 126, 128, 129, 130, 131, 132, 135, 136, 137, 138, 139, 140, 141, 142, 143, 144, 145, 147, 149, 150, 152, 153, 155, 156, 157, 158, 159, 160, 161, 162, 163, 164, 165, 166, 167, 169, 170, 171, 172, 173, 174, 175, 176, 177, 178, 180, 181, 182, 183, 184, 185, 187, 188, 189, 190, 191, 194, 195, 196, 197, 199, 200, 201, 202, 203, 204, 205, 206, 207, 208, 209, 210, 211, 214, 216, 217, 218, 219, 220, 221, 222, 223, 224, 225, 226, 228, 229, 230, 232, 233, 234, 235, 236, 237, 238, 239, 240, 241, 242, 244, 245, 246, 248, 249, 251, 252, 254, 255, 256, 258, 259, 260, 261, 262, 264, 266, 268, 269, 270, 272, 273, 274, 275, 276, 277, 278, 281, 282, 283, 284, 285, 286, 288, 290, 291, 293, 294, 295, 296]
Linhas de Teste [4, 10, 12, 15, 18, 21, 22, 26, 27, 39, 41, 42, 45, 48, 52, 71, 72, 78, 82, 84, 102, 103, 110, 114, 116, 123, 124, 127, 133, 134, 146, 148, 151, 154, 168, 179, 186, 192, 193, 198, 212, 213, 215, 227, 231, 243, 247, 250, 253, 257, 263, 265, 267, 271, 279, 280, 287, 289, 292]

Rodada 138 / 150  92.0 %
Parâmetros ('EV_CA', 'PRE_CA', 'TST_CA', 'saz_sin', 'saz_cos')
R2 de Treino = 95.21
R2 de Teste = 94.4
Coeficientes (pesos): [33.5227727  -5.99960107 -3.8392659  -5.89488802 -6.06929506 -5.45365536
 -0.77406194 -5.01787228  5.35671807  5.27376951 -0.44474792  0.74786169
  1.05673245  2.38929575  0.46287211  4.47600035  2.6258591  -0.41142181
  0.69522439 -0.08613124]
Interceptor (constante): 84.41183466877669


********* Melhor Resultado do Fold ************
Linhas de Treino [0, 1, 3, 4, 5, 6, 7, 8, 9, 10, 11, 12, 13, 14, 15, 16, 17, 18, 19, 20, 21, 22, 23, 26, 27, 28, 31, 33, 34, 35, 36, 37, 38, 39, 41, 42, 43, 45, 47, 48, 49, 50, 51, 52, 53, 56, 57, 58, 59, 60, 61, 62, 64, 65, 68, 69, 71, 72, 73, 74, 75, 77, 78, 79, 80, 81, 82, 83, 84, 85, 86, 87, 88, 89, 90, 91, 92, 93, 94, 96, 97, 98, 99, 100, 101, 102, 103, 104, 105, 106, 107, 108, 110, 111, 112, 113, 114, 115, 116, 117, 118, 119, 120, 121, 122, 123, 124, 127, 128, 131, 132, 133, 134, 135, 136, 137, 138, 139, 141, 142, 143, 144, 145, 146, 147, 148, 149, 150, 151, 152, 154, 155, 156, 157, 159, 160, 163, 164, 165, 166, 167, 168, 169, 170, 171, 172, 174, 175, 176, 177, 179, 180, 181, 182, 183, 184, 185, 186, 187, 189, 190, 191, 192, 193, 194, 195, 196, 197, 198, 199, 200, 201, 202, 204, 205, 207, 209, 210, 212, 213, 214, 215, 216, 219, 222, 223, 224, 225, 226, 227, 228, 229, 230, 231, 232, 235, 236, 239, 240, 241, 243, 244, 245, 246, 247, 248, 249, 250, 251, 253, 254, 255, 257, 259, 260, 263, 264, 265, 267, 268, 269, 270, 271, 272, 273, 274, 277, 278, 279, 280, 287, 288, 289, 290, 291, 292, 293, 295]
Linhas de Teste [2, 24, 25, 29, 30, 32, 40, 44, 46, 54, 55, 63, 66, 67, 70, 76, 95, 109, 125, 126, 129, 130, 140, 153, 158, 161, 162, 173, 178, 188, 203, 206, 208, 211, 217, 218, 220, 221, 233, 234, 237, 238, 242, 252, 256, 258, 261, 262, 266, 275, 276, 281, 282, 283, 284, 285, 286, 294, 296]

Rodada 139 / 150  92.67 %
Parâmetros ('EV_CA', 'PRE_CA', 'TST_CA', 'saz_sin', 'saz_cos')
R2 de Treino = 95.2
R2 de Teste = 94.06
Coeficientes (pesos): [32.70950388 -2.87799086 -4.11590743 -5.53483252 -5.90589111 -4.18229929
 -3.69343047 -5.4666142   3.12453954  6.55803274 -0.51702767 -2.89346556
  0.1958367   2.51931608 -0.18811355  4.32134143  5.86720244  1.8237889
  2.35962071 -0.97835122]
Interceptor (constante): 83.7105780362493


********* Melhor Resultado do Fold ************
Linhas de Treino [0, 1, 2, 3, 4, 5, 6, 9, 10, 12, 13, 14, 15, 16, 17, 18, 20, 21, 22, 23, 24, 25, 26, 27, 29, 30, 32, 33, 34, 35, 37, 38, 39, 40, 41, 42, 44, 45, 46, 47, 48, 49, 50, 52, 53, 54, 55, 58, 59, 60, 62, 63, 64, 65, 66, 67, 69, 70, 71, 72, 75, 76, 77, 78, 79, 80, 82, 83, 84, 85, 86, 87, 88, 89, 90, 92, 93, 94, 95, 98, 100, 102, 103, 104, 106, 107, 108, 109, 110, 112, 114, 115, 116, 120, 121, 123, 124, 125, 126, 127, 128, 129, 130, 131, 133, 134, 135, 137, 138, 140, 141, 144, 146, 147, 148, 149, 150, 151, 152, 153, 154, 155, 157, 158, 159, 160, 161, 162, 163, 164, 165, 166, 167, 168, 172, 173, 174, 175, 176, 177, 178, 179, 180, 181, 182, 183, 185, 186, 187, 188, 189, 190, 191, 192, 193, 194, 196, 197, 198, 199, 200, 201, 202, 203, 206, 208, 211, 212, 213, 214, 215, 217, 218, 219, 220, 221, 222, 223, 224, 225, 226, 227, 231, 232, 233, 234, 236, 237, 238, 239, 240, 242, 243, 244, 245, 247, 248, 249, 250, 251, 252, 253, 255, 256, 257, 258, 260, 261, 262, 263, 264, 265, 266, 267, 268, 270, 271, 272, 273, 275, 276, 278, 279, 280, 281, 282, 283, 284, 285, 286, 287, 288, 289, 291, 292, 294, 295, 296]
Linhas de Teste [7, 8, 11, 19, 28, 31, 36, 43, 51, 56, 57, 61, 68, 73, 74, 81, 91, 96, 97, 99, 101, 105, 111, 113, 117, 118, 119, 122, 132, 136, 139, 142, 143, 145, 156, 169, 170, 171, 184, 195, 204, 205, 207, 209, 210, 216, 228, 229, 230, 235, 241, 246, 254, 259, 269, 274, 277, 290, 293]

Rodada 140 / 150  93.33 %
Parâmetros ('EV_CA', 'PRE_CA', 'TST_CA', 'saz_sin', 'saz_cos')
R2 de Treino = 95.01
R2 de Teste = 94.6
Coeficientes (pesos): [31.90055929 -3.84910287 -5.07708425 -5.80214044 -6.32602511 -4.08613672
 -1.96206333 -6.11647993  2.24765888  5.75492309 -0.66873118 -1.14513325
  2.08196107  2.98877623 -0.28377801  4.53784185  5.15322967  0.80366584
  1.2429558  -1.52194967]
Interceptor (constante): 84.26445571528991


********* Melhor Resultado do Fold ************
Linhas de Treino [0, 1, 2, 3, 4, 6, 8, 10, 11, 12, 13, 14, 15, 16, 17, 18, 19, 20, 21, 22, 23, 24, 25, 26, 27, 28, 29, 30, 31, 32, 33, 34, 35, 36, 37, 38, 40, 42, 43, 44, 45, 46, 47, 48, 50, 51, 52, 53, 54, 56, 57, 58, 59, 60, 62, 63, 65, 66, 68, 69, 70, 71, 72, 73, 74, 75, 76, 78, 79, 80, 81, 83, 84, 85, 86, 87, 88, 89, 90, 91, 92, 93, 94, 95, 96, 97, 98, 99, 100, 101, 102, 103, 104, 105, 106, 107, 108, 109, 111, 112, 114, 115, 119, 120, 123, 125, 126, 127, 129, 130, 131, 132, 135, 136, 137, 139, 141, 142, 143, 144, 145, 146, 147, 148, 149, 150, 151, 152, 153, 155, 157, 158, 159, 160, 162, 163, 164, 167, 168, 169, 170, 171, 172, 173, 174, 175, 176, 177, 179, 180, 181, 182, 183, 184, 185, 187, 188, 189, 190, 191, 193, 195, 196, 197, 198, 199, 201, 203, 204, 205, 207, 208, 209, 211, 212, 213, 214, 215, 216, 217, 218, 219, 223, 224, 226, 227, 230, 232, 234, 235, 237, 239, 240, 241, 243, 244, 245, 246, 247, 248, 249, 250, 251, 252, 253, 254, 255, 256, 257, 258, 259, 261, 262, 263, 264, 265, 266, 267, 268, 269, 270, 272, 274, 275, 276, 279, 280, 282, 283, 284, 285, 286, 289, 290, 291, 293, 296]
Linhas de Teste [5, 7, 9, 39, 41, 49, 55, 61, 64, 67, 77, 82, 110, 113, 116, 117, 118, 121, 122, 124, 128, 133, 134, 138, 140, 154, 156, 161, 165, 166, 178, 186, 192, 194, 200, 202, 206, 210, 220, 221, 222, 225, 228, 229, 231, 233, 236, 238, 242, 260, 271, 273, 277, 278, 281, 287, 288, 292, 294, 295]

Rodada 141 / 150  94.0 %
Parâmetros ('EV_CA', 'PRE_CA', 'TST_CA', 'saz_sin', 'saz_cos')
R2 de Treino = 95.27
R2 de Teste = 93.93
Coeficientes (pesos): [32.27761336 -5.97837894 -4.24988242 -5.23856749 -5.11192079 -3.81369872
 -2.18888441 -3.82927614  4.64089118  4.5836923  -0.54873484 -1.37740564
  1.09965263  4.07441684  0.44156906  4.45342304  3.82811742  0.66506666
  0.95318507 -0.34584767]
Interceptor (constante): 82.80058843853392


********* Melhor Resultado do Fold ************
Linhas de Treino [0, 1, 2, 3, 4, 5, 6, 7, 8, 9, 10, 11, 12, 13, 14, 15, 16, 17, 18, 19, 20, 21, 22, 23, 24, 25, 26, 27, 28, 30, 31, 32, 33, 34, 35, 37, 38, 39, 40, 41, 43, 46, 47, 48, 49, 50, 52, 54, 55, 56, 57, 59, 60, 61, 62, 64, 65, 66, 67, 68, 69, 72, 73, 75, 76, 77, 78, 79, 82, 83, 84, 86, 87, 88, 89, 90, 91, 92, 93, 98, 100, 102, 103, 104, 108, 110, 111, 112, 113, 114, 115, 116, 117, 118, 119, 120, 121, 122, 123, 124, 126, 127, 128, 129, 130, 132, 133, 134, 136, 137, 138, 139, 140, 141, 144, 145, 146, 147, 148, 150, 151, 152, 153, 154, 156, 157, 158, 159, 160, 161, 164, 165, 166, 167, 168, 170, 171, 172, 173, 174, 175, 177, 178, 179, 180, 181, 184, 185, 186, 187, 191, 192, 194, 197, 198, 199, 200, 202, 203, 204, 205, 206, 207, 209, 210, 211, 212, 213, 214, 215, 217, 218, 219, 220, 221, 222, 223, 224, 225, 226, 227, 228, 229, 230, 231, 232, 233, 235, 236, 237, 238, 241, 242, 243, 245, 246, 247, 248, 249, 250, 255, 256, 258, 259, 260, 261, 262, 264, 265, 266, 267, 268, 269, 271, 272, 273, 274, 275, 276, 277, 278, 279, 280, 281, 282, 285, 286, 287, 288, 289, 290, 291, 292, 293, 294, 295, 296]
Linhas de Teste [29, 36, 42, 44, 45, 51, 53, 58, 63, 70, 71, 74, 80, 81, 85, 94, 95, 96, 97, 99, 101, 105, 106, 107, 109, 125, 131, 135, 142, 143, 149, 155, 162, 163, 169, 176, 182, 183, 188, 189, 190, 193, 195, 196, 201, 208, 216, 234, 239, 240, 244, 251, 252, 253, 254, 257, 263, 270, 283, 284]

Rodada 142 / 150  94.67 %
Parâmetros ('EV_CA', 'PRE_CA', 'TST_CA', 'saz_sin', 'saz_cos')
R2 de Treino = 95.25
R2 de Teste = 94.35
Coeficientes (pesos): [ 3.33033935e+01 -3.96839429e+00 -4.04385652e+00 -6.53169401e+00
 -6.60781041e+00 -4.08105515e+00 -2.39445023e+00 -4.41246998e+00
  3.60406910e+00  5.09001887e+00 -1.57501178e-01 -1.89601459e+00
  5.43496381e-01  1.76080335e+00  3.22494214e-01  4.76758487e+00
  3.99922900e+00  2.75058154e-02  1.91521754e+00 -8.55934205e-01]
Interceptor (constante): 84.92511173306677


********* Melhor Resultado do Fold ************
Linhas de Treino [0, 1, 3, 4, 5, 6, 7, 9, 10, 12, 14, 15, 16, 19, 20, 21, 23, 24, 25, 26, 27, 29, 30, 34, 35, 36, 37, 38, 39, 41, 42, 43, 44, 45, 46, 47, 48, 49, 50, 51, 52, 53, 55, 56, 57, 58, 60, 61, 62, 63, 64, 66, 67, 68, 70, 71, 73, 74, 75, 76, 77, 80, 81, 82, 84, 85, 86, 88, 92, 93, 94, 95, 96, 97, 98, 99, 100, 101, 102, 103, 104, 105, 106, 107, 108, 109, 110, 111, 113, 114, 115, 116, 117, 118, 120, 121, 122, 123, 124, 125, 126, 127, 128, 129, 130, 131, 132, 133, 134, 135, 136, 138, 139, 140, 142, 143, 145, 146, 147, 148, 149, 152, 154, 155, 156, 157, 158, 159, 160, 161, 162, 163, 164, 165, 166, 167, 168, 169, 171, 172, 173, 174, 176, 177, 178, 179, 181, 182, 183, 184, 186, 187, 188, 189, 190, 192, 193, 194, 195, 196, 197, 199, 200, 201, 202, 203, 204, 205, 206, 208, 209, 210, 211, 213, 214, 215, 216, 219, 220, 221, 222, 223, 224, 225, 226, 228, 229, 230, 231, 232, 233, 234, 236, 237, 238, 239, 240, 241, 242, 243, 244, 247, 248, 251, 252, 253, 254, 255, 257, 260, 261, 263, 265, 266, 267, 268, 269, 270, 271, 272, 273, 274, 275, 277, 278, 280, 281, 282, 283, 284, 287, 288, 289, 290, 292, 293, 294, 295]
Linhas de Teste [2, 8, 11, 13, 17, 18, 22, 28, 31, 32, 33, 40, 54, 59, 65, 69, 72, 78, 79, 83, 87, 89, 90, 91, 112, 119, 137, 141, 144, 150, 151, 153, 170, 175, 180, 185, 191, 198, 207, 212, 217, 218, 227, 235, 245, 246, 249, 250, 256, 258, 259, 262, 264, 276, 279, 285, 286, 291, 296]

Rodada 143 / 150  95.33 %
Parâmetros ('EV_CA', 'PRE_CA', 'TST_CA', 'saz_sin', 'saz_cos')
R2 de Treino = 95.1
R2 de Teste = 94.66
Coeficientes (pesos): [31.30413333 -2.95044204 -4.57327668 -5.0340601  -5.96437566 -3.59185296
 -2.8768324  -5.47412502  2.5121707   6.30174945 -0.63805125 -2.2335627
  0.3788409   2.73325936 -1.19029585  3.29766369  6.32378186  1.76051013
  2.44910364 -1.11656457]
Interceptor (constante): 84.86328840807036


********* Melhor Resultado do Fold ************
Linhas de Treino [1, 2, 5, 7, 8, 9, 10, 11, 13, 16, 17, 18, 19, 20, 22, 24, 25, 26, 27, 28, 29, 30, 31, 32, 33, 36, 37, 39, 40, 41, 42, 43, 44, 45, 49, 51, 53, 54, 55, 57, 58, 59, 60, 61, 63, 64, 65, 67, 68, 69, 70, 71, 72, 74, 75, 77, 78, 79, 80, 81, 82, 83, 84, 85, 86, 87, 89, 90, 91, 92, 93, 94, 95, 96, 97, 98, 99, 100, 101, 104, 105, 106, 107, 109, 110, 112, 113, 114, 116, 117, 118, 119, 120, 121, 122, 124, 125, 126, 128, 129, 131, 132, 133, 134, 135, 137, 138, 140, 141, 142, 143, 144, 147, 148, 149, 150, 151, 153, 154, 155, 156, 157, 159, 160, 161, 162, 163, 164, 165, 166, 167, 169, 170, 172, 173, 175, 176, 178, 179, 180, 182, 183, 185, 186, 188, 189, 190, 191, 192, 193, 194, 195, 196, 197, 198, 200, 201, 202, 203, 206, 207, 208, 210, 212, 213, 214, 215, 216, 217, 218, 219, 220, 221, 222, 225, 226, 227, 228, 229, 230, 231, 233, 234, 235, 236, 238, 239, 240, 241, 242, 243, 244, 245, 246, 247, 248, 249, 250, 251, 252, 253, 254, 255, 256, 257, 258, 259, 260, 261, 262, 263, 264, 266, 270, 271, 273, 274, 275, 276, 277, 278, 279, 280, 281, 282, 283, 284, 285, 286, 287, 288, 289, 291, 292, 293, 294, 295, 296]
Linhas de Teste [0, 3, 4, 6, 12, 14, 15, 21, 23, 34, 35, 38, 46, 47, 48, 50, 52, 56, 62, 66, 73, 76, 88, 102, 103, 108, 111, 115, 123, 127, 130, 136, 139, 145, 146, 152, 158, 168, 171, 174, 177, 181, 184, 187, 199, 204, 205, 209, 211, 223, 224, 232, 237, 265, 267, 268, 269, 272, 290]

Rodada 144 / 150  96.0 %
Parâmetros ('EV_CA', 'PRE_CA', 'TST_CA', 'saz_sin', 'saz_cos')
R2 de Treino = 94.74
R2 de Teste = 96.05
Coeficientes (pesos): [31.77248884 -5.0379208  -4.29907349 -5.24222752 -6.09398223 -4.04846526
 -1.02273681 -4.80106041  2.45082747  4.7423638  -0.56374363  0.05806486
  1.10091391  2.57786535  0.17349476  3.4201119   3.57648391  0.54818852
  1.60703163 -0.67208058]
Interceptor (constante): 84.22543365378479


********* Melhor Resultado do Fold ************
Linhas de Treino [0, 2, 3, 4, 5, 6, 7, 8, 9, 11, 12, 13, 14, 15, 17, 18, 21, 22, 23, 28, 29, 31, 32, 33, 34, 35, 36, 38, 39, 40, 41, 42, 44, 45, 46, 47, 48, 49, 50, 51, 52, 53, 54, 55, 56, 58, 59, 61, 62, 63, 64, 65, 66, 67, 69, 70, 71, 72, 73, 74, 76, 77, 78, 79, 80, 81, 82, 83, 85, 87, 88, 89, 90, 91, 94, 95, 96, 97, 99, 101, 102, 103, 105, 106, 107, 108, 109, 110, 111, 112, 113, 115, 116, 117, 118, 119, 121, 122, 123, 124, 125, 127, 128, 130, 131, 133, 134, 135, 136, 137, 138, 139, 140, 141, 142, 143, 144, 145, 146, 149, 150, 151, 152, 153, 154, 155, 156, 158, 161, 162, 163, 165, 166, 168, 169, 170, 171, 174, 175, 176, 177, 178, 180, 181, 182, 183, 184, 185, 186, 187, 188, 189, 190, 191, 192, 193, 194, 195, 196, 198, 199, 200, 201, 202, 204, 205, 206, 207, 208, 209, 210, 211, 212, 216, 217, 218, 220, 221, 222, 223, 224, 225, 227, 228, 229, 231, 232, 233, 234, 235, 236, 237, 238, 239, 240, 242, 244, 245, 246, 249, 250, 251, 252, 253, 254, 256, 257, 258, 259, 260, 262, 263, 264, 265, 267, 268, 269, 270, 271, 272, 273, 276, 277, 278, 279, 281, 283, 284, 285, 286, 287, 288, 290, 291, 292, 294, 295, 296]
Linhas de Teste [1, 10, 16, 19, 20, 24, 25, 26, 27, 30, 37, 43, 57, 60, 68, 75, 84, 86, 92, 93, 98, 100, 104, 114, 120, 126, 129, 132, 147, 148, 157, 159, 160, 164, 167, 172, 173, 179, 197, 203, 213, 214, 215, 219, 226, 230, 241, 243, 247, 248, 255, 261, 266, 274, 275, 280, 282, 289, 293]

Rodada 145 / 150  96.67 %
Parâmetros ('EV_CA', 'PRE_CA', 'TST_CA', 'saz_sin', 'saz_cos')
R2 de Treino = 95.5
R2 de Teste = 93.23
Coeficientes (pesos): [32.94716319 -4.7684028  -4.4640642  -5.88641029 -6.29744207 -5.24910521
 -3.22199099 -6.11372231  4.28649036  7.07654654 -0.49428775 -2.64095362
  0.800674    3.54857151 -0.35535263  5.04068268  6.70530592  1.19540629
  1.21213469 -1.70125139]
Interceptor (constante): 83.99846608619374


********* Melhor Resultado do Fold ************
Linhas de Treino [0, 1, 2, 3, 4, 5, 6, 7, 8, 9, 10, 11, 12, 16, 19, 20, 21, 23, 24, 25, 26, 27, 29, 30, 31, 32, 33, 34, 35, 36, 37, 38, 39, 40, 41, 43, 45, 46, 47, 48, 51, 52, 53, 54, 55, 56, 57, 59, 61, 62, 63, 64, 66, 67, 68, 71, 72, 73, 75, 76, 77, 78, 79, 80, 82, 83, 84, 85, 86, 87, 88, 91, 92, 94, 95, 96, 97, 98, 99, 100, 102, 103, 104, 105, 106, 107, 109, 110, 111, 112, 114, 115, 117, 118, 119, 120, 121, 122, 123, 125, 126, 127, 130, 131, 133, 134, 135, 136, 137, 138, 139, 140, 141, 142, 144, 145, 146, 147, 148, 149, 150, 151, 152, 153, 154, 155, 156, 157, 160, 161, 162, 164, 166, 167, 169, 170, 171, 172, 173, 174, 175, 177, 178, 179, 180, 181, 182, 184, 185, 187, 188, 189, 190, 192, 193, 194, 195, 196, 198, 199, 200, 202, 203, 204, 205, 206, 208, 209, 210, 213, 214, 215, 216, 217, 218, 219, 220, 221, 222, 223, 224, 225, 226, 228, 229, 230, 232, 233, 234, 235, 236, 237, 238, 239, 240, 241, 242, 243, 245, 249, 250, 251, 252, 253, 254, 257, 258, 259, 260, 261, 262, 263, 264, 265, 266, 268, 270, 271, 273, 275, 276, 278, 279, 280, 282, 283, 285, 286, 287, 288, 290, 291, 292, 293, 294, 295, 296]
Linhas de Teste [13, 14, 15, 17, 18, 22, 28, 42, 44, 49, 50, 58, 60, 65, 69, 70, 74, 81, 89, 90, 93, 101, 108, 113, 116, 124, 128, 129, 132, 143, 158, 159, 163, 165, 168, 176, 183, 186, 191, 197, 201, 207, 211, 212, 227, 231, 244, 246, 247, 248, 255, 256, 267, 269, 272, 274, 277, 281, 284, 289]

Rodada 146 / 150  97.33 %
Parâmetros ('EV_CA', 'PRE_CA', 'TST_CA', 'saz_sin', 'saz_cos')
R2 de Treino = 94.64
R2 de Teste = 96.26
Coeficientes (pesos): [31.4802058  -5.13111952 -4.28808414 -4.76903143 -5.65952051 -3.77320521
 -2.55325415 -5.13770654  2.72314077  6.23358918 -0.74490151 -1.7306284
  0.96256007  4.378672   -0.21873453  3.68434558  5.40352348  1.79483909
  1.91275981 -1.30314638]
Interceptor (constante): 82.64232436038162


********* Melhor Resultado do Fold ************
Linhas de Treino [0, 1, 2, 4, 5, 6, 7, 8, 11, 13, 14, 15, 16, 17, 18, 21, 22, 23, 24, 25, 26, 27, 28, 29, 31, 32, 33, 36, 37, 38, 39, 40, 41, 42, 43, 44, 45, 46, 47, 48, 49, 50, 51, 52, 53, 56, 57, 58, 60, 62, 65, 66, 67, 69, 70, 71, 73, 74, 77, 78, 79, 81, 82, 83, 86, 89, 90, 91, 92, 93, 95, 96, 97, 99, 100, 101, 102, 103, 104, 105, 106, 107, 108, 109, 110, 111, 113, 114, 115, 116, 117, 118, 119, 122, 123, 124, 125, 126, 128, 129, 131, 132, 134, 135, 136, 137, 138, 141, 142, 143, 146, 147, 149, 150, 151, 152, 153, 154, 155, 156, 157, 158, 159, 160, 161, 162, 163, 165, 166, 167, 168, 169, 171, 172, 173, 174, 175, 176, 177, 182, 183, 184, 186, 187, 188, 189, 190, 191, 192, 193, 194, 195, 196, 197, 198, 199, 201, 202, 203, 205, 206, 207, 208, 209, 210, 211, 212, 213, 214, 215, 216, 217, 219, 221, 222, 223, 224, 225, 226, 227, 228, 229, 230, 231, 232, 233, 235, 236, 238, 239, 240, 241, 242, 244, 245, 246, 247, 248, 249, 251, 252, 253, 255, 256, 257, 259, 261, 262, 263, 264, 265, 266, 267, 269, 270, 271, 272, 273, 274, 275, 277, 278, 279, 280, 281, 282, 283, 284, 286, 287, 289, 290, 292, 293, 294, 295, 296]
Linhas de Teste [3, 9, 10, 12, 19, 20, 30, 34, 35, 54, 55, 59, 61, 63, 64, 68, 72, 75, 76, 80, 84, 85, 87, 88, 94, 98, 112, 120, 121, 127, 130, 133, 139, 140, 144, 145, 148, 164, 170, 178, 179, 180, 181, 185, 200, 204, 218, 220, 234, 237, 243, 250, 254, 258, 260, 268, 276, 285, 288, 291]

Rodada 147 / 150  98.0 %
Parâmetros ('EV_CA', 'PRE_CA', 'TST_CA', 'saz_sin', 'saz_cos')
R2 de Treino = 95.03
R2 de Teste = 94.42
Coeficientes (pesos): [31.75803232 -3.84137208 -5.27993485 -5.45541231 -5.7471064  -4.73665277
 -0.71229941 -6.07713991  3.04631359  5.80021626 -0.65734593 -0.11289951
  0.79166015  1.76128935 -0.13791178  4.1740555   5.08630541  0.40912942
  1.01050521 -1.09210854]
Interceptor (constante): 85.11920440290038


********* Melhor Resultado do Fold ************
Linhas de Treino [3, 4, 5, 6, 8, 9, 10, 11, 12, 13, 14, 15, 17, 18, 19, 20, 22, 23, 24, 25, 26, 27, 28, 29, 30, 33, 34, 35, 36, 38, 40, 41, 42, 43, 44, 46, 47, 48, 49, 50, 52, 54, 55, 57, 58, 59, 60, 61, 62, 63, 64, 65, 66, 67, 68, 69, 70, 71, 72, 73, 74, 75, 76, 77, 78, 79, 80, 81, 82, 84, 85, 87, 88, 89, 90, 91, 92, 93, 94, 97, 98, 99, 101, 102, 103, 105, 107, 108, 109, 110, 111, 112, 113, 114, 115, 116, 117, 118, 120, 121, 122, 123, 124, 126, 127, 128, 129, 130, 131, 132, 133, 134, 135, 137, 138, 139, 140, 141, 143, 144, 145, 146, 147, 148, 150, 152, 155, 157, 158, 159, 160, 161, 162, 163, 164, 165, 166, 167, 168, 170, 172, 174, 176, 178, 179, 180, 181, 183, 184, 185, 186, 188, 189, 191, 193, 196, 197, 198, 200, 201, 202, 203, 204, 205, 206, 207, 209, 210, 211, 212, 213, 214, 216, 218, 219, 220, 221, 222, 223, 224, 225, 226, 227, 228, 229, 231, 232, 233, 234, 235, 236, 237, 242, 243, 244, 245, 246, 247, 248, 249, 250, 254, 255, 256, 257, 258, 259, 260, 261, 262, 263, 266, 267, 268, 269, 270, 271, 272, 273, 274, 276, 277, 279, 280, 281, 282, 283, 284, 285, 286, 288, 289, 290, 291, 292, 293, 294, 295]
Linhas de Teste [0, 1, 2, 7, 16, 21, 31, 32, 37, 39, 45, 51, 53, 56, 83, 86, 95, 96, 100, 104, 106, 119, 125, 136, 142, 149, 151, 153, 154, 156, 169, 171, 173, 175, 177, 182, 187, 190, 192, 194, 195, 199, 208, 215, 217, 230, 238, 239, 240, 241, 251, 252, 253, 264, 265, 275, 278, 287, 296]

Rodada 148 / 150  98.67 %
Parâmetros ('EV_CA', 'PRE_CA', 'TST_CA', 'saz_sin', 'saz_cos')
R2 de Treino = 95.89
R2 de Teste = 91.83
Coeficientes (pesos): [32.57949215 -4.87962419 -4.34405332 -6.80365842 -6.62667453 -3.5785182
 -4.1456627  -3.56576884  3.52485505  4.88839758 -0.11226288 -4.45570657
  0.29221314  3.4327423  -0.72887743  3.86766528  6.54924164  0.60635225
  2.84207548 -2.07108811]
Interceptor (constante): 84.37538290915359


********* Melhor Resultado do Fold ************
Linhas de Treino [0, 1, 2, 3, 4, 5, 6, 7, 9, 10, 11, 12, 13, 14, 15, 16, 17, 18, 19, 20, 21, 22, 23, 25, 28, 29, 30, 31, 32, 34, 35, 36, 37, 39, 41, 42, 43, 44, 45, 46, 48, 49, 50, 51, 53, 54, 55, 56, 58, 59, 60, 61, 62, 63, 64, 65, 66, 68, 69, 70, 71, 72, 74, 75, 76, 80, 81, 83, 84, 85, 86, 87, 88, 89, 90, 91, 92, 93, 94, 95, 96, 97, 98, 99, 100, 101, 102, 104, 105, 106, 108, 112, 113, 115, 116, 117, 119, 120, 121, 124, 125, 126, 127, 128, 129, 130, 132, 133, 134, 135, 136, 139, 140, 141, 142, 143, 144, 145, 148, 149, 151, 153, 154, 155, 156, 157, 158, 159, 161, 162, 163, 164, 165, 166, 167, 168, 169, 170, 171, 173, 174, 175, 176, 177, 178, 179, 180, 181, 182, 183, 184, 185, 186, 187, 190, 191, 192, 194, 195, 197, 198, 199, 200, 201, 202, 204, 205, 207, 208, 209, 211, 212, 213, 215, 217, 218, 219, 220, 221, 224, 225, 227, 228, 230, 231, 233, 234, 236, 237, 238, 239, 240, 241, 243, 244, 245, 246, 247, 248, 250, 251, 252, 253, 254, 255, 256, 257, 258, 260, 261, 264, 265, 267, 268, 269, 272, 273, 274, 275, 276, 277, 278, 279, 280, 281, 282, 284, 285, 286, 287, 288, 289, 290, 291, 292, 294, 295, 296]
Linhas de Teste [8, 24, 26, 27, 33, 38, 40, 47, 52, 57, 67, 73, 77, 78, 79, 82, 103, 107, 109, 110, 111, 114, 118, 122, 123, 131, 137, 138, 146, 147, 150, 152, 160, 172, 188, 189, 193, 196, 203, 206, 210, 214, 216, 222, 223, 226, 229, 232, 235, 242, 249, 259, 262, 263, 266, 270, 271, 283, 293]

Rodada 149 / 150  99.33 %
Parâmetros ('EV_CA', 'PRE_CA', 'TST_CA', 'saz_sin', 'saz_cos')
R2 de Treino = 94.9
R2 de Teste = 96.24
Coeficientes (pesos): [32.76800071 -4.25436957 -3.79126061 -5.82766862 -6.24381619 -4.04773634
 -2.84342654 -4.51091128  3.62407451  5.82651674 -0.48522086 -2.08893722
  0.72718678  2.96601266 -0.29231156  4.26669464  5.23662855  1.11661704
  2.0561077  -0.76383795]
Interceptor (constante): 83.78622725326875


********* Melhor Resultado do Fold ************
Linhas de Treino [0, 1, 2, 3, 7, 8, 9, 10, 12, 13, 14, 15, 16, 17, 18, 19, 20, 21, 22, 24, 26, 27, 28, 30, 31, 32, 33, 34, 35, 37, 38, 39, 40, 42, 44, 45, 47, 49, 50, 51, 52, 53, 54, 55, 56, 57, 58, 59, 60, 61, 63, 64, 65, 67, 68, 69, 70, 72, 73, 74, 75, 76, 77, 78, 79, 80, 81, 82, 83, 84, 85, 86, 87, 88, 89, 90, 93, 94, 95, 96, 98, 100, 101, 103, 104, 106, 107, 108, 109, 110, 111, 112, 113, 114, 116, 118, 119, 120, 121, 122, 123, 124, 125, 127, 128, 129, 130, 131, 132, 133, 136, 137, 138, 139, 140, 142, 143, 144, 145, 146, 147, 148, 149, 150, 151, 152, 153, 154, 156, 158, 159, 160, 163, 164, 165, 168, 169, 170, 171, 172, 173, 175, 176, 177, 178, 179, 180, 181, 182, 183, 185, 186, 187, 188, 189, 190, 191, 192, 193, 194, 195, 196, 197, 199, 200, 201, 203, 204, 206, 207, 208, 210, 211, 212, 214, 215, 216, 217, 218, 220, 222, 223, 226, 227, 229, 230, 231, 232, 234, 235, 237, 238, 239, 240, 241, 242, 243, 244, 246, 247, 248, 249, 250, 251, 252, 253, 254, 255, 256, 258, 259, 260, 262, 263, 264, 265, 266, 267, 268, 269, 270, 271, 272, 274, 275, 276, 277, 278, 281, 283, 284, 285, 287, 288, 289, 291, 293, 296]
Linhas de Teste [4, 5, 6, 11, 23, 25, 29, 36, 41, 43, 46, 48, 62, 66, 71, 91, 92, 97, 99, 102, 105, 115, 117, 126, 134, 135, 141, 155, 157, 161, 162, 166, 167, 174, 184, 198, 202, 205, 209, 213, 219, 221, 224, 225, 228, 233, 236, 245, 257, 261, 273, 279, 280, 282, 286, 290, 292, 294, 295]

Rodada 150 / 150  100.0 %
Parâmetros ('EV_CA', 'PRE_CA', 'TST_CA', 'saz_sin', 'saz_cos')
R2 de Treino = 95.58
R2 de Teste = 91.46
Coeficientes (pesos): [ 3.30129292e+01 -4.77719958e+00 -4.12449210e+00 -5.08773960e+00
 -5.32075627e+00 -5.53217449e+00 -1.40548221e+00 -6.70266639e+00
  5.42152803e+00  5.99060847e+00 -3.80836005e-01 -7.59654369e-02
  1.18713795e+00  2.42853846e+00 -5.35355293e-02  5.59261607e+00
  3.82458115e+00  5.37297796e-01  1.88871307e-02  2.09875289e-01]
Interceptor (constante): 84.13774404146231

