
===== RODANDO MODELO RIDGE — CERRADO =====
Variável resposta : NP_CE
Preditores        : ['EV_CE', 'PRE_CE', 'WAI_CE', 'saz_sin', 'saz_cos']


#################  Rodada 1 / 150  0.67 %
Parâmetros ('EV_CE', 'PRE_CE', 'WAI_CE', 'saz_sin', 'saz_cos')
Linhas de Treino [0, 1, 2, 3, 4, 5, 7, 8, 11, 12, 13, 14, 17, 20, 21, 22, 23, 26, 27, 28, 29, 31, 32, 33, 34, 35, 36, 37, 39, 40, 41, 42, 43, 44, 46, 47, 48, 49, 50, 51, 52, 53, 54, 56, 57, 58, 59, 60, 61, 62, 63, 64, 65, 67, 68, 70, 71, 72, 73, 74, 75, 76, 77, 78, 80, 81, 82, 83, 84, 85, 87, 88, 89, 90, 91, 92, 94, 95, 97, 98, 99, 100, 101, 102, 103, 105, 106, 107, 108, 110, 111, 115, 116, 117, 118, 119, 120, 121, 122, 123, 124, 126, 128, 129, 130, 131, 132, 133, 134, 135, 136, 137, 138, 139, 140, 141, 142, 144, 145, 146, 147, 148, 149, 151, 154, 155, 157, 158, 159, 160, 161, 162, 163, 164, 166, 167, 169, 170, 171, 173, 174, 177, 178, 179, 180, 181, 183, 184, 186, 187, 188, 189, 190, 191, 193, 194, 195, 196, 197, 198, 199, 200, 202, 203, 204, 205, 207, 208, 209, 210, 211, 212, 213, 214, 215, 216, 217, 218, 219, 220, 222, 223, 224, 225, 226, 229, 231, 232, 234, 236, 238, 239]
Linhas de Teste [6, 9, 10, 15, 16, 18, 19, 24, 25, 30, 38, 45, 55, 66, 69, 79, 86, 93, 96, 104, 109, 112, 113, 114, 125, 127, 143, 150, 152, 153, 156, 165, 168, 172, 175, 176, 182, 185, 192, 201, 206, 221, 227, 228, 230, 233, 235, 237]
R2 de Treino = 97.17
R2 de Teste = 96.14

1 / 150  0.67 %
Tempo restante 0:00:10.610141

#################  Rodada 2 / 150  1.33 %
Parâmetros ('EV_CE', 'PRE_CE', 'WAI_CE', 'saz_sin', 'saz_cos')
Linhas de Treino [0, 1, 2, 3, 4, 6, 7, 8, 9, 10, 11, 13, 14, 15, 16, 17, 18, 19, 20, 21, 22, 23, 24, 25, 26, 27, 30, 32, 33, 34, 36, 37, 38, 39, 40, 41, 43, 44, 45, 46, 47, 48, 49, 50, 52, 53, 54, 55, 57, 58, 59, 61, 62, 63, 64, 66, 69, 70, 71, 72, 74, 76, 77, 78, 79, 80, 81, 83, 85, 86, 87, 88, 89, 90, 91, 92, 93, 94, 96, 98, 99, 100, 102, 103, 104, 105, 106, 107, 109, 110, 112, 113, 114, 116, 118, 119, 121, 122, 123, 125, 127, 128, 129, 130, 131, 132, 133, 134, 135, 138, 140, 141, 143, 144, 145, 146, 147, 149, 150, 151, 152, 153, 154, 155, 156, 157, 158, 160, 162, 163, 165, 166, 167, 168, 169, 170, 171, 172, 173, 174, 175, 176, 178, 179, 180, 181, 182, 183, 184, 185, 187, 188, 189, 191, 192, 195, 196, 197, 198, 199, 200, 201, 202, 203, 205, 206, 210, 211, 213, 214, 215, 216, 217, 218, 220, 221, 222, 225, 226, 227, 228, 229, 230, 231, 232, 233, 234, 235, 236, 237, 238, 239]
Linhas de Teste [5, 12, 28, 29, 31, 35, 42, 51, 56, 60, 65, 67, 68, 73, 75, 82, 84, 95, 97, 101, 108, 111, 115, 117, 120, 124, 126, 136, 137, 139, 142, 148, 159, 161, 164, 177, 186, 190, 193, 194, 204, 207, 208, 209, 212, 219, 223, 224]
R2 de Treino = 96.92
R2 de Teste = 97.22

2 / 150  1.33 %
Tempo restante 0:00:08.120168

#################  Rodada 3 / 150  2.0 %
Parâmetros ('EV_CE', 'PRE_CE', 'WAI_CE', 'saz_sin', 'saz_cos')
Linhas de Treino [1, 3, 5, 6, 7, 8, 9, 10, 12, 13, 14, 15, 16, 17, 18, 19, 20, 21, 23, 24, 25, 28, 29, 30, 31, 34, 35, 37, 38, 39, 40, 42, 43, 44, 45, 47, 48, 49, 50, 51, 52, 53, 54, 55, 56, 57, 58, 59, 60, 63, 64, 65, 66, 67, 68, 69, 71, 72, 73, 74, 75, 79, 80, 81, 82, 83, 84, 86, 87, 88, 89, 91, 92, 93, 94, 95, 96, 97, 99, 101, 102, 103, 104, 105, 106, 107, 108, 109, 110, 111, 112, 113, 114, 115, 116, 117, 120, 121, 123, 124, 125, 126, 127, 129, 130, 131, 133, 134, 136, 137, 139, 142, 143, 145, 148, 149, 150, 151, 152, 153, 154, 156, 157, 159, 160, 161, 163, 164, 165, 166, 168, 169, 171, 172, 174, 175, 176, 177, 178, 179, 181, 182, 184, 185, 186, 187, 188, 189, 190, 191, 192, 193, 194, 195, 197, 198, 199, 200, 201, 202, 203, 204, 205, 206, 207, 208, 209, 210, 211, 212, 213, 214, 217, 218, 219, 220, 221, 222, 223, 224, 225, 226, 227, 228, 229, 230, 232, 233, 235, 236, 237, 239]
Linhas de Teste [0, 2, 4, 11, 22, 26, 27, 32, 33, 36, 41, 46, 61, 62, 70, 76, 77, 78, 85, 90, 98, 100, 118, 119, 122, 128, 132, 135, 138, 140, 141, 144, 146, 147, 155, 158, 162, 167, 170, 173, 180, 183, 196, 215, 216, 231, 234, 238]
R2 de Treino = 97.21
R2 de Teste = 94.88

3 / 150  2.0 %
Tempo restante 0:00:11.291070

#################  Rodada 4 / 150  2.67 %
Parâmetros ('EV_CE', 'PRE_CE', 'WAI_CE', 'saz_sin', 'saz_cos')
Linhas de Treino [0, 1, 2, 4, 5, 6, 9, 10, 11, 12, 14, 15, 16, 18, 19, 20, 21, 22, 24, 25, 26, 27, 28, 29, 30, 31, 32, 33, 35, 36, 37, 38, 41, 42, 45, 46, 48, 50, 51, 52, 54, 55, 56, 57, 58, 60, 61, 62, 63, 65, 66, 67, 68, 69, 70, 71, 73, 74, 75, 76, 77, 78, 79, 82, 84, 85, 86, 87, 88, 90, 92, 93, 95, 96, 97, 98, 99, 100, 101, 102, 103, 104, 106, 107, 108, 109, 111, 112, 113, 114, 115, 116, 117, 118, 119, 120, 121, 122, 124, 125, 126, 127, 128, 129, 130, 132, 135, 136, 137, 138, 139, 140, 141, 142, 143, 144, 146, 147, 148, 149, 150, 151, 152, 153, 155, 156, 157, 158, 159, 160, 161, 162, 164, 165, 167, 168, 169, 170, 172, 173, 174, 175, 176, 177, 179, 180, 182, 183, 185, 186, 187, 188, 189, 190, 191, 192, 193, 194, 196, 198, 199, 201, 202, 203, 204, 206, 207, 208, 209, 210, 211, 212, 214, 215, 216, 219, 221, 223, 224, 225, 227, 228, 230, 231, 232, 233, 234, 235, 236, 237, 238, 239]
Linhas de Teste [3, 7, 8, 13, 17, 23, 34, 39, 40, 43, 44, 47, 49, 53, 59, 64, 72, 80, 81, 83, 89, 91, 94, 105, 110, 123, 131, 133, 134, 145, 154, 163, 166, 171, 178, 181, 184, 195, 197, 200, 205, 213, 217, 218, 220, 222, 226, 229]
R2 de Treino = 97.18
R2 de Teste = 96.17

4 / 150  2.67 %
Tempo restante 0:00:08.353974

#################  Rodada 5 / 150  3.33 %
Parâmetros ('EV_CE', 'PRE_CE', 'WAI_CE', 'saz_sin', 'saz_cos')
Linhas de Treino [0, 2, 3, 4, 5, 6, 7, 8, 9, 10, 11, 12, 13, 15, 16, 17, 18, 19, 22, 23, 24, 25, 26, 27, 28, 29, 30, 31, 32, 33, 34, 35, 36, 38, 39, 40, 41, 42, 43, 44, 45, 46, 47, 49, 51, 53, 55, 56, 59, 60, 61, 62, 64, 65, 66, 67, 68, 69, 70, 72, 73, 75, 76, 77, 78, 79, 80, 81, 82, 83, 84, 85, 86, 89, 90, 91, 93, 94, 95, 96, 97, 98, 100, 101, 104, 105, 108, 109, 110, 111, 112, 113, 114, 115, 117, 118, 119, 120, 122, 123, 124, 125, 126, 127, 128, 131, 132, 133, 134, 135, 136, 137, 138, 139, 140, 141, 142, 143, 144, 145, 146, 147, 148, 150, 152, 153, 154, 155, 156, 158, 159, 161, 162, 163, 164, 165, 166, 167, 168, 170, 171, 172, 173, 175, 176, 177, 178, 180, 181, 182, 183, 184, 185, 186, 190, 192, 193, 194, 195, 196, 197, 200, 201, 204, 205, 206, 207, 208, 209, 212, 213, 215, 216, 217, 218, 219, 220, 221, 222, 223, 224, 226, 227, 228, 229, 230, 231, 233, 234, 235, 237, 238]
Linhas de Teste [1, 14, 20, 21, 37, 48, 50, 52, 54, 57, 58, 63, 71, 74, 87, 88, 92, 99, 102, 103, 106, 107, 116, 121, 129, 130, 149, 151, 157, 160, 169, 174, 179, 187, 188, 189, 191, 198, 199, 202, 203, 210, 211, 214, 225, 232, 236, 239]
R2 de Treino = 96.99
R2 de Teste = 96.97

5 / 150  3.33 %
Tempo restante 0:00:07.919900

#################  Rodada 6 / 150  4.0 %
Parâmetros ('EV_CE', 'PRE_CE', 'WAI_CE', 'saz_sin', 'saz_cos')
Linhas de Treino [1, 3, 4, 5, 6, 7, 8, 10, 12, 13, 14, 15, 16, 17, 19, 20, 21, 22, 23, 24, 25, 26, 27, 29, 31, 32, 34, 35, 36, 37, 38, 39, 41, 42, 43, 44, 45, 46, 47, 48, 49, 50, 51, 52, 53, 56, 57, 59, 60, 61, 62, 63, 64, 65, 66, 67, 69, 71, 72, 74, 75, 79, 81, 82, 83, 85, 86, 87, 89, 90, 92, 93, 94, 96, 97, 98, 100, 102, 103, 104, 105, 106, 108, 109, 110, 111, 112, 113, 114, 115, 116, 117, 118, 119, 120, 121, 122, 123, 125, 127, 128, 129, 130, 131, 132, 134, 135, 136, 137, 138, 139, 140, 141, 142, 143, 144, 145, 146, 147, 148, 149, 150, 151, 152, 155, 157, 158, 159, 160, 162, 163, 164, 165, 167, 168, 169, 170, 172, 173, 174, 175, 176, 177, 178, 179, 180, 182, 184, 185, 186, 187, 189, 191, 192, 194, 196, 197, 199, 200, 201, 202, 203, 205, 206, 207, 208, 209, 210, 213, 214, 215, 216, 217, 218, 219, 221, 222, 223, 224, 225, 226, 227, 228, 230, 232, 233, 234, 235, 236, 237, 238, 239]
Linhas de Teste [0, 2, 9, 11, 18, 28, 30, 33, 40, 54, 55, 58, 68, 70, 73, 76, 77, 78, 80, 84, 88, 91, 95, 99, 101, 107, 124, 126, 133, 153, 154, 156, 161, 166, 171, 181, 183, 188, 190, 193, 195, 198, 204, 211, 212, 220, 229, 231]
R2 de Treino = 97.26
R2 de Teste = 95.38

6 / 150  4.0 %
Tempo restante 0:00:07.987680

#################  Rodada 7 / 150  4.67 %
Parâmetros ('EV_CE', 'PRE_CE', 'WAI_CE', 'saz_sin', 'saz_cos')
Linhas de Treino [0, 1, 2, 3, 5, 6, 7, 8, 9, 10, 11, 12, 16, 17, 18, 20, 21, 22, 23, 24, 25, 26, 27, 28, 29, 30, 31, 32, 33, 34, 36, 37, 38, 40, 41, 42, 45, 46, 47, 48, 49, 50, 53, 54, 55, 57, 58, 59, 60, 65, 66, 67, 68, 70, 73, 74, 76, 77, 78, 80, 81, 83, 84, 85, 88, 89, 91, 92, 94, 95, 96, 98, 99, 101, 103, 105, 107, 108, 109, 110, 111, 112, 113, 114, 115, 116, 118, 119, 123, 124, 125, 126, 127, 128, 129, 130, 132, 133, 134, 135, 136, 137, 138, 139, 140, 141, 143, 144, 145, 146, 147, 150, 151, 152, 153, 154, 156, 157, 158, 159, 160, 161, 162, 163, 165, 166, 167, 168, 169, 170, 171, 172, 174, 175, 176, 177, 180, 181, 182, 183, 184, 185, 186, 187, 188, 189, 190, 192, 193, 194, 195, 196, 197, 198, 199, 201, 202, 203, 204, 205, 206, 207, 208, 210, 211, 212, 213, 215, 216, 217, 218, 219, 220, 221, 222, 223, 224, 225, 226, 227, 228, 229, 230, 231, 232, 233, 234, 235, 236, 237, 238, 239]
Linhas de Teste [4, 13, 14, 15, 19, 35, 39, 43, 44, 51, 52, 56, 61, 62, 63, 64, 69, 71, 72, 75, 79, 82, 86, 87, 90, 93, 97, 100, 102, 104, 106, 117, 120, 121, 122, 131, 142, 148, 149, 155, 164, 173, 178, 179, 191, 200, 209, 214]
R2 de Treino = 97.23
R2 de Teste = 96.01

7 / 150  4.67 %
Tempo restante 0:00:07.977827

#################  Rodada 8 / 150  5.33 %
Parâmetros ('EV_CE', 'PRE_CE', 'WAI_CE', 'saz_sin', 'saz_cos')
Linhas de Treino [0, 1, 2, 3, 4, 6, 7, 8, 9, 10, 11, 13, 14, 15, 16, 18, 19, 20, 21, 26, 27, 28, 29, 30, 32, 33, 34, 35, 36, 37, 38, 39, 40, 41, 43, 44, 45, 47, 48, 50, 51, 52, 53, 54, 55, 56, 58, 59, 60, 61, 62, 63, 64, 67, 68, 69, 70, 71, 72, 73, 74, 75, 76, 77, 78, 79, 80, 81, 82, 83, 84, 86, 87, 88, 89, 90, 91, 92, 93, 95, 96, 97, 98, 99, 100, 101, 102, 103, 104, 106, 107, 108, 109, 110, 111, 112, 114, 115, 117, 118, 119, 120, 121, 122, 124, 126, 127, 128, 130, 131, 133, 134, 135, 139, 141, 142, 143, 144, 145, 146, 147, 148, 149, 150, 151, 152, 153, 154, 155, 156, 157, 158, 159, 160, 161, 162, 163, 164, 165, 166, 167, 168, 171, 172, 173, 174, 175, 177, 178, 179, 181, 183, 184, 185, 188, 190, 191, 193, 195, 196, 198, 199, 200, 201, 202, 203, 204, 205, 206, 207, 209, 211, 212, 213, 214, 216, 218, 219, 220, 221, 222, 225, 227, 228, 229, 231, 232, 233, 234, 236, 238, 239]
Linhas de Teste [5, 12, 17, 22, 23, 24, 25, 31, 42, 46, 49, 57, 65, 66, 85, 94, 105, 113, 116, 123, 125, 129, 132, 136, 137, 138, 140, 169, 170, 176, 180, 182, 186, 187, 189, 192, 194, 197, 208, 210, 215, 217, 223, 224, 226, 230, 235, 237]
R2 de Treino = 97.02
R2 de Teste = 96.64

8 / 150  5.33 %
Tempo restante 0:00:07.835986

#################  Rodada 9 / 150  6.0 %
Parâmetros ('EV_CE', 'PRE_CE', 'WAI_CE', 'saz_sin', 'saz_cos')
Linhas de Treino [0, 1, 2, 4, 5, 6, 8, 9, 10, 11, 12, 13, 14, 15, 17, 18, 19, 22, 23, 24, 25, 28, 30, 31, 33, 35, 36, 38, 39, 40, 41, 42, 43, 44, 46, 47, 49, 51, 52, 53, 54, 55, 56, 57, 58, 59, 61, 62, 63, 64, 65, 66, 68, 69, 70, 71, 72, 73, 74, 75, 76, 77, 78, 79, 80, 81, 82, 84, 85, 86, 87, 88, 89, 90, 91, 93, 94, 95, 97, 98, 99, 100, 101, 102, 103, 104, 105, 106, 107, 111, 112, 113, 115, 116, 117, 119, 120, 121, 122, 123, 124, 125, 126, 127, 128, 129, 130, 131, 132, 133, 136, 137, 138, 139, 140, 142, 143, 146, 147, 148, 149, 150, 151, 153, 154, 155, 156, 158, 159, 160, 161, 163, 164, 165, 166, 167, 169, 170, 171, 173, 176, 177, 178, 179, 180, 181, 182, 183, 184, 186, 187, 188, 189, 190, 191, 192, 193, 194, 195, 196, 197, 198, 200, 202, 204, 208, 209, 210, 211, 212, 213, 214, 215, 216, 217, 219, 220, 221, 222, 223, 224, 226, 228, 229, 230, 231, 232, 233, 235, 237, 238, 239]
Linhas de Teste [3, 7, 16, 20, 21, 26, 27, 29, 32, 34, 37, 45, 48, 50, 60, 67, 83, 92, 96, 108, 109, 110, 114, 118, 134, 135, 141, 144, 145, 152, 157, 162, 168, 172, 174, 175, 185, 199, 201, 203, 205, 206, 207, 218, 225, 227, 234, 236]
R2 de Treino = 96.73
R2 de Teste = 97.68

9 / 150  6.0 %
Tempo restante 0:00:07.611180

#################  Rodada 10 / 150  6.67 %
Parâmetros ('EV_CE', 'PRE_CE', 'WAI_CE', 'saz_sin', 'saz_cos')
Linhas de Treino [0, 2, 3, 4, 5, 7, 9, 11, 12, 13, 14, 15, 16, 17, 18, 19, 20, 21, 22, 23, 24, 25, 26, 27, 28, 29, 30, 31, 32, 33, 34, 35, 37, 39, 40, 42, 43, 44, 45, 46, 48, 49, 50, 51, 52, 54, 55, 56, 57, 58, 60, 61, 62, 63, 64, 65, 66, 67, 68, 69, 70, 71, 72, 73, 75, 76, 77, 78, 79, 80, 82, 83, 84, 85, 86, 87, 88, 90, 91, 92, 93, 94, 95, 96, 97, 99, 100, 101, 102, 104, 105, 106, 107, 108, 109, 110, 113, 114, 116, 117, 118, 120, 121, 122, 123, 124, 125, 126, 129, 131, 132, 133, 134, 135, 136, 137, 138, 140, 141, 142, 144, 145, 148, 149, 152, 153, 154, 155, 156, 157, 161, 162, 164, 166, 168, 169, 170, 171, 172, 173, 174, 175, 176, 178, 179, 180, 181, 182, 183, 185, 186, 187, 188, 189, 190, 191, 192, 193, 194, 195, 197, 198, 199, 200, 201, 203, 204, 205, 206, 207, 208, 209, 210, 211, 212, 214, 215, 217, 218, 220, 223, 224, 225, 226, 227, 229, 230, 231, 234, 235, 236, 237]
Linhas de Teste [1, 6, 8, 10, 36, 38, 41, 47, 53, 59, 74, 81, 89, 98, 103, 111, 112, 115, 119, 127, 128, 130, 139, 143, 146, 147, 150, 151, 158, 159, 160, 163, 165, 167, 177, 184, 196, 202, 213, 216, 219, 221, 222, 228, 232, 233, 238, 239]
R2 de Treino = 97.27
R2 de Teste = 95.3

10 / 150  6.67 %
Tempo restante 0:00:07.847000

#################  Rodada 11 / 150  7.33 %
Parâmetros ('EV_CE', 'PRE_CE', 'WAI_CE', 'saz_sin', 'saz_cos')
Linhas de Treino [0, 1, 2, 3, 4, 5, 6, 7, 8, 10, 11, 12, 13, 15, 16, 17, 18, 19, 20, 22, 23, 24, 26, 27, 28, 29, 30, 31, 32, 33, 34, 35, 36, 37, 38, 39, 40, 41, 42, 43, 44, 45, 46, 48, 49, 51, 52, 53, 55, 56, 57, 60, 61, 62, 63, 64, 65, 66, 67, 68, 69, 70, 71, 73, 74, 75, 76, 79, 80, 81, 82, 83, 84, 85, 86, 88, 89, 90, 92, 93, 94, 95, 96, 98, 99, 100, 101, 102, 104, 107, 108, 109, 110, 111, 112, 113, 114, 116, 119, 121, 122, 123, 125, 126, 127, 128, 129, 131, 133, 134, 136, 137, 139, 140, 141, 142, 144, 146, 147, 148, 150, 151, 153, 155, 156, 158, 159, 160, 161, 162, 163, 164, 166, 167, 168, 169, 170, 171, 172, 174, 175, 176, 177, 178, 179, 180, 182, 184, 185, 186, 187, 188, 189, 190, 191, 193, 195, 196, 197, 198, 199, 200, 202, 203, 205, 206, 207, 208, 209, 210, 211, 212, 213, 214, 216, 217, 218, 219, 220, 222, 223, 227, 228, 229, 230, 231, 233, 234, 235, 236, 238, 239]
Linhas de Teste [9, 14, 21, 25, 47, 50, 54, 58, 59, 72, 77, 78, 87, 91, 97, 103, 105, 106, 115, 117, 118, 120, 124, 130, 132, 135, 138, 143, 145, 149, 152, 154, 157, 165, 173, 181, 183, 192, 194, 201, 204, 215, 221, 224, 225, 226, 232, 237]
R2 de Treino = 97.16
R2 de Teste = 96.09

11 / 150  7.33 %
Tempo restante 0:00:07.493351

#################  Rodada 12 / 150  8.0 %
Parâmetros ('EV_CE', 'PRE_CE', 'WAI_CE', 'saz_sin', 'saz_cos')
Linhas de Treino [0, 1, 3, 4, 6, 7, 8, 9, 11, 12, 14, 15, 16, 18, 20, 21, 22, 23, 24, 25, 26, 27, 28, 29, 30, 32, 33, 34, 35, 36, 37, 38, 39, 41, 42, 43, 44, 45, 47, 49, 50, 51, 52, 54, 56, 57, 58, 59, 61, 64, 65, 66, 68, 69, 70, 72, 73, 74, 75, 77, 78, 79, 80, 82, 83, 85, 87, 88, 89, 91, 92, 94, 95, 97, 98, 99, 100, 101, 103, 104, 105, 106, 107, 108, 110, 111, 112, 113, 114, 115, 116, 117, 118, 119, 120, 121, 122, 123, 124, 127, 129, 130, 131, 132, 134, 135, 137, 138, 139, 140, 142, 143, 144, 145, 146, 147, 148, 149, 150, 151, 152, 153, 154, 156, 157, 158, 159, 160, 161, 162, 163, 164, 165, 166, 167, 168, 170, 171, 172, 173, 175, 177, 178, 179, 180, 181, 182, 183, 184, 185, 186, 188, 190, 191, 192, 194, 195, 197, 198, 199, 201, 202, 204, 205, 207, 208, 209, 211, 212, 214, 215, 216, 217, 218, 219, 220, 221, 222, 223, 224, 225, 226, 228, 229, 231, 232, 233, 234, 235, 237, 238, 239]
Linhas de Teste [2, 5, 10, 13, 17, 19, 31, 40, 46, 48, 53, 55, 60, 62, 63, 67, 71, 76, 81, 84, 86, 90, 93, 96, 102, 109, 125, 126, 128, 133, 136, 141, 155, 169, 174, 176, 187, 189, 193, 196, 200, 203, 206, 210, 213, 227, 230, 236]
R2 de Treino = 97.2
R2 de Teste = 95.78

12 / 150  8.0 %
Tempo restante 0:00:07.481808

#################  Rodada 13 / 150  8.67 %
Parâmetros ('EV_CE', 'PRE_CE', 'WAI_CE', 'saz_sin', 'saz_cos')
Linhas de Treino [0, 1, 2, 3, 5, 7, 8, 9, 10, 11, 12, 13, 14, 15, 16, 17, 18, 19, 20, 21, 22, 23, 25, 27, 28, 29, 31, 32, 33, 34, 35, 36, 40, 42, 43, 45, 46, 47, 48, 50, 53, 54, 55, 57, 58, 59, 60, 61, 62, 63, 64, 66, 67, 68, 71, 72, 73, 74, 75, 76, 77, 78, 79, 80, 81, 83, 84, 85, 86, 87, 89, 90, 91, 92, 93, 94, 95, 96, 97, 98, 99, 100, 102, 103, 104, 105, 106, 109, 111, 112, 113, 114, 115, 117, 118, 119, 120, 123, 124, 125, 126, 127, 128, 129, 130, 132, 133, 134, 135, 136, 137, 138, 139, 140, 141, 143, 145, 146, 149, 150, 151, 152, 153, 154, 155, 156, 157, 159, 160, 161, 162, 163, 164, 165, 167, 169, 170, 171, 172, 173, 174, 176, 177, 178, 179, 181, 183, 184, 185, 187, 188, 189, 191, 192, 193, 194, 196, 197, 198, 200, 201, 203, 204, 206, 207, 208, 210, 212, 213, 215, 216, 217, 218, 219, 220, 221, 222, 223, 224, 225, 226, 227, 230, 231, 232, 233, 234, 235, 236, 237, 238, 239]
Linhas de Teste [4, 6, 24, 26, 30, 37, 38, 39, 41, 44, 49, 51, 52, 56, 65, 69, 70, 82, 88, 101, 107, 108, 110, 116, 121, 122, 131, 142, 144, 147, 148, 158, 166, 168, 175, 180, 182, 186, 190, 195, 199, 202, 205, 209, 211, 214, 228, 229]
R2 de Treino = 96.98
R2 de Teste = 96.41

13 / 150  8.67 %
Tempo restante 0:00:07.589526

#################  Rodada 14 / 150  9.33 %
Parâmetros ('EV_CE', 'PRE_CE', 'WAI_CE', 'saz_sin', 'saz_cos')
Linhas de Treino [0, 1, 2, 3, 4, 5, 6, 9, 10, 11, 13, 14, 15, 17, 19, 21, 23, 24, 25, 26, 28, 30, 31, 32, 33, 34, 37, 38, 39, 40, 41, 42, 43, 44, 45, 46, 47, 48, 49, 50, 51, 52, 53, 54, 55, 56, 58, 59, 60, 62, 63, 64, 65, 66, 67, 68, 69, 70, 71, 72, 73, 76, 77, 78, 79, 80, 81, 82, 83, 84, 86, 87, 88, 90, 91, 93, 94, 95, 96, 97, 99, 100, 101, 102, 103, 105, 106, 107, 108, 109, 110, 115, 116, 117, 118, 120, 121, 122, 123, 124, 125, 126, 127, 128, 129, 130, 131, 132, 133, 135, 136, 137, 138, 139, 140, 141, 142, 143, 144, 145, 146, 147, 148, 149, 151, 152, 154, 155, 157, 158, 159, 160, 162, 165, 166, 167, 168, 169, 170, 173, 174, 175, 176, 177, 178, 179, 180, 181, 182, 183, 185, 186, 187, 188, 189, 190, 192, 193, 194, 195, 196, 199, 200, 201, 202, 203, 204, 205, 206, 207, 209, 210, 211, 212, 213, 214, 215, 218, 219, 221, 222, 224, 225, 226, 227, 228, 229, 230, 232, 236, 237, 239]
Linhas de Teste [7, 8, 12, 16, 18, 20, 22, 27, 29, 35, 36, 57, 61, 74, 75, 85, 89, 92, 98, 104, 111, 112, 113, 114, 119, 134, 150, 153, 156, 161, 163, 164, 171, 172, 184, 191, 197, 198, 208, 216, 217, 220, 223, 231, 233, 234, 235, 238]
R2 de Treino = 97.32
R2 de Teste = 95.77

14 / 150  9.33 %
Tempo restante 0:00:07.481904

#################  Rodada 15 / 150  10.0 %
Parâmetros ('EV_CE', 'PRE_CE', 'WAI_CE', 'saz_sin', 'saz_cos')
Linhas de Treino [2, 4, 5, 6, 7, 8, 9, 10, 12, 13, 14, 16, 17, 18, 19, 20, 21, 22, 24, 25, 26, 27, 29, 30, 31, 35, 36, 37, 38, 39, 40, 41, 44, 46, 47, 48, 49, 50, 51, 52, 53, 54, 55, 56, 57, 58, 59, 60, 61, 62, 63, 65, 67, 69, 70, 71, 72, 74, 75, 76, 77, 78, 81, 82, 84, 85, 86, 87, 88, 89, 90, 91, 92, 93, 96, 97, 98, 101, 102, 103, 104, 105, 106, 107, 108, 109, 110, 111, 112, 113, 114, 115, 116, 117, 118, 119, 120, 121, 122, 124, 125, 126, 128, 130, 131, 132, 133, 134, 135, 136, 138, 141, 142, 143, 144, 145, 147, 148, 149, 150, 152, 153, 154, 155, 156, 157, 158, 161, 163, 164, 165, 166, 168, 169, 171, 172, 173, 174, 175, 176, 180, 181, 182, 183, 184, 186, 187, 189, 190, 191, 192, 193, 194, 195, 196, 197, 198, 199, 200, 201, 202, 203, 204, 205, 206, 208, 209, 210, 211, 213, 214, 215, 216, 217, 220, 221, 223, 224, 225, 226, 227, 228, 229, 230, 231, 232, 233, 234, 235, 236, 237, 238]
Linhas de Teste [0, 1, 3, 11, 15, 23, 28, 32, 33, 34, 42, 43, 45, 64, 66, 68, 73, 79, 80, 83, 94, 95, 99, 100, 123, 127, 129, 137, 139, 140, 146, 151, 159, 160, 162, 167, 170, 177, 178, 179, 185, 188, 207, 212, 218, 219, 222, 239]
R2 de Treino = 96.84
R2 de Teste = 97.46

15 / 150  10.0 %
Tempo restante 0:00:07.182270

#################  Rodada 16 / 150  10.67 %
Parâmetros ('EV_CE', 'PRE_CE', 'WAI_CE', 'saz_sin', 'saz_cos')
Linhas de Treino [0, 1, 2, 3, 4, 5, 6, 7, 9, 10, 11, 12, 13, 14, 16, 17, 18, 19, 20, 21, 22, 24, 25, 26, 27, 28, 29, 31, 32, 33, 35, 37, 38, 40, 41, 42, 43, 44, 45, 46, 47, 48, 49, 50, 51, 52, 53, 54, 55, 56, 57, 58, 60, 62, 63, 64, 65, 66, 68, 69, 71, 72, 73, 74, 76, 77, 78, 79, 80, 81, 82, 83, 84, 85, 88, 89, 90, 91, 92, 93, 94, 95, 96, 97, 98, 99, 100, 101, 102, 103, 104, 105, 108, 109, 110, 111, 112, 113, 114, 116, 117, 118, 121, 122, 125, 126, 128, 129, 131, 132, 134, 137, 138, 141, 144, 145, 146, 148, 150, 151, 152, 153, 155, 156, 158, 159, 160, 161, 162, 163, 164, 167, 169, 170, 172, 173, 174, 176, 177, 178, 179, 180, 181, 183, 184, 185, 186, 187, 188, 189, 190, 191, 192, 193, 194, 195, 196, 197, 198, 199, 201, 202, 204, 205, 206, 207, 208, 209, 210, 211, 212, 213, 215, 216, 218, 219, 220, 221, 222, 223, 224, 225, 226, 227, 228, 229, 231, 232, 234, 235, 237, 238]
Linhas de Teste [8, 15, 23, 30, 34, 36, 39, 59, 61, 67, 70, 75, 86, 87, 106, 107, 115, 119, 120, 123, 124, 127, 130, 133, 135, 136, 139, 140, 142, 143, 147, 149, 154, 157, 165, 166, 168, 171, 175, 182, 200, 203, 214, 217, 230, 233, 236, 239]
R2 de Treino = 97.1
R2 de Teste = 95.86

16 / 150  10.67 %
Tempo restante 0:00:07.134696

#################  Rodada 17 / 150  11.33 %
Parâmetros ('EV_CE', 'PRE_CE', 'WAI_CE', 'saz_sin', 'saz_cos')
Linhas de Treino [0, 2, 3, 4, 5, 7, 8, 10, 11, 15, 16, 18, 20, 21, 22, 23, 24, 25, 26, 28, 29, 30, 31, 32, 33, 34, 36, 37, 38, 39, 41, 42, 44, 45, 46, 48, 49, 50, 51, 52, 53, 54, 56, 58, 59, 60, 61, 62, 64, 65, 66, 67, 68, 69, 70, 71, 72, 73, 74, 75, 77, 78, 79, 80, 81, 82, 83, 84, 85, 86, 87, 89, 90, 91, 92, 94, 95, 97, 98, 101, 102, 103, 104, 105, 106, 107, 108, 109, 110, 111, 112, 114, 115, 117, 118, 119, 120, 121, 122, 123, 124, 125, 126, 127, 128, 130, 131, 132, 133, 135, 136, 137, 139, 140, 141, 142, 143, 144, 145, 147, 148, 149, 150, 152, 153, 154, 157, 158, 159, 160, 161, 162, 164, 165, 166, 167, 168, 169, 171, 172, 174, 175, 176, 177, 178, 180, 181, 182, 183, 186, 187, 188, 189, 191, 193, 194, 195, 196, 197, 198, 199, 200, 201, 202, 203, 204, 206, 207, 208, 209, 210, 213, 214, 216, 217, 218, 219, 220, 221, 222, 223, 228, 229, 230, 231, 232, 233, 235, 236, 237, 238, 239]
Linhas de Teste [1, 6, 9, 12, 13, 14, 17, 19, 27, 35, 40, 43, 47, 55, 57, 63, 76, 88, 93, 96, 99, 100, 113, 116, 129, 134, 138, 146, 151, 155, 156, 163, 170, 173, 179, 184, 185, 190, 192, 205, 211, 212, 215, 224, 225, 226, 227, 234]
R2 de Treino = 97.19
R2 de Teste = 95.13

17 / 150  11.33 %
Tempo restante 0:00:07.079590

#################  Rodada 18 / 150  12.0 %
Parâmetros ('EV_CE', 'PRE_CE', 'WAI_CE', 'saz_sin', 'saz_cos')
Linhas de Treino [0, 1, 2, 3, 4, 5, 6, 8, 9, 10, 11, 12, 13, 14, 15, 16, 17, 19, 22, 23, 25, 26, 27, 28, 29, 30, 31, 32, 33, 34, 35, 36, 37, 38, 39, 40, 43, 46, 47, 49, 50, 51, 52, 53, 54, 55, 56, 57, 58, 59, 61, 62, 63, 64, 65, 67, 70, 71, 73, 74, 75, 76, 77, 78, 80, 81, 82, 84, 85, 86, 87, 88, 90, 91, 93, 94, 96, 97, 98, 99, 100, 101, 102, 104, 105, 106, 107, 108, 109, 111, 112, 113, 115, 116, 117, 118, 119, 120, 122, 123, 124, 127, 128, 129, 130, 131, 132, 133, 134, 135, 136, 137, 138, 139, 140, 141, 142, 143, 144, 145, 146, 147, 148, 149, 150, 151, 153, 154, 155, 156, 157, 158, 159, 160, 161, 163, 164, 165, 166, 168, 170, 171, 172, 173, 174, 175, 176, 177, 179, 180, 181, 182, 184, 185, 189, 190, 192, 193, 194, 196, 198, 199, 200, 201, 202, 203, 204, 205, 207, 208, 209, 210, 211, 212, 214, 215, 216, 217, 219, 223, 224, 225, 226, 227, 229, 230, 231, 233, 234, 235, 236, 239]
Linhas de Teste [7, 18, 20, 21, 24, 41, 42, 44, 45, 48, 60, 66, 68, 69, 72, 79, 83, 89, 92, 95, 103, 110, 114, 121, 125, 126, 152, 162, 167, 169, 178, 183, 186, 187, 188, 191, 195, 197, 206, 213, 218, 220, 221, 222, 228, 232, 237, 238]
R2 de Treino = 97.24
R2 de Teste = 95.66

18 / 150  12.0 %
Tempo restante 0:00:06.973824

#################  Rodada 19 / 150  12.67 %
Parâmetros ('EV_CE', 'PRE_CE', 'WAI_CE', 'saz_sin', 'saz_cos')
Linhas de Treino [0, 1, 2, 3, 4, 5, 6, 7, 8, 9, 10, 12, 13, 14, 15, 17, 18, 19, 20, 21, 22, 23, 24, 25, 26, 27, 30, 32, 34, 35, 36, 39, 40, 41, 42, 43, 44, 45, 47, 48, 50, 52, 54, 55, 57, 58, 59, 60, 61, 62, 63, 64, 66, 67, 68, 69, 70, 72, 75, 76, 77, 79, 82, 83, 84, 85, 86, 87, 88, 89, 92, 93, 94, 95, 96, 97, 98, 99, 100, 101, 103, 104, 106, 107, 108, 109, 110, 113, 114, 115, 116, 117, 118, 119, 120, 121, 123, 124, 125, 126, 127, 128, 129, 130, 132, 133, 134, 135, 136, 138, 139, 140, 142, 143, 144, 145, 146, 147, 148, 149, 151, 152, 154, 155, 156, 157, 160, 162, 163, 164, 165, 166, 167, 168, 169, 170, 171, 172, 173, 175, 176, 178, 179, 180, 182, 183, 184, 185, 186, 187, 188, 190, 191, 192, 195, 196, 197, 200, 201, 202, 203, 204, 205, 206, 208, 211, 212, 213, 214, 215, 216, 217, 218, 220, 221, 222, 223, 224, 225, 226, 227, 228, 229, 230, 231, 232, 233, 234, 236, 237, 238, 239]
Linhas de Teste [11, 16, 28, 29, 31, 33, 37, 38, 46, 49, 51, 53, 56, 65, 71, 73, 74, 78, 80, 81, 90, 91, 102, 105, 111, 112, 122, 131, 137, 141, 150, 153, 158, 159, 161, 174, 177, 181, 189, 193, 194, 198, 199, 207, 209, 210, 219, 235]
R2 de Treino = 97.08
R2 de Teste = 96.55

19 / 150  12.67 %
Tempo restante 0:00:06.926625

#################  Rodada 20 / 150  13.33 %
Parâmetros ('EV_CE', 'PRE_CE', 'WAI_CE', 'saz_sin', 'saz_cos')
Linhas de Treino [1, 6, 7, 8, 9, 11, 12, 13, 14, 15, 16, 17, 18, 19, 20, 21, 23, 24, 27, 28, 29, 30, 31, 33, 34, 35, 36, 37, 38, 39, 40, 41, 42, 43, 44, 45, 46, 47, 48, 49, 51, 53, 55, 56, 57, 59, 60, 61, 63, 65, 66, 67, 68, 69, 70, 71, 72, 73, 74, 75, 76, 78, 79, 80, 81, 83, 86, 87, 88, 89, 90, 91, 92, 93, 95, 96, 99, 100, 102, 103, 105, 106, 107, 110, 111, 112, 113, 114, 115, 116, 119, 120, 121, 122, 123, 124, 125, 126, 127, 129, 130, 131, 133, 134, 135, 136, 137, 138, 139, 140, 141, 142, 143, 146, 147, 149, 150, 151, 152, 153, 154, 155, 156, 157, 158, 159, 161, 162, 163, 165, 166, 167, 168, 169, 170, 171, 173, 174, 175, 177, 178, 179, 181, 182, 183, 184, 185, 186, 187, 188, 189, 190, 191, 192, 193, 194, 195, 197, 198, 199, 200, 203, 205, 206, 207, 209, 210, 211, 212, 213, 214, 215, 217, 218, 219, 220, 221, 222, 224, 225, 226, 227, 228, 230, 232, 233, 234, 235, 236, 237, 238, 239]
Linhas de Teste [0, 2, 3, 4, 5, 10, 22, 25, 26, 32, 50, 52, 54, 58, 62, 64, 77, 82, 84, 85, 94, 97, 98, 101, 104, 108, 109, 117, 118, 128, 132, 144, 145, 148, 160, 164, 172, 176, 180, 196, 201, 202, 204, 208, 216, 223, 229, 231]
R2 de Treino = 97.04
R2 de Teste = 96.29

20 / 150  13.33 %
Tempo restante 0:00:06.992050

#################  Rodada 21 / 150  14.0 %
Parâmetros ('EV_CE', 'PRE_CE', 'WAI_CE', 'saz_sin', 'saz_cos')
Linhas de Treino [0, 1, 2, 4, 5, 7, 8, 9, 10, 11, 12, 13, 14, 16, 18, 19, 20, 22, 25, 26, 28, 29, 30, 31, 32, 34, 35, 36, 37, 38, 39, 40, 41, 42, 43, 44, 45, 46, 48, 50, 51, 52, 53, 54, 55, 59, 61, 62, 63, 64, 65, 66, 67, 68, 69, 71, 72, 73, 75, 76, 77, 80, 81, 82, 83, 85, 87, 88, 89, 91, 92, 93, 94, 95, 96, 99, 100, 101, 102, 103, 104, 105, 106, 108, 109, 110, 112, 113, 114, 115, 116, 117, 118, 119, 122, 124, 125, 126, 128, 129, 130, 131, 132, 133, 134, 135, 136, 137, 138, 139, 141, 142, 143, 144, 145, 147, 148, 149, 150, 151, 153, 154, 156, 157, 158, 159, 160, 161, 162, 164, 165, 167, 168, 169, 170, 171, 172, 173, 174, 175, 176, 177, 178, 181, 182, 183, 184, 185, 187, 188, 190, 192, 193, 195, 196, 197, 199, 200, 201, 202, 203, 204, 206, 207, 208, 209, 210, 211, 213, 214, 215, 216, 217, 218, 219, 220, 221, 222, 223, 224, 225, 226, 227, 228, 230, 231, 232, 234, 236, 237, 238, 239]
Linhas de Teste [3, 6, 15, 17, 21, 23, 24, 27, 33, 47, 49, 56, 57, 58, 60, 70, 74, 78, 79, 84, 86, 90, 97, 98, 107, 111, 120, 121, 123, 127, 140, 146, 152, 155, 163, 166, 179, 180, 186, 189, 191, 194, 198, 205, 212, 229, 233, 235]
R2 de Treino = 96.97
R2 de Teste = 96.83

21 / 150  14.0 %
Tempo restante 0:00:06.789012

#################  Rodada 22 / 150  14.67 %
Parâmetros ('EV_CE', 'PRE_CE', 'WAI_CE', 'saz_sin', 'saz_cos')
Linhas de Treino [0, 1, 2, 3, 4, 6, 7, 8, 9, 10, 12, 13, 14, 15, 16, 17, 18, 19, 21, 22, 23, 24, 25, 26, 27, 28, 29, 30, 31, 32, 33, 34, 36, 37, 38, 39, 41, 43, 44, 46, 47, 48, 49, 51, 52, 54, 55, 56, 57, 58, 59, 60, 61, 62, 63, 64, 65, 66, 67, 68, 69, 70, 71, 72, 73, 74, 75, 76, 77, 78, 79, 82, 83, 84, 85, 86, 87, 88, 89, 90, 92, 93, 94, 96, 97, 98, 99, 100, 103, 104, 105, 107, 108, 110, 111, 112, 116, 117, 118, 119, 120, 121, 122, 123, 124, 125, 127, 128, 129, 130, 131, 132, 133, 134, 135, 136, 137, 138, 139, 140, 141, 142, 143, 144, 145, 146, 147, 148, 149, 150, 151, 152, 153, 154, 155, 157, 159, 160, 161, 162, 163, 165, 166, 167, 168, 171, 172, 173, 174, 176, 177, 178, 179, 180, 182, 183, 184, 186, 189, 190, 191, 194, 196, 197, 198, 200, 202, 203, 204, 205, 207, 208, 209, 210, 211, 212, 214, 216, 218, 219, 222, 223, 224, 225, 227, 229, 230, 232, 233, 234, 235, 237]
Linhas de Teste [5, 11, 20, 35, 40, 42, 45, 50, 53, 80, 81, 91, 95, 101, 102, 106, 109, 113, 114, 115, 126, 156, 158, 164, 169, 170, 175, 181, 185, 187, 188, 192, 193, 195, 199, 201, 206, 213, 215, 217, 220, 221, 226, 228, 231, 236, 238, 239]
R2 de Treino = 96.97
R2 de Teste = 97.12

22 / 150  14.67 %
Tempo restante 0:00:06.841216

#################  Rodada 23 / 150  15.33 %
Parâmetros ('EV_CE', 'PRE_CE', 'WAI_CE', 'saz_sin', 'saz_cos')
Linhas de Treino [0, 2, 3, 4, 5, 6, 8, 9, 10, 11, 12, 13, 15, 16, 17, 18, 19, 20, 21, 23, 24, 25, 27, 29, 31, 33, 34, 35, 36, 37, 38, 39, 40, 41, 42, 43, 45, 46, 47, 48, 49, 50, 53, 56, 57, 58, 59, 60, 61, 62, 63, 64, 67, 68, 69, 70, 71, 72, 74, 75, 76, 77, 78, 79, 80, 81, 82, 83, 84, 86, 88, 89, 90, 91, 92, 93, 94, 95, 97, 98, 99, 100, 101, 102, 103, 104, 106, 107, 109, 111, 112, 113, 114, 115, 116, 117, 119, 120, 121, 122, 123, 124, 125, 126, 127, 129, 131, 132, 133, 135, 136, 137, 138, 139, 140, 141, 142, 145, 146, 149, 150, 151, 152, 153, 154, 155, 156, 158, 160, 161, 162, 163, 164, 165, 166, 167, 168, 169, 170, 171, 172, 173, 174, 175, 176, 177, 178, 179, 180, 181, 182, 184, 185, 186, 187, 188, 189, 191, 192, 193, 194, 195, 198, 199, 201, 203, 204, 205, 206, 207, 209, 211, 212, 213, 215, 217, 218, 219, 220, 221, 222, 224, 226, 228, 229, 231, 232, 233, 235, 236, 238, 239]
Linhas de Teste [1, 7, 14, 22, 26, 28, 30, 32, 44, 51, 52, 54, 55, 65, 66, 73, 85, 87, 96, 105, 108, 110, 118, 128, 130, 134, 143, 144, 147, 148, 157, 159, 183, 190, 196, 197, 200, 202, 208, 210, 214, 216, 223, 225, 227, 230, 234, 237]
R2 de Treino = 97.15
R2 de Teste = 95.96

23 / 150  15.33 %
Tempo restante 0:00:06.655689

#################  Rodada 24 / 150  16.0 %
Parâmetros ('EV_CE', 'PRE_CE', 'WAI_CE', 'saz_sin', 'saz_cos')
Linhas de Treino [0, 1, 2, 3, 4, 5, 6, 7, 8, 9, 11, 12, 14, 15, 16, 17, 18, 19, 20, 21, 22, 23, 24, 25, 26, 27, 28, 30, 32, 33, 35, 36, 37, 40, 42, 43, 44, 45, 46, 47, 49, 50, 51, 52, 53, 54, 55, 56, 57, 58, 60, 62, 63, 64, 65, 66, 67, 69, 70, 72, 73, 74, 76, 78, 79, 80, 81, 83, 84, 85, 86, 87, 89, 90, 91, 95, 96, 97, 98, 99, 100, 101, 102, 105, 106, 107, 108, 109, 110, 111, 112, 113, 114, 115, 117, 118, 120, 121, 123, 125, 126, 127, 128, 129, 130, 132, 133, 134, 135, 137, 138, 139, 140, 141, 142, 143, 144, 146, 147, 148, 150, 152, 153, 155, 156, 157, 158, 159, 160, 163, 164, 166, 167, 169, 170, 171, 172, 175, 177, 178, 179, 180, 181, 183, 185, 186, 187, 188, 189, 190, 191, 192, 193, 194, 195, 196, 197, 198, 199, 200, 201, 202, 203, 205, 206, 208, 210, 211, 212, 213, 214, 215, 216, 217, 220, 221, 223, 224, 225, 226, 227, 228, 229, 230, 231, 233, 234, 235, 236, 237, 238, 239]
Linhas de Teste [10, 13, 29, 31, 34, 38, 39, 41, 48, 59, 61, 68, 71, 75, 77, 82, 88, 92, 93, 94, 103, 104, 116, 119, 122, 124, 131, 136, 145, 149, 151, 154, 161, 162, 165, 168, 173, 174, 176, 182, 184, 204, 207, 209, 218, 219, 222, 232]
R2 de Treino = 97.1
R2 de Teste = 96.42

24 / 150  16.0 %
Tempo restante 0:00:06.602652

#################  Rodada 25 / 150  16.67 %
Parâmetros ('EV_CE', 'PRE_CE', 'WAI_CE', 'saz_sin', 'saz_cos')
Linhas de Treino [1, 3, 5, 6, 7, 10, 11, 13, 14, 15, 17, 20, 21, 22, 23, 24, 26, 27, 28, 29, 30, 31, 32, 33, 34, 35, 38, 39, 40, 41, 42, 44, 45, 47, 48, 49, 50, 51, 52, 53, 54, 55, 56, 57, 58, 59, 60, 61, 65, 66, 68, 70, 71, 73, 74, 75, 77, 78, 79, 80, 81, 82, 84, 85, 86, 87, 88, 90, 91, 92, 93, 94, 95, 96, 97, 98, 101, 102, 103, 104, 105, 106, 107, 108, 109, 110, 111, 113, 114, 115, 116, 118, 119, 120, 121, 122, 123, 124, 126, 127, 128, 130, 131, 134, 136, 140, 143, 144, 145, 146, 147, 148, 149, 151, 152, 154, 155, 156, 157, 158, 159, 161, 162, 163, 164, 165, 166, 168, 169, 170, 173, 174, 175, 176, 179, 180, 181, 182, 183, 184, 185, 186, 187, 188, 189, 190, 191, 192, 193, 194, 195, 196, 197, 198, 199, 200, 201, 202, 204, 205, 206, 207, 208, 209, 210, 212, 213, 214, 215, 216, 217, 218, 219, 220, 221, 222, 223, 225, 226, 227, 228, 229, 230, 231, 232, 233, 234, 235, 236, 237, 238, 239]
Linhas de Teste [0, 2, 4, 8, 9, 12, 16, 18, 19, 25, 36, 37, 43, 46, 62, 63, 64, 67, 69, 72, 76, 83, 89, 99, 100, 112, 117, 125, 129, 132, 133, 135, 137, 138, 139, 141, 142, 150, 153, 160, 167, 171, 172, 177, 178, 203, 211, 224]
R2 de Treino = 97.25
R2 de Teste = 95.75

25 / 150  16.67 %
Tempo restante 0:00:06.684375

#################  Rodada 26 / 150  17.33 %
Parâmetros ('EV_CE', 'PRE_CE', 'WAI_CE', 'saz_sin', 'saz_cos')
Linhas de Treino [0, 1, 3, 4, 5, 6, 7, 8, 9, 10, 11, 13, 16, 17, 18, 19, 20, 21, 23, 24, 25, 26, 28, 29, 30, 31, 32, 33, 34, 35, 36, 37, 38, 39, 40, 41, 42, 44, 45, 46, 48, 50, 51, 52, 53, 54, 55, 56, 57, 58, 61, 62, 63, 64, 65, 66, 68, 69, 70, 71, 72, 73, 74, 75, 77, 79, 80, 81, 84, 85, 86, 87, 89, 90, 91, 92, 95, 96, 97, 98, 99, 100, 101, 102, 104, 106, 107, 108, 109, 110, 111, 112, 113, 114, 115, 116, 117, 118, 119, 120, 122, 123, 124, 125, 127, 128, 129, 130, 131, 132, 134, 135, 136, 138, 139, 140, 141, 142, 143, 144, 145, 146, 147, 148, 149, 150, 152, 153, 154, 155, 156, 157, 158, 159, 160, 161, 162, 163, 164, 165, 167, 168, 169, 172, 173, 174, 177, 178, 179, 181, 183, 185, 186, 187, 188, 189, 190, 191, 193, 195, 196, 197, 199, 200, 201, 202, 203, 205, 206, 207, 208, 209, 210, 212, 214, 218, 219, 220, 221, 222, 223, 224, 227, 229, 230, 231, 232, 234, 236, 237, 238, 239]
Linhas de Teste [2, 12, 14, 15, 22, 27, 43, 47, 49, 59, 60, 67, 76, 78, 82, 83, 88, 93, 94, 103, 105, 121, 126, 133, 137, 151, 166, 170, 171, 175, 176, 180, 182, 184, 192, 194, 198, 204, 211, 213, 215, 216, 217, 225, 226, 228, 233, 235]
R2 de Treino = 97.32
R2 de Teste = 94.86

26 / 150  17.33 %
Tempo restante 0:00:06.541372

#################  Rodada 27 / 150  18.0 %
Parâmetros ('EV_CE', 'PRE_CE', 'WAI_CE', 'saz_sin', 'saz_cos')
Linhas de Treino [0, 1, 2, 3, 4, 6, 7, 8, 9, 10, 12, 13, 14, 15, 16, 17, 18, 19, 21, 22, 23, 24, 25, 26, 27, 28, 29, 31, 33, 34, 35, 36, 37, 39, 40, 41, 43, 45, 46, 47, 48, 49, 50, 52, 53, 54, 56, 57, 58, 59, 60, 61, 62, 64, 66, 67, 69, 71, 72, 73, 74, 75, 76, 77, 78, 80, 81, 82, 83, 84, 85, 86, 87, 88, 91, 92, 93, 94, 95, 96, 97, 98, 99, 101, 102, 103, 105, 106, 107, 108, 109, 110, 111, 112, 113, 114, 115, 117, 118, 119, 121, 122, 123, 124, 126, 127, 128, 129, 130, 131, 132, 133, 134, 136, 137, 139, 140, 141, 143, 144, 146, 147, 150, 151, 153, 156, 157, 160, 161, 162, 164, 165, 166, 167, 170, 171, 172, 173, 174, 175, 176, 177, 178, 179, 180, 182, 183, 184, 186, 188, 191, 192, 193, 194, 195, 196, 197, 198, 199, 200, 201, 203, 204, 205, 206, 207, 208, 209, 210, 211, 213, 214, 215, 216, 217, 218, 219, 220, 221, 223, 224, 225, 226, 228, 229, 231, 233, 235, 236, 237, 238, 239]
Linhas de Teste [5, 11, 20, 30, 32, 38, 42, 44, 51, 55, 63, 65, 68, 70, 79, 89, 90, 100, 104, 116, 120, 125, 135, 138, 142, 145, 148, 149, 152, 154, 155, 158, 159, 163, 168, 169, 181, 185, 187, 189, 190, 202, 212, 222, 227, 230, 232, 234]
R2 de Treino = 96.95
R2 de Teste = 97.19

27 / 150  18.0 %
Tempo restante 0:00:06.424290

#################  Rodada 28 / 150  18.67 %
Parâmetros ('EV_CE', 'PRE_CE', 'WAI_CE', 'saz_sin', 'saz_cos')
Linhas de Treino [0, 1, 2, 4, 5, 6, 7, 9, 10, 11, 12, 14, 15, 17, 18, 19, 20, 22, 27, 28, 29, 30, 31, 32, 34, 35, 36, 38, 42, 43, 44, 45, 46, 47, 48, 49, 50, 51, 53, 54, 55, 56, 59, 60, 61, 62, 63, 64, 65, 66, 67, 68, 70, 71, 73, 76, 77, 78, 79, 81, 82, 83, 84, 86, 87, 88, 89, 90, 91, 92, 93, 94, 95, 96, 100, 102, 103, 104, 105, 109, 111, 112, 113, 114, 116, 118, 119, 120, 121, 122, 123, 124, 125, 126, 128, 129, 130, 131, 133, 134, 135, 137, 138, 139, 140, 141, 142, 143, 145, 146, 147, 148, 149, 150, 151, 152, 154, 155, 156, 157, 158, 159, 160, 161, 163, 164, 165, 166, 167, 168, 169, 170, 171, 172, 174, 175, 176, 177, 178, 179, 180, 181, 182, 183, 184, 185, 186, 187, 188, 189, 190, 191, 192, 193, 194, 195, 196, 198, 199, 201, 202, 203, 204, 206, 208, 209, 210, 211, 212, 213, 214, 215, 216, 217, 219, 220, 221, 222, 223, 224, 225, 226, 227, 228, 229, 230, 231, 232, 233, 234, 235, 236]
Linhas de Teste [3, 8, 13, 16, 21, 23, 24, 25, 26, 33, 37, 39, 40, 41, 52, 57, 58, 69, 72, 74, 75, 80, 85, 97, 98, 99, 101, 106, 107, 108, 110, 115, 117, 127, 132, 136, 144, 153, 162, 173, 197, 200, 205, 207, 218, 237, 238, 239]
R2 de Treino = 97.02
R2 de Teste = 96.82

28 / 150  18.67 %
Tempo restante 0:00:06.360714

#################  Rodada 29 / 150  19.33 %
Parâmetros ('EV_CE', 'PRE_CE', 'WAI_CE', 'saz_sin', 'saz_cos')
Linhas de Treino [0, 2, 3, 5, 7, 8, 9, 11, 12, 13, 14, 15, 16, 17, 18, 20, 21, 22, 23, 24, 25, 26, 27, 28, 29, 30, 31, 32, 33, 37, 38, 39, 40, 41, 42, 43, 44, 47, 48, 49, 51, 52, 54, 55, 57, 58, 59, 60, 61, 62, 63, 65, 67, 68, 69, 70, 72, 74, 75, 76, 77, 78, 79, 80, 82, 83, 85, 86, 88, 89, 90, 92, 93, 94, 97, 98, 99, 100, 101, 102, 103, 104, 105, 106, 107, 108, 109, 110, 112, 113, 114, 115, 116, 117, 120, 121, 122, 123, 125, 126, 127, 128, 130, 131, 132, 133, 134, 135, 136, 137, 138, 140, 142, 143, 144, 145, 148, 149, 151, 152, 153, 154, 155, 156, 157, 158, 159, 161, 162, 163, 165, 166, 167, 168, 169, 170, 171, 172, 173, 174, 175, 176, 177, 178, 180, 181, 182, 183, 184, 185, 187, 189, 190, 192, 193, 194, 197, 198, 200, 201, 202, 203, 204, 205, 206, 207, 210, 211, 212, 213, 214, 215, 216, 217, 218, 220, 221, 222, 225, 226, 227, 228, 230, 231, 232, 233, 234, 235, 236, 237, 238, 239]
Linhas de Teste [1, 4, 6, 10, 19, 34, 35, 36, 45, 46, 50, 53, 56, 64, 66, 71, 73, 81, 84, 87, 91, 95, 96, 111, 118, 119, 124, 129, 139, 141, 146, 147, 150, 160, 164, 179, 186, 188, 191, 195, 196, 199, 208, 209, 219, 223, 224, 229]
R2 de Treino = 97.08
R2 de Teste = 96.5

29 / 150  19.33 %
Tempo restante 0:00:06.323218

#################  Rodada 30 / 150  20.0 %
Parâmetros ('EV_CE', 'PRE_CE', 'WAI_CE', 'saz_sin', 'saz_cos')
Linhas de Treino [1, 2, 3, 4, 5, 6, 8, 10, 11, 12, 13, 14, 15, 16, 19, 20, 21, 22, 23, 24, 25, 26, 27, 30, 32, 33, 34, 35, 36, 37, 38, 39, 40, 41, 42, 43, 44, 45, 46, 47, 49, 50, 51, 52, 53, 55, 56, 57, 58, 59, 60, 63, 64, 65, 66, 67, 68, 69, 70, 71, 72, 73, 74, 75, 76, 78, 79, 80, 81, 82, 83, 84, 85, 87, 88, 89, 90, 91, 93, 94, 95, 96, 97, 98, 99, 100, 101, 103, 104, 105, 106, 107, 108, 110, 111, 115, 116, 117, 118, 119, 120, 121, 124, 125, 126, 127, 129, 132, 133, 135, 136, 137, 138, 139, 141, 142, 144, 145, 146, 147, 148, 149, 150, 151, 152, 153, 154, 155, 158, 159, 160, 162, 163, 164, 166, 168, 169, 170, 171, 173, 175, 176, 179, 180, 181, 182, 184, 185, 186, 187, 188, 189, 190, 191, 192, 194, 195, 196, 197, 198, 199, 200, 202, 204, 205, 207, 208, 209, 211, 212, 213, 215, 216, 217, 218, 219, 222, 223, 224, 225, 226, 227, 228, 229, 230, 232, 233, 234, 235, 237, 238, 239]
Linhas de Teste [0, 7, 9, 17, 18, 28, 29, 31, 48, 54, 61, 62, 77, 86, 92, 102, 109, 112, 113, 114, 122, 123, 128, 130, 131, 134, 140, 143, 156, 157, 161, 165, 167, 172, 174, 177, 178, 183, 193, 201, 203, 206, 210, 214, 220, 221, 231, 236]
R2 de Treino = 97.11
R2 de Teste = 96.58

30 / 150  20.0 %
Tempo restante 0:00:06.281400

#################  Rodada 31 / 150  20.67 %
Parâmetros ('EV_CE', 'PRE_CE', 'WAI_CE', 'saz_sin', 'saz_cos')
Linhas de Treino [2, 3, 4, 5, 6, 8, 9, 10, 12, 13, 14, 15, 16, 17, 18, 19, 23, 24, 25, 26, 27, 28, 31, 32, 33, 34, 36, 37, 38, 39, 40, 41, 44, 45, 46, 47, 48, 49, 51, 53, 54, 55, 56, 57, 58, 59, 60, 61, 62, 64, 65, 66, 67, 68, 69, 70, 71, 72, 73, 74, 75, 76, 78, 81, 83, 84, 85, 86, 87, 88, 89, 90, 91, 92, 93, 94, 95, 97, 98, 99, 100, 102, 103, 105, 106, 107, 109, 112, 113, 114, 115, 116, 119, 120, 121, 122, 123, 124, 125, 127, 129, 130, 132, 133, 134, 136, 137, 139, 140, 141, 142, 143, 144, 145, 147, 148, 149, 150, 151, 152, 153, 154, 155, 156, 157, 158, 159, 160, 161, 162, 163, 166, 167, 168, 169, 170, 171, 172, 173, 174, 175, 176, 177, 178, 179, 180, 182, 183, 184, 185, 186, 187, 188, 189, 190, 191, 192, 193, 194, 195, 196, 198, 199, 200, 203, 205, 206, 208, 209, 210, 211, 212, 213, 214, 215, 216, 218, 220, 221, 222, 223, 224, 226, 227, 228, 229, 231, 235, 236, 237, 238, 239]
Linhas de Teste [0, 1, 7, 11, 20, 21, 22, 29, 30, 35, 42, 43, 50, 52, 63, 77, 79, 80, 82, 96, 101, 104, 108, 110, 111, 117, 118, 126, 128, 131, 135, 138, 146, 164, 165, 181, 197, 201, 202, 204, 207, 217, 219, 225, 230, 232, 233, 234]
R2 de Treino = 96.79
R2 de Teste = 97.64

31 / 150  20.67 %
Tempo restante 0:00:06.298670

#################  Rodada 32 / 150  21.33 %
Parâmetros ('EV_CE', 'PRE_CE', 'WAI_CE', 'saz_sin', 'saz_cos')
Linhas de Treino [0, 1, 2, 3, 4, 5, 6, 7, 8, 9, 10, 11, 12, 13, 14, 15, 16, 17, 19, 20, 21, 22, 25, 28, 29, 30, 31, 33, 34, 35, 36, 38, 40, 42, 43, 44, 45, 46, 48, 49, 50, 51, 52, 53, 54, 56, 58, 60, 61, 62, 63, 64, 67, 71, 72, 73, 76, 77, 78, 79, 80, 81, 82, 83, 85, 86, 87, 88, 89, 92, 95, 96, 97, 98, 101, 102, 104, 105, 106, 107, 108, 109, 110, 111, 112, 113, 114, 115, 116, 117, 118, 119, 120, 121, 122, 123, 125, 126, 128, 130, 131, 132, 133, 134, 135, 136, 138, 139, 140, 141, 142, 143, 144, 145, 146, 147, 148, 150, 151, 152, 153, 155, 156, 157, 158, 159, 160, 161, 162, 163, 164, 165, 166, 167, 168, 169, 170, 171, 173, 175, 176, 179, 181, 182, 183, 185, 186, 187, 189, 190, 191, 192, 193, 194, 195, 196, 197, 198, 199, 200, 201, 202, 203, 204, 207, 208, 209, 210, 211, 212, 213, 214, 215, 217, 218, 219, 220, 221, 222, 225, 226, 228, 230, 231, 232, 233, 234, 235, 236, 237, 238, 239]
Linhas de Teste [18, 23, 24, 26, 27, 32, 37, 39, 41, 47, 55, 57, 59, 65, 66, 68, 69, 70, 74, 75, 84, 90, 91, 93, 94, 99, 100, 103, 124, 127, 129, 137, 149, 154, 172, 174, 177, 178, 180, 184, 188, 205, 206, 216, 223, 224, 227, 229]
R2 de Treino = 97.28
R2 de Teste = 95.21

32 / 150  21.33 %
Tempo restante 0:00:06.246094

#################  Rodada 33 / 150  22.0 %
Parâmetros ('EV_CE', 'PRE_CE', 'WAI_CE', 'saz_sin', 'saz_cos')
Linhas de Treino [0, 1, 2, 3, 6, 7, 9, 11, 12, 13, 14, 15, 16, 17, 18, 20, 21, 22, 23, 24, 25, 26, 27, 28, 29, 30, 31, 32, 33, 35, 36, 37, 38, 39, 41, 42, 43, 44, 45, 46, 47, 48, 50, 52, 54, 55, 57, 58, 59, 60, 61, 62, 63, 64, 65, 66, 67, 68, 69, 70, 71, 72, 74, 75, 77, 78, 79, 80, 81, 82, 83, 84, 85, 87, 90, 91, 92, 93, 94, 95, 96, 97, 99, 100, 101, 102, 103, 104, 107, 108, 110, 111, 114, 115, 116, 117, 118, 119, 120, 122, 123, 124, 125, 126, 127, 128, 129, 130, 131, 132, 134, 135, 136, 137, 138, 139, 140, 141, 142, 144, 145, 146, 149, 150, 151, 152, 154, 157, 158, 159, 160, 164, 165, 166, 167, 168, 169, 170, 171, 172, 174, 175, 176, 177, 178, 180, 181, 182, 183, 184, 185, 186, 187, 188, 189, 190, 191, 192, 193, 196, 197, 198, 199, 201, 202, 203, 204, 205, 206, 207, 208, 212, 213, 214, 215, 216, 217, 219, 222, 223, 224, 225, 227, 228, 229, 230, 232, 233, 234, 235, 236, 237]
Linhas de Teste [4, 5, 8, 10, 19, 34, 40, 49, 51, 53, 56, 73, 76, 86, 88, 89, 98, 105, 106, 109, 112, 113, 121, 133, 143, 147, 148, 153, 155, 156, 161, 162, 163, 173, 179, 194, 195, 200, 209, 210, 211, 218, 220, 221, 226, 231, 238, 239]
R2 de Treino = 97.12
R2 de Teste = 96.15

33 / 150  22.0 %
Tempo restante 0:00:06.309225

#################  Rodada 34 / 150  22.67 %
Parâmetros ('EV_CE', 'PRE_CE', 'WAI_CE', 'saz_sin', 'saz_cos')
Linhas de Treino [0, 1, 3, 4, 5, 6, 7, 8, 9, 10, 11, 13, 14, 15, 16, 18, 19, 20, 21, 22, 23, 24, 25, 26, 27, 29, 30, 31, 32, 34, 35, 36, 37, 38, 39, 40, 41, 42, 43, 44, 46, 47, 49, 50, 51, 52, 53, 55, 56, 57, 58, 59, 63, 65, 66, 68, 69, 70, 71, 73, 74, 75, 76, 77, 78, 79, 80, 81, 82, 84, 85, 86, 88, 89, 90, 91, 92, 93, 94, 96, 97, 98, 99, 100, 101, 102, 103, 104, 105, 106, 107, 108, 109, 110, 111, 112, 113, 114, 115, 116, 117, 118, 119, 121, 124, 126, 127, 128, 129, 130, 131, 133, 134, 135, 136, 137, 138, 140, 143, 144, 145, 146, 147, 148, 149, 150, 151, 152, 153, 154, 155, 156, 158, 161, 162, 163, 164, 165, 166, 167, 170, 172, 173, 174, 175, 177, 178, 179, 180, 181, 182, 184, 186, 187, 188, 194, 195, 197, 198, 200, 201, 202, 204, 205, 206, 207, 208, 209, 210, 211, 212, 214, 216, 217, 218, 219, 220, 221, 223, 224, 225, 226, 227, 228, 229, 230, 231, 232, 233, 234, 238, 239]
Linhas de Teste [2, 12, 17, 28, 33, 45, 48, 54, 60, 61, 62, 64, 67, 72, 83, 87, 95, 120, 122, 123, 125, 132, 139, 141, 142, 157, 159, 160, 168, 169, 171, 176, 183, 185, 189, 190, 191, 192, 193, 196, 199, 203, 213, 215, 222, 235, 236, 237]
R2 de Treino = 97.28
R2 de Teste = 95.43

34 / 150  22.67 %
Tempo restante 0:00:06.363064

#################  Rodada 35 / 150  23.33 %
Parâmetros ('EV_CE', 'PRE_CE', 'WAI_CE', 'saz_sin', 'saz_cos')
Linhas de Treino [0, 1, 2, 4, 5, 7, 8, 10, 11, 12, 17, 18, 19, 20, 21, 22, 23, 24, 26, 27, 28, 29, 30, 32, 33, 34, 35, 37, 39, 40, 41, 42, 43, 45, 47, 48, 49, 50, 51, 52, 53, 54, 55, 56, 57, 59, 60, 61, 62, 63, 64, 65, 66, 67, 68, 69, 70, 72, 73, 74, 75, 76, 77, 79, 80, 82, 83, 84, 86, 87, 88, 89, 90, 91, 93, 94, 95, 96, 98, 99, 100, 101, 103, 104, 105, 106, 108, 109, 110, 111, 112, 113, 117, 118, 120, 121, 122, 123, 124, 125, 126, 127, 128, 129, 131, 132, 133, 135, 137, 138, 139, 141, 142, 143, 146, 147, 148, 149, 153, 154, 155, 156, 157, 159, 160, 161, 162, 163, 164, 165, 168, 169, 171, 172, 173, 174, 176, 177, 178, 179, 180, 181, 183, 184, 185, 188, 189, 190, 191, 192, 193, 194, 195, 196, 197, 199, 200, 201, 202, 203, 204, 205, 206, 207, 209, 210, 211, 213, 215, 216, 217, 218, 219, 220, 221, 222, 223, 224, 225, 226, 227, 229, 230, 231, 232, 233, 234, 235, 236, 237, 238, 239]
Linhas de Teste [3, 6, 9, 13, 14, 15, 16, 25, 31, 36, 38, 44, 46, 58, 71, 78, 81, 85, 92, 97, 102, 107, 114, 115, 116, 119, 130, 134, 136, 140, 144, 145, 150, 151, 152, 158, 166, 167, 170, 175, 182, 186, 187, 198, 208, 212, 214, 228]
R2 de Treino = 97.01
R2 de Teste = 96.87

35 / 150  23.33 %
Tempo restante 0:00:06.006105

#################  Rodada 36 / 150  24.0 %
Parâmetros ('EV_CE', 'PRE_CE', 'WAI_CE', 'saz_sin', 'saz_cos')
Linhas de Treino [0, 1, 2, 3, 5, 6, 7, 8, 10, 11, 12, 13, 14, 16, 17, 19, 20, 21, 22, 23, 24, 25, 26, 28, 29, 31, 32, 36, 37, 38, 39, 40, 41, 43, 44, 45, 46, 48, 49, 50, 52, 53, 57, 59, 60, 61, 62, 63, 65, 66, 67, 70, 71, 72, 73, 74, 75, 76, 77, 78, 79, 80, 81, 83, 84, 85, 87, 88, 89, 90, 91, 92, 93, 94, 95, 98, 99, 100, 101, 102, 103, 106, 109, 110, 111, 112, 114, 115, 116, 117, 118, 119, 121, 122, 123, 124, 125, 126, 129, 130, 131, 132, 133, 135, 137, 138, 139, 140, 141, 142, 144, 145, 146, 147, 149, 150, 151, 152, 154, 155, 156, 157, 158, 159, 160, 161, 162, 163, 164, 165, 166, 168, 170, 171, 172, 173, 174, 176, 177, 178, 179, 180, 181, 182, 184, 185, 187, 188, 190, 191, 192, 193, 194, 195, 196, 197, 198, 199, 200, 201, 202, 203, 205, 206, 207, 208, 209, 212, 213, 214, 215, 216, 217, 218, 219, 220, 221, 222, 224, 226, 227, 228, 229, 230, 231, 232, 233, 234, 235, 236, 237, 238]
Linhas de Teste [4, 9, 15, 18, 27, 30, 33, 34, 35, 42, 47, 51, 54, 55, 56, 58, 64, 68, 69, 82, 86, 96, 97, 104, 105, 107, 108, 113, 120, 127, 128, 134, 136, 143, 148, 153, 167, 169, 175, 183, 186, 189, 204, 210, 211, 223, 225, 239]
R2 de Treino = 97.07
R2 de Teste = 96.54

36 / 150  24.0 %
Tempo restante 0:00:05.994348

#################  Rodada 37 / 150  24.67 %
Parâmetros ('EV_CE', 'PRE_CE', 'WAI_CE', 'saz_sin', 'saz_cos')
Linhas de Treino [0, 3, 4, 5, 6, 7, 8, 9, 10, 11, 13, 14, 15, 16, 17, 18, 19, 20, 21, 23, 24, 25, 26, 27, 28, 30, 31, 32, 33, 34, 35, 36, 37, 38, 40, 42, 44, 45, 46, 47, 49, 50, 51, 52, 53, 54, 55, 56, 57, 58, 59, 62, 63, 64, 67, 68, 69, 71, 74, 75, 78, 79, 80, 81, 82, 83, 85, 86, 87, 88, 91, 92, 93, 94, 95, 96, 97, 98, 100, 101, 104, 105, 107, 108, 109, 110, 112, 113, 115, 116, 117, 118, 119, 120, 121, 122, 123, 124, 125, 127, 128, 129, 130, 131, 132, 133, 134, 136, 137, 138, 140, 141, 143, 144, 146, 147, 148, 149, 150, 152, 153, 154, 155, 156, 157, 158, 159, 160, 161, 162, 163, 165, 166, 167, 169, 170, 171, 173, 174, 175, 176, 177, 178, 179, 180, 182, 183, 184, 185, 186, 188, 189, 190, 191, 192, 193, 195, 196, 197, 199, 200, 202, 203, 204, 205, 206, 207, 209, 210, 211, 212, 213, 214, 215, 216, 217, 218, 219, 220, 222, 223, 224, 225, 226, 227, 228, 229, 230, 231, 233, 237, 239]
Linhas de Teste [1, 2, 12, 22, 29, 39, 41, 43, 48, 60, 61, 65, 66, 70, 72, 73, 76, 77, 84, 89, 90, 99, 102, 103, 106, 111, 114, 126, 135, 139, 142, 145, 151, 164, 168, 172, 181, 187, 194, 198, 201, 208, 221, 232, 234, 235, 236, 238]
R2 de Treino = 97.44
R2 de Teste = 93.07

37 / 150  24.67 %
Tempo restante 0:00:06.049229

#################  Rodada 38 / 150  25.33 %
Parâmetros ('EV_CE', 'PRE_CE', 'WAI_CE', 'saz_sin', 'saz_cos')
Linhas de Treino [0, 1, 2, 3, 4, 5, 6, 7, 9, 11, 12, 13, 14, 15, 16, 17, 18, 20, 21, 22, 23, 24, 25, 26, 27, 28, 29, 30, 31, 32, 33, 34, 35, 36, 38, 39, 41, 42, 43, 46, 47, 48, 49, 51, 52, 54, 55, 56, 57, 58, 59, 60, 61, 63, 64, 65, 66, 67, 68, 69, 70, 71, 72, 73, 74, 76, 77, 78, 80, 82, 83, 84, 86, 89, 90, 91, 92, 95, 96, 97, 98, 99, 100, 102, 103, 104, 105, 106, 107, 108, 110, 111, 113, 114, 115, 117, 118, 119, 120, 123, 124, 125, 126, 127, 128, 129, 130, 133, 134, 135, 136, 137, 138, 139, 140, 142, 143, 144, 145, 146, 147, 148, 149, 151, 152, 153, 156, 159, 160, 161, 162, 163, 164, 165, 166, 167, 168, 169, 170, 172, 173, 174, 175, 178, 179, 180, 181, 182, 183, 186, 187, 188, 189, 191, 192, 194, 195, 196, 198, 199, 201, 202, 203, 204, 207, 208, 209, 210, 211, 213, 214, 215, 216, 217, 218, 220, 221, 222, 223, 225, 226, 227, 228, 230, 231, 232, 234, 235, 236, 237, 238, 239]
Linhas de Teste [8, 10, 19, 37, 40, 44, 45, 50, 53, 62, 75, 79, 81, 85, 87, 88, 93, 94, 101, 109, 112, 116, 121, 122, 131, 132, 141, 150, 154, 155, 157, 158, 171, 176, 177, 184, 185, 190, 193, 197, 200, 205, 206, 212, 219, 224, 229, 233]
R2 de Treino = 96.89
R2 de Teste = 97.09

38 / 150  25.33 %
Tempo restante 0:00:06.070400

#################  Rodada 39 / 150  26.0 %
Parâmetros ('EV_CE', 'PRE_CE', 'WAI_CE', 'saz_sin', 'saz_cos')
Linhas de Treino [1, 2, 3, 4, 6, 8, 9, 10, 11, 12, 13, 15, 16, 18, 19, 21, 22, 25, 27, 28, 29, 30, 32, 33, 34, 35, 36, 37, 38, 39, 40, 41, 42, 43, 44, 45, 47, 48, 49, 50, 51, 53, 54, 55, 56, 57, 58, 60, 61, 62, 64, 65, 66, 67, 68, 69, 70, 72, 73, 75, 76, 77, 78, 79, 81, 82, 84, 85, 86, 87, 88, 89, 90, 93, 94, 95, 96, 97, 98, 99, 101, 102, 103, 104, 105, 106, 107, 108, 109, 110, 111, 112, 113, 114, 116, 117, 119, 120, 121, 122, 124, 126, 127, 128, 131, 132, 133, 134, 135, 136, 137, 138, 139, 140, 141, 142, 143, 144, 145, 147, 148, 149, 150, 151, 153, 154, 155, 157, 158, 159, 163, 164, 167, 168, 169, 171, 172, 173, 174, 175, 176, 177, 178, 179, 181, 183, 184, 185, 186, 187, 189, 190, 191, 192, 193, 194, 195, 197, 198, 200, 201, 203, 204, 205, 206, 207, 208, 209, 210, 211, 212, 213, 214, 217, 218, 219, 220, 221, 223, 224, 225, 227, 229, 230, 232, 233, 234, 235, 236, 237, 238, 239]
Linhas de Teste [0, 5, 7, 14, 17, 20, 23, 24, 26, 31, 46, 52, 59, 63, 71, 74, 80, 83, 91, 92, 100, 115, 118, 123, 125, 129, 130, 146, 152, 156, 160, 161, 162, 165, 166, 170, 180, 182, 188, 196, 199, 202, 215, 216, 222, 226, 228, 231]
R2 de Treino = 96.99
R2 de Teste = 96.89

39 / 150  26.0 %
Tempo restante 0:00:05.900538

#################  Rodada 40 / 150  26.67 %
Parâmetros ('EV_CE', 'PRE_CE', 'WAI_CE', 'saz_sin', 'saz_cos')
Linhas de Treino [0, 1, 2, 4, 5, 7, 8, 9, 10, 12, 14, 15, 17, 18, 19, 20, 22, 23, 24, 26, 27, 29, 30, 31, 33, 34, 35, 37, 39, 40, 41, 42, 43, 44, 45, 46, 47, 48, 50, 51, 52, 53, 54, 55, 56, 58, 59, 60, 61, 62, 63, 64, 65, 66, 68, 69, 70, 71, 72, 73, 74, 75, 76, 77, 79, 80, 81, 82, 83, 84, 85, 86, 87, 88, 89, 90, 91, 92, 93, 94, 96, 97, 99, 100, 101, 102, 103, 104, 105, 106, 107, 108, 109, 111, 112, 113, 114, 115, 116, 118, 120, 121, 122, 123, 125, 126, 127, 128, 129, 130, 131, 132, 134, 135, 136, 139, 141, 142, 143, 145, 146, 148, 150, 151, 152, 153, 154, 155, 156, 157, 158, 160, 161, 162, 164, 165, 166, 167, 168, 169, 170, 171, 172, 175, 176, 177, 180, 181, 182, 183, 184, 185, 186, 187, 188, 189, 190, 193, 194, 196, 197, 198, 199, 200, 201, 202, 204, 205, 206, 208, 210, 211, 212, 215, 216, 219, 221, 222, 223, 224, 225, 226, 228, 229, 231, 232, 233, 234, 235, 236, 238, 239]
Linhas de Teste [3, 6, 11, 13, 16, 21, 25, 28, 32, 36, 38, 49, 57, 67, 78, 95, 98, 110, 117, 119, 124, 133, 137, 138, 140, 144, 147, 149, 159, 163, 173, 174, 178, 179, 191, 192, 195, 203, 207, 209, 213, 214, 217, 218, 220, 227, 230, 237]
R2 de Treino = 97.19
R2 de Teste = 95.66

40 / 150  26.67 %
Tempo restante 0:00:05.801620

#################  Rodada 41 / 150  27.33 %
Parâmetros ('EV_CE', 'PRE_CE', 'WAI_CE', 'saz_sin', 'saz_cos')
Linhas de Treino [0, 1, 3, 4, 7, 9, 10, 11, 12, 13, 14, 16, 17, 18, 19, 20, 22, 24, 25, 27, 28, 29, 30, 31, 32, 33, 34, 36, 37, 38, 39, 40, 41, 42, 43, 44, 45, 46, 47, 48, 49, 51, 52, 53, 54, 55, 56, 58, 59, 61, 62, 63, 64, 65, 67, 68, 69, 71, 72, 73, 74, 75, 76, 77, 79, 80, 81, 83, 84, 85, 86, 88, 89, 90, 92, 93, 95, 96, 97, 98, 99, 100, 101, 103, 104, 105, 106, 107, 108, 109, 110, 113, 115, 117, 118, 119, 120, 122, 123, 124, 125, 126, 127, 128, 129, 130, 131, 132, 133, 136, 138, 139, 141, 142, 143, 144, 147, 148, 149, 150, 151, 152, 153, 154, 155, 156, 158, 159, 161, 162, 163, 164, 165, 166, 167, 168, 169, 170, 171, 173, 174, 176, 178, 179, 180, 181, 183, 184, 186, 187, 188, 189, 190, 191, 192, 193, 194, 195, 198, 199, 200, 201, 202, 203, 204, 206, 207, 208, 209, 210, 211, 213, 214, 215, 216, 217, 218, 219, 221, 222, 224, 225, 226, 227, 228, 229, 230, 233, 236, 237, 238, 239]
Linhas de Teste [2, 5, 6, 8, 15, 21, 23, 26, 35, 50, 57, 60, 66, 70, 78, 82, 87, 91, 94, 102, 111, 112, 114, 116, 121, 134, 135, 137, 140, 145, 146, 157, 160, 172, 175, 177, 182, 185, 196, 197, 205, 212, 220, 223, 231, 232, 234, 235]
R2 de Treino = 96.76
R2 de Teste = 97.66

41 / 150  27.33 %
Tempo restante 0:00:05.791715

#################  Rodada 42 / 150  28.0 %
Parâmetros ('EV_CE', 'PRE_CE', 'WAI_CE', 'saz_sin', 'saz_cos')
Linhas de Treino [0, 1, 2, 4, 5, 6, 7, 8, 9, 11, 13, 15, 16, 17, 18, 19, 20, 21, 23, 25, 26, 27, 28, 29, 30, 32, 33, 34, 35, 36, 37, 38, 39, 40, 41, 42, 43, 44, 45, 46, 48, 49, 50, 51, 54, 55, 56, 57, 58, 59, 60, 61, 63, 64, 65, 66, 67, 68, 69, 70, 71, 73, 75, 77, 78, 79, 81, 82, 83, 84, 85, 86, 87, 88, 89, 90, 91, 92, 93, 94, 95, 98, 99, 101, 102, 103, 104, 106, 107, 110, 111, 112, 113, 114, 116, 117, 118, 119, 120, 121, 122, 123, 124, 125, 126, 127, 128, 129, 130, 131, 132, 133, 134, 135, 137, 138, 140, 141, 142, 143, 144, 145, 146, 147, 150, 151, 152, 153, 154, 155, 157, 160, 162, 163, 164, 165, 166, 167, 169, 170, 171, 172, 175, 176, 177, 178, 179, 181, 182, 183, 184, 185, 187, 189, 190, 192, 193, 194, 195, 196, 197, 199, 200, 201, 203, 204, 205, 206, 208, 209, 210, 211, 212, 217, 218, 219, 220, 221, 222, 223, 224, 226, 228, 229, 231, 232, 234, 235, 236, 237, 238, 239]
Linhas de Teste [3, 10, 12, 14, 22, 24, 31, 47, 52, 53, 62, 72, 74, 76, 80, 96, 97, 100, 105, 108, 109, 115, 136, 139, 148, 149, 156, 158, 159, 161, 168, 173, 174, 180, 186, 188, 191, 198, 202, 207, 213, 214, 215, 216, 225, 227, 230, 233]
R2 de Treino = 97.37
R2 de Teste = 94.66

42 / 150  28.0 %
Tempo restante 0:00:05.676588

#################  Rodada 43 / 150  28.67 %
Parâmetros ('EV_CE', 'PRE_CE', 'WAI_CE', 'saz_sin', 'saz_cos')
Linhas de Treino [0, 1, 2, 3, 4, 5, 6, 7, 8, 9, 10, 11, 12, 13, 14, 15, 17, 19, 20, 21, 22, 23, 24, 25, 26, 27, 28, 30, 31, 34, 35, 36, 39, 40, 41, 42, 43, 44, 46, 47, 48, 50, 52, 53, 55, 56, 57, 58, 59, 60, 61, 62, 63, 65, 66, 68, 69, 70, 72, 74, 75, 76, 77, 78, 79, 80, 82, 83, 86, 87, 88, 91, 92, 93, 94, 96, 97, 98, 99, 100, 102, 104, 105, 106, 107, 108, 109, 110, 111, 112, 113, 114, 115, 116, 117, 118, 119, 120, 121, 122, 124, 129, 130, 132, 133, 134, 135, 136, 137, 138, 139, 140, 142, 144, 145, 146, 147, 148, 149, 150, 154, 155, 156, 157, 158, 159, 160, 161, 162, 163, 164, 165, 167, 168, 169, 170, 171, 172, 173, 174, 175, 176, 177, 179, 180, 181, 182, 183, 185, 186, 188, 189, 190, 191, 192, 196, 197, 198, 202, 203, 205, 207, 208, 210, 211, 212, 213, 214, 215, 216, 217, 218, 219, 220, 221, 222, 223, 224, 225, 226, 227, 228, 229, 230, 231, 232, 233, 234, 235, 236, 238, 239]
Linhas de Teste [16, 18, 29, 32, 33, 37, 38, 45, 49, 51, 54, 64, 67, 71, 73, 81, 84, 85, 89, 90, 95, 101, 103, 123, 125, 126, 127, 128, 131, 141, 143, 151, 152, 153, 166, 178, 184, 187, 193, 194, 195, 199, 200, 201, 204, 206, 209, 237]
R2 de Treino = 97.0
R2 de Teste = 96.86

43 / 150  28.67 %
Tempo restante 0:00:05.740764

#################  Rodada 44 / 150  29.33 %
Parâmetros ('EV_CE', 'PRE_CE', 'WAI_CE', 'saz_sin', 'saz_cos')
Linhas de Treino [1, 2, 3, 4, 5, 6, 7, 8, 10, 11, 12, 13, 14, 15, 16, 17, 18, 20, 21, 22, 23, 24, 25, 26, 27, 29, 30, 31, 32, 33, 35, 36, 37, 38, 39, 40, 41, 44, 45, 46, 47, 49, 50, 51, 52, 53, 54, 57, 59, 60, 61, 62, 64, 65, 66, 67, 68, 69, 70, 71, 72, 73, 74, 76, 77, 78, 80, 81, 82, 83, 84, 85, 86, 87, 88, 89, 90, 91, 94, 95, 96, 97, 98, 99, 100, 101, 102, 103, 105, 108, 109, 110, 111, 112, 114, 115, 116, 118, 121, 122, 123, 124, 125, 126, 127, 128, 129, 130, 131, 134, 135, 136, 137, 139, 140, 141, 142, 143, 144, 145, 146, 148, 149, 150, 151, 152, 153, 156, 157, 158, 159, 160, 161, 162, 163, 165, 166, 167, 168, 171, 172, 173, 174, 175, 177, 178, 180, 182, 183, 184, 185, 186, 187, 188, 191, 192, 193, 194, 195, 196, 197, 198, 199, 200, 201, 202, 204, 205, 206, 207, 209, 212, 213, 214, 215, 216, 220, 221, 222, 223, 224, 225, 227, 230, 231, 232, 233, 234, 235, 236, 237, 239]
Linhas de Teste [0, 9, 19, 28, 34, 42, 43, 48, 55, 56, 58, 63, 75, 79, 92, 93, 104, 106, 107, 113, 117, 119, 120, 132, 133, 138, 147, 154, 155, 164, 169, 170, 176, 179, 181, 189, 190, 203, 208, 210, 211, 217, 218, 219, 226, 228, 229, 238]
R2 de Treino = 97.03
R2 de Teste = 96.93

44 / 150  29.33 %
Tempo restante 0:00:05.592136

#################  Rodada 45 / 150  30.0 %
Parâmetros ('EV_CE', 'PRE_CE', 'WAI_CE', 'saz_sin', 'saz_cos')
Linhas de Treino [0, 2, 3, 5, 6, 8, 9, 10, 12, 14, 15, 16, 18, 19, 21, 22, 23, 24, 26, 28, 29, 31, 32, 33, 34, 35, 37, 38, 42, 43, 45, 47, 48, 49, 50, 51, 52, 53, 54, 55, 56, 57, 58, 60, 62, 63, 64, 66, 67, 70, 71, 72, 73, 74, 75, 76, 78, 79, 80, 81, 82, 84, 85, 87, 89, 90, 91, 92, 93, 94, 95, 96, 97, 100, 101, 102, 103, 104, 105, 106, 107, 108, 109, 111, 112, 113, 114, 115, 116, 117, 119, 120, 121, 123, 125, 126, 127, 128, 131, 132, 133, 134, 135, 136, 137, 138, 139, 140, 141, 143, 145, 146, 147, 148, 149, 151, 152, 153, 154, 155, 156, 157, 158, 159, 160, 161, 164, 166, 168, 169, 170, 172, 173, 174, 175, 176, 177, 178, 179, 180, 181, 182, 184, 185, 186, 187, 188, 189, 190, 191, 193, 194, 195, 196, 197, 198, 199, 200, 201, 202, 203, 204, 205, 206, 207, 208, 209, 210, 211, 212, 213, 214, 215, 216, 217, 218, 219, 220, 223, 225, 226, 227, 228, 229, 230, 231, 232, 233, 234, 235, 237, 238]
Linhas de Teste [1, 4, 7, 11, 13, 17, 20, 25, 27, 30, 36, 39, 40, 41, 44, 46, 59, 61, 65, 68, 69, 77, 83, 86, 88, 98, 99, 110, 118, 122, 124, 129, 130, 142, 144, 150, 162, 163, 165, 167, 171, 183, 192, 221, 222, 224, 236, 239]
R2 de Treino = 97.3
R2 de Teste = 95.08

45 / 150  30.0 %
Tempo restante 0:00:05.494965

#################  Rodada 46 / 150  30.67 %
Parâmetros ('EV_CE', 'PRE_CE', 'WAI_CE', 'saz_sin', 'saz_cos')
Linhas de Treino [1, 2, 4, 6, 7, 8, 9, 10, 11, 12, 13, 14, 15, 16, 18, 20, 21, 22, 23, 25, 26, 29, 30, 31, 32, 33, 34, 35, 36, 37, 38, 40, 41, 43, 44, 45, 46, 48, 49, 51, 52, 53, 54, 55, 57, 59, 61, 63, 64, 66, 67, 68, 69, 70, 71, 72, 73, 76, 77, 79, 80, 82, 83, 84, 85, 86, 88, 89, 90, 93, 94, 95, 96, 98, 99, 100, 101, 102, 103, 104, 105, 106, 107, 108, 109, 110, 111, 112, 113, 114, 116, 117, 118, 119, 120, 121, 122, 123, 124, 125, 126, 128, 129, 130, 131, 133, 135, 136, 137, 140, 141, 142, 143, 144, 145, 146, 148, 149, 150, 151, 153, 155, 156, 157, 158, 159, 160, 161, 163, 164, 165, 166, 168, 169, 170, 171, 172, 173, 174, 175, 176, 177, 178, 183, 184, 185, 186, 187, 188, 189, 190, 191, 192, 193, 194, 195, 198, 199, 200, 202, 204, 205, 206, 208, 210, 211, 213, 214, 215, 216, 217, 218, 219, 221, 222, 223, 224, 225, 226, 227, 228, 229, 230, 231, 232, 233, 234, 235, 236, 237, 238, 239]
Linhas de Teste [0, 3, 5, 17, 19, 24, 27, 28, 39, 42, 47, 50, 56, 58, 60, 62, 65, 74, 75, 78, 81, 87, 91, 92, 97, 115, 127, 132, 134, 138, 139, 147, 152, 154, 162, 167, 179, 180, 181, 182, 196, 197, 201, 203, 207, 209, 212, 220]
R2 de Treino = 97.13
R2 de Teste = 96.41

46 / 150  30.67 %
Tempo restante 0:00:05.550064

#################  Rodada 47 / 150  31.33 %
Parâmetros ('EV_CE', 'PRE_CE', 'WAI_CE', 'saz_sin', 'saz_cos')
Linhas de Treino [0, 1, 2, 3, 4, 5, 6, 7, 8, 9, 10, 12, 14, 17, 18, 19, 20, 23, 24, 25, 26, 27, 28, 31, 34, 35, 36, 38, 39, 40, 41, 42, 43, 45, 46, 47, 48, 49, 50, 51, 53, 55, 56, 57, 58, 59, 60, 62, 63, 65, 66, 67, 68, 69, 70, 71, 72, 73, 74, 75, 76, 77, 78, 80, 81, 83, 84, 85, 86, 87, 88, 89, 90, 91, 92, 93, 94, 96, 97, 99, 101, 102, 105, 107, 108, 111, 115, 116, 117, 118, 119, 120, 121, 122, 124, 126, 127, 128, 130, 131, 132, 133, 134, 135, 136, 137, 138, 139, 140, 142, 143, 145, 146, 147, 148, 149, 151, 152, 153, 154, 155, 156, 157, 158, 159, 161, 162, 163, 164, 166, 167, 168, 169, 170, 171, 172, 173, 174, 175, 176, 177, 178, 179, 180, 181, 182, 183, 184, 185, 186, 187, 188, 189, 190, 193, 194, 195, 196, 197, 198, 199, 201, 202, 203, 204, 205, 206, 207, 208, 209, 210, 211, 212, 214, 216, 217, 219, 220, 222, 223, 224, 225, 228, 229, 230, 231, 233, 234, 236, 237, 238, 239]
Linhas de Teste [11, 13, 15, 16, 21, 22, 29, 30, 32, 33, 37, 44, 52, 54, 61, 64, 79, 82, 95, 98, 100, 103, 104, 106, 109, 110, 112, 113, 114, 123, 125, 129, 141, 144, 150, 160, 165, 191, 192, 200, 213, 215, 218, 221, 226, 227, 232, 235]
R2 de Treino = 97.12
R2 de Teste = 96.49

47 / 150  31.33 %
Tempo restante 0:00:05.445095

#################  Rodada 48 / 150  32.0 %
Parâmetros ('EV_CE', 'PRE_CE', 'WAI_CE', 'saz_sin', 'saz_cos')
Linhas de Treino [0, 1, 3, 5, 6, 8, 9, 10, 11, 13, 14, 15, 16, 17, 18, 19, 20, 21, 22, 24, 25, 26, 27, 28, 29, 30, 32, 33, 34, 35, 36, 37, 38, 39, 41, 42, 44, 46, 47, 48, 49, 50, 51, 52, 53, 54, 55, 56, 58, 59, 60, 61, 62, 63, 64, 65, 67, 68, 70, 71, 73, 74, 75, 76, 77, 78, 79, 81, 82, 83, 84, 87, 88, 89, 90, 91, 92, 93, 94, 95, 97, 98, 99, 100, 103, 104, 105, 106, 107, 109, 110, 112, 113, 114, 115, 116, 117, 118, 119, 120, 121, 122, 123, 124, 125, 127, 128, 129, 131, 132, 134, 135, 136, 137, 138, 139, 140, 141, 142, 143, 144, 145, 146, 147, 148, 149, 150, 151, 152, 153, 154, 155, 156, 157, 158, 160, 162, 163, 165, 167, 169, 170, 171, 172, 173, 174, 176, 179, 180, 181, 182, 183, 187, 188, 190, 191, 192, 195, 196, 197, 198, 199, 200, 201, 202, 203, 205, 206, 207, 209, 211, 212, 213, 214, 215, 216, 218, 219, 220, 221, 222, 224, 225, 226, 227, 228, 231, 232, 235, 237, 238, 239]
Linhas de Teste [2, 4, 7, 12, 23, 31, 40, 43, 45, 57, 66, 69, 72, 80, 85, 86, 96, 101, 102, 108, 111, 126, 130, 133, 159, 161, 164, 166, 168, 175, 177, 178, 184, 185, 186, 189, 193, 194, 204, 208, 210, 217, 223, 229, 230, 233, 234, 236]
R2 de Treino = 96.98
R2 de Teste = 97.1

48 / 150  32.0 %
Tempo restante 0:00:05.402328

#################  Rodada 49 / 150  32.67 %
Parâmetros ('EV_CE', 'PRE_CE', 'WAI_CE', 'saz_sin', 'saz_cos')
Linhas de Treino [0, 1, 2, 3, 4, 5, 6, 7, 11, 12, 13, 15, 16, 17, 19, 21, 22, 23, 24, 26, 27, 28, 29, 30, 31, 32, 33, 34, 35, 37, 38, 39, 40, 41, 42, 43, 44, 45, 47, 50, 51, 52, 53, 54, 55, 56, 57, 58, 60, 61, 62, 64, 65, 66, 69, 70, 72, 73, 74, 75, 76, 77, 78, 79, 80, 81, 82, 83, 85, 86, 87, 88, 89, 91, 92, 93, 94, 95, 96, 97, 98, 100, 101, 102, 103, 104, 105, 106, 107, 108, 109, 110, 111, 112, 113, 114, 115, 116, 117, 119, 123, 124, 125, 126, 127, 128, 129, 130, 131, 132, 133, 134, 135, 138, 139, 140, 141, 143, 144, 145, 147, 150, 152, 154, 155, 156, 157, 158, 159, 160, 161, 162, 163, 164, 165, 166, 167, 168, 169, 171, 172, 175, 176, 177, 178, 179, 180, 181, 182, 183, 184, 185, 186, 188, 189, 190, 191, 192, 193, 194, 195, 196, 197, 200, 201, 202, 203, 204, 207, 208, 209, 210, 212, 213, 215, 216, 217, 218, 220, 221, 223, 226, 227, 228, 229, 230, 232, 233, 234, 235, 236, 237]
Linhas de Teste [8, 9, 10, 14, 18, 20, 25, 36, 46, 48, 49, 59, 63, 67, 68, 71, 84, 90, 99, 118, 120, 121, 122, 136, 137, 142, 146, 148, 149, 151, 153, 170, 173, 174, 187, 198, 199, 205, 206, 211, 214, 219, 222, 224, 225, 231, 238, 239]
R2 de Treino = 97.18
R2 de Teste = 96.09

49 / 150  32.67 %
Tempo restante 0:00:05.490259

#################  Rodada 50 / 150  33.33 %
Parâmetros ('EV_CE', 'PRE_CE', 'WAI_CE', 'saz_sin', 'saz_cos')
Linhas de Treino [0, 2, 3, 4, 5, 7, 8, 9, 10, 11, 12, 13, 14, 15, 16, 17, 18, 19, 20, 21, 22, 23, 24, 25, 27, 28, 29, 30, 31, 32, 33, 36, 37, 39, 40, 42, 43, 44, 45, 46, 47, 48, 49, 50, 52, 54, 56, 57, 58, 59, 60, 61, 62, 63, 64, 65, 66, 67, 68, 69, 71, 72, 74, 75, 78, 79, 80, 81, 82, 84, 85, 86, 87, 90, 91, 92, 95, 96, 97, 98, 99, 100, 101, 102, 103, 104, 106, 108, 109, 110, 111, 112, 113, 114, 115, 118, 120, 121, 122, 123, 125, 126, 127, 129, 130, 132, 133, 134, 136, 137, 138, 139, 141, 142, 144, 146, 147, 148, 149, 150, 151, 152, 153, 154, 159, 160, 161, 162, 164, 165, 166, 167, 168, 170, 173, 174, 175, 177, 178, 179, 180, 181, 182, 184, 185, 186, 187, 189, 191, 192, 193, 194, 196, 197, 198, 199, 200, 201, 203, 204, 205, 206, 207, 208, 209, 210, 211, 212, 213, 214, 215, 217, 218, 219, 220, 221, 222, 223, 224, 225, 226, 227, 229, 230, 231, 232, 233, 234, 235, 236, 238, 239]
Linhas de Teste [1, 6, 26, 34, 35, 38, 41, 51, 53, 55, 70, 73, 76, 77, 83, 88, 89, 93, 94, 105, 107, 116, 117, 119, 124, 128, 131, 135, 140, 143, 145, 155, 156, 157, 158, 163, 169, 171, 172, 176, 183, 188, 190, 195, 202, 216, 228, 237]
R2 de Treino = 97.04
R2 de Teste = 96.47

50 / 150  33.33 %
Tempo restante 0:00:05.299200

#################  Rodada 51 / 150  34.0 %
Parâmetros ('EV_CE', 'PRE_CE', 'WAI_CE', 'saz_sin', 'saz_cos')
Linhas de Treino [0, 1, 3, 4, 6, 7, 9, 10, 11, 12, 13, 14, 16, 19, 20, 23, 24, 25, 26, 27, 28, 30, 31, 33, 35, 37, 39, 40, 41, 42, 43, 44, 47, 48, 49, 50, 51, 53, 54, 55, 57, 58, 59, 61, 62, 63, 64, 65, 66, 67, 68, 70, 71, 72, 74, 76, 77, 78, 79, 81, 82, 83, 84, 85, 86, 87, 88, 89, 90, 91, 92, 93, 94, 95, 96, 97, 98, 100, 102, 103, 104, 105, 106, 107, 109, 110, 111, 112, 113, 114, 115, 116, 117, 119, 120, 121, 122, 123, 124, 125, 126, 127, 128, 129, 130, 132, 133, 134, 135, 136, 137, 138, 139, 140, 141, 142, 143, 144, 145, 146, 148, 149, 150, 151, 152, 153, 154, 155, 156, 157, 158, 159, 160, 161, 162, 163, 165, 166, 167, 168, 169, 172, 173, 174, 175, 176, 177, 178, 179, 180, 182, 183, 184, 187, 189, 190, 191, 193, 195, 196, 197, 198, 200, 201, 202, 206, 207, 209, 211, 213, 215, 216, 217, 218, 219, 220, 221, 222, 223, 224, 225, 226, 227, 228, 229, 230, 231, 232, 233, 237, 238, 239]
Linhas de Teste [2, 5, 8, 15, 17, 18, 21, 22, 29, 32, 34, 36, 38, 45, 46, 52, 56, 60, 69, 73, 75, 80, 99, 101, 108, 118, 131, 147, 164, 170, 171, 181, 185, 186, 188, 192, 194, 199, 203, 204, 205, 208, 210, 212, 214, 234, 235, 236]
R2 de Treino = 96.97
R2 de Teste = 96.88

51 / 150  34.0 %
Tempo restante 0:00:05.265612

#################  Rodada 52 / 150  34.67 %
Parâmetros ('EV_CE', 'PRE_CE', 'WAI_CE', 'saz_sin', 'saz_cos')
Linhas de Treino [1, 2, 3, 4, 5, 6, 7, 8, 9, 10, 11, 12, 13, 15, 16, 17, 18, 19, 20, 21, 22, 24, 25, 27, 28, 29, 30, 31, 32, 33, 34, 36, 38, 39, 41, 42, 43, 44, 45, 46, 47, 48, 51, 52, 53, 55, 56, 57, 58, 59, 60, 61, 62, 64, 67, 68, 69, 71, 72, 73, 74, 75, 77, 78, 79, 80, 81, 82, 85, 86, 87, 88, 91, 92, 95, 96, 98, 99, 100, 101, 102, 103, 104, 105, 108, 109, 111, 112, 113, 114, 115, 116, 118, 119, 121, 123, 124, 125, 126, 127, 128, 129, 130, 131, 132, 133, 134, 135, 136, 137, 138, 139, 140, 142, 143, 144, 145, 146, 147, 148, 149, 150, 151, 152, 153, 154, 155, 156, 157, 158, 159, 161, 162, 163, 164, 167, 168, 169, 170, 171, 172, 174, 176, 177, 179, 180, 181, 182, 184, 185, 186, 187, 188, 190, 192, 193, 194, 195, 199, 200, 201, 203, 204, 205, 206, 207, 208, 210, 211, 212, 213, 214, 216, 218, 219, 221, 223, 224, 225, 226, 227, 228, 229, 230, 231, 232, 233, 234, 235, 236, 237, 239]
Linhas de Teste [0, 14, 23, 26, 35, 37, 40, 49, 50, 54, 63, 65, 66, 70, 76, 83, 84, 89, 90, 93, 94, 97, 106, 107, 110, 117, 120, 122, 141, 160, 165, 166, 173, 175, 178, 183, 189, 191, 196, 197, 198, 202, 209, 215, 217, 220, 222, 238]
R2 de Treino = 97.34
R2 de Teste = 94.33

52 / 150  34.67 %
Tempo restante 0:00:05.208406

#################  Rodada 53 / 150  35.33 %
Parâmetros ('EV_CE', 'PRE_CE', 'WAI_CE', 'saz_sin', 'saz_cos')
Linhas de Treino [0, 2, 3, 4, 5, 6, 8, 9, 10, 11, 12, 13, 14, 15, 16, 17, 18, 19, 21, 22, 23, 24, 26, 29, 30, 31, 32, 34, 35, 36, 37, 38, 39, 40, 42, 45, 46, 49, 50, 51, 52, 53, 54, 55, 56, 57, 59, 60, 61, 62, 63, 64, 65, 66, 67, 69, 70, 72, 73, 75, 76, 77, 78, 79, 80, 81, 82, 83, 84, 85, 88, 89, 90, 91, 92, 93, 94, 95, 96, 97, 98, 99, 100, 101, 102, 106, 107, 108, 109, 110, 114, 115, 116, 117, 118, 119, 120, 122, 123, 124, 125, 127, 129, 130, 131, 132, 133, 135, 136, 137, 140, 141, 143, 145, 147, 148, 150, 153, 154, 155, 156, 158, 159, 160, 161, 162, 163, 164, 165, 166, 168, 169, 170, 171, 172, 173, 174, 175, 176, 177, 178, 179, 180, 181, 183, 184, 185, 186, 187, 188, 189, 190, 191, 192, 193, 194, 195, 196, 197, 198, 199, 201, 202, 203, 204, 205, 207, 208, 209, 210, 211, 212, 213, 214, 215, 217, 220, 221, 222, 224, 225, 226, 228, 229, 230, 231, 234, 235, 236, 237, 238, 239]
Linhas de Teste [1, 7, 20, 25, 27, 28, 33, 41, 43, 44, 47, 48, 58, 68, 71, 74, 86, 87, 103, 104, 105, 111, 112, 113, 121, 126, 128, 134, 138, 139, 142, 144, 146, 149, 151, 152, 157, 167, 182, 200, 206, 216, 218, 219, 223, 227, 232, 233]
R2 de Treino = 97.11
R2 de Teste = 96.52

53 / 150  35.33 %
Tempo restante 0:00:05.131397

#################  Rodada 54 / 150  36.0 %
Parâmetros ('EV_CE', 'PRE_CE', 'WAI_CE', 'saz_sin', 'saz_cos')
Linhas de Treino [0, 1, 2, 4, 5, 7, 8, 9, 11, 14, 15, 17, 18, 19, 20, 21, 22, 23, 24, 25, 26, 27, 28, 29, 30, 31, 32, 33, 34, 35, 36, 37, 38, 40, 41, 42, 43, 44, 45, 46, 47, 48, 49, 50, 52, 53, 54, 56, 58, 59, 60, 63, 64, 65, 66, 67, 68, 69, 70, 71, 73, 74, 75, 76, 77, 78, 79, 80, 83, 84, 86, 87, 88, 89, 90, 91, 92, 93, 94, 95, 97, 99, 101, 103, 104, 105, 106, 107, 108, 109, 110, 111, 112, 113, 116, 117, 118, 120, 121, 122, 124, 125, 126, 127, 128, 129, 130, 131, 133, 134, 135, 138, 139, 140, 141, 142, 144, 145, 146, 147, 148, 149, 150, 151, 152, 157, 159, 160, 161, 164, 165, 166, 167, 168, 170, 171, 172, 173, 175, 178, 179, 181, 182, 183, 185, 186, 187, 188, 189, 190, 191, 192, 194, 195, 196, 197, 198, 199, 200, 201, 202, 203, 204, 205, 206, 207, 208, 209, 210, 211, 212, 214, 215, 216, 217, 218, 219, 220, 222, 223, 225, 226, 227, 228, 229, 230, 232, 233, 234, 235, 236, 238]
Linhas de Teste [3, 6, 10, 12, 13, 16, 39, 51, 55, 57, 61, 62, 72, 81, 82, 85, 96, 98, 100, 102, 114, 115, 119, 123, 132, 136, 137, 143, 153, 154, 155, 156, 158, 162, 163, 169, 174, 176, 177, 180, 184, 193, 213, 221, 224, 231, 237, 239]
R2 de Treino = 97.17
R2 de Teste = 95.87

54 / 150  36.0 %
Tempo restante 0:00:05.052000

#################  Rodada 55 / 150  36.67 %
Parâmetros ('EV_CE', 'PRE_CE', 'WAI_CE', 'saz_sin', 'saz_cos')
Linhas de Treino [0, 1, 2, 3, 5, 6, 7, 8, 10, 12, 13, 14, 15, 16, 17, 18, 20, 21, 22, 23, 25, 26, 27, 28, 29, 32, 33, 34, 35, 36, 37, 38, 39, 40, 41, 43, 44, 45, 46, 47, 48, 49, 50, 51, 52, 54, 55, 56, 57, 58, 60, 61, 62, 63, 65, 66, 68, 69, 70, 71, 72, 73, 74, 75, 76, 80, 81, 82, 83, 84, 85, 86, 87, 89, 90, 93, 94, 96, 97, 98, 99, 100, 101, 102, 103, 104, 105, 106, 107, 108, 110, 111, 112, 113, 114, 115, 117, 118, 119, 120, 121, 122, 123, 126, 128, 131, 132, 134, 136, 137, 138, 139, 141, 142, 143, 144, 146, 147, 149, 151, 152, 153, 154, 155, 156, 157, 158, 160, 162, 163, 164, 165, 166, 167, 169, 170, 171, 173, 174, 175, 176, 177, 178, 180, 181, 182, 183, 184, 185, 186, 188, 189, 191, 192, 193, 194, 196, 197, 198, 199, 200, 202, 203, 204, 205, 206, 208, 209, 210, 212, 213, 214, 215, 216, 217, 218, 219, 220, 221, 222, 223, 224, 227, 231, 232, 233, 234, 235, 236, 237, 238, 239]
Linhas de Teste [4, 9, 11, 19, 24, 30, 31, 42, 53, 59, 64, 67, 77, 78, 79, 88, 91, 92, 95, 109, 116, 124, 125, 127, 129, 130, 133, 135, 140, 145, 148, 150, 159, 161, 168, 172, 179, 187, 190, 195, 201, 207, 211, 225, 226, 228, 229, 230]
R2 de Treino = 96.9
R2 de Teste = 97.4

55 / 150  36.67 %
Tempo restante 0:00:05.065780

#################  Rodada 56 / 150  37.33 %
Parâmetros ('EV_CE', 'PRE_CE', 'WAI_CE', 'saz_sin', 'saz_cos')
Linhas de Treino [0, 1, 2, 3, 4, 5, 8, 9, 11, 12, 13, 14, 15, 16, 17, 18, 19, 20, 21, 22, 23, 24, 25, 26, 28, 29, 30, 32, 34, 35, 36, 37, 38, 40, 41, 43, 44, 45, 46, 47, 48, 49, 50, 53, 54, 55, 56, 57, 58, 59, 60, 62, 63, 64, 65, 68, 69, 70, 71, 72, 73, 74, 75, 76, 77, 79, 80, 81, 84, 85, 86, 87, 89, 90, 91, 93, 94, 96, 97, 98, 99, 100, 101, 102, 103, 104, 105, 107, 108, 109, 110, 111, 112, 115, 116, 117, 118, 119, 120, 122, 123, 124, 125, 127, 128, 129, 131, 132, 133, 134, 135, 136, 137, 139, 140, 141, 142, 143, 144, 147, 148, 149, 150, 152, 153, 154, 155, 156, 157, 158, 159, 160, 161, 162, 163, 164, 166, 168, 169, 170, 171, 172, 173, 175, 176, 177, 178, 179, 182, 183, 184, 185, 186, 187, 188, 189, 190, 192, 193, 194, 195, 196, 197, 201, 202, 203, 204, 205, 206, 207, 208, 209, 210, 211, 212, 214, 215, 217, 218, 219, 220, 222, 225, 227, 228, 230, 232, 233, 234, 237, 238, 239]
Linhas de Teste [6, 7, 10, 27, 31, 33, 39, 42, 51, 52, 61, 66, 67, 78, 82, 83, 88, 92, 95, 106, 113, 114, 121, 126, 130, 138, 145, 146, 151, 165, 167, 174, 180, 181, 191, 198, 199, 200, 213, 216, 221, 223, 224, 226, 229, 231, 235, 236]
R2 de Treino = 97.27
R2 de Teste = 95.68

56 / 150  37.33 %
Tempo restante 0:00:05.017156

#################  Rodada 57 / 150  38.0 %
Parâmetros ('EV_CE', 'PRE_CE', 'WAI_CE', 'saz_sin', 'saz_cos')
Linhas de Treino [1, 2, 3, 4, 6, 7, 9, 10, 11, 12, 13, 14, 16, 17, 18, 19, 21, 22, 23, 24, 26, 27, 28, 29, 30, 31, 32, 33, 36, 37, 38, 39, 42, 43, 44, 45, 46, 47, 48, 49, 51, 52, 53, 54, 55, 56, 57, 59, 61, 62, 63, 65, 66, 67, 69, 70, 71, 74, 75, 77, 78, 79, 81, 82, 83, 85, 87, 88, 89, 90, 91, 92, 93, 94, 95, 96, 97, 99, 100, 101, 102, 103, 104, 105, 106, 107, 108, 109, 110, 111, 112, 113, 114, 116, 117, 118, 119, 120, 121, 124, 126, 127, 128, 130, 131, 133, 135, 136, 137, 138, 140, 143, 144, 145, 146, 147, 148, 149, 150, 151, 152, 153, 154, 156, 157, 159, 160, 161, 162, 163, 164, 165, 166, 167, 168, 169, 170, 171, 172, 173, 174, 175, 176, 179, 180, 181, 183, 185, 187, 188, 190, 191, 192, 194, 195, 196, 198, 199, 200, 201, 203, 204, 205, 206, 208, 209, 211, 212, 213, 214, 215, 216, 217, 218, 219, 220, 221, 222, 223, 224, 226, 227, 228, 229, 231, 232, 233, 235, 236, 237, 238, 239]
Linhas de Teste [0, 5, 8, 15, 20, 25, 34, 35, 40, 41, 50, 58, 60, 64, 68, 72, 73, 76, 80, 84, 86, 98, 115, 122, 123, 125, 129, 132, 134, 139, 141, 142, 155, 158, 177, 178, 182, 184, 186, 189, 193, 197, 202, 207, 210, 225, 230, 234]
R2 de Treino = 97.07
R2 de Teste = 96.7

57 / 150  38.0 %
Tempo restante 0:00:04.953645

#################  Rodada 58 / 150  38.67 %
Parâmetros ('EV_CE', 'PRE_CE', 'WAI_CE', 'saz_sin', 'saz_cos')
Linhas de Treino [0, 1, 2, 3, 4, 5, 6, 7, 8, 9, 10, 11, 12, 13, 15, 16, 18, 19, 20, 21, 22, 23, 24, 25, 26, 27, 28, 29, 31, 33, 34, 35, 36, 37, 38, 39, 40, 41, 42, 43, 45, 49, 50, 51, 52, 53, 55, 56, 57, 58, 60, 61, 63, 64, 65, 66, 67, 68, 69, 70, 71, 72, 73, 74, 76, 78, 80, 82, 83, 84, 85, 86, 87, 88, 89, 92, 94, 95, 96, 97, 98, 100, 102, 103, 105, 106, 107, 110, 111, 113, 114, 115, 117, 118, 120, 121, 122, 123, 124, 125, 126, 127, 128, 129, 130, 131, 132, 134, 135, 136, 137, 138, 139, 141, 142, 143, 145, 146, 148, 150, 151, 153, 154, 155, 156, 158, 159, 161, 163, 164, 165, 167, 168, 169, 170, 172, 174, 175, 177, 178, 179, 180, 181, 182, 183, 184, 185, 186, 188, 189, 190, 191, 192, 193, 194, 197, 198, 199, 200, 201, 202, 203, 204, 205, 206, 207, 208, 209, 210, 212, 213, 216, 217, 220, 221, 223, 224, 225, 226, 227, 228, 229, 230, 231, 232, 233, 234, 235, 236, 237, 238, 239]
Linhas de Teste [14, 17, 30, 32, 44, 46, 47, 48, 54, 59, 62, 75, 77, 79, 81, 90, 91, 93, 99, 101, 104, 108, 109, 112, 116, 119, 133, 140, 144, 147, 149, 152, 157, 160, 162, 166, 171, 173, 176, 187, 195, 196, 211, 214, 215, 218, 219, 222]
R2 de Treino = 97.11
R2 de Teste = 96.37

58 / 150  38.67 %
Tempo restante 0:00:04.918596

#################  Rodada 59 / 150  39.33 %
Parâmetros ('EV_CE', 'PRE_CE', 'WAI_CE', 'saz_sin', 'saz_cos')
Linhas de Treino [0, 1, 2, 4, 5, 6, 7, 8, 10, 12, 14, 15, 17, 18, 20, 21, 22, 24, 25, 26, 27, 28, 29, 30, 31, 32, 33, 34, 35, 38, 39, 40, 41, 42, 43, 44, 46, 47, 48, 49, 50, 51, 52, 54, 58, 59, 60, 61, 62, 63, 64, 66, 67, 68, 71, 72, 73, 75, 76, 77, 78, 79, 80, 81, 82, 83, 84, 86, 87, 88, 90, 91, 92, 93, 94, 95, 96, 98, 99, 101, 103, 104, 105, 106, 107, 108, 109, 110, 112, 113, 114, 115, 116, 117, 119, 121, 122, 123, 125, 126, 127, 128, 129, 130, 131, 132, 133, 134, 135, 138, 139, 140, 141, 142, 143, 144, 145, 146, 147, 149, 150, 151, 152, 155, 156, 157, 158, 160, 162, 164, 165, 166, 167, 170, 171, 173, 174, 176, 177, 178, 179, 180, 181, 182, 183, 184, 185, 186, 187, 188, 189, 190, 191, 192, 193, 195, 196, 197, 198, 199, 200, 202, 204, 206, 207, 208, 209, 210, 211, 212, 213, 214, 215, 216, 217, 218, 219, 221, 222, 223, 224, 225, 226, 229, 230, 231, 233, 234, 235, 236, 237, 239]
Linhas de Teste [3, 9, 11, 13, 16, 19, 23, 36, 37, 45, 53, 55, 56, 57, 65, 69, 70, 74, 85, 89, 97, 100, 102, 111, 118, 120, 124, 136, 137, 148, 153, 154, 159, 161, 163, 168, 169, 172, 175, 194, 201, 203, 205, 220, 227, 228, 232, 238]
R2 de Treino = 96.88
R2 de Teste = 96.98

59 / 150  39.33 %
Tempo restante 0:00:04.839562

#################  Rodada 60 / 150  40.0 %
Parâmetros ('EV_CE', 'PRE_CE', 'WAI_CE', 'saz_sin', 'saz_cos')
Linhas de Treino [0, 3, 5, 6, 7, 8, 9, 10, 11, 13, 14, 15, 16, 17, 19, 20, 23, 25, 27, 30, 31, 32, 33, 34, 35, 36, 37, 39, 40, 41, 42, 44, 45, 46, 47, 48, 50, 51, 52, 53, 54, 55, 56, 57, 58, 59, 60, 61, 62, 64, 65, 66, 67, 68, 69, 70, 72, 73, 74, 75, 76, 77, 78, 79, 80, 81, 82, 83, 84, 85, 86, 88, 89, 90, 91, 92, 93, 95, 97, 98, 99, 100, 101, 102, 104, 106, 108, 109, 111, 112, 113, 114, 115, 116, 118, 119, 120, 121, 122, 123, 124, 125, 126, 129, 130, 132, 133, 134, 136, 137, 138, 139, 140, 141, 142, 144, 145, 146, 147, 148, 149, 151, 152, 153, 154, 155, 157, 158, 159, 160, 161, 162, 163, 165, 166, 167, 168, 169, 171, 172, 173, 174, 175, 176, 177, 178, 180, 181, 182, 184, 186, 187, 189, 191, 193, 194, 195, 196, 197, 198, 199, 200, 201, 202, 203, 205, 207, 210, 211, 213, 214, 215, 216, 218, 219, 220, 221, 222, 223, 224, 225, 226, 227, 228, 229, 230, 231, 232, 234, 235, 236, 238]
Linhas de Teste [1, 2, 4, 12, 18, 21, 22, 24, 26, 28, 29, 38, 43, 49, 63, 71, 87, 94, 96, 103, 105, 107, 110, 117, 127, 128, 131, 135, 143, 150, 156, 164, 170, 179, 183, 185, 188, 190, 192, 204, 206, 208, 209, 212, 217, 233, 237, 239]
R2 de Treino = 97.2
R2 de Teste = 95.72

60 / 150  40.0 %
Tempo restante 0:00:04.845960

#################  Rodada 61 / 150  40.67 %
Parâmetros ('EV_CE', 'PRE_CE', 'WAI_CE', 'saz_sin', 'saz_cos')
Linhas de Treino [0, 1, 2, 3, 4, 5, 6, 7, 8, 10, 11, 12, 13, 15, 16, 17, 18, 19, 20, 21, 22, 24, 25, 26, 27, 29, 31, 32, 33, 34, 37, 39, 40, 41, 42, 43, 45, 46, 47, 48, 49, 50, 51, 54, 56, 57, 58, 59, 60, 61, 62, 64, 65, 67, 68, 69, 70, 71, 72, 73, 75, 76, 78, 79, 80, 82, 84, 85, 87, 88, 89, 91, 92, 93, 95, 96, 97, 98, 100, 101, 103, 105, 106, 108, 109, 110, 111, 112, 113, 114, 115, 116, 117, 119, 122, 123, 124, 125, 126, 127, 129, 130, 131, 132, 134, 135, 136, 137, 139, 140, 141, 142, 143, 144, 145, 146, 147, 148, 149, 150, 151, 152, 153, 154, 155, 157, 158, 159, 160, 161, 163, 164, 166, 167, 168, 169, 170, 173, 174, 175, 176, 177, 178, 179, 181, 183, 185, 187, 188, 189, 191, 192, 193, 194, 195, 196, 197, 199, 200, 201, 203, 204, 205, 206, 207, 208, 209, 210, 211, 213, 214, 215, 216, 217, 220, 221, 222, 223, 224, 227, 228, 229, 230, 231, 232, 233, 234, 235, 236, 237, 238, 239]
Linhas de Teste [9, 14, 23, 28, 30, 35, 36, 38, 44, 52, 53, 55, 63, 66, 74, 77, 81, 83, 86, 90, 94, 99, 102, 104, 107, 118, 120, 121, 128, 133, 138, 156, 162, 165, 171, 172, 180, 182, 184, 186, 190, 198, 202, 212, 218, 219, 225, 226]
R2 de Treino = 97.37
R2 de Teste = 94.16

61 / 150  40.67 %
Tempo restante 0:00:04.773604

#################  Rodada 62 / 150  41.33 %
Parâmetros ('EV_CE', 'PRE_CE', 'WAI_CE', 'saz_sin', 'saz_cos')
Linhas de Treino [0, 1, 2, 3, 4, 5, 6, 7, 8, 9, 10, 11, 12, 13, 14, 15, 16, 18, 19, 20, 21, 22, 23, 25, 26, 27, 28, 29, 30, 31, 32, 35, 36, 37, 38, 39, 40, 41, 42, 43, 44, 45, 46, 47, 48, 50, 52, 53, 54, 55, 56, 57, 58, 59, 60, 62, 63, 64, 65, 66, 67, 69, 70, 71, 73, 74, 75, 77, 78, 79, 80, 81, 83, 84, 85, 86, 87, 88, 90, 91, 93, 94, 96, 97, 98, 99, 100, 101, 102, 103, 104, 106, 107, 108, 109, 111, 112, 113, 114, 115, 116, 117, 118, 119, 120, 121, 122, 124, 126, 127, 128, 129, 130, 131, 133, 134, 136, 137, 138, 139, 141, 142, 143, 144, 146, 150, 151, 152, 153, 154, 156, 160, 162, 163, 164, 165, 166, 167, 168, 171, 172, 174, 176, 177, 178, 180, 182, 184, 185, 186, 188, 189, 190, 191, 193, 194, 195, 196, 197, 198, 200, 201, 202, 203, 205, 206, 208, 209, 210, 211, 212, 214, 215, 217, 218, 219, 220, 221, 223, 225, 226, 228, 229, 231, 232, 233, 234, 235, 236, 237, 238, 239]
Linhas de Teste [17, 24, 33, 34, 49, 51, 61, 68, 72, 76, 82, 89, 92, 95, 105, 110, 123, 125, 132, 135, 140, 145, 147, 148, 149, 155, 157, 158, 159, 161, 169, 170, 173, 175, 179, 181, 183, 187, 192, 199, 204, 207, 213, 216, 222, 224, 227, 230]
R2 de Treino = 97.23
R2 de Teste = 95.39

62 / 150  41.33 %
Tempo restante 0:00:04.645080

#################  Rodada 63 / 150  42.0 %
Parâmetros ('EV_CE', 'PRE_CE', 'WAI_CE', 'saz_sin', 'saz_cos')
Linhas de Treino [1, 4, 5, 9, 10, 13, 14, 16, 17, 19, 20, 21, 22, 23, 24, 25, 27, 28, 30, 31, 32, 33, 34, 35, 36, 37, 38, 41, 42, 43, 44, 48, 49, 50, 51, 52, 53, 55, 56, 57, 58, 60, 61, 62, 63, 64, 65, 66, 67, 68, 70, 72, 73, 74, 75, 76, 77, 78, 80, 81, 82, 83, 84, 85, 86, 87, 88, 89, 90, 91, 92, 94, 95, 96, 97, 98, 99, 102, 104, 105, 107, 109, 110, 111, 112, 114, 115, 116, 118, 119, 120, 121, 122, 123, 124, 125, 126, 127, 128, 130, 132, 133, 134, 135, 137, 138, 139, 140, 142, 143, 145, 146, 147, 148, 149, 151, 152, 153, 154, 155, 156, 157, 158, 159, 160, 161, 162, 164, 165, 166, 167, 168, 169, 170, 171, 172, 173, 175, 176, 177, 178, 179, 180, 181, 182, 183, 184, 185, 186, 187, 188, 190, 192, 194, 195, 196, 197, 198, 199, 201, 202, 203, 204, 205, 206, 207, 209, 210, 211, 212, 213, 214, 215, 216, 217, 218, 219, 221, 222, 223, 224, 225, 226, 227, 228, 229, 230, 232, 233, 236, 237, 239]
Linhas de Teste [0, 2, 3, 6, 7, 8, 11, 12, 15, 18, 26, 29, 39, 40, 45, 46, 47, 54, 59, 69, 71, 79, 93, 100, 101, 103, 106, 108, 113, 117, 129, 131, 136, 141, 144, 150, 163, 174, 189, 191, 193, 200, 208, 220, 231, 234, 235, 238]
R2 de Treino = 97.12
R2 de Teste = 96.46

63 / 150  42.0 %
Tempo restante 0:00:04.586466

#################  Rodada 64 / 150  42.67 %
Parâmetros ('EV_CE', 'PRE_CE', 'WAI_CE', 'saz_sin', 'saz_cos')
Linhas de Treino [0, 1, 2, 3, 4, 6, 7, 8, 9, 11, 12, 14, 15, 16, 17, 18, 21, 23, 24, 26, 27, 28, 29, 30, 32, 33, 34, 35, 36, 38, 39, 40, 42, 44, 45, 46, 47, 48, 49, 51, 52, 53, 54, 55, 56, 59, 60, 61, 63, 64, 65, 66, 68, 69, 70, 71, 72, 73, 74, 76, 77, 79, 80, 81, 82, 83, 84, 85, 86, 88, 89, 90, 92, 93, 94, 95, 97, 99, 100, 101, 102, 103, 104, 105, 106, 107, 108, 110, 111, 113, 114, 116, 117, 118, 120, 121, 123, 125, 126, 127, 128, 129, 131, 132, 133, 135, 136, 138, 139, 140, 141, 144, 145, 146, 147, 148, 149, 150, 151, 155, 156, 157, 158, 159, 160, 161, 162, 163, 164, 165, 166, 168, 169, 170, 171, 172, 173, 174, 175, 176, 177, 179, 180, 181, 182, 183, 184, 185, 186, 187, 188, 189, 190, 191, 192, 193, 195, 197, 198, 199, 200, 201, 202, 203, 204, 205, 206, 207, 208, 212, 213, 215, 216, 217, 218, 219, 220, 221, 222, 224, 225, 226, 227, 228, 230, 231, 232, 234, 235, 237, 238, 239]
Linhas de Teste [5, 10, 13, 19, 20, 22, 25, 31, 37, 41, 43, 50, 57, 58, 62, 67, 75, 78, 87, 91, 96, 98, 109, 112, 115, 119, 122, 124, 130, 134, 137, 142, 143, 152, 153, 154, 167, 178, 194, 196, 209, 210, 211, 214, 223, 229, 233, 236]
R2 de Treino = 97.02
R2 de Teste = 96.99

64 / 150  42.67 %
Tempo restante 0:00:04.593604

#################  Rodada 65 / 150  43.33 %
Parâmetros ('EV_CE', 'PRE_CE', 'WAI_CE', 'saz_sin', 'saz_cos')
Linhas de Treino [0, 2, 3, 5, 6, 7, 8, 9, 10, 11, 12, 13, 14, 15, 17, 18, 19, 20, 22, 23, 24, 25, 26, 28, 29, 30, 31, 33, 34, 35, 36, 37, 38, 39, 40, 41, 43, 44, 45, 46, 47, 49, 50, 51, 52, 53, 54, 55, 57, 58, 59, 61, 62, 63, 66, 67, 68, 69, 71, 72, 74, 75, 76, 77, 78, 79, 81, 82, 83, 86, 87, 89, 90, 91, 92, 93, 94, 95, 96, 98, 99, 100, 101, 102, 103, 104, 105, 106, 107, 108, 109, 110, 112, 113, 115, 117, 118, 119, 120, 121, 122, 123, 124, 125, 128, 129, 130, 131, 132, 133, 134, 135, 136, 137, 138, 140, 141, 142, 143, 144, 145, 147, 148, 149, 150, 152, 153, 154, 155, 156, 157, 158, 159, 161, 162, 163, 165, 167, 169, 170, 171, 172, 173, 174, 175, 178, 179, 180, 181, 182, 183, 184, 186, 187, 189, 190, 191, 192, 193, 194, 196, 198, 199, 200, 202, 204, 207, 208, 209, 210, 211, 212, 213, 214, 216, 218, 219, 220, 222, 223, 224, 225, 226, 227, 229, 230, 231, 233, 234, 235, 236, 238]
Linhas de Teste [1, 4, 16, 21, 27, 32, 42, 48, 56, 60, 64, 65, 70, 73, 80, 84, 85, 88, 97, 111, 114, 116, 126, 127, 139, 146, 151, 160, 164, 166, 168, 176, 177, 185, 188, 195, 197, 201, 203, 205, 206, 215, 217, 221, 228, 232, 237, 239]
R2 de Treino = 96.88
R2 de Teste = 97.1

65 / 150  43.33 %
Tempo restante 0:00:04.519535

#################  Rodada 66 / 150  44.0 %
Parâmetros ('EV_CE', 'PRE_CE', 'WAI_CE', 'saz_sin', 'saz_cos')
Linhas de Treino [0, 1, 3, 4, 5, 7, 8, 10, 11, 12, 13, 14, 15, 16, 18, 19, 20, 24, 25, 26, 27, 29, 32, 34, 36, 37, 38, 39, 40, 42, 43, 44, 45, 46, 47, 48, 49, 50, 51, 52, 53, 54, 55, 56, 57, 58, 59, 60, 61, 62, 63, 64, 66, 67, 68, 69, 70, 71, 72, 73, 75, 76, 77, 81, 82, 83, 84, 85, 86, 87, 88, 89, 90, 91, 92, 94, 95, 96, 97, 98, 99, 100, 101, 103, 104, 105, 106, 107, 108, 109, 112, 114, 116, 118, 119, 120, 121, 123, 124, 126, 128, 130, 131, 132, 135, 136, 137, 138, 139, 140, 141, 142, 143, 145, 146, 147, 148, 149, 150, 151, 152, 153, 154, 155, 156, 157, 159, 160, 161, 163, 165, 166, 167, 168, 169, 171, 172, 173, 174, 175, 176, 178, 179, 180, 181, 182, 183, 185, 186, 187, 188, 189, 190, 191, 192, 194, 196, 198, 199, 200, 201, 202, 203, 204, 205, 209, 211, 212, 213, 214, 215, 216, 217, 218, 219, 223, 224, 225, 226, 227, 228, 229, 230, 231, 232, 233, 234, 235, 236, 237, 238, 239]
Linhas de Teste [2, 6, 9, 17, 21, 22, 23, 28, 30, 31, 33, 35, 41, 65, 74, 78, 79, 80, 93, 102, 110, 111, 113, 115, 117, 122, 125, 127, 129, 133, 134, 144, 158, 162, 164, 170, 177, 184, 193, 195, 197, 206, 207, 208, 210, 220, 221, 222]
R2 de Treino = 96.92
R2 de Teste = 97.29

66 / 150  44.0 %
Tempo restante 0:00:04.462500

#################  Rodada 67 / 150  44.67 %
Parâmetros ('EV_CE', 'PRE_CE', 'WAI_CE', 'saz_sin', 'saz_cos')
Linhas de Treino [0, 1, 2, 3, 5, 6, 7, 8, 9, 10, 11, 12, 13, 14, 15, 16, 17, 18, 19, 20, 21, 22, 23, 24, 25, 26, 27, 28, 29, 30, 31, 33, 34, 35, 37, 39, 40, 41, 44, 45, 46, 47, 48, 49, 50, 51, 52, 54, 55, 56, 60, 61, 62, 63, 64, 65, 66, 67, 68, 70, 71, 72, 74, 75, 77, 78, 79, 80, 81, 82, 83, 85, 86, 87, 88, 89, 90, 91, 92, 93, 98, 99, 100, 101, 102, 104, 105, 108, 109, 110, 111, 112, 113, 115, 117, 118, 119, 120, 122, 123, 124, 125, 126, 127, 129, 130, 131, 133, 134, 136, 138, 140, 141, 143, 144, 146, 147, 148, 149, 150, 151, 152, 153, 154, 155, 156, 157, 158, 159, 160, 161, 162, 163, 164, 165, 167, 168, 169, 170, 172, 174, 175, 176, 177, 178, 179, 180, 181, 182, 184, 188, 189, 190, 191, 193, 194, 195, 196, 197, 199, 200, 201, 205, 206, 207, 208, 210, 211, 212, 213, 214, 216, 217, 218, 219, 220, 221, 222, 224, 226, 227, 228, 229, 230, 231, 232, 233, 234, 235, 237, 238, 239]
Linhas de Teste [4, 32, 36, 38, 42, 43, 53, 57, 58, 59, 69, 73, 76, 84, 94, 95, 96, 97, 103, 106, 107, 114, 116, 121, 128, 132, 135, 137, 139, 142, 145, 166, 171, 173, 183, 185, 186, 187, 192, 198, 202, 203, 204, 209, 215, 223, 225, 236]
R2 de Treino = 97.14
R2 de Teste = 96.1

67 / 150  44.67 %
Tempo restante 0:00:04.362397

#################  Rodada 68 / 150  45.33 %
Parâmetros ('EV_CE', 'PRE_CE', 'WAI_CE', 'saz_sin', 'saz_cos')
Linhas de Treino [1, 2, 4, 6, 7, 8, 9, 10, 11, 13, 14, 15, 17, 18, 19, 21, 22, 23, 24, 25, 27, 28, 29, 30, 31, 32, 33, 34, 35, 36, 37, 38, 40, 41, 42, 43, 44, 45, 46, 47, 49, 51, 52, 53, 57, 58, 59, 60, 61, 62, 63, 64, 65, 67, 68, 69, 70, 71, 72, 73, 74, 75, 76, 77, 78, 79, 80, 82, 83, 84, 85, 86, 87, 88, 93, 94, 95, 96, 97, 99, 100, 101, 102, 103, 104, 106, 107, 109, 110, 111, 112, 113, 114, 115, 116, 117, 118, 119, 120, 121, 122, 123, 124, 125, 126, 127, 128, 129, 130, 132, 133, 134, 135, 136, 137, 139, 141, 142, 144, 145, 146, 148, 149, 151, 153, 157, 158, 160, 162, 163, 164, 165, 166, 167, 168, 169, 170, 171, 172, 173, 174, 175, 177, 178, 179, 180, 181, 182, 183, 184, 185, 186, 187, 188, 189, 191, 192, 193, 194, 195, 197, 198, 199, 200, 202, 203, 204, 205, 206, 207, 208, 209, 210, 212, 213, 214, 215, 217, 220, 221, 222, 223, 225, 226, 228, 230, 231, 232, 233, 234, 236, 237]
Linhas de Teste [0, 3, 5, 12, 16, 20, 26, 39, 48, 50, 54, 55, 56, 66, 81, 89, 90, 91, 92, 98, 105, 108, 131, 138, 140, 143, 147, 150, 152, 154, 155, 156, 159, 161, 176, 190, 196, 201, 211, 216, 218, 219, 224, 227, 229, 235, 238, 239]
R2 de Treino = 96.87
R2 de Teste = 97.45

68 / 150  45.33 %
Tempo restante 0:00:04.311478

#################  Rodada 69 / 150  46.0 %
Parâmetros ('EV_CE', 'PRE_CE', 'WAI_CE', 'saz_sin', 'saz_cos')
Linhas de Treino [0, 2, 3, 4, 5, 6, 8, 9, 12, 13, 16, 17, 18, 20, 21, 22, 23, 24, 26, 27, 28, 29, 30, 31, 32, 33, 34, 35, 36, 37, 38, 39, 41, 42, 43, 45, 48, 50, 53, 54, 55, 56, 57, 58, 59, 60, 62, 65, 66, 69, 70, 71, 72, 73, 74, 76, 77, 78, 79, 80, 81, 82, 83, 84, 87, 89, 90, 91, 92, 93, 94, 95, 96, 97, 98, 99, 101, 102, 103, 105, 106, 107, 108, 109, 110, 111, 112, 113, 114, 115, 116, 117, 118, 119, 120, 121, 122, 123, 125, 127, 128, 129, 130, 131, 132, 133, 134, 135, 137, 138, 139, 140, 141, 142, 143, 144, 145, 146, 147, 149, 150, 152, 153, 154, 155, 156, 158, 159, 161, 162, 163, 164, 165, 166, 167, 169, 170, 171, 172, 173, 174, 175, 176, 177, 178, 180, 183, 184, 185, 186, 187, 189, 190, 192, 193, 195, 196, 197, 198, 200, 201, 202, 203, 204, 205, 206, 207, 208, 209, 210, 211, 213, 214, 215, 216, 218, 219, 220, 221, 222, 223, 224, 225, 226, 227, 229, 231, 235, 236, 237, 238, 239]
Linhas de Teste [1, 7, 10, 11, 14, 15, 19, 25, 40, 44, 46, 47, 49, 51, 52, 61, 63, 64, 67, 68, 75, 85, 86, 88, 100, 104, 124, 126, 136, 148, 151, 157, 160, 168, 179, 181, 182, 188, 191, 194, 199, 212, 217, 228, 230, 232, 233, 234]
R2 de Treino = 96.97
R2 de Teste = 96.83

69 / 150  46.0 %
Tempo restante 0:00:04.247640

#################  Rodada 70 / 150  46.67 %
Parâmetros ('EV_CE', 'PRE_CE', 'WAI_CE', 'saz_sin', 'saz_cos')
Linhas de Treino [0, 1, 2, 3, 4, 5, 6, 7, 9, 10, 11, 12, 14, 15, 16, 17, 19, 20, 21, 22, 23, 25, 26, 28, 30, 31, 32, 33, 35, 36, 38, 39, 40, 41, 42, 43, 44, 46, 47, 48, 49, 50, 51, 52, 53, 54, 55, 56, 57, 58, 59, 61, 63, 64, 65, 66, 67, 68, 69, 73, 74, 75, 76, 78, 79, 80, 81, 84, 85, 86, 88, 89, 90, 91, 92, 93, 94, 95, 96, 97, 98, 100, 102, 103, 104, 105, 106, 107, 108, 110, 111, 113, 114, 115, 116, 117, 121, 122, 124, 125, 126, 127, 128, 129, 131, 132, 133, 134, 135, 136, 137, 138, 139, 140, 142, 143, 144, 145, 147, 148, 150, 151, 152, 154, 155, 156, 157, 158, 159, 160, 161, 162, 164, 166, 168, 170, 171, 173, 176, 177, 179, 181, 182, 183, 184, 185, 186, 187, 188, 190, 191, 192, 193, 194, 195, 196, 197, 198, 199, 201, 202, 203, 204, 206, 207, 208, 209, 210, 211, 212, 215, 216, 217, 218, 219, 220, 221, 222, 223, 224, 225, 227, 228, 229, 230, 232, 233, 234, 235, 236, 238, 239]
Linhas de Teste [8, 13, 18, 24, 27, 29, 34, 37, 45, 60, 62, 70, 71, 72, 77, 82, 83, 87, 99, 101, 109, 112, 118, 119, 120, 123, 130, 141, 146, 149, 153, 163, 165, 167, 169, 172, 174, 175, 178, 180, 189, 200, 205, 213, 214, 226, 231, 237]
R2 de Treino = 97.49
R2 de Teste = 94.64

70 / 150  46.67 %
Tempo restante 0:00:04.254640

#################  Rodada 71 / 150  47.33 %
Parâmetros ('EV_CE', 'PRE_CE', 'WAI_CE', 'saz_sin', 'saz_cos')
Linhas de Treino [0, 1, 2, 3, 4, 5, 6, 7, 10, 11, 12, 16, 17, 18, 19, 20, 21, 22, 23, 25, 27, 28, 29, 30, 31, 33, 34, 35, 36, 37, 39, 40, 41, 43, 44, 45, 46, 47, 48, 49, 50, 51, 52, 53, 54, 55, 56, 57, 58, 61, 62, 63, 64, 66, 67, 68, 69, 71, 72, 74, 75, 76, 77, 78, 79, 80, 81, 84, 85, 86, 87, 88, 89, 90, 91, 92, 93, 95, 96, 97, 98, 99, 100, 101, 102, 103, 104, 106, 107, 108, 110, 111, 112, 113, 115, 116, 117, 118, 119, 121, 122, 123, 124, 125, 126, 130, 131, 132, 134, 135, 136, 137, 138, 140, 141, 142, 143, 144, 145, 147, 151, 152, 153, 154, 155, 156, 158, 159, 160, 161, 162, 163, 164, 165, 166, 167, 168, 170, 171, 172, 173, 174, 175, 177, 179, 180, 181, 182, 183, 184, 187, 188, 189, 190, 192, 193, 194, 195, 196, 197, 198, 199, 200, 201, 202, 203, 204, 205, 206, 207, 208, 209, 210, 211, 212, 214, 215, 216, 217, 218, 219, 220, 221, 222, 223, 224, 225, 227, 229, 230, 231, 233]
Linhas de Teste [8, 9, 13, 14, 15, 24, 26, 32, 38, 42, 59, 60, 65, 70, 73, 82, 83, 94, 105, 109, 114, 120, 127, 128, 129, 133, 139, 146, 148, 149, 150, 157, 169, 176, 178, 185, 186, 191, 213, 226, 228, 232, 234, 235, 236, 237, 238, 239]
R2 de Treino = 97.27
R2 de Teste = 95.35

71 / 150  47.33 %
Tempo restante 0:00:04.206592

#################  Rodada 72 / 150  48.0 %
Parâmetros ('EV_CE', 'PRE_CE', 'WAI_CE', 'saz_sin', 'saz_cos')
Linhas de Treino [1, 2, 3, 5, 6, 8, 9, 10, 11, 12, 13, 14, 15, 16, 17, 18, 20, 21, 22, 24, 26, 27, 28, 29, 30, 31, 32, 33, 34, 36, 37, 38, 39, 40, 41, 42, 43, 44, 45, 46, 47, 48, 49, 50, 52, 54, 55, 56, 58, 59, 60, 61, 62, 63, 64, 65, 66, 67, 68, 70, 72, 73, 74, 76, 78, 80, 82, 83, 84, 85, 86, 87, 93, 94, 95, 97, 98, 99, 100, 103, 104, 105, 106, 107, 108, 109, 111, 112, 114, 115, 117, 118, 119, 120, 121, 122, 123, 124, 125, 126, 127, 128, 129, 130, 131, 132, 133, 135, 136, 138, 139, 140, 141, 143, 144, 145, 146, 147, 148, 149, 150, 151, 152, 153, 154, 155, 156, 157, 158, 159, 160, 162, 163, 164, 165, 166, 168, 169, 171, 172, 173, 175, 176, 177, 178, 179, 180, 181, 182, 183, 185, 186, 187, 189, 191, 194, 196, 198, 199, 200, 201, 203, 204, 205, 206, 207, 208, 210, 211, 212, 213, 214, 216, 217, 218, 219, 221, 223, 224, 225, 226, 227, 228, 229, 230, 232, 234, 235, 236, 237, 238, 239]
Linhas de Teste [0, 4, 7, 19, 23, 25, 35, 51, 53, 57, 69, 71, 75, 77, 79, 81, 88, 89, 90, 91, 92, 96, 101, 102, 110, 113, 116, 134, 137, 142, 161, 167, 170, 174, 184, 188, 190, 192, 193, 195, 197, 202, 209, 215, 220, 222, 231, 233]
R2 de Treino = 97.06
R2 de Teste = 96.94

72 / 150  48.0 %
Tempo restante 0:00:04.095078

#################  Rodada 73 / 150  48.67 %
Parâmetros ('EV_CE', 'PRE_CE', 'WAI_CE', 'saz_sin', 'saz_cos')
Linhas de Treino [0, 1, 3, 4, 6, 7, 8, 9, 11, 13, 14, 15, 18, 19, 20, 22, 23, 24, 25, 26, 27, 29, 30, 31, 32, 33, 35, 37, 38, 39, 40, 42, 44, 46, 47, 48, 50, 51, 53, 54, 55, 56, 57, 59, 60, 61, 62, 63, 64, 65, 66, 68, 69, 70, 71, 72, 73, 74, 75, 77, 78, 79, 80, 81, 82, 83, 87, 88, 89, 90, 91, 92, 93, 94, 96, 97, 98, 99, 100, 101, 102, 103, 105, 106, 107, 108, 109, 110, 112, 113, 114, 115, 116, 117, 118, 119, 120, 121, 123, 125, 126, 127, 128, 129, 130, 131, 133, 134, 135, 137, 138, 139, 142, 143, 145, 146, 147, 148, 149, 150, 151, 152, 155, 156, 157, 159, 160, 161, 162, 163, 164, 165, 166, 167, 168, 169, 170, 171, 172, 173, 174, 176, 177, 178, 180, 181, 182, 184, 185, 186, 187, 188, 189, 190, 191, 192, 193, 194, 195, 196, 197, 198, 202, 206, 209, 210, 211, 212, 213, 215, 216, 217, 218, 220, 221, 222, 223, 225, 226, 227, 228, 229, 230, 231, 232, 233, 234, 235, 236, 237, 238, 239]
Linhas de Teste [2, 5, 10, 12, 16, 17, 21, 28, 34, 36, 41, 43, 45, 49, 52, 58, 67, 76, 84, 85, 86, 95, 104, 111, 122, 124, 132, 136, 140, 141, 144, 153, 154, 158, 175, 179, 183, 199, 200, 201, 203, 204, 205, 207, 208, 214, 219, 224]
R2 de Treino = 96.89
R2 de Teste = 97.37

73 / 150  48.67 %
Tempo restante 0:00:04.046581

#################  Rodada 74 / 150  49.33 %
Parâmetros ('EV_CE', 'PRE_CE', 'WAI_CE', 'saz_sin', 'saz_cos')
Linhas de Treino [0, 1, 2, 4, 5, 7, 8, 9, 10, 11, 12, 13, 14, 15, 16, 17, 19, 20, 21, 22, 23, 24, 25, 26, 27, 28, 29, 31, 32, 34, 35, 36, 37, 38, 39, 40, 41, 42, 43, 44, 45, 48, 49, 51, 52, 53, 54, 57, 58, 59, 60, 61, 62, 64, 65, 67, 69, 70, 71, 72, 73, 75, 76, 77, 78, 79, 80, 81, 82, 83, 84, 85, 86, 88, 89, 90, 91, 92, 93, 94, 95, 96, 97, 98, 100, 101, 102, 104, 105, 106, 107, 109, 110, 111, 113, 114, 116, 118, 120, 121, 122, 124, 126, 127, 128, 129, 130, 132, 133, 134, 136, 137, 139, 140, 141, 142, 143, 144, 145, 146, 148, 149, 150, 151, 152, 153, 154, 155, 157, 158, 161, 162, 163, 165, 167, 168, 169, 170, 171, 172, 174, 175, 176, 178, 179, 180, 181, 183, 184, 185, 186, 187, 188, 190, 191, 192, 193, 194, 195, 197, 198, 199, 200, 201, 202, 203, 204, 205, 206, 207, 208, 209, 212, 213, 214, 215, 217, 219, 220, 222, 224, 226, 228, 231, 232, 233, 234, 235, 236, 237, 238, 239]
Linhas de Teste [3, 6, 18, 30, 33, 46, 47, 50, 55, 56, 63, 66, 68, 74, 87, 99, 103, 108, 112, 115, 117, 119, 123, 125, 131, 135, 138, 147, 156, 159, 160, 164, 166, 173, 177, 182, 189, 196, 210, 211, 216, 218, 221, 223, 225, 227, 229, 230]
R2 de Treino = 97.2
R2 de Teste = 95.91

74 / 150  49.33 %
Tempo restante 0:00:04.014852

#################  Rodada 75 / 150  50.0 %
Parâmetros ('EV_CE', 'PRE_CE', 'WAI_CE', 'saz_sin', 'saz_cos')
Linhas de Treino [0, 2, 3, 4, 5, 6, 7, 8, 9, 10, 12, 13, 14, 15, 16, 17, 18, 19, 21, 23, 24, 25, 26, 28, 30, 32, 33, 34, 35, 36, 38, 41, 42, 43, 45, 46, 47, 49, 50, 51, 52, 53, 55, 56, 57, 58, 59, 60, 63, 65, 66, 67, 68, 69, 70, 71, 73, 74, 75, 76, 77, 79, 81, 82, 83, 84, 85, 86, 87, 88, 89, 90, 91, 92, 94, 95, 96, 99, 101, 102, 103, 104, 105, 108, 109, 110, 111, 112, 113, 114, 115, 116, 117, 119, 120, 122, 123, 124, 125, 127, 128, 129, 131, 132, 133, 134, 135, 136, 137, 138, 139, 140, 141, 142, 144, 146, 147, 148, 149, 150, 153, 154, 156, 157, 158, 159, 160, 161, 164, 166, 167, 169, 170, 173, 174, 175, 176, 177, 178, 179, 182, 183, 184, 185, 186, 188, 189, 190, 191, 192, 193, 195, 196, 197, 199, 200, 201, 202, 203, 204, 205, 207, 208, 209, 210, 211, 213, 214, 215, 216, 218, 219, 220, 221, 222, 223, 224, 225, 226, 227, 228, 229, 230, 231, 232, 233, 234, 235, 236, 237, 238, 239]
Linhas de Teste [1, 11, 20, 22, 27, 29, 31, 37, 39, 40, 44, 48, 54, 61, 62, 64, 72, 78, 80, 93, 97, 98, 100, 106, 107, 118, 121, 126, 130, 143, 145, 151, 152, 155, 162, 163, 165, 168, 171, 172, 180, 181, 187, 194, 198, 206, 212, 217]
R2 de Treino = 97.05
R2 de Teste = 96.67

75 / 150  50.0 %
Tempo restante 0:00:03.959700

#################  Rodada 76 / 150  50.67 %
Parâmetros ('EV_CE', 'PRE_CE', 'WAI_CE', 'saz_sin', 'saz_cos')
Linhas de Treino [0, 2, 3, 5, 6, 7, 8, 9, 10, 11, 12, 13, 14, 15, 16, 17, 18, 20, 21, 22, 23, 24, 25, 26, 27, 28, 29, 30, 31, 32, 33, 34, 35, 36, 37, 38, 40, 41, 43, 44, 46, 47, 48, 49, 50, 51, 52, 53, 54, 55, 56, 57, 58, 59, 60, 61, 62, 63, 64, 65, 66, 67, 68, 69, 70, 71, 72, 73, 74, 75, 78, 79, 80, 81, 82, 83, 85, 86, 87, 89, 90, 92, 95, 97, 98, 99, 100, 101, 102, 103, 104, 106, 109, 110, 111, 112, 113, 114, 115, 117, 118, 119, 121, 122, 123, 124, 125, 126, 127, 129, 130, 132, 133, 134, 135, 136, 138, 139, 140, 141, 142, 143, 144, 146, 147, 148, 149, 150, 152, 155, 156, 157, 158, 160, 161, 163, 164, 166, 167, 169, 170, 171, 172, 173, 175, 176, 177, 178, 179, 180, 181, 185, 186, 187, 188, 189, 190, 191, 193, 196, 197, 198, 200, 202, 203, 204, 205, 206, 208, 210, 211, 212, 213, 215, 216, 217, 219, 221, 222, 223, 224, 225, 226, 228, 229, 230, 231, 232, 234, 235, 238, 239]
Linhas de Teste [1, 4, 19, 39, 42, 45, 76, 77, 84, 88, 91, 93, 94, 96, 105, 107, 108, 116, 120, 128, 131, 137, 145, 151, 153, 154, 159, 162, 165, 168, 174, 182, 183, 184, 192, 194, 195, 199, 201, 207, 209, 214, 218, 220, 227, 233, 236, 237]
R2 de Treino = 97.11
R2 de Teste = 96.44

76 / 150  50.67 %
Tempo restante 0:00:03.967954

#################  Rodada 77 / 150  51.33 %
Parâmetros ('EV_CE', 'PRE_CE', 'WAI_CE', 'saz_sin', 'saz_cos')
Linhas de Treino [0, 1, 2, 3, 4, 5, 7, 8, 9, 10, 11, 12, 13, 14, 15, 17, 18, 19, 20, 21, 22, 24, 25, 26, 27, 28, 29, 30, 31, 33, 34, 35, 36, 37, 38, 39, 40, 42, 43, 44, 45, 48, 49, 50, 51, 52, 53, 54, 56, 58, 60, 63, 64, 65, 66, 67, 68, 70, 71, 73, 74, 76, 77, 78, 80, 81, 82, 84, 85, 86, 87, 88, 91, 92, 93, 94, 95, 96, 97, 98, 99, 101, 103, 104, 105, 106, 107, 108, 109, 110, 112, 113, 114, 116, 117, 118, 119, 120, 122, 123, 125, 126, 127, 128, 131, 132, 134, 135, 136, 137, 139, 140, 141, 142, 143, 144, 145, 146, 147, 151, 153, 154, 156, 157, 158, 159, 160, 161, 162, 163, 164, 165, 166, 167, 168, 169, 171, 172, 173, 174, 175, 176, 177, 180, 182, 183, 184, 185, 186, 187, 188, 189, 190, 191, 192, 193, 194, 195, 196, 198, 199, 200, 201, 203, 204, 205, 206, 207, 208, 209, 210, 211, 212, 214, 215, 218, 219, 220, 221, 222, 224, 227, 228, 229, 230, 231, 232, 233, 235, 236, 237, 239]
Linhas de Teste [6, 16, 23, 32, 41, 46, 47, 55, 57, 59, 61, 62, 69, 72, 75, 79, 83, 89, 90, 100, 102, 111, 115, 121, 124, 129, 130, 133, 138, 148, 149, 150, 152, 155, 170, 178, 179, 181, 197, 202, 213, 216, 217, 223, 225, 226, 234, 238]
R2 de Treino = 97.47
R2 de Teste = 94.02

77 / 150  51.33 %
Tempo restante 0:00:03.883381

#################  Rodada 78 / 150  52.0 %
Parâmetros ('EV_CE', 'PRE_CE', 'WAI_CE', 'saz_sin', 'saz_cos')
Linhas de Treino [0, 1, 2, 3, 4, 6, 8, 9, 12, 13, 15, 16, 18, 19, 20, 22, 23, 24, 25, 26, 29, 30, 31, 32, 33, 34, 35, 36, 38, 39, 41, 42, 44, 45, 46, 47, 51, 52, 53, 54, 55, 56, 57, 59, 60, 61, 62, 64, 65, 66, 69, 70, 71, 72, 73, 74, 75, 76, 77, 78, 79, 80, 82, 83, 84, 88, 89, 90, 91, 93, 94, 96, 98, 100, 101, 102, 103, 105, 107, 108, 109, 110, 111, 112, 113, 115, 116, 117, 118, 119, 120, 121, 122, 123, 124, 125, 126, 127, 128, 129, 130, 131, 132, 133, 134, 135, 137, 138, 140, 141, 142, 143, 144, 145, 146, 147, 148, 149, 150, 151, 152, 153, 154, 155, 157, 158, 159, 161, 162, 163, 165, 167, 168, 169, 170, 172, 173, 174, 176, 178, 179, 180, 181, 182, 183, 184, 185, 187, 189, 190, 191, 192, 193, 194, 195, 196, 197, 198, 199, 200, 201, 202, 204, 205, 207, 208, 209, 210, 212, 213, 214, 216, 217, 218, 220, 221, 222, 223, 224, 225, 226, 227, 228, 229, 230, 231, 232, 233, 234, 236, 237, 238]
Linhas de Teste [5, 7, 10, 11, 14, 17, 21, 27, 28, 37, 40, 43, 48, 49, 50, 58, 63, 67, 68, 81, 85, 86, 87, 92, 95, 97, 99, 104, 106, 114, 136, 139, 156, 160, 164, 166, 171, 175, 177, 186, 188, 203, 206, 211, 215, 219, 235, 239]
R2 de Treino = 96.79
R2 de Teste = 97.89

78 / 150  52.0 %
Tempo restante 0:00:03.830472

#################  Rodada 79 / 150  52.67 %
Parâmetros ('EV_CE', 'PRE_CE', 'WAI_CE', 'saz_sin', 'saz_cos')
Linhas de Treino [0, 1, 2, 3, 4, 5, 6, 7, 8, 10, 11, 14, 16, 17, 19, 21, 22, 23, 24, 25, 27, 28, 29, 32, 33, 34, 35, 36, 37, 39, 40, 41, 42, 43, 44, 45, 46, 47, 48, 49, 50, 55, 57, 58, 59, 60, 61, 62, 63, 64, 66, 67, 68, 69, 70, 71, 72, 74, 75, 76, 77, 79, 81, 82, 83, 84, 85, 86, 87, 88, 89, 90, 91, 92, 93, 94, 95, 96, 97, 98, 99, 100, 101, 102, 103, 104, 105, 106, 107, 108, 111, 112, 114, 115, 116, 120, 121, 122, 124, 126, 127, 128, 129, 130, 131, 132, 133, 134, 135, 136, 137, 138, 139, 140, 141, 142, 145, 148, 149, 150, 151, 152, 153, 154, 155, 156, 157, 159, 160, 162, 163, 164, 165, 166, 168, 170, 171, 172, 173, 174, 175, 177, 178, 179, 181, 182, 183, 184, 186, 187, 188, 190, 192, 193, 194, 195, 197, 199, 200, 201, 202, 203, 205, 206, 207, 209, 210, 211, 213, 214, 215, 216, 217, 218, 219, 220, 221, 222, 223, 225, 226, 227, 228, 229, 231, 233, 234, 235, 236, 237, 238, 239]
Linhas de Teste [9, 12, 13, 15, 18, 20, 26, 30, 31, 38, 51, 52, 53, 54, 56, 65, 73, 78, 80, 109, 110, 113, 117, 118, 119, 123, 125, 143, 144, 146, 147, 158, 161, 167, 169, 176, 180, 185, 189, 191, 196, 198, 204, 208, 212, 224, 230, 232]
R2 de Treino = 97.07
R2 de Teste = 96.56

79 / 150  52.67 %
Tempo restante 0:00:03.797222

#################  Rodada 80 / 150  53.33 %
Parâmetros ('EV_CE', 'PRE_CE', 'WAI_CE', 'saz_sin', 'saz_cos')
Linhas de Treino [1, 4, 5, 6, 7, 9, 10, 11, 12, 13, 14, 15, 16, 17, 18, 19, 20, 21, 23, 26, 27, 28, 30, 31, 32, 37, 38, 39, 40, 41, 42, 43, 45, 46, 47, 48, 49, 50, 51, 52, 53, 54, 55, 56, 57, 58, 59, 61, 62, 63, 65, 67, 68, 69, 72, 73, 75, 76, 77, 78, 79, 80, 81, 83, 84, 85, 86, 87, 88, 89, 90, 91, 92, 93, 94, 95, 96, 97, 99, 100, 102, 104, 105, 106, 107, 108, 109, 110, 111, 113, 114, 115, 116, 117, 118, 119, 120, 121, 123, 124, 125, 128, 129, 130, 131, 133, 136, 137, 138, 139, 143, 144, 145, 146, 147, 148, 149, 150, 151, 152, 153, 154, 155, 156, 158, 159, 160, 161, 162, 164, 165, 166, 167, 168, 169, 170, 171, 174, 175, 176, 177, 178, 179, 180, 181, 182, 183, 184, 185, 186, 188, 189, 191, 192, 194, 195, 196, 197, 198, 199, 201, 202, 203, 204, 206, 207, 208, 209, 211, 212, 213, 214, 215, 216, 217, 218, 219, 220, 223, 224, 225, 226, 227, 230, 232, 233, 234, 235, 236, 237, 238, 239]
Linhas de Teste [0, 2, 3, 8, 22, 24, 25, 29, 33, 34, 35, 36, 44, 60, 64, 66, 70, 71, 74, 82, 98, 101, 103, 112, 122, 126, 127, 132, 134, 135, 140, 141, 142, 157, 163, 172, 173, 187, 190, 193, 200, 205, 210, 221, 222, 228, 229, 231]
R2 de Treino = 97.08
R2 de Teste = 96.48

80 / 150  53.33 %
Tempo restante 0:00:03.757180

#################  Rodada 81 / 150  54.0 %
Parâmetros ('EV_CE', 'PRE_CE', 'WAI_CE', 'saz_sin', 'saz_cos')
Linhas de Treino [1, 2, 3, 4, 5, 6, 7, 8, 10, 11, 12, 14, 15, 16, 17, 18, 20, 21, 23, 24, 25, 26, 27, 28, 31, 32, 33, 35, 36, 37, 38, 39, 40, 41, 42, 43, 44, 45, 46, 47, 48, 49, 50, 51, 53, 54, 55, 56, 58, 60, 61, 62, 63, 64, 65, 67, 69, 72, 73, 74, 75, 76, 77, 78, 79, 80, 81, 82, 83, 85, 86, 87, 88, 89, 91, 92, 93, 94, 95, 96, 97, 98, 99, 101, 103, 104, 105, 106, 107, 108, 109, 110, 111, 113, 114, 115, 116, 117, 118, 120, 121, 122, 123, 124, 125, 127, 130, 131, 132, 133, 134, 136, 137, 142, 143, 146, 147, 149, 150, 151, 152, 153, 154, 155, 156, 158, 159, 160, 161, 162, 163, 164, 167, 169, 170, 171, 173, 174, 175, 176, 177, 180, 181, 182, 183, 185, 186, 187, 188, 189, 191, 194, 195, 197, 198, 200, 201, 202, 203, 204, 205, 206, 207, 208, 209, 210, 212, 214, 215, 216, 217, 218, 219, 220, 221, 222, 223, 224, 225, 226, 227, 228, 229, 230, 232, 233, 234, 235, 236, 237, 238, 239]
Linhas de Teste [0, 9, 13, 19, 22, 29, 30, 34, 52, 57, 59, 66, 68, 70, 71, 84, 90, 100, 102, 112, 119, 126, 128, 129, 135, 138, 139, 140, 141, 144, 145, 148, 157, 165, 166, 168, 172, 178, 179, 184, 190, 192, 193, 196, 199, 211, 213, 231]
R2 de Treino = 97.15
R2 de Teste = 96.28

81 / 150  54.0 %
Tempo restante 0:00:03.724275

#################  Rodada 82 / 150  54.67 %
Parâmetros ('EV_CE', 'PRE_CE', 'WAI_CE', 'saz_sin', 'saz_cos')
Linhas de Treino [0, 2, 3, 4, 5, 6, 7, 9, 10, 11, 12, 13, 14, 15, 16, 19, 20, 21, 22, 23, 24, 25, 26, 27, 28, 29, 30, 31, 32, 34, 37, 40, 42, 43, 44, 45, 46, 47, 48, 49, 50, 51, 52, 53, 54, 55, 56, 57, 58, 59, 60, 61, 63, 64, 66, 67, 68, 69, 70, 71, 73, 74, 76, 77, 78, 80, 82, 83, 84, 85, 89, 90, 91, 92, 93, 94, 95, 97, 98, 100, 101, 102, 103, 104, 105, 106, 107, 108, 110, 111, 112, 113, 115, 116, 118, 119, 121, 123, 124, 125, 126, 128, 129, 130, 131, 132, 133, 134, 135, 136, 137, 138, 139, 140, 141, 142, 144, 145, 147, 148, 150, 151, 152, 153, 155, 156, 157, 158, 159, 161, 162, 164, 165, 166, 167, 168, 169, 170, 171, 172, 173, 174, 177, 178, 179, 180, 181, 182, 183, 184, 185, 186, 187, 188, 190, 192, 193, 195, 196, 198, 199, 200, 202, 203, 204, 206, 207, 208, 209, 210, 211, 213, 214, 216, 217, 218, 219, 220, 221, 222, 223, 224, 225, 226, 227, 228, 231, 233, 234, 235, 236, 238]
Linhas de Teste [1, 8, 17, 18, 33, 35, 36, 38, 39, 41, 62, 65, 72, 75, 79, 81, 86, 87, 88, 96, 99, 109, 114, 117, 120, 122, 127, 143, 146, 149, 154, 160, 163, 175, 176, 189, 191, 194, 197, 201, 205, 212, 215, 229, 230, 232, 237, 239]
R2 de Treino = 97.28
R2 de Teste = 95.96

82 / 150  54.67 %
Tempo restante 0:00:03.637660

#################  Rodada 83 / 150  55.33 %
Parâmetros ('EV_CE', 'PRE_CE', 'WAI_CE', 'saz_sin', 'saz_cos')
Linhas de Treino [0, 1, 3, 6, 7, 8, 9, 10, 11, 13, 15, 16, 17, 18, 19, 21, 22, 23, 24, 25, 26, 27, 28, 29, 30, 31, 32, 33, 34, 35, 36, 38, 39, 41, 42, 44, 46, 48, 50, 51, 52, 54, 55, 56, 57, 58, 59, 62, 64, 65, 66, 67, 68, 70, 71, 72, 74, 75, 78, 79, 81, 82, 83, 84, 86, 87, 88, 89, 90, 91, 94, 95, 96, 97, 99, 100, 101, 102, 103, 105, 109, 110, 112, 114, 115, 116, 117, 118, 119, 120, 121, 122, 123, 125, 126, 127, 128, 129, 130, 131, 132, 133, 134, 135, 136, 137, 138, 139, 140, 141, 142, 143, 144, 145, 146, 148, 149, 152, 154, 155, 156, 157, 159, 160, 161, 162, 163, 164, 165, 166, 168, 169, 170, 171, 172, 173, 174, 175, 176, 178, 179, 180, 181, 182, 183, 184, 185, 186, 187, 188, 189, 190, 191, 192, 193, 194, 196, 197, 198, 199, 200, 201, 203, 204, 205, 208, 209, 211, 212, 213, 214, 215, 216, 217, 218, 219, 220, 221, 223, 224, 227, 229, 230, 231, 232, 233, 234, 235, 236, 237, 238, 239]
Linhas de Teste [2, 4, 5, 12, 14, 20, 37, 40, 43, 45, 47, 49, 53, 60, 61, 63, 69, 73, 76, 77, 80, 85, 92, 93, 98, 104, 106, 107, 108, 111, 113, 124, 147, 150, 151, 153, 158, 167, 177, 195, 202, 206, 207, 210, 222, 225, 226, 228]
R2 de Treino = 96.81
R2 de Teste = 97.8

83 / 150  55.33 %
Tempo restante 0:00:03.649624

#################  Rodada 84 / 150  56.0 %
Parâmetros ('EV_CE', 'PRE_CE', 'WAI_CE', 'saz_sin', 'saz_cos')
Linhas de Treino [0, 1, 2, 4, 5, 6, 8, 9, 11, 12, 13, 14, 15, 16, 17, 18, 19, 20, 22, 23, 26, 28, 29, 30, 32, 33, 34, 35, 36, 37, 38, 39, 40, 41, 42, 43, 45, 47, 49, 52, 53, 54, 56, 57, 59, 60, 61, 62, 63, 64, 65, 66, 68, 69, 70, 71, 72, 73, 75, 76, 77, 79, 80, 81, 83, 84, 85, 86, 87, 88, 89, 90, 91, 92, 93, 96, 98, 99, 100, 101, 102, 103, 104, 106, 107, 108, 109, 110, 111, 112, 113, 114, 115, 116, 117, 118, 119, 120, 121, 122, 124, 125, 126, 127, 128, 129, 130, 133, 134, 135, 138, 139, 140, 141, 143, 144, 145, 146, 147, 148, 149, 150, 151, 152, 153, 154, 155, 157, 158, 160, 161, 162, 163, 164, 165, 166, 167, 168, 169, 170, 172, 174, 175, 176, 177, 178, 179, 180, 181, 184, 185, 186, 187, 189, 190, 191, 192, 193, 194, 195, 196, 197, 199, 201, 202, 203, 204, 205, 206, 207, 208, 210, 211, 212, 213, 214, 215, 218, 219, 222, 225, 226, 227, 228, 229, 230, 231, 232, 233, 237, 238, 239]
Linhas de Teste [3, 7, 10, 21, 24, 25, 27, 31, 44, 46, 48, 50, 51, 55, 58, 67, 74, 78, 82, 94, 95, 97, 105, 123, 131, 132, 136, 137, 142, 156, 159, 171, 173, 182, 183, 188, 198, 200, 209, 216, 217, 220, 221, 223, 224, 234, 235, 236]
R2 de Treino = 97.01
R2 de Teste = 97.03

84 / 150  56.0 %
Tempo restante 0:00:03.508956

#################  Rodada 85 / 150  56.67 %
Parâmetros ('EV_CE', 'PRE_CE', 'WAI_CE', 'saz_sin', 'saz_cos')
Linhas de Treino [0, 1, 2, 3, 4, 5, 7, 8, 9, 10, 12, 13, 14, 17, 18, 19, 20, 21, 22, 24, 25, 27, 29, 30, 31, 33, 34, 35, 36, 37, 38, 39, 40, 41, 43, 44, 45, 46, 47, 48, 49, 50, 51, 52, 53, 55, 57, 58, 59, 60, 61, 62, 63, 65, 66, 67, 68, 69, 70, 71, 72, 73, 74, 75, 76, 77, 78, 79, 80, 81, 82, 84, 85, 86, 87, 88, 90, 92, 93, 94, 95, 96, 97, 98, 99, 100, 102, 104, 105, 106, 107, 108, 109, 111, 112, 113, 114, 117, 119, 120, 122, 123, 124, 126, 127, 128, 129, 131, 132, 135, 136, 137, 138, 139, 140, 141, 142, 143, 144, 145, 146, 147, 148, 149, 150, 151, 153, 154, 156, 157, 158, 159, 160, 163, 165, 166, 167, 168, 171, 172, 173, 175, 176, 177, 178, 179, 182, 183, 184, 188, 189, 190, 191, 192, 193, 194, 195, 196, 197, 198, 199, 200, 201, 202, 205, 206, 207, 209, 210, 211, 212, 213, 215, 216, 217, 220, 221, 222, 223, 224, 225, 226, 228, 229, 230, 231, 232, 234, 235, 236, 237, 239]
Linhas de Teste [6, 11, 15, 16, 23, 26, 28, 32, 42, 54, 56, 64, 83, 89, 91, 101, 103, 110, 115, 116, 118, 121, 125, 130, 133, 134, 152, 155, 161, 162, 164, 169, 170, 174, 180, 181, 185, 186, 187, 203, 204, 208, 214, 218, 219, 227, 233, 238]
R2 de Treino = 97.13
R2 de Teste = 96.36

85 / 150  56.67 %
Tempo restante 0:00:03.407560

#################  Rodada 86 / 150  57.33 %
Parâmetros ('EV_CE', 'PRE_CE', 'WAI_CE', 'saz_sin', 'saz_cos')
Linhas de Treino [0, 1, 2, 3, 5, 8, 9, 11, 12, 13, 14, 15, 16, 17, 18, 19, 21, 22, 23, 24, 25, 26, 28, 29, 30, 31, 32, 33, 34, 35, 37, 38, 39, 40, 42, 43, 45, 46, 47, 48, 49, 50, 51, 53, 54, 55, 56, 57, 58, 60, 61, 62, 63, 64, 65, 66, 67, 68, 69, 70, 72, 73, 75, 77, 80, 81, 82, 83, 84, 85, 86, 87, 88, 89, 92, 94, 95, 96, 98, 100, 101, 102, 103, 104, 105, 106, 107, 108, 110, 111, 112, 113, 114, 115, 116, 117, 121, 122, 124, 125, 126, 127, 128, 129, 131, 132, 133, 134, 135, 137, 138, 139, 140, 142, 143, 144, 146, 147, 148, 149, 150, 151, 153, 154, 155, 156, 158, 159, 162, 163, 164, 165, 167, 168, 169, 170, 171, 172, 173, 174, 175, 176, 178, 179, 180, 182, 183, 184, 185, 187, 188, 189, 190, 191, 192, 193, 194, 195, 196, 198, 199, 200, 203, 204, 205, 206, 207, 208, 209, 210, 211, 212, 214, 215, 216, 217, 218, 219, 220, 221, 222, 223, 224, 225, 226, 227, 229, 231, 234, 236, 238, 239]
Linhas de Teste [4, 6, 7, 10, 20, 27, 36, 41, 44, 52, 59, 71, 74, 76, 78, 79, 90, 91, 93, 97, 99, 109, 118, 119, 120, 123, 130, 136, 141, 145, 152, 157, 160, 161, 166, 177, 181, 186, 197, 201, 202, 213, 228, 230, 232, 233, 235, 237]
R2 de Treino = 96.74
R2 de Teste = 97.44

86 / 150  57.33 %
Tempo restante 0:00:03.366720

#################  Rodada 87 / 150  58.0 %
Parâmetros ('EV_CE', 'PRE_CE', 'WAI_CE', 'saz_sin', 'saz_cos')
Linhas de Treino [0, 2, 3, 4, 5, 6, 7, 8, 9, 10, 12, 14, 15, 16, 20, 21, 22, 23, 24, 25, 26, 27, 29, 30, 31, 33, 35, 36, 37, 38, 39, 40, 41, 44, 45, 46, 47, 49, 50, 51, 52, 53, 55, 56, 57, 58, 59, 60, 61, 62, 64, 65, 66, 67, 68, 69, 70, 71, 72, 74, 75, 76, 78, 79, 80, 83, 84, 85, 86, 87, 88, 90, 91, 92, 93, 94, 95, 97, 98, 99, 100, 101, 102, 103, 104, 105, 107, 108, 109, 110, 111, 112, 113, 114, 115, 117, 118, 119, 120, 121, 122, 123, 125, 127, 128, 130, 131, 132, 134, 135, 136, 137, 138, 140, 141, 142, 143, 144, 145, 146, 147, 148, 151, 152, 153, 155, 157, 159, 160, 161, 162, 163, 164, 166, 167, 168, 169, 170, 171, 172, 173, 176, 177, 178, 179, 180, 181, 183, 186, 187, 188, 190, 193, 194, 195, 196, 197, 198, 199, 200, 201, 202, 203, 204, 205, 206, 207, 209, 210, 212, 213, 214, 215, 219, 220, 222, 223, 224, 225, 226, 227, 228, 229, 230, 231, 232, 233, 235, 236, 237, 238, 239]
Linhas de Teste [1, 11, 13, 17, 18, 19, 28, 32, 34, 42, 43, 48, 54, 63, 73, 77, 81, 82, 89, 96, 106, 116, 124, 126, 129, 133, 139, 149, 150, 154, 156, 158, 165, 174, 175, 182, 184, 185, 189, 191, 192, 208, 211, 216, 217, 218, 221, 234]
R2 de Treino = 97.49
R2 de Teste = 94.08

87 / 150  58.0 %
Tempo restante 0:00:03.421089

#################  Rodada 88 / 150  58.67 %
Parâmetros ('EV_CE', 'PRE_CE', 'WAI_CE', 'saz_sin', 'saz_cos')
Linhas de Treino [1, 2, 3, 4, 6, 7, 10, 11, 13, 14, 17, 18, 19, 20, 22, 23, 24, 25, 26, 27, 28, 29, 32, 33, 34, 36, 37, 38, 39, 40, 41, 42, 43, 44, 45, 46, 48, 49, 52, 53, 54, 55, 56, 57, 59, 60, 61, 63, 66, 67, 68, 69, 70, 71, 73, 74, 75, 76, 77, 78, 79, 81, 82, 83, 84, 85, 86, 89, 90, 91, 93, 94, 96, 97, 98, 99, 100, 102, 105, 106, 108, 109, 110, 111, 114, 115, 116, 117, 118, 119, 120, 121, 122, 123, 124, 125, 126, 127, 128, 129, 130, 131, 132, 133, 134, 135, 136, 137, 138, 139, 140, 141, 142, 145, 146, 148, 149, 150, 152, 153, 154, 155, 156, 157, 158, 159, 160, 161, 163, 164, 165, 166, 167, 168, 170, 173, 174, 175, 176, 177, 178, 180, 181, 182, 184, 185, 186, 187, 188, 189, 190, 191, 192, 193, 194, 196, 197, 198, 201, 202, 203, 204, 205, 206, 208, 209, 210, 211, 213, 214, 216, 217, 218, 219, 220, 221, 222, 224, 225, 226, 228, 229, 230, 231, 232, 233, 234, 235, 236, 237, 238, 239]
Linhas de Teste [0, 5, 8, 9, 12, 15, 16, 21, 30, 31, 35, 47, 50, 51, 58, 62, 64, 65, 72, 80, 87, 88, 92, 95, 101, 103, 104, 107, 112, 113, 143, 144, 147, 151, 162, 169, 171, 172, 179, 183, 195, 199, 200, 207, 212, 215, 223, 227]
R2 de Treino = 97.04
R2 de Teste = 96.7

88 / 150  58.67 %
Tempo restante 0:00:03.237516

#################  Rodada 89 / 150  59.33 %
Parâmetros ('EV_CE', 'PRE_CE', 'WAI_CE', 'saz_sin', 'saz_cos')
Linhas de Treino [0, 1, 4, 5, 6, 7, 8, 9, 10, 11, 12, 13, 14, 15, 16, 17, 18, 19, 20, 21, 22, 23, 25, 26, 27, 28, 30, 31, 32, 34, 35, 36, 39, 40, 41, 42, 43, 44, 45, 46, 47, 48, 50, 51, 52, 54, 55, 58, 59, 62, 63, 64, 65, 67, 70, 71, 72, 73, 74, 75, 76, 77, 78, 79, 80, 81, 82, 83, 87, 88, 89, 90, 91, 92, 93, 95, 96, 97, 98, 99, 101, 102, 103, 104, 105, 106, 107, 108, 109, 110, 111, 112, 113, 114, 115, 116, 118, 119, 120, 121, 123, 124, 126, 128, 129, 130, 131, 132, 133, 135, 136, 138, 139, 141, 142, 143, 144, 145, 146, 147, 148, 149, 150, 151, 152, 153, 154, 155, 156, 157, 158, 160, 161, 162, 164, 165, 166, 168, 169, 171, 172, 174, 175, 177, 178, 179, 181, 182, 183, 184, 185, 186, 187, 189, 191, 192, 194, 195, 196, 197, 198, 199, 200, 201, 202, 205, 206, 207, 208, 211, 212, 213, 215, 216, 217, 218, 220, 221, 223, 225, 226, 227, 228, 230, 231, 232, 233, 234, 235, 236, 237, 239]
Linhas de Teste [2, 3, 24, 29, 33, 37, 38, 49, 53, 56, 57, 60, 61, 66, 68, 69, 84, 85, 86, 94, 100, 117, 122, 125, 127, 134, 137, 140, 159, 163, 167, 170, 173, 176, 180, 188, 190, 193, 203, 204, 209, 210, 214, 219, 222, 224, 229, 238]
R2 de Treino = 97.04
R2 de Teste = 96.56

89 / 150  59.33 %
Tempo restante 0:00:03.193411

#################  Rodada 90 / 150  60.0 %
Parâmetros ('EV_CE', 'PRE_CE', 'WAI_CE', 'saz_sin', 'saz_cos')
Linhas de Treino [0, 1, 2, 3, 4, 5, 6, 7, 8, 9, 10, 11, 12, 13, 15, 16, 17, 18, 19, 20, 21, 24, 27, 28, 29, 30, 31, 32, 33, 34, 35, 36, 37, 38, 41, 42, 43, 44, 47, 48, 49, 50, 51, 52, 53, 54, 56, 57, 58, 59, 60, 61, 62, 63, 64, 65, 66, 68, 69, 71, 72, 73, 74, 76, 77, 78, 79, 80, 81, 82, 84, 85, 86, 87, 88, 89, 90, 91, 92, 93, 94, 95, 96, 97, 99, 100, 101, 103, 104, 106, 107, 109, 112, 113, 116, 117, 118, 119, 120, 122, 123, 124, 125, 126, 127, 129, 130, 133, 134, 136, 137, 139, 140, 141, 143, 144, 145, 147, 149, 150, 151, 152, 154, 156, 157, 158, 159, 160, 161, 162, 163, 165, 166, 167, 169, 170, 171, 172, 173, 174, 175, 176, 177, 179, 180, 181, 182, 183, 184, 185, 186, 188, 189, 190, 191, 192, 193, 195, 197, 199, 200, 201, 202, 203, 204, 207, 208, 209, 210, 211, 212, 213, 214, 215, 216, 217, 218, 219, 221, 222, 223, 224, 227, 228, 229, 230, 232, 233, 234, 235, 237, 238]
Linhas de Teste [14, 22, 23, 25, 26, 39, 40, 45, 46, 55, 67, 70, 75, 83, 98, 102, 105, 108, 110, 111, 114, 115, 121, 128, 131, 132, 135, 138, 142, 146, 148, 153, 155, 164, 168, 178, 187, 194, 196, 198, 205, 206, 220, 225, 226, 231, 236, 239]
R2 de Treino = 97.22
R2 de Teste = 95.77

90 / 150  60.0 %
Tempo restante 0:00:03.116340

#################  Rodada 91 / 150  60.67 %
Parâmetros ('EV_CE', 'PRE_CE', 'WAI_CE', 'saz_sin', 'saz_cos')
Linhas de Treino [1, 2, 5, 6, 7, 8, 9, 14, 15, 16, 17, 18, 19, 21, 22, 23, 24, 25, 26, 27, 28, 31, 32, 33, 34, 35, 36, 37, 38, 39, 40, 41, 42, 44, 45, 46, 47, 48, 49, 50, 51, 52, 53, 55, 56, 57, 58, 59, 60, 61, 62, 64, 65, 66, 67, 68, 69, 70, 71, 72, 73, 74, 76, 78, 81, 82, 83, 84, 86, 88, 90, 91, 92, 94, 95, 96, 97, 98, 99, 100, 101, 102, 103, 104, 105, 106, 107, 108, 109, 110, 112, 113, 114, 116, 117, 119, 120, 121, 122, 123, 125, 126, 128, 130, 131, 132, 133, 135, 136, 137, 138, 139, 140, 143, 144, 145, 146, 147, 148, 149, 153, 154, 155, 156, 157, 159, 160, 161, 163, 165, 166, 167, 168, 169, 170, 171, 172, 173, 175, 176, 177, 178, 179, 180, 181, 182, 183, 184, 185, 186, 187, 188, 189, 191, 192, 193, 195, 196, 197, 198, 199, 200, 201, 202, 203, 205, 208, 209, 211, 213, 214, 215, 216, 217, 218, 219, 220, 222, 223, 224, 225, 226, 228, 229, 230, 231, 233, 234, 235, 236, 237, 239]
Linhas de Teste [0, 3, 4, 10, 11, 12, 13, 20, 29, 30, 43, 54, 63, 75, 77, 79, 80, 85, 87, 89, 93, 111, 115, 118, 124, 127, 129, 134, 141, 142, 150, 151, 152, 158, 162, 164, 174, 190, 194, 204, 206, 207, 210, 212, 221, 227, 232, 238]
R2 de Treino = 96.9
R2 de Teste = 97.39

91 / 150  60.67 %
Tempo restante 0:00:03.111129

#################  Rodada 92 / 150  61.33 %
Parâmetros ('EV_CE', 'PRE_CE', 'WAI_CE', 'saz_sin', 'saz_cos')
Linhas de Treino [0, 1, 3, 4, 5, 6, 9, 10, 11, 12, 13, 14, 16, 18, 19, 20, 21, 22, 23, 24, 25, 26, 27, 28, 29, 30, 31, 33, 34, 38, 39, 40, 41, 42, 43, 44, 45, 46, 47, 48, 49, 51, 52, 53, 54, 56, 57, 58, 60, 61, 62, 63, 64, 65, 66, 67, 68, 69, 70, 72, 73, 74, 75, 77, 78, 79, 80, 81, 82, 83, 84, 85, 87, 88, 89, 91, 92, 93, 95, 96, 97, 99, 104, 105, 107, 108, 110, 111, 112, 113, 114, 115, 117, 118, 119, 120, 121, 122, 123, 124, 126, 127, 128, 129, 130, 131, 133, 134, 135, 136, 137, 141, 142, 144, 145, 146, 147, 148, 149, 150, 151, 152, 153, 155, 156, 157, 158, 159, 161, 162, 164, 165, 167, 168, 170, 172, 173, 174, 175, 176, 177, 178, 179, 180, 181, 182, 183, 184, 187, 188, 190, 192, 193, 194, 195, 196, 197, 199, 200, 201, 202, 203, 204, 205, 206, 207, 208, 209, 210, 211, 212, 213, 214, 215, 217, 218, 219, 221, 222, 224, 225, 226, 227, 228, 229, 232, 234, 235, 236, 237, 238, 239]
Linhas de Teste [2, 7, 8, 15, 17, 32, 35, 36, 37, 50, 55, 59, 71, 76, 86, 90, 94, 98, 100, 101, 102, 103, 106, 109, 116, 125, 132, 138, 139, 140, 143, 154, 160, 163, 166, 169, 171, 185, 186, 189, 191, 198, 216, 220, 223, 230, 231, 233]
R2 de Treino = 97.07
R2 de Teste = 96.72

92 / 150  61.33 %
Tempo restante 0:00:03.146790

#################  Rodada 93 / 150  62.0 %
Parâmetros ('EV_CE', 'PRE_CE', 'WAI_CE', 'saz_sin', 'saz_cos')
Linhas de Treino [0, 1, 2, 3, 4, 5, 6, 7, 8, 9, 10, 11, 12, 13, 15, 16, 17, 19, 20, 21, 23, 24, 26, 27, 28, 29, 30, 32, 33, 34, 35, 36, 37, 38, 40, 43, 44, 47, 48, 50, 52, 54, 55, 56, 57, 58, 59, 61, 62, 63, 64, 65, 66, 67, 68, 69, 70, 71, 72, 73, 75, 76, 77, 78, 79, 80, 81, 82, 83, 85, 86, 87, 88, 89, 90, 93, 94, 95, 97, 98, 99, 100, 101, 102, 103, 104, 106, 107, 109, 110, 111, 112, 115, 116, 118, 122, 123, 124, 125, 127, 128, 129, 130, 132, 133, 134, 135, 136, 137, 138, 139, 140, 141, 142, 143, 146, 147, 148, 149, 150, 151, 152, 153, 154, 155, 156, 157, 158, 160, 162, 163, 164, 165, 166, 168, 169, 170, 171, 172, 173, 174, 175, 176, 177, 178, 181, 182, 184, 185, 186, 189, 190, 191, 194, 195, 196, 197, 198, 199, 200, 201, 203, 204, 205, 206, 207, 208, 209, 210, 211, 212, 214, 215, 216, 217, 219, 220, 221, 223, 225, 227, 228, 229, 230, 231, 232, 233, 234, 236, 237, 238, 239]
Linhas de Teste [14, 18, 22, 25, 31, 39, 41, 42, 45, 46, 49, 51, 53, 60, 74, 84, 91, 92, 96, 105, 108, 113, 114, 117, 119, 120, 121, 126, 131, 144, 145, 159, 161, 167, 179, 180, 183, 187, 188, 192, 193, 202, 213, 218, 222, 224, 226, 235]
R2 de Treino = 97.15
R2 de Teste = 96.15

93 / 150  62.0 %
Tempo restante 0:00:03.055884

#################  Rodada 94 / 150  62.67 %
Parâmetros ('EV_CE', 'PRE_CE', 'WAI_CE', 'saz_sin', 'saz_cos')
Linhas de Treino [0, 1, 2, 3, 4, 5, 7, 8, 9, 10, 11, 12, 13, 14, 15, 16, 17, 18, 19, 20, 21, 22, 23, 25, 28, 29, 30, 31, 32, 34, 35, 36, 37, 38, 39, 40, 41, 42, 43, 45, 46, 49, 50, 51, 53, 54, 55, 56, 57, 59, 60, 61, 62, 63, 65, 68, 70, 71, 73, 74, 75, 76, 77, 79, 80, 81, 84, 85, 86, 87, 88, 89, 90, 91, 92, 93, 94, 96, 97, 98, 100, 101, 102, 103, 104, 105, 106, 108, 109, 111, 113, 114, 115, 116, 117, 118, 119, 120, 121, 123, 124, 125, 126, 127, 129, 130, 131, 132, 134, 135, 138, 139, 140, 141, 142, 143, 144, 145, 147, 150, 151, 152, 153, 154, 155, 156, 158, 159, 160, 161, 162, 163, 164, 165, 166, 167, 168, 169, 170, 171, 174, 176, 179, 180, 181, 182, 183, 185, 186, 187, 188, 189, 190, 191, 192, 193, 194, 196, 198, 201, 202, 203, 204, 206, 207, 210, 211, 212, 213, 214, 216, 217, 218, 219, 220, 221, 222, 223, 224, 226, 227, 228, 229, 230, 231, 232, 233, 234, 235, 236, 237, 238]
Linhas de Teste [6, 24, 26, 27, 33, 44, 47, 48, 52, 58, 64, 66, 67, 69, 72, 78, 82, 83, 95, 99, 107, 110, 112, 122, 128, 133, 136, 137, 146, 148, 149, 157, 172, 173, 175, 177, 178, 184, 195, 197, 199, 200, 205, 208, 209, 215, 225, 239]
R2 de Treino = 97.27
R2 de Teste = 95.82

94 / 150  62.67 %
Tempo restante 0:00:02.936920

#################  Rodada 95 / 150  63.33 %
Parâmetros ('EV_CE', 'PRE_CE', 'WAI_CE', 'saz_sin', 'saz_cos')
Linhas de Treino [0, 2, 3, 4, 6, 7, 8, 10, 11, 12, 13, 14, 15, 17, 18, 20, 22, 24, 25, 26, 27, 29, 30, 31, 32, 33, 35, 36, 37, 39, 41, 42, 43, 44, 45, 46, 47, 48, 49, 50, 51, 52, 53, 54, 55, 58, 59, 60, 63, 64, 66, 67, 69, 71, 72, 74, 75, 76, 77, 78, 79, 80, 82, 83, 84, 85, 86, 87, 89, 90, 91, 92, 93, 94, 95, 96, 98, 99, 100, 101, 102, 103, 105, 106, 107, 108, 109, 110, 111, 112, 113, 114, 115, 116, 117, 118, 119, 120, 121, 122, 124, 125, 126, 127, 128, 129, 131, 132, 133, 134, 136, 137, 138, 139, 140, 141, 142, 143, 144, 145, 146, 148, 149, 150, 151, 152, 154, 157, 158, 159, 160, 161, 162, 163, 164, 166, 167, 169, 171, 172, 173, 174, 175, 177, 178, 179, 180, 183, 184, 185, 186, 187, 188, 189, 190, 191, 192, 193, 194, 195, 197, 198, 199, 200, 202, 204, 205, 206, 207, 208, 209, 210, 212, 213, 215, 216, 218, 220, 221, 222, 223, 224, 225, 226, 227, 230, 231, 232, 233, 235, 238, 239]
Linhas de Teste [1, 5, 9, 16, 19, 21, 23, 28, 34, 38, 40, 56, 57, 61, 62, 65, 68, 70, 73, 81, 88, 97, 104, 123, 130, 135, 147, 153, 155, 156, 165, 168, 170, 176, 181, 182, 196, 201, 203, 211, 214, 217, 219, 228, 229, 234, 236, 237]
R2 de Treino = 97.04
R2 de Teste = 96.73

95 / 150  63.33 %
Tempo restante 0:00:03.026430

#################  Rodada 96 / 150  64.0 %
Parâmetros ('EV_CE', 'PRE_CE', 'WAI_CE', 'saz_sin', 'saz_cos')
Linhas de Treino [1, 2, 3, 4, 5, 6, 7, 8, 10, 12, 14, 15, 16, 17, 18, 19, 21, 24, 25, 27, 28, 29, 30, 31, 32, 33, 34, 35, 36, 38, 39, 40, 44, 45, 46, 47, 48, 50, 52, 53, 54, 55, 56, 57, 58, 59, 60, 61, 63, 64, 65, 66, 68, 70, 71, 72, 73, 75, 76, 77, 78, 79, 80, 81, 82, 83, 84, 85, 86, 87, 88, 92, 93, 94, 95, 96, 97, 98, 102, 103, 104, 105, 106, 107, 108, 109, 111, 112, 113, 114, 115, 116, 117, 119, 121, 122, 123, 124, 125, 126, 127, 128, 130, 131, 132, 133, 135, 136, 137, 138, 139, 140, 141, 142, 143, 144, 145, 146, 147, 148, 149, 150, 151, 152, 153, 154, 155, 156, 157, 159, 160, 161, 162, 163, 164, 166, 167, 168, 169, 170, 171, 173, 174, 175, 176, 177, 178, 179, 180, 181, 183, 184, 185, 187, 188, 189, 190, 191, 192, 194, 198, 199, 200, 201, 203, 204, 205, 206, 207, 208, 209, 210, 211, 212, 213, 215, 216, 217, 218, 221, 222, 223, 224, 225, 227, 228, 229, 233, 234, 236, 238, 239]
Linhas de Teste [0, 9, 11, 13, 20, 22, 23, 26, 37, 41, 42, 43, 49, 51, 62, 67, 69, 74, 89, 90, 91, 99, 100, 101, 110, 118, 120, 129, 134, 158, 165, 172, 182, 186, 193, 195, 196, 197, 202, 214, 219, 220, 226, 230, 231, 232, 235, 237]
R2 de Treino = 96.93
R2 de Teste = 96.87

96 / 150  64.0 %
Tempo restante 0:00:02.952720

#################  Rodada 97 / 150  64.67 %
Parâmetros ('EV_CE', 'PRE_CE', 'WAI_CE', 'saz_sin', 'saz_cos')
Linhas de Treino [0, 2, 4, 5, 6, 9, 10, 11, 12, 13, 14, 15, 16, 17, 18, 20, 22, 23, 24, 25, 26, 27, 28, 29, 31, 32, 34, 35, 37, 38, 40, 41, 42, 43, 44, 45, 46, 47, 48, 49, 50, 51, 52, 53, 54, 55, 56, 57, 60, 61, 62, 63, 64, 65, 67, 68, 69, 70, 71, 72, 73, 74, 75, 77, 79, 82, 84, 85, 86, 87, 89, 90, 91, 92, 93, 95, 96, 97, 99, 100, 101, 102, 103, 104, 105, 106, 107, 108, 109, 110, 111, 112, 114, 115, 116, 117, 118, 119, 120, 121, 123, 125, 126, 127, 128, 129, 130, 131, 132, 133, 134, 136, 137, 140, 141, 142, 144, 145, 146, 147, 149, 150, 151, 154, 155, 156, 157, 158, 159, 160, 161, 162, 163, 164, 165, 166, 168, 169, 170, 172, 174, 175, 176, 178, 182, 183, 185, 186, 188, 189, 190, 193, 194, 195, 196, 197, 198, 199, 200, 202, 203, 204, 205, 206, 207, 208, 209, 211, 212, 213, 214, 215, 216, 217, 218, 219, 220, 222, 223, 224, 226, 227, 228, 229, 230, 231, 232, 234, 235, 237, 238, 239]
Linhas de Teste [1, 3, 7, 8, 19, 21, 30, 33, 36, 39, 58, 59, 66, 76, 78, 80, 81, 83, 88, 94, 98, 113, 122, 124, 135, 138, 139, 143, 148, 152, 153, 167, 171, 173, 177, 179, 180, 181, 184, 187, 191, 192, 201, 210, 221, 225, 233, 236]
R2 de Treino = 96.96
R2 de Teste = 96.51

97 / 150  64.67 %
Tempo restante 0:00:02.798506

#################  Rodada 98 / 150  65.33 %
Parâmetros ('EV_CE', 'PRE_CE', 'WAI_CE', 'saz_sin', 'saz_cos')
Linhas de Treino [0, 1, 3, 4, 5, 7, 8, 9, 10, 11, 12, 13, 16, 17, 18, 19, 20, 21, 22, 23, 25, 26, 27, 28, 30, 31, 32, 33, 34, 35, 36, 37, 38, 39, 41, 42, 43, 44, 45, 46, 47, 49, 51, 54, 56, 57, 58, 59, 60, 62, 63, 66, 67, 69, 70, 71, 73, 74, 75, 76, 78, 79, 80, 81, 83, 84, 86, 87, 88, 89, 90, 91, 92, 93, 94, 95, 96, 97, 98, 99, 100, 101, 103, 105, 106, 107, 108, 109, 110, 111, 112, 113, 114, 115, 117, 118, 120, 121, 122, 124, 125, 126, 127, 128, 129, 132, 133, 134, 135, 136, 137, 138, 139, 140, 142, 143, 144, 146, 148, 149, 150, 151, 152, 153, 155, 156, 157, 158, 159, 161, 163, 164, 165, 166, 167, 168, 169, 171, 172, 173, 176, 177, 179, 180, 181, 182, 183, 184, 185, 186, 187, 191, 192, 193, 194, 195, 196, 197, 199, 200, 201, 202, 204, 205, 207, 208, 209, 210, 212, 213, 214, 215, 217, 218, 219, 220, 221, 222, 223, 224, 225, 226, 228, 230, 231, 232, 233, 235, 236, 237, 238, 239]
Linhas de Teste [2, 6, 14, 15, 24, 29, 40, 48, 50, 52, 53, 55, 61, 64, 65, 68, 72, 77, 82, 85, 102, 104, 116, 119, 123, 130, 131, 141, 145, 147, 154, 160, 162, 170, 174, 175, 178, 188, 189, 190, 198, 203, 206, 211, 216, 227, 229, 234]
R2 de Treino = 97.34
R2 de Teste = 95.12

98 / 150  65.33 %
Tempo restante 0:00:02.751580

#################  Rodada 99 / 150  66.0 %
Parâmetros ('EV_CE', 'PRE_CE', 'WAI_CE', 'saz_sin', 'saz_cos')
Linhas de Treino [0, 1, 2, 3, 4, 5, 6, 7, 8, 9, 11, 13, 14, 15, 19, 20, 21, 22, 23, 24, 26, 28, 29, 30, 31, 33, 34, 35, 36, 37, 38, 39, 40, 41, 42, 43, 44, 45, 48, 49, 50, 51, 52, 53, 54, 55, 56, 57, 58, 59, 60, 61, 62, 64, 65, 66, 67, 68, 69, 72, 74, 75, 76, 77, 78, 79, 80, 81, 82, 83, 85, 86, 88, 89, 90, 91, 94, 95, 96, 98, 99, 100, 101, 102, 103, 104, 105, 108, 109, 110, 111, 112, 113, 115, 116, 117, 118, 119, 120, 122, 123, 124, 126, 129, 130, 131, 132, 134, 135, 136, 138, 139, 140, 141, 143, 144, 145, 147, 148, 149, 150, 152, 153, 154, 157, 158, 159, 160, 162, 164, 165, 167, 168, 169, 170, 171, 172, 173, 174, 175, 176, 177, 178, 179, 180, 181, 182, 184, 186, 187, 188, 189, 190, 191, 192, 193, 194, 195, 196, 197, 198, 200, 201, 202, 203, 206, 207, 208, 210, 211, 212, 214, 216, 219, 220, 221, 224, 225, 226, 227, 228, 229, 230, 231, 232, 233, 234, 235, 236, 237, 238, 239]
Linhas de Teste [10, 12, 16, 17, 18, 25, 27, 32, 46, 47, 63, 70, 71, 73, 84, 87, 92, 93, 97, 106, 107, 114, 121, 125, 127, 128, 133, 137, 142, 146, 151, 155, 156, 161, 163, 166, 183, 185, 199, 204, 205, 209, 213, 215, 217, 218, 222, 223]
R2 de Treino = 97.12
R2 de Teste = 96.13

99 / 150  66.0 %
Tempo restante 0:00:02.694228

#################  Rodada 100 / 150  66.67 %
Parâmetros ('EV_CE', 'PRE_CE', 'WAI_CE', 'saz_sin', 'saz_cos')
Linhas de Treino [0, 1, 2, 3, 6, 7, 8, 9, 10, 11, 12, 13, 14, 15, 16, 17, 18, 19, 20, 21, 22, 23, 24, 25, 26, 27, 29, 30, 32, 33, 36, 37, 39, 40, 41, 42, 43, 46, 47, 48, 49, 50, 51, 52, 53, 55, 58, 59, 61, 62, 63, 64, 65, 66, 67, 68, 69, 70, 71, 72, 73, 74, 76, 77, 78, 80, 81, 82, 83, 84, 85, 87, 88, 89, 90, 91, 92, 93, 94, 97, 98, 99, 100, 101, 102, 104, 106, 107, 110, 113, 114, 116, 118, 119, 120, 121, 122, 123, 124, 125, 127, 128, 129, 130, 131, 133, 134, 135, 137, 138, 139, 141, 142, 143, 145, 146, 147, 148, 151, 152, 153, 154, 155, 156, 158, 160, 161, 162, 163, 165, 166, 167, 170, 171, 172, 173, 174, 175, 177, 178, 179, 180, 181, 182, 183, 184, 185, 186, 187, 188, 189, 190, 191, 192, 193, 195, 196, 197, 198, 199, 201, 202, 203, 204, 205, 206, 209, 210, 211, 213, 214, 215, 216, 217, 218, 219, 220, 221, 222, 223, 225, 226, 227, 229, 230, 231, 232, 233, 234, 235, 236, 237]
Linhas de Teste [4, 5, 28, 31, 34, 35, 38, 44, 45, 54, 56, 57, 60, 75, 79, 86, 95, 96, 103, 105, 108, 109, 111, 112, 115, 117, 126, 132, 136, 140, 144, 149, 150, 157, 159, 164, 168, 169, 176, 194, 200, 207, 208, 212, 224, 228, 238, 239]
R2 de Treino = 97.13
R2 de Teste = 96.55

100 / 150  66.67 %
Tempo restante 0:00:02.674250

#################  Rodada 101 / 150  67.33 %
Parâmetros ('EV_CE', 'PRE_CE', 'WAI_CE', 'saz_sin', 'saz_cos')
Linhas de Treino [0, 1, 2, 3, 4, 7, 10, 11, 12, 13, 14, 16, 17, 18, 19, 20, 21, 22, 24, 25, 26, 27, 28, 29, 30, 31, 32, 34, 35, 36, 37, 39, 40, 41, 42, 43, 45, 46, 47, 48, 49, 50, 53, 54, 55, 58, 59, 60, 61, 62, 63, 64, 65, 67, 69, 70, 73, 74, 75, 76, 77, 78, 80, 81, 82, 83, 84, 85, 86, 87, 88, 90, 94, 95, 96, 97, 98, 99, 100, 103, 104, 106, 107, 108, 109, 112, 113, 114, 116, 117, 118, 119, 121, 123, 124, 125, 126, 127, 128, 129, 130, 131, 132, 133, 134, 135, 136, 137, 138, 139, 140, 142, 143, 145, 146, 147, 148, 150, 151, 152, 154, 155, 156, 157, 158, 159, 160, 161, 162, 164, 165, 166, 168, 169, 170, 171, 172, 173, 174, 175, 177, 178, 180, 181, 182, 184, 185, 186, 187, 189, 191, 193, 194, 195, 196, 197, 198, 200, 201, 202, 203, 204, 205, 206, 207, 210, 211, 212, 213, 214, 215, 216, 217, 218, 219, 220, 221, 222, 223, 224, 225, 228, 229, 230, 231, 232, 233, 235, 236, 237, 238, 239]
Linhas de Teste [5, 6, 8, 9, 15, 23, 33, 38, 44, 51, 52, 56, 57, 66, 68, 71, 72, 79, 89, 91, 92, 93, 101, 102, 105, 110, 111, 115, 120, 122, 141, 144, 149, 153, 163, 167, 176, 179, 183, 188, 190, 192, 199, 208, 209, 226, 227, 234]
R2 de Treino = 97.07
R2 de Teste = 96.03

101 / 150  67.33 %
Tempo restante 0:00:02.958522

#################  Rodada 102 / 150  68.0 %
Parâmetros ('EV_CE', 'PRE_CE', 'WAI_CE', 'saz_sin', 'saz_cos')
Linhas de Treino [0, 1, 2, 3, 4, 5, 6, 7, 8, 9, 10, 11, 12, 13, 15, 17, 18, 19, 20, 21, 22, 23, 24, 26, 27, 28, 30, 31, 33, 34, 37, 38, 40, 41, 42, 43, 44, 45, 47, 49, 50, 51, 52, 53, 54, 55, 56, 57, 58, 59, 60, 61, 62, 66, 67, 68, 69, 71, 72, 73, 74, 76, 78, 79, 81, 82, 83, 84, 85, 86, 88, 89, 90, 91, 92, 93, 94, 95, 98, 99, 100, 101, 102, 103, 105, 107, 108, 109, 110, 111, 112, 113, 115, 116, 117, 118, 119, 120, 121, 122, 124, 126, 127, 128, 129, 131, 132, 133, 134, 135, 136, 137, 139, 140, 141, 142, 143, 144, 145, 148, 149, 151, 153, 154, 155, 156, 157, 160, 162, 163, 164, 165, 166, 167, 170, 171, 172, 173, 174, 175, 176, 177, 179, 180, 181, 183, 188, 189, 190, 191, 192, 193, 194, 196, 199, 200, 201, 202, 203, 204, 206, 207, 208, 209, 210, 211, 212, 213, 214, 215, 217, 218, 219, 220, 221, 222, 223, 225, 226, 227, 228, 229, 230, 231, 232, 233, 234, 235, 236, 237, 238, 239]
Linhas de Teste [14, 16, 25, 29, 32, 35, 36, 39, 46, 48, 63, 64, 65, 70, 75, 77, 80, 87, 96, 97, 104, 106, 114, 123, 125, 130, 138, 146, 147, 150, 152, 158, 159, 161, 168, 169, 178, 182, 184, 185, 186, 187, 195, 197, 198, 205, 216, 224]
R2 de Treino = 97.02
R2 de Teste = 96.74

102 / 150  68.0 %
Tempo restante 0:00:02.532864

#################  Rodada 103 / 150  68.67 %
Parâmetros ('EV_CE', 'PRE_CE', 'WAI_CE', 'saz_sin', 'saz_cos')
Linhas de Treino [0, 1, 2, 4, 5, 6, 7, 8, 9, 12, 14, 15, 16, 19, 21, 22, 23, 25, 26, 27, 29, 30, 32, 33, 34, 35, 36, 37, 38, 39, 42, 44, 45, 46, 47, 48, 51, 52, 55, 56, 57, 59, 60, 61, 62, 63, 64, 65, 66, 68, 69, 70, 71, 72, 73, 74, 75, 76, 77, 78, 79, 80, 83, 84, 85, 87, 89, 90, 91, 92, 93, 94, 95, 96, 97, 98, 99, 100, 101, 102, 103, 104, 105, 106, 108, 109, 110, 111, 112, 113, 114, 115, 118, 119, 120, 121, 122, 123, 124, 125, 127, 128, 130, 131, 133, 134, 135, 137, 138, 139, 141, 142, 143, 144, 145, 146, 147, 148, 149, 150, 151, 152, 153, 154, 155, 156, 158, 159, 160, 161, 162, 163, 164, 165, 166, 167, 168, 169, 172, 173, 175, 176, 177, 178, 179, 180, 182, 183, 184, 185, 186, 187, 188, 190, 191, 192, 193, 194, 195, 197, 198, 199, 203, 205, 206, 207, 208, 209, 211, 212, 213, 215, 216, 217, 219, 220, 221, 222, 223, 224, 226, 227, 228, 229, 230, 232, 233, 234, 236, 237, 238, 239]
Linhas de Teste [3, 10, 11, 13, 17, 18, 20, 24, 28, 31, 40, 41, 43, 49, 50, 53, 54, 58, 67, 81, 82, 86, 88, 107, 116, 117, 126, 129, 132, 136, 140, 157, 170, 171, 174, 181, 189, 196, 200, 201, 202, 204, 210, 214, 218, 225, 231, 235]
R2 de Treino = 97.04
R2 de Teste = 96.81

103 / 150  68.67 %
Tempo restante 0:00:02.452507

#################  Rodada 104 / 150  69.33 %
Parâmetros ('EV_CE', 'PRE_CE', 'WAI_CE', 'saz_sin', 'saz_cos')
Linhas de Treino [0, 3, 5, 6, 8, 9, 10, 11, 12, 13, 14, 15, 16, 17, 18, 20, 21, 22, 23, 24, 25, 27, 28, 29, 31, 32, 33, 35, 36, 37, 38, 39, 40, 41, 43, 44, 46, 48, 49, 50, 51, 52, 53, 54, 56, 57, 58, 60, 61, 62, 63, 64, 65, 66, 67, 68, 69, 70, 71, 72, 73, 75, 77, 79, 80, 81, 82, 83, 86, 87, 88, 89, 91, 92, 93, 95, 96, 97, 99, 100, 101, 102, 104, 105, 106, 107, 109, 110, 111, 112, 114, 115, 116, 117, 118, 120, 121, 122, 123, 124, 125, 126, 127, 128, 129, 130, 131, 132, 134, 135, 136, 138, 140, 141, 144, 145, 146, 147, 148, 149, 150, 152, 153, 154, 155, 157, 158, 159, 160, 161, 163, 164, 165, 167, 168, 169, 170, 171, 172, 174, 176, 178, 179, 180, 181, 182, 183, 184, 185, 186, 187, 188, 189, 190, 192, 194, 195, 196, 197, 198, 199, 200, 201, 202, 203, 204, 205, 206, 207, 208, 209, 210, 211, 212, 214, 215, 216, 218, 221, 222, 223, 224, 225, 226, 227, 229, 231, 232, 234, 235, 237, 238]
Linhas de Teste [1, 2, 4, 7, 19, 26, 30, 34, 42, 45, 47, 55, 59, 74, 76, 78, 84, 85, 90, 94, 98, 103, 108, 113, 119, 133, 137, 139, 142, 143, 151, 156, 162, 166, 173, 175, 177, 191, 193, 213, 217, 219, 220, 228, 230, 233, 236, 239]
R2 de Treino = 97.14
R2 de Teste = 96.23

104 / 150  69.33 %
Tempo restante 0:00:02.390804

#################  Rodada 105 / 150  70.0 %
Parâmetros ('EV_CE', 'PRE_CE', 'WAI_CE', 'saz_sin', 'saz_cos')
Linhas de Treino [1, 2, 3, 4, 5, 6, 7, 8, 9, 10, 11, 13, 14, 15, 16, 17, 18, 19, 20, 23, 24, 25, 26, 28, 29, 30, 31, 32, 33, 34, 35, 36, 38, 39, 40, 41, 42, 43, 44, 45, 46, 47, 48, 49, 50, 51, 52, 53, 54, 55, 56, 57, 58, 59, 63, 64, 65, 66, 67, 68, 70, 71, 72, 74, 75, 76, 77, 78, 79, 80, 81, 82, 84, 85, 86, 87, 88, 89, 90, 91, 92, 93, 94, 96, 97, 98, 101, 102, 103, 104, 105, 106, 107, 108, 110, 111, 113, 114, 115, 116, 117, 119, 120, 122, 123, 125, 126, 129, 130, 132, 133, 136, 137, 138, 139, 140, 141, 142, 143, 144, 146, 147, 149, 150, 151, 152, 153, 156, 157, 158, 159, 161, 162, 163, 166, 167, 168, 169, 170, 171, 173, 174, 175, 176, 177, 178, 179, 181, 182, 183, 184, 185, 186, 187, 188, 189, 190, 191, 192, 193, 195, 196, 197, 198, 199, 200, 201, 202, 204, 205, 208, 209, 210, 213, 214, 216, 217, 218, 219, 220, 224, 225, 226, 227, 228, 230, 231, 233, 234, 235, 236, 239]
Linhas de Teste [0, 12, 21, 22, 27, 37, 60, 61, 62, 69, 73, 83, 95, 99, 100, 109, 112, 118, 121, 124, 127, 128, 131, 134, 135, 145, 148, 154, 155, 160, 164, 165, 172, 180, 194, 203, 206, 207, 211, 212, 215, 221, 222, 223, 229, 232, 237, 238]
R2 de Treino = 97.19
R2 de Teste = 95.29

105 / 150  70.0 %
Tempo restante 0:00:02.374830

#################  Rodada 106 / 150  70.67 %
Parâmetros ('EV_CE', 'PRE_CE', 'WAI_CE', 'saz_sin', 'saz_cos')
Linhas de Treino [0, 1, 2, 3, 5, 7, 8, 9, 10, 11, 12, 13, 14, 15, 16, 17, 19, 20, 21, 22, 23, 24, 25, 27, 29, 30, 31, 32, 33, 34, 35, 37, 38, 39, 40, 41, 42, 43, 44, 45, 46, 47, 48, 51, 52, 53, 54, 55, 56, 57, 58, 59, 60, 61, 62, 64, 65, 67, 68, 70, 71, 74, 75, 76, 77, 78, 79, 80, 81, 82, 83, 84, 85, 86, 87, 88, 89, 92, 93, 94, 95, 96, 98, 100, 102, 103, 105, 108, 109, 110, 111, 114, 116, 117, 118, 119, 120, 121, 122, 124, 125, 126, 127, 129, 130, 131, 132, 133, 134, 135, 136, 137, 138, 139, 140, 141, 142, 143, 144, 145, 146, 147, 148, 149, 150, 151, 152, 157, 158, 161, 163, 164, 165, 166, 167, 168, 169, 171, 173, 174, 175, 176, 177, 178, 179, 180, 181, 182, 183, 185, 189, 190, 191, 193, 194, 195, 196, 197, 198, 199, 200, 201, 202, 203, 204, 205, 206, 208, 209, 210, 211, 212, 215, 216, 217, 219, 220, 221, 222, 223, 224, 227, 228, 229, 231, 233, 234, 235, 236, 237, 238, 239]
Linhas de Teste [4, 6, 18, 26, 28, 36, 49, 50, 63, 66, 69, 72, 73, 90, 91, 97, 99, 101, 104, 106, 107, 112, 113, 115, 123, 128, 153, 154, 155, 156, 159, 160, 162, 170, 172, 184, 186, 187, 188, 192, 207, 213, 214, 218, 225, 226, 230, 232]
R2 de Treino = 97.22
R2 de Teste = 95.83

106 / 150  70.67 %
Tempo restante 0:00:02.315368

#################  Rodada 107 / 150  71.33 %
Parâmetros ('EV_CE', 'PRE_CE', 'WAI_CE', 'saz_sin', 'saz_cos')
Linhas de Treino [2, 3, 4, 5, 6, 8, 9, 10, 12, 13, 14, 17, 18, 19, 21, 24, 25, 26, 27, 28, 30, 31, 35, 36, 37, 38, 39, 40, 41, 44, 45, 47, 48, 49, 50, 51, 52, 53, 55, 56, 58, 59, 61, 62, 63, 64, 66, 68, 69, 70, 71, 72, 73, 75, 76, 77, 80, 81, 83, 84, 85, 86, 87, 88, 89, 90, 91, 92, 93, 94, 95, 96, 97, 98, 99, 100, 101, 102, 103, 104, 105, 106, 107, 108, 109, 111, 112, 113, 114, 115, 118, 119, 120, 122, 123, 124, 125, 126, 127, 128, 129, 130, 131, 133, 135, 136, 137, 138, 140, 142, 143, 144, 146, 147, 148, 149, 150, 151, 153, 154, 155, 156, 157, 158, 159, 160, 162, 163, 164, 165, 166, 167, 170, 171, 172, 174, 175, 176, 177, 178, 180, 181, 182, 184, 185, 186, 187, 188, 189, 190, 191, 192, 193, 194, 195, 196, 197, 198, 201, 202, 203, 204, 205, 207, 208, 209, 210, 211, 212, 213, 214, 216, 217, 218, 219, 220, 222, 223, 224, 225, 226, 227, 228, 229, 230, 232, 233, 234, 235, 236, 237, 238]
Linhas de Teste [0, 1, 7, 11, 15, 16, 20, 22, 23, 29, 32, 33, 34, 42, 43, 46, 54, 57, 60, 65, 67, 74, 78, 79, 82, 110, 116, 117, 121, 132, 134, 139, 141, 145, 152, 161, 168, 169, 173, 179, 183, 199, 200, 206, 215, 221, 231, 239]
R2 de Treino = 96.89
R2 de Teste = 97.25

107 / 150  71.33 %
Tempo restante 0:00:04.565740

#################  Rodada 108 / 150  72.0 %
Parâmetros ('EV_CE', 'PRE_CE', 'WAI_CE', 'saz_sin', 'saz_cos')
Linhas de Treino [0, 1, 3, 4, 6, 7, 8, 9, 10, 11, 12, 14, 15, 16, 17, 18, 20, 21, 22, 23, 25, 26, 27, 28, 29, 30, 31, 32, 33, 34, 35, 36, 37, 38, 39, 42, 43, 45, 46, 47, 48, 49, 50, 54, 55, 56, 57, 59, 60, 61, 62, 63, 64, 65, 66, 67, 69, 70, 71, 72, 73, 74, 75, 76, 78, 79, 80, 81, 82, 85, 86, 87, 88, 90, 91, 92, 93, 95, 97, 98, 99, 100, 101, 103, 104, 105, 106, 107, 108, 109, 110, 111, 112, 113, 114, 115, 116, 117, 118, 119, 121, 123, 124, 125, 126, 127, 128, 129, 132, 133, 134, 135, 136, 137, 138, 139, 140, 141, 142, 143, 144, 145, 147, 150, 151, 152, 153, 154, 155, 156, 158, 159, 160, 161, 162, 163, 164, 165, 166, 167, 168, 169, 170, 171, 172, 173, 174, 175, 176, 177, 179, 180, 181, 182, 183, 184, 185, 186, 187, 188, 189, 191, 192, 193, 196, 199, 200, 204, 206, 207, 208, 210, 211, 213, 214, 215, 217, 218, 221, 222, 224, 225, 226, 229, 230, 231, 232, 234, 235, 236, 238, 239]
Linhas de Teste [2, 5, 13, 19, 24, 40, 41, 44, 51, 52, 53, 58, 68, 77, 83, 84, 89, 94, 96, 102, 120, 122, 130, 131, 146, 148, 149, 157, 178, 190, 194, 195, 197, 198, 201, 202, 203, 205, 209, 212, 216, 219, 220, 223, 227, 228, 233, 237]
R2 de Treino = 97.39
R2 de Teste = 94.29

108 / 150  72.0 %
Tempo restante 0:00:02.216592

#################  Rodada 109 / 150  72.67 %
Parâmetros ('EV_CE', 'PRE_CE', 'WAI_CE', 'saz_sin', 'saz_cos')
Linhas de Treino [0, 1, 2, 3, 4, 5, 6, 7, 9, 10, 11, 12, 13, 15, 16, 18, 19, 20, 21, 22, 23, 24, 25, 26, 27, 28, 29, 30, 32, 33, 34, 35, 36, 38, 39, 40, 41, 42, 43, 44, 45, 46, 48, 49, 50, 51, 52, 53, 54, 55, 57, 58, 59, 60, 63, 65, 66, 67, 68, 69, 71, 72, 73, 74, 77, 78, 79, 81, 82, 83, 84, 85, 87, 89, 90, 91, 92, 93, 94, 95, 96, 97, 99, 100, 101, 102, 103, 104, 106, 107, 109, 110, 112, 113, 115, 116, 117, 118, 119, 120, 121, 122, 123, 124, 125, 126, 127, 128, 129, 130, 131, 132, 134, 135, 137, 138, 139, 141, 145, 146, 148, 149, 150, 152, 153, 154, 155, 156, 157, 159, 160, 161, 162, 163, 165, 167, 168, 169, 170, 172, 173, 178, 179, 183, 184, 186, 187, 188, 189, 190, 191, 192, 194, 195, 196, 197, 198, 199, 200, 201, 202, 203, 205, 206, 207, 208, 209, 210, 212, 213, 214, 215, 216, 218, 219, 220, 221, 223, 225, 226, 227, 228, 229, 230, 231, 232, 233, 234, 235, 237, 238, 239]
Linhas de Teste [8, 14, 17, 31, 37, 47, 56, 61, 62, 64, 70, 75, 76, 80, 86, 88, 98, 105, 108, 111, 114, 133, 136, 140, 142, 143, 144, 147, 151, 158, 164, 166, 171, 174, 175, 176, 177, 180, 181, 182, 185, 193, 204, 211, 217, 222, 224, 236]
R2 de Treino = 96.74
R2 de Teste = 97.9

109 / 150  72.67 %
Tempo restante 0:00:02.162586

#################  Rodada 110 / 150  73.33 %
Parâmetros ('EV_CE', 'PRE_CE', 'WAI_CE', 'saz_sin', 'saz_cos')
Linhas de Treino [0, 1, 2, 4, 5, 6, 7, 8, 11, 13, 14, 15, 16, 17, 18, 19, 20, 22, 23, 24, 26, 28, 29, 31, 32, 33, 34, 36, 37, 40, 41, 42, 43, 44, 46, 47, 49, 50, 51, 52, 53, 54, 56, 57, 58, 60, 61, 62, 63, 64, 65, 66, 67, 68, 69, 70, 72, 73, 74, 75, 76, 77, 78, 79, 80, 82, 83, 84, 86, 88, 89, 90, 91, 94, 96, 97, 98, 99, 101, 102, 104, 105, 106, 107, 108, 110, 111, 112, 113, 114, 115, 116, 117, 120, 121, 122, 123, 128, 130, 131, 132, 133, 134, 136, 139, 140, 141, 142, 143, 144, 145, 146, 147, 148, 149, 151, 152, 153, 154, 155, 156, 157, 158, 159, 160, 161, 162, 164, 166, 168, 169, 170, 171, 172, 173, 174, 175, 176, 177, 178, 179, 180, 181, 182, 183, 184, 185, 186, 187, 188, 190, 192, 193, 194, 195, 197, 198, 199, 200, 201, 202, 203, 204, 205, 206, 207, 209, 211, 212, 213, 214, 215, 216, 217, 218, 219, 220, 221, 222, 223, 224, 225, 226, 227, 228, 230, 231, 232, 233, 236, 237, 239]
Linhas de Teste [3, 9, 10, 12, 21, 25, 27, 30, 35, 38, 39, 45, 48, 55, 59, 71, 81, 85, 87, 92, 93, 95, 100, 103, 109, 118, 119, 124, 125, 126, 127, 129, 135, 137, 138, 150, 163, 165, 167, 189, 191, 196, 208, 210, 229, 234, 235, 238]
R2 de Treino = 97.19
R2 de Teste = 95.88

110 / 150  73.33 %
Tempo restante 0:00:02.118840

#################  Rodada 111 / 150  74.0 %
Parâmetros ('EV_CE', 'PRE_CE', 'WAI_CE', 'saz_sin', 'saz_cos')
Linhas de Treino [0, 1, 4, 5, 7, 9, 10, 12, 13, 14, 16, 17, 20, 21, 22, 24, 25, 26, 27, 29, 30, 31, 33, 34, 36, 37, 38, 39, 41, 42, 43, 44, 45, 46, 47, 48, 50, 51, 52, 53, 54, 55, 57, 58, 59, 60, 61, 62, 63, 64, 65, 66, 67, 68, 69, 71, 72, 73, 74, 75, 76, 78, 79, 80, 81, 82, 83, 84, 85, 86, 88, 89, 90, 91, 92, 93, 94, 96, 97, 98, 101, 102, 103, 104, 106, 107, 108, 109, 110, 111, 112, 113, 114, 115, 116, 117, 118, 120, 121, 122, 126, 127, 128, 130, 131, 132, 134, 135, 136, 137, 138, 139, 141, 142, 143, 144, 145, 147, 148, 149, 151, 152, 154, 155, 156, 157, 158, 160, 161, 162, 163, 165, 166, 167, 169, 170, 171, 172, 173, 174, 176, 177, 178, 179, 180, 181, 182, 183, 185, 186, 187, 188, 190, 191, 192, 193, 194, 196, 197, 198, 199, 201, 202, 203, 204, 206, 207, 208, 209, 210, 212, 213, 214, 216, 217, 218, 219, 221, 222, 223, 225, 226, 227, 228, 229, 231, 232, 235, 236, 237, 238, 239]
Linhas de Teste [2, 3, 6, 8, 11, 15, 18, 19, 23, 28, 32, 35, 40, 49, 56, 70, 77, 87, 95, 99, 100, 105, 119, 123, 124, 125, 129, 133, 140, 146, 150, 153, 159, 164, 168, 175, 184, 189, 195, 200, 205, 211, 215, 220, 224, 230, 233, 234]
R2 de Treino = 96.96
R2 de Teste = 96.93

111 / 150  74.0 %
Tempo restante 0:00:02.057016

#################  Rodada 112 / 150  74.67 %
Parâmetros ('EV_CE', 'PRE_CE', 'WAI_CE', 'saz_sin', 'saz_cos')
Linhas de Treino [1, 2, 3, 4, 6, 8, 9, 10, 11, 12, 14, 15, 17, 18, 19, 20, 23, 24, 25, 26, 27, 28, 29, 30, 31, 32, 33, 35, 36, 37, 38, 39, 40, 42, 43, 45, 46, 47, 49, 50, 51, 53, 54, 55, 56, 57, 58, 59, 60, 62, 63, 64, 65, 66, 67, 68, 69, 70, 71, 72, 75, 76, 77, 82, 83, 84, 86, 87, 88, 89, 90, 91, 92, 93, 94, 95, 96, 98, 99, 100, 101, 102, 103, 104, 105, 106, 107, 109, 110, 111, 112, 113, 114, 115, 116, 117, 118, 119, 120, 121, 123, 124, 125, 126, 128, 129, 130, 131, 132, 133, 135, 136, 137, 139, 140, 141, 142, 143, 144, 146, 147, 148, 149, 150, 151, 153, 154, 157, 158, 159, 161, 162, 163, 164, 165, 167, 168, 169, 170, 171, 172, 173, 175, 176, 177, 179, 181, 183, 184, 185, 187, 188, 189, 190, 191, 192, 193, 195, 196, 197, 199, 200, 203, 204, 205, 206, 207, 208, 209, 210, 211, 213, 214, 215, 216, 217, 219, 220, 221, 222, 223, 224, 225, 228, 230, 232, 233, 234, 236, 237, 238, 239]
Linhas de Teste [0, 5, 7, 13, 16, 21, 22, 34, 41, 44, 48, 52, 61, 73, 74, 78, 79, 80, 81, 85, 97, 108, 122, 127, 134, 138, 145, 152, 155, 156, 160, 166, 174, 178, 180, 182, 186, 194, 198, 201, 202, 212, 218, 226, 227, 229, 231, 235]
R2 de Treino = 97.14
R2 de Teste = 96.29

112 / 150  74.67 %
Tempo restante 0:00:02.031366

#################  Rodada 113 / 150  75.33 %
Parâmetros ('EV_CE', 'PRE_CE', 'WAI_CE', 'saz_sin', 'saz_cos')
Linhas de Treino [0, 2, 3, 4, 5, 6, 7, 8, 9, 11, 12, 13, 14, 15, 16, 18, 19, 20, 21, 22, 23, 24, 25, 26, 27, 28, 30, 31, 32, 33, 34, 35, 36, 37, 39, 40, 41, 42, 43, 44, 45, 47, 48, 49, 51, 52, 56, 57, 61, 65, 66, 67, 69, 70, 72, 73, 74, 75, 77, 78, 79, 80, 81, 82, 83, 85, 86, 87, 88, 94, 95, 96, 97, 98, 99, 100, 103, 104, 105, 106, 108, 109, 110, 111, 112, 113, 114, 115, 117, 118, 119, 120, 121, 122, 123, 124, 125, 127, 128, 129, 130, 131, 132, 133, 134, 136, 138, 139, 140, 141, 142, 143, 145, 146, 147, 148, 150, 151, 152, 153, 154, 155, 156, 157, 158, 159, 160, 161, 162, 163, 164, 165, 166, 167, 168, 169, 171, 173, 174, 175, 176, 178, 179, 180, 182, 183, 184, 185, 186, 187, 189, 190, 191, 193, 194, 195, 198, 199, 200, 201, 202, 203, 204, 205, 208, 209, 211, 212, 213, 214, 215, 216, 217, 218, 220, 221, 222, 223, 224, 226, 227, 228, 229, 230, 231, 232, 233, 234, 235, 237, 238, 239]
Linhas de Teste [1, 10, 17, 29, 38, 46, 50, 53, 54, 55, 58, 59, 60, 62, 63, 64, 68, 71, 76, 84, 89, 90, 91, 92, 93, 101, 102, 107, 116, 126, 135, 137, 144, 149, 170, 172, 177, 181, 188, 192, 196, 197, 206, 207, 210, 219, 225, 236]
R2 de Treino = 97.02
R2 de Teste = 96.82

113 / 150  75.33 %
Tempo restante 0:00:01.968326

#################  Rodada 114 / 150  76.0 %
Parâmetros ('EV_CE', 'PRE_CE', 'WAI_CE', 'saz_sin', 'saz_cos')
Linhas de Treino [0, 1, 2, 3, 5, 6, 7, 8, 10, 11, 12, 13, 15, 16, 17, 18, 19, 21, 22, 23, 24, 27, 28, 29, 30, 31, 32, 33, 34, 35, 36, 37, 38, 39, 40, 41, 42, 44, 46, 47, 48, 49, 50, 51, 52, 53, 54, 55, 56, 57, 58, 59, 60, 61, 62, 63, 64, 67, 68, 70, 71, 73, 74, 75, 76, 77, 78, 79, 80, 81, 82, 84, 85, 87, 89, 90, 91, 92, 93, 95, 96, 97, 98, 99, 100, 101, 102, 103, 104, 105, 107, 108, 110, 113, 114, 116, 118, 119, 122, 123, 124, 125, 126, 127, 128, 129, 131, 133, 134, 135, 136, 137, 138, 140, 141, 143, 144, 145, 146, 149, 150, 152, 153, 154, 155, 156, 159, 160, 163, 164, 165, 166, 168, 169, 170, 172, 174, 175, 176, 177, 178, 180, 181, 182, 183, 184, 185, 186, 187, 188, 189, 190, 192, 193, 194, 195, 196, 197, 198, 199, 200, 201, 202, 203, 205, 206, 207, 208, 209, 210, 211, 212, 213, 215, 216, 217, 218, 219, 220, 224, 225, 226, 227, 228, 229, 230, 231, 233, 234, 235, 236, 237]
Linhas de Teste [4, 9, 14, 20, 25, 26, 43, 45, 65, 66, 69, 72, 83, 86, 88, 94, 106, 109, 111, 112, 115, 117, 120, 121, 130, 132, 139, 142, 147, 148, 151, 157, 158, 161, 162, 167, 171, 173, 179, 191, 204, 214, 221, 222, 223, 232, 238, 239]
R2 de Treino = 97.22
R2 de Teste = 95.48

114 / 150  76.0 %
Tempo restante 0:00:02.089548

#################  Rodada 115 / 150  76.67 %
Parâmetros ('EV_CE', 'PRE_CE', 'WAI_CE', 'saz_sin', 'saz_cos')
Linhas de Treino [0, 1, 2, 3, 4, 5, 6, 7, 8, 9, 10, 11, 13, 14, 15, 16, 17, 18, 19, 20, 21, 22, 23, 25, 26, 28, 29, 32, 34, 35, 38, 40, 41, 43, 44, 45, 46, 48, 49, 50, 52, 53, 54, 55, 56, 58, 59, 60, 61, 62, 63, 64, 65, 66, 68, 69, 70, 71, 72, 73, 74, 76, 77, 78, 79, 80, 81, 83, 84, 85, 86, 87, 88, 89, 90, 91, 92, 93, 94, 95, 97, 99, 100, 101, 102, 105, 106, 107, 108, 109, 111, 112, 115, 116, 117, 119, 120, 121, 122, 123, 124, 125, 126, 127, 129, 130, 132, 133, 134, 135, 137, 138, 139, 140, 142, 144, 145, 146, 147, 148, 149, 150, 151, 152, 153, 155, 156, 157, 158, 159, 160, 161, 162, 164, 166, 167, 168, 170, 171, 172, 173, 174, 175, 177, 178, 179, 180, 181, 182, 184, 186, 188, 189, 191, 192, 194, 195, 196, 197, 198, 200, 201, 202, 204, 205, 206, 207, 210, 211, 212, 214, 215, 218, 219, 220, 221, 222, 223, 224, 225, 226, 227, 229, 230, 231, 232, 233, 234, 235, 236, 238, 239]
Linhas de Teste [12, 24, 27, 30, 31, 33, 36, 37, 39, 42, 47, 51, 57, 67, 75, 82, 96, 98, 103, 104, 110, 113, 114, 118, 128, 131, 136, 141, 143, 154, 163, 165, 169, 176, 183, 185, 187, 190, 193, 199, 203, 208, 209, 213, 216, 217, 228, 237]
R2 de Treino = 97.15
R2 de Teste = 96.04

115 / 150  76.67 %
Tempo restante 0:00:01.861230

#################  Rodada 116 / 150  77.33 %
Parâmetros ('EV_CE', 'PRE_CE', 'WAI_CE', 'saz_sin', 'saz_cos')
Linhas de Treino [1, 2, 3, 4, 5, 6, 7, 9, 10, 11, 12, 13, 14, 15, 16, 17, 18, 19, 20, 21, 22, 24, 26, 27, 28, 29, 31, 33, 34, 35, 36, 40, 41, 42, 44, 45, 46, 47, 51, 53, 54, 56, 57, 58, 59, 62, 63, 64, 66, 68, 70, 71, 72, 73, 74, 75, 76, 77, 78, 79, 80, 81, 82, 83, 84, 85, 86, 88, 89, 90, 92, 93, 95, 97, 98, 100, 101, 102, 103, 105, 106, 107, 108, 109, 110, 111, 112, 113, 114, 115, 116, 117, 118, 119, 120, 121, 122, 124, 125, 126, 131, 132, 133, 134, 135, 136, 137, 138, 139, 140, 143, 144, 145, 147, 149, 150, 151, 152, 153, 154, 155, 156, 157, 158, 159, 160, 161, 162, 163, 164, 165, 166, 167, 169, 170, 171, 172, 173, 174, 175, 177, 178, 179, 180, 183, 185, 186, 187, 189, 190, 191, 192, 193, 195, 196, 197, 198, 199, 200, 201, 203, 204, 205, 207, 208, 209, 210, 211, 212, 213, 214, 215, 217, 218, 219, 220, 221, 222, 223, 224, 226, 227, 228, 229, 230, 232, 233, 235, 236, 237, 238, 239]
Linhas de Teste [0, 8, 23, 25, 30, 32, 37, 38, 39, 43, 48, 49, 50, 52, 55, 60, 61, 65, 67, 69, 87, 91, 94, 96, 99, 104, 123, 127, 128, 129, 130, 141, 142, 146, 148, 168, 176, 181, 182, 184, 188, 194, 202, 206, 216, 225, 231, 234]
R2 de Treino = 96.88
R2 de Teste = 97.11

116 / 150  77.33 %
Tempo restante 0:00:01.925488

#################  Rodada 117 / 150  78.0 %
Parâmetros ('EV_CE', 'PRE_CE', 'WAI_CE', 'saz_sin', 'saz_cos')
Linhas de Treino [0, 1, 2, 3, 5, 6, 7, 8, 9, 10, 11, 12, 13, 14, 15, 16, 17, 21, 22, 23, 24, 25, 26, 29, 30, 31, 32, 34, 35, 37, 38, 39, 40, 41, 42, 43, 44, 45, 46, 47, 48, 49, 50, 52, 53, 55, 56, 57, 58, 59, 60, 61, 62, 63, 65, 66, 67, 68, 69, 70, 71, 72, 73, 74, 75, 76, 77, 78, 79, 80, 82, 84, 86, 87, 89, 91, 92, 93, 94, 95, 96, 97, 98, 99, 102, 103, 104, 105, 107, 109, 110, 111, 112, 113, 114, 115, 116, 117, 118, 119, 120, 121, 122, 123, 124, 125, 126, 127, 128, 129, 130, 131, 132, 133, 134, 136, 138, 139, 141, 142, 143, 144, 145, 146, 147, 148, 149, 150, 155, 157, 159, 160, 162, 164, 166, 167, 168, 169, 170, 172, 173, 174, 175, 176, 177, 178, 179, 181, 182, 183, 184, 185, 186, 188, 189, 190, 193, 194, 195, 196, 197, 198, 199, 201, 202, 203, 205, 206, 207, 208, 209, 210, 213, 214, 215, 216, 217, 218, 220, 222, 224, 225, 226, 228, 229, 231, 232, 233, 234, 235, 237, 238]
Linhas de Teste [4, 18, 19, 20, 27, 28, 33, 36, 51, 54, 64, 81, 83, 85, 88, 90, 100, 101, 106, 108, 135, 137, 140, 151, 152, 153, 154, 156, 158, 161, 163, 165, 171, 180, 187, 191, 192, 200, 204, 211, 212, 219, 221, 223, 227, 230, 236, 239]
R2 de Treino = 97.14
R2 de Teste = 95.62

117 / 150  78.0 %
Tempo restante 0:00:01.941555

#################  Rodada 118 / 150  78.67 %
Parâmetros ('EV_CE', 'PRE_CE', 'WAI_CE', 'saz_sin', 'saz_cos')
Linhas de Treino [0, 2, 3, 4, 5, 7, 8, 9, 10, 13, 14, 17, 18, 19, 20, 21, 22, 23, 24, 25, 27, 28, 29, 30, 31, 32, 33, 34, 36, 37, 38, 39, 40, 42, 43, 44, 46, 47, 48, 49, 50, 51, 52, 54, 55, 56, 57, 59, 60, 61, 64, 65, 66, 67, 68, 69, 70, 72, 73, 75, 77, 80, 81, 82, 83, 85, 86, 87, 88, 90, 91, 92, 93, 94, 95, 96, 97, 98, 99, 100, 101, 102, 104, 105, 106, 107, 108, 111, 112, 113, 114, 115, 116, 118, 119, 121, 122, 123, 124, 125, 126, 127, 128, 129, 130, 131, 132, 133, 135, 136, 137, 138, 140, 141, 142, 144, 145, 146, 148, 149, 150, 151, 152, 153, 154, 155, 156, 157, 158, 159, 160, 161, 162, 163, 165, 166, 167, 168, 170, 171, 172, 176, 177, 178, 179, 180, 181, 182, 183, 184, 187, 188, 190, 191, 192, 193, 194, 196, 198, 200, 201, 202, 203, 204, 205, 206, 207, 210, 211, 212, 213, 214, 215, 216, 219, 220, 221, 222, 223, 224, 225, 226, 227, 228, 229, 230, 231, 232, 234, 235, 236, 239]
Linhas de Teste [1, 6, 11, 12, 15, 16, 26, 35, 41, 45, 53, 58, 62, 63, 71, 74, 76, 78, 79, 84, 89, 103, 109, 110, 117, 120, 134, 139, 143, 147, 164, 169, 173, 174, 175, 185, 186, 189, 195, 197, 199, 208, 209, 217, 218, 233, 237, 238]
R2 de Treino = 97.24
R2 de Teste = 95.3

118 / 150  78.67 %
Tempo restante 0:00:01.702144

#################  Rodada 119 / 150  79.33 %
Parâmetros ('EV_CE', 'PRE_CE', 'WAI_CE', 'saz_sin', 'saz_cos')
Linhas de Treino [0, 1, 3, 4, 5, 6, 7, 8, 11, 12, 14, 15, 16, 18, 19, 20, 23, 25, 26, 27, 28, 29, 30, 31, 32, 33, 35, 36, 37, 38, 39, 41, 43, 44, 45, 48, 49, 50, 51, 52, 53, 54, 55, 56, 58, 59, 60, 61, 62, 63, 64, 65, 66, 67, 69, 70, 71, 74, 76, 78, 79, 81, 83, 84, 85, 87, 88, 89, 90, 91, 92, 93, 94, 95, 96, 97, 99, 100, 101, 102, 103, 104, 105, 106, 107, 108, 109, 110, 111, 113, 114, 116, 117, 119, 120, 121, 122, 123, 124, 125, 127, 128, 129, 130, 133, 134, 135, 137, 139, 140, 141, 142, 143, 145, 146, 147, 148, 150, 151, 152, 153, 154, 156, 158, 161, 163, 164, 165, 166, 167, 168, 169, 170, 171, 172, 173, 174, 175, 176, 180, 181, 182, 183, 184, 185, 186, 187, 188, 189, 190, 191, 192, 193, 194, 195, 196, 197, 199, 200, 201, 202, 204, 205, 206, 207, 208, 209, 210, 211, 212, 215, 216, 217, 218, 219, 220, 221, 223, 224, 225, 226, 227, 229, 230, 231, 233, 234, 235, 236, 237, 238, 239]
Linhas de Teste [2, 9, 10, 13, 17, 21, 22, 24, 34, 40, 42, 46, 47, 57, 68, 72, 73, 75, 77, 80, 82, 86, 98, 112, 115, 118, 126, 131, 132, 136, 138, 144, 149, 155, 157, 159, 160, 162, 177, 178, 179, 198, 203, 213, 214, 222, 228, 232]
R2 de Treino = 97.46
R2 de Teste = 94.1

119 / 150  79.33 %
Tempo restante 0:00:01.644891

#################  Rodada 120 / 150  80.0 %
Parâmetros ('EV_CE', 'PRE_CE', 'WAI_CE', 'saz_sin', 'saz_cos')
Linhas de Treino [0, 1, 2, 4, 6, 8, 9, 10, 11, 12, 13, 15, 16, 17, 18, 19, 20, 21, 22, 23, 24, 25, 26, 27, 28, 30, 32, 33, 34, 35, 36, 37, 38, 39, 40, 41, 42, 43, 45, 46, 47, 48, 49, 50, 51, 52, 53, 54, 55, 57, 58, 60, 61, 62, 63, 64, 65, 67, 68, 69, 71, 72, 73, 74, 75, 76, 77, 78, 79, 80, 81, 82, 83, 84, 85, 86, 87, 88, 89, 90, 91, 94, 96, 98, 99, 100, 101, 103, 104, 106, 108, 109, 110, 112, 115, 117, 118, 120, 123, 126, 127, 128, 129, 130, 131, 132, 134, 135, 136, 137, 138, 139, 140, 141, 142, 143, 144, 146, 147, 148, 149, 151, 152, 153, 154, 155, 156, 157, 158, 159, 160, 161, 162, 163, 164, 165, 168, 169, 171, 173, 174, 175, 176, 177, 178, 179, 180, 181, 182, 184, 185, 186, 187, 188, 189, 191, 192, 194, 195, 197, 198, 199, 200, 202, 203, 204, 206, 208, 209, 211, 212, 213, 214, 216, 217, 218, 219, 221, 222, 223, 225, 227, 228, 230, 231, 232, 233, 234, 236, 237, 238, 239]
Linhas de Teste [3, 5, 7, 14, 29, 31, 44, 56, 59, 66, 70, 92, 93, 95, 97, 102, 105, 107, 111, 113, 114, 116, 119, 121, 122, 124, 125, 133, 145, 150, 166, 167, 170, 172, 183, 190, 193, 196, 201, 205, 207, 210, 215, 220, 224, 226, 229, 235]
R2 de Treino = 96.84
R2 de Teste = 97.5

120 / 150  80.0 %
Tempo restante 0:00:01.578180

#################  Rodada 121 / 150  80.67 %
Parâmetros ('EV_CE', 'PRE_CE', 'WAI_CE', 'saz_sin', 'saz_cos')
Linhas de Treino [0, 1, 2, 3, 4, 5, 7, 9, 11, 12, 13, 14, 15, 16, 17, 18, 19, 20, 21, 22, 23, 24, 26, 27, 28, 29, 30, 31, 34, 35, 37, 38, 39, 40, 41, 42, 43, 44, 45, 46, 48, 49, 52, 53, 56, 57, 58, 59, 60, 61, 62, 64, 65, 66, 67, 68, 69, 70, 71, 72, 74, 75, 76, 77, 78, 79, 80, 81, 82, 83, 84, 86, 88, 89, 91, 93, 94, 95, 96, 97, 99, 100, 102, 103, 104, 105, 106, 107, 108, 109, 110, 111, 112, 114, 115, 116, 117, 118, 119, 120, 121, 122, 123, 124, 125, 126, 127, 128, 129, 130, 131, 134, 137, 138, 139, 140, 141, 142, 143, 144, 147, 148, 149, 150, 151, 153, 154, 155, 156, 158, 159, 160, 161, 162, 164, 165, 166, 167, 168, 169, 170, 171, 172, 173, 174, 175, 177, 179, 180, 181, 182, 184, 185, 186, 187, 188, 189, 191, 192, 193, 194, 195, 196, 198, 200, 201, 202, 203, 204, 205, 207, 208, 209, 210, 213, 215, 217, 219, 221, 222, 223, 224, 225, 226, 227, 229, 230, 231, 233, 234, 235, 238]
Linhas de Teste [6, 8, 10, 25, 32, 33, 36, 47, 50, 51, 54, 55, 63, 73, 85, 87, 90, 92, 98, 101, 113, 132, 133, 135, 136, 145, 146, 152, 157, 163, 176, 178, 183, 190, 197, 199, 206, 211, 212, 214, 216, 218, 220, 228, 232, 236, 237, 239]
R2 de Treino = 96.83
R2 de Teste = 97.43

121 / 150  80.67 %
Tempo restante 0:00:01.550021

#################  Rodada 122 / 150  81.33 %
Parâmetros ('EV_CE', 'PRE_CE', 'WAI_CE', 'saz_sin', 'saz_cos')
Linhas de Treino [3, 6, 8, 9, 10, 11, 13, 14, 15, 16, 17, 18, 19, 20, 21, 22, 23, 24, 25, 26, 27, 28, 29, 31, 32, 33, 35, 36, 37, 38, 39, 40, 41, 43, 45, 46, 47, 48, 49, 50, 51, 53, 54, 55, 56, 57, 58, 59, 60, 63, 64, 65, 66, 67, 68, 69, 70, 72, 73, 74, 75, 76, 77, 79, 80, 83, 84, 85, 86, 87, 88, 89, 90, 91, 92, 94, 95, 98, 99, 100, 101, 102, 103, 104, 105, 106, 107, 108, 109, 110, 112, 113, 114, 115, 117, 118, 122, 123, 124, 126, 127, 128, 129, 130, 132, 133, 135, 136, 137, 138, 139, 140, 143, 144, 145, 146, 147, 148, 149, 151, 152, 153, 154, 155, 156, 157, 159, 161, 162, 163, 164, 165, 167, 168, 169, 170, 173, 174, 176, 177, 178, 180, 181, 183, 185, 186, 187, 188, 190, 191, 192, 193, 194, 195, 196, 197, 198, 199, 200, 202, 204, 205, 206, 208, 209, 210, 211, 212, 214, 215, 216, 217, 218, 219, 220, 221, 222, 223, 224, 226, 227, 228, 229, 230, 231, 232, 233, 234, 235, 236, 237, 239]
Linhas de Teste [0, 1, 2, 4, 5, 7, 12, 30, 34, 42, 44, 52, 61, 62, 71, 78, 81, 82, 93, 96, 97, 111, 116, 119, 120, 121, 125, 131, 134, 141, 142, 150, 158, 160, 166, 171, 172, 175, 179, 182, 184, 189, 201, 203, 207, 213, 225, 238]
R2 de Treino = 97.08
R2 de Teste = 96.57

122 / 150  81.33 %
Tempo restante 0:00:01.496068

#################  Rodada 123 / 150  82.0 %
Parâmetros ('EV_CE', 'PRE_CE', 'WAI_CE', 'saz_sin', 'saz_cos')
Linhas de Treino [0, 1, 2, 3, 4, 5, 6, 7, 8, 9, 10, 11, 12, 14, 18, 19, 21, 23, 24, 25, 26, 27, 28, 29, 30, 32, 33, 34, 36, 38, 39, 40, 41, 42, 44, 46, 47, 48, 49, 50, 51, 52, 54, 55, 56, 59, 61, 62, 63, 64, 65, 70, 71, 72, 73, 74, 75, 76, 77, 78, 79, 81, 82, 83, 84, 85, 87, 88, 89, 90, 91, 92, 93, 94, 95, 96, 97, 98, 100, 101, 102, 104, 105, 106, 107, 110, 111, 112, 113, 116, 117, 118, 119, 120, 121, 123, 124, 125, 128, 129, 131, 132, 133, 134, 135, 136, 138, 139, 141, 142, 143, 145, 146, 150, 151, 152, 153, 154, 157, 158, 159, 160, 161, 163, 164, 165, 166, 167, 168, 169, 170, 171, 172, 175, 176, 178, 179, 180, 181, 182, 183, 184, 185, 186, 187, 188, 189, 190, 192, 193, 194, 195, 196, 197, 198, 199, 200, 201, 202, 203, 204, 205, 206, 207, 208, 209, 210, 211, 212, 213, 214, 216, 217, 218, 219, 220, 221, 222, 223, 224, 225, 226, 227, 228, 231, 232, 233, 235, 236, 237, 238, 239]
Linhas de Teste [13, 15, 16, 17, 20, 22, 31, 35, 37, 43, 45, 53, 57, 58, 60, 66, 67, 68, 69, 80, 86, 99, 103, 108, 109, 114, 115, 122, 126, 127, 130, 137, 140, 144, 147, 148, 149, 155, 156, 162, 173, 174, 177, 191, 215, 229, 230, 234]
R2 de Treino = 97.03
R2 de Teste = 96.4

123 / 150  82.0 %
Tempo restante 0:00:01.419714

#################  Rodada 124 / 150  82.67 %
Parâmetros ('EV_CE', 'PRE_CE', 'WAI_CE', 'saz_sin', 'saz_cos')
Linhas de Treino [0, 1, 2, 3, 4, 5, 6, 7, 8, 10, 11, 12, 13, 15, 16, 17, 18, 20, 22, 23, 25, 26, 29, 30, 31, 32, 33, 34, 35, 36, 37, 39, 42, 43, 44, 45, 46, 47, 48, 49, 50, 51, 52, 53, 54, 55, 57, 58, 59, 60, 61, 62, 63, 64, 66, 67, 68, 69, 70, 71, 73, 74, 78, 80, 81, 82, 83, 84, 85, 86, 87, 90, 91, 92, 93, 94, 96, 97, 98, 99, 101, 103, 105, 107, 108, 109, 110, 111, 112, 113, 114, 115, 116, 118, 119, 120, 121, 122, 125, 126, 127, 128, 129, 130, 131, 132, 133, 134, 135, 136, 137, 138, 139, 140, 141, 142, 143, 144, 145, 146, 147, 148, 149, 150, 152, 153, 155, 156, 157, 158, 160, 162, 163, 166, 170, 171, 172, 173, 174, 175, 176, 177, 178, 179, 180, 181, 182, 183, 184, 189, 190, 191, 193, 194, 197, 198, 199, 200, 201, 202, 203, 205, 206, 207, 208, 211, 212, 213, 214, 215, 216, 217, 218, 219, 220, 221, 223, 224, 225, 226, 228, 229, 230, 231, 232, 233, 234, 235, 236, 237, 238, 239]
Linhas de Teste [9, 14, 19, 21, 24, 27, 28, 38, 40, 41, 56, 65, 72, 75, 76, 77, 79, 88, 89, 95, 100, 102, 104, 106, 117, 123, 124, 151, 154, 159, 161, 164, 165, 167, 168, 169, 185, 186, 187, 188, 192, 195, 196, 204, 209, 210, 222, 227]
R2 de Treino = 97.22
R2 de Teste = 96.02

124 / 150  82.67 %
Tempo restante 0:00:01.432548

#################  Rodada 125 / 150  83.33 %
Parâmetros ('EV_CE', 'PRE_CE', 'WAI_CE', 'saz_sin', 'saz_cos')
Linhas de Treino [0, 1, 2, 4, 5, 6, 7, 8, 9, 10, 12, 13, 14, 15, 16, 17, 19, 20, 21, 22, 24, 25, 27, 28, 30, 31, 32, 33, 34, 35, 36, 37, 38, 40, 41, 42, 43, 44, 45, 47, 50, 51, 52, 53, 54, 55, 56, 57, 58, 60, 61, 62, 63, 65, 66, 67, 68, 69, 71, 72, 73, 75, 76, 77, 78, 79, 80, 81, 82, 85, 86, 87, 88, 89, 90, 92, 93, 95, 96, 97, 98, 99, 100, 101, 102, 103, 104, 106, 108, 109, 111, 113, 114, 115, 116, 117, 119, 120, 121, 122, 123, 124, 125, 126, 127, 130, 131, 132, 133, 134, 135, 136, 137, 140, 141, 142, 144, 145, 146, 147, 148, 149, 150, 151, 152, 154, 155, 156, 157, 158, 159, 160, 161, 162, 163, 164, 165, 166, 167, 168, 169, 171, 172, 173, 174, 175, 176, 177, 178, 179, 182, 183, 184, 185, 186, 187, 188, 189, 190, 191, 192, 195, 196, 197, 199, 201, 203, 204, 206, 207, 209, 210, 211, 212, 213, 214, 215, 216, 218, 220, 222, 225, 227, 228, 229, 230, 232, 234, 236, 237, 238, 239]
Linhas de Teste [3, 11, 18, 23, 26, 29, 39, 46, 48, 49, 59, 64, 70, 74, 83, 84, 91, 94, 105, 107, 110, 112, 118, 128, 129, 138, 139, 143, 153, 170, 180, 181, 193, 194, 198, 200, 202, 205, 208, 217, 219, 221, 223, 224, 226, 231, 233, 235]
R2 de Treino = 97.38
R2 de Teste = 94.8

125 / 150  83.33 %
Tempo restante 0:00:01.320100

#################  Rodada 126 / 150  84.0 %
Parâmetros ('EV_CE', 'PRE_CE', 'WAI_CE', 'saz_sin', 'saz_cos')
Linhas de Treino [0, 1, 2, 3, 5, 6, 7, 8, 10, 11, 12, 13, 14, 15, 16, 17, 18, 20, 21, 22, 23, 24, 25, 26, 27, 28, 29, 30, 31, 32, 33, 34, 35, 36, 37, 38, 41, 42, 43, 45, 46, 47, 48, 49, 50, 51, 52, 53, 56, 57, 58, 60, 61, 63, 64, 65, 67, 69, 70, 71, 73, 74, 75, 77, 78, 80, 81, 82, 83, 85, 86, 87, 88, 89, 90, 91, 92, 93, 95, 96, 97, 98, 99, 100, 101, 102, 103, 104, 105, 107, 108, 109, 110, 111, 112, 113, 115, 116, 117, 118, 119, 120, 121, 122, 124, 125, 127, 128, 131, 132, 133, 134, 136, 137, 138, 139, 142, 143, 144, 146, 147, 148, 149, 151, 152, 153, 154, 155, 156, 157, 158, 159, 160, 161, 163, 164, 166, 167, 168, 169, 170, 171, 172, 173, 174, 176, 177, 178, 181, 184, 186, 187, 189, 190, 191, 192, 193, 194, 195, 196, 197, 198, 199, 200, 202, 204, 205, 207, 209, 210, 211, 212, 213, 214, 215, 218, 219, 220, 223, 224, 225, 226, 227, 229, 231, 232, 233, 235, 236, 237, 238, 239]
Linhas de Teste [4, 9, 19, 39, 40, 44, 54, 55, 59, 62, 66, 68, 72, 76, 79, 84, 94, 106, 114, 123, 126, 129, 130, 135, 140, 141, 145, 150, 162, 165, 175, 179, 180, 182, 183, 185, 188, 201, 203, 206, 208, 216, 217, 221, 222, 228, 230, 234]
R2 de Treino = 97.1
R2 de Teste = 96.12

126 / 150  84.0 %
Tempo restante 0:00:01.267152

#################  Rodada 127 / 150  84.67 %
Parâmetros ('EV_CE', 'PRE_CE', 'WAI_CE', 'saz_sin', 'saz_cos')
Linhas de Treino [0, 3, 4, 5, 6, 7, 9, 10, 11, 12, 13, 15, 16, 17, 18, 19, 21, 22, 25, 26, 27, 28, 29, 30, 31, 34, 35, 36, 38, 39, 40, 42, 43, 44, 45, 46, 47, 48, 49, 50, 51, 52, 53, 54, 55, 56, 57, 59, 60, 62, 63, 64, 65, 66, 67, 68, 69, 70, 71, 72, 73, 74, 76, 77, 78, 79, 80, 84, 86, 87, 88, 89, 91, 92, 93, 94, 96, 97, 98, 101, 102, 104, 105, 106, 107, 109, 110, 112, 114, 115, 116, 117, 119, 120, 121, 122, 123, 124, 125, 126, 128, 129, 130, 131, 133, 134, 135, 137, 138, 139, 140, 141, 142, 143, 144, 145, 146, 147, 148, 150, 151, 152, 153, 156, 157, 158, 160, 161, 162, 163, 164, 165, 168, 169, 170, 171, 172, 173, 174, 175, 179, 180, 181, 182, 183, 184, 185, 186, 188, 189, 190, 191, 192, 193, 194, 196, 197, 198, 199, 201, 202, 203, 204, 205, 206, 208, 209, 210, 211, 212, 214, 215, 216, 217, 218, 219, 220, 221, 222, 223, 224, 225, 226, 227, 228, 229, 230, 231, 232, 233, 234, 238]
Linhas de Teste [1, 2, 8, 14, 20, 23, 24, 32, 33, 37, 41, 58, 61, 75, 81, 82, 83, 85, 90, 95, 99, 100, 103, 108, 111, 113, 118, 127, 132, 136, 149, 154, 155, 159, 166, 167, 176, 177, 178, 187, 195, 200, 207, 213, 235, 236, 237, 239]
R2 de Treino = 97.26
R2 de Teste = 95.4

127 / 150  84.67 %
Tempo restante 0:00:01.250556

#################  Rodada 128 / 150  85.33 %
Parâmetros ('EV_CE', 'PRE_CE', 'WAI_CE', 'saz_sin', 'saz_cos')
Linhas de Treino [0, 1, 2, 3, 4, 6, 8, 9, 10, 12, 13, 14, 16, 18, 19, 20, 21, 22, 23, 24, 25, 27, 28, 29, 32, 33, 34, 37, 39, 40, 41, 44, 45, 46, 48, 49, 50, 51, 52, 53, 54, 55, 56, 58, 59, 60, 61, 62, 63, 64, 66, 67, 68, 71, 72, 73, 74, 75, 76, 77, 78, 79, 80, 81, 82, 83, 84, 85, 86, 87, 88, 90, 91, 92, 94, 95, 96, 97, 98, 99, 100, 101, 102, 103, 105, 106, 108, 109, 110, 111, 112, 113, 114, 115, 116, 117, 118, 119, 120, 121, 123, 124, 126, 127, 129, 130, 131, 132, 133, 134, 135, 136, 137, 139, 140, 141, 144, 145, 147, 149, 150, 152, 153, 154, 155, 157, 159, 160, 162, 163, 164, 165, 166, 167, 169, 170, 172, 173, 174, 175, 176, 177, 178, 179, 180, 181, 182, 183, 184, 185, 186, 187, 188, 189, 190, 191, 193, 195, 197, 198, 199, 200, 201, 203, 206, 207, 208, 211, 212, 213, 214, 215, 216, 217, 219, 220, 221, 222, 223, 224, 225, 228, 229, 230, 232, 233, 234, 235, 236, 237, 238, 239]
Linhas de Teste [5, 7, 11, 15, 17, 26, 30, 31, 35, 36, 38, 42, 43, 47, 57, 65, 69, 70, 89, 93, 104, 107, 122, 125, 128, 138, 142, 143, 146, 148, 151, 156, 158, 161, 168, 171, 192, 194, 196, 202, 204, 205, 209, 210, 218, 226, 227, 231]
R2 de Treino = 97.2
R2 de Teste = 95.83

128 / 150  85.33 %
Tempo restante 0:00:01.215324

#################  Rodada 129 / 150  86.0 %
Parâmetros ('EV_CE', 'PRE_CE', 'WAI_CE', 'saz_sin', 'saz_cos')
Linhas de Treino [1, 2, 3, 4, 5, 6, 7, 8, 9, 10, 11, 12, 14, 15, 17, 18, 19, 20, 23, 24, 26, 30, 31, 32, 33, 35, 36, 37, 38, 39, 40, 41, 42, 43, 44, 45, 47, 50, 51, 52, 53, 54, 55, 57, 58, 59, 60, 61, 62, 64, 65, 66, 67, 68, 69, 70, 71, 72, 74, 75, 76, 79, 81, 82, 83, 84, 85, 87, 88, 89, 90, 93, 94, 95, 97, 98, 99, 100, 101, 102, 103, 104, 106, 107, 108, 109, 111, 112, 113, 114, 115, 116, 117, 118, 119, 120, 122, 123, 124, 125, 126, 127, 128, 129, 130, 132, 133, 135, 136, 138, 139, 140, 141, 142, 143, 145, 146, 148, 149, 150, 151, 152, 153, 154, 155, 156, 158, 159, 161, 162, 164, 165, 166, 167, 168, 169, 170, 171, 173, 174, 175, 176, 177, 178, 179, 180, 182, 183, 184, 185, 186, 187, 188, 191, 192, 194, 195, 196, 198, 200, 201, 202, 203, 204, 205, 206, 207, 208, 209, 210, 213, 214, 216, 217, 218, 219, 221, 222, 223, 226, 227, 228, 229, 230, 231, 233, 234, 235, 236, 237, 238, 239]
Linhas de Teste [0, 13, 16, 21, 22, 25, 27, 28, 29, 34, 46, 48, 49, 56, 63, 73, 77, 78, 80, 86, 91, 92, 96, 105, 110, 121, 131, 134, 137, 144, 147, 157, 160, 163, 172, 181, 189, 190, 193, 197, 199, 211, 212, 215, 220, 224, 225, 232]
R2 de Treino = 96.65
R2 de Teste = 98.11

129 / 150  86.0 %
Tempo restante 0:00:01.141245

#################  Rodada 130 / 150  86.67 %
Parâmetros ('EV_CE', 'PRE_CE', 'WAI_CE', 'saz_sin', 'saz_cos')
Linhas de Treino [0, 1, 2, 4, 5, 7, 8, 9, 11, 13, 14, 15, 16, 17, 19, 20, 21, 22, 23, 24, 25, 26, 27, 28, 29, 30, 31, 32, 33, 34, 35, 36, 37, 38, 39, 40, 41, 42, 43, 44, 46, 47, 48, 49, 54, 55, 56, 57, 58, 59, 61, 62, 63, 65, 66, 68, 69, 70, 72, 73, 75, 76, 77, 78, 79, 80, 81, 82, 83, 84, 85, 86, 89, 90, 91, 92, 93, 94, 95, 96, 99, 100, 103, 104, 105, 106, 107, 108, 110, 111, 113, 114, 118, 121, 122, 123, 125, 126, 127, 128, 129, 130, 131, 132, 134, 135, 136, 137, 138, 140, 141, 142, 143, 144, 145, 146, 147, 148, 149, 150, 151, 154, 155, 156, 157, 158, 159, 160, 161, 162, 163, 165, 166, 167, 168, 171, 172, 175, 176, 177, 178, 179, 180, 181, 182, 183, 185, 187, 188, 189, 190, 192, 193, 194, 195, 196, 197, 199, 200, 201, 202, 203, 204, 205, 206, 207, 208, 209, 210, 211, 212, 213, 215, 216, 217, 218, 220, 221, 222, 224, 225, 226, 227, 228, 230, 231, 232, 234, 235, 236, 237, 239]
Linhas de Teste [3, 6, 10, 12, 18, 45, 50, 51, 52, 53, 60, 64, 67, 71, 74, 87, 88, 97, 98, 101, 102, 109, 112, 115, 116, 117, 119, 120, 124, 133, 139, 152, 153, 164, 169, 170, 173, 174, 184, 186, 191, 198, 214, 219, 223, 229, 233, 238]
R2 de Treino = 97.26
R2 de Teste = 95.37

130 / 150  86.67 %
Tempo restante 0:00:01.088980

#################  Rodada 131 / 150  87.33 %
Parâmetros ('EV_CE', 'PRE_CE', 'WAI_CE', 'saz_sin', 'saz_cos')
Linhas de Treino [0, 1, 2, 5, 6, 8, 9, 11, 12, 13, 14, 15, 16, 17, 18, 19, 20, 21, 22, 23, 24, 25, 27, 29, 30, 32, 34, 36, 37, 39, 40, 41, 42, 43, 44, 45, 46, 47, 48, 49, 50, 51, 52, 53, 54, 55, 56, 57, 58, 62, 63, 64, 65, 66, 67, 68, 70, 71, 72, 73, 75, 76, 77, 78, 79, 80, 81, 83, 84, 85, 86, 87, 88, 90, 91, 92, 93, 95, 96, 97, 98, 100, 101, 103, 104, 105, 106, 107, 109, 110, 111, 112, 113, 114, 115, 116, 117, 118, 119, 120, 122, 123, 124, 125, 126, 130, 133, 134, 135, 136, 137, 138, 139, 140, 142, 144, 145, 146, 147, 148, 149, 150, 151, 152, 153, 154, 155, 156, 157, 158, 159, 160, 162, 163, 164, 165, 166, 167, 168, 169, 170, 171, 172, 174, 175, 177, 178, 179, 180, 182, 183, 184, 185, 187, 189, 190, 191, 192, 194, 195, 196, 197, 198, 199, 200, 201, 202, 203, 204, 205, 206, 207, 208, 210, 211, 213, 214, 216, 218, 220, 223, 224, 225, 226, 228, 229, 230, 232, 234, 237, 238, 239]
Linhas de Teste [3, 4, 7, 10, 26, 28, 31, 33, 35, 38, 59, 60, 61, 69, 74, 82, 89, 94, 99, 102, 108, 121, 127, 128, 129, 131, 132, 141, 143, 161, 173, 176, 181, 186, 188, 193, 209, 212, 215, 217, 219, 221, 222, 227, 231, 233, 235, 236]
R2 de Treino = 96.94
R2 de Teste = 97.13

131 / 150  87.33 %
Tempo restante 0:00:01.012586

#################  Rodada 132 / 150  88.0 %
Parâmetros ('EV_CE', 'PRE_CE', 'WAI_CE', 'saz_sin', 'saz_cos')
Linhas de Treino [0, 3, 4, 5, 7, 9, 10, 11, 12, 13, 14, 15, 17, 18, 20, 21, 22, 23, 24, 25, 26, 27, 28, 29, 31, 32, 33, 34, 35, 36, 37, 38, 42, 43, 44, 45, 49, 50, 52, 53, 54, 55, 56, 58, 59, 60, 61, 62, 63, 64, 65, 66, 67, 69, 70, 71, 74, 75, 76, 77, 78, 79, 81, 82, 84, 85, 86, 88, 89, 90, 91, 93, 94, 95, 96, 97, 98, 99, 101, 102, 103, 104, 106, 107, 108, 109, 110, 111, 112, 113, 114, 115, 117, 118, 120, 121, 122, 123, 125, 126, 127, 128, 129, 131, 132, 133, 135, 136, 140, 141, 142, 143, 144, 145, 146, 147, 150, 151, 153, 154, 156, 159, 161, 162, 163, 164, 165, 167, 168, 169, 170, 171, 172, 173, 174, 175, 176, 178, 179, 180, 181, 182, 183, 184, 185, 186, 187, 188, 189, 190, 192, 193, 196, 198, 199, 200, 201, 202, 203, 204, 205, 206, 207, 208, 209, 210, 211, 212, 213, 214, 215, 216, 217, 219, 220, 221, 222, 223, 224, 225, 227, 228, 229, 230, 231, 232, 233, 235, 236, 237, 238, 239]
Linhas de Teste [1, 2, 6, 8, 16, 19, 30, 39, 40, 41, 46, 47, 48, 51, 57, 68, 72, 73, 80, 83, 87, 92, 100, 105, 116, 119, 124, 130, 134, 137, 138, 139, 148, 149, 152, 155, 157, 158, 160, 166, 177, 191, 194, 195, 197, 218, 226, 234]
R2 de Treino = 97.03
R2 de Teste = 96.85

132 / 150  88.0 %
Tempo restante 0:00:00.940716

#################  Rodada 133 / 150  88.67 %
Parâmetros ('EV_CE', 'PRE_CE', 'WAI_CE', 'saz_sin', 'saz_cos')
Linhas de Treino [0, 1, 2, 3, 4, 5, 6, 7, 8, 9, 10, 11, 12, 13, 14, 16, 17, 18, 19, 21, 22, 23, 24, 25, 26, 27, 28, 30, 31, 32, 33, 34, 35, 38, 39, 40, 41, 42, 44, 45, 46, 47, 48, 49, 50, 51, 52, 55, 57, 58, 59, 60, 61, 62, 65, 66, 67, 68, 69, 70, 72, 73, 74, 75, 76, 77, 80, 81, 82, 83, 87, 88, 89, 91, 92, 93, 94, 99, 100, 101, 102, 105, 108, 109, 110, 111, 112, 113, 116, 117, 118, 119, 120, 121, 124, 127, 128, 129, 130, 131, 132, 133, 134, 135, 136, 137, 138, 139, 140, 141, 143, 145, 146, 147, 148, 149, 150, 151, 152, 153, 154, 155, 157, 158, 159, 160, 161, 162, 163, 164, 165, 166, 167, 168, 169, 170, 171, 172, 173, 175, 176, 177, 178, 181, 183, 184, 185, 186, 187, 188, 189, 190, 191, 192, 193, 194, 195, 196, 197, 199, 202, 203, 204, 206, 207, 208, 209, 210, 211, 212, 213, 214, 215, 216, 217, 218, 219, 221, 222, 225, 226, 227, 228, 229, 231, 232, 233, 234, 235, 236, 237, 239]
Linhas de Teste [15, 20, 29, 36, 37, 43, 53, 54, 56, 63, 64, 71, 78, 79, 84, 85, 86, 90, 95, 96, 97, 98, 103, 104, 106, 107, 114, 115, 122, 123, 125, 126, 142, 144, 156, 174, 179, 180, 182, 198, 200, 201, 205, 220, 223, 224, 230, 238]
R2 de Treino = 97.08
R2 de Teste = 95.61

133 / 150  88.67 %
Tempo restante 0:00:00.937159

#################  Rodada 134 / 150  89.33 %
Parâmetros ('EV_CE', 'PRE_CE', 'WAI_CE', 'saz_sin', 'saz_cos')
Linhas de Treino [0, 1, 2, 3, 4, 6, 7, 8, 9, 10, 11, 14, 15, 16, 17, 19, 20, 21, 22, 24, 26, 27, 28, 29, 30, 31, 33, 35, 36, 37, 38, 39, 40, 41, 42, 43, 46, 47, 48, 49, 51, 53, 54, 56, 57, 58, 59, 60, 61, 62, 63, 64, 68, 69, 70, 71, 72, 73, 74, 76, 77, 78, 79, 80, 82, 83, 84, 85, 86, 87, 88, 89, 90, 92, 94, 95, 96, 97, 98, 99, 100, 101, 102, 103, 104, 105, 106, 107, 108, 109, 111, 112, 114, 115, 116, 119, 120, 121, 122, 123, 124, 125, 126, 127, 128, 129, 130, 131, 132, 133, 134, 137, 138, 139, 140, 141, 142, 143, 144, 145, 148, 149, 151, 152, 153, 155, 156, 157, 158, 160, 161, 163, 166, 168, 170, 171, 173, 174, 176, 177, 179, 180, 181, 182, 183, 186, 187, 188, 189, 191, 193, 194, 195, 196, 197, 198, 199, 200, 201, 205, 206, 207, 208, 209, 211, 212, 214, 215, 216, 217, 218, 219, 220, 221, 222, 223, 224, 225, 226, 227, 228, 229, 230, 231, 232, 233, 234, 235, 236, 237, 238, 239]
Linhas de Teste [5, 12, 13, 18, 23, 25, 32, 34, 44, 45, 50, 52, 55, 65, 66, 67, 75, 81, 91, 93, 110, 113, 117, 118, 135, 136, 146, 147, 150, 154, 159, 162, 164, 165, 167, 169, 172, 175, 178, 184, 185, 190, 192, 202, 203, 204, 210, 213]
R2 de Treino = 97.38
R2 de Teste = 94.95

134 / 150  89.33 %
Tempo restante 0:00:00.848752

#################  Rodada 135 / 150  90.0 %
Parâmetros ('EV_CE', 'PRE_CE', 'WAI_CE', 'saz_sin', 'saz_cos')
Linhas de Treino [1, 2, 3, 4, 5, 6, 7, 8, 10, 12, 13, 15, 16, 18, 19, 20, 23, 25, 26, 28, 29, 30, 31, 32, 33, 34, 35, 36, 37, 38, 39, 40, 41, 43, 44, 45, 46, 47, 48, 50, 51, 52, 53, 54, 55, 56, 57, 59, 60, 61, 63, 64, 65, 66, 67, 68, 69, 71, 72, 73, 74, 75, 78, 79, 80, 81, 82, 83, 84, 85, 86, 87, 89, 90, 91, 92, 93, 94, 95, 96, 97, 98, 99, 100, 102, 103, 104, 105, 106, 107, 108, 110, 113, 114, 115, 116, 117, 118, 119, 121, 122, 123, 124, 125, 126, 127, 128, 129, 130, 131, 132, 134, 135, 136, 137, 138, 139, 141, 142, 143, 144, 146, 147, 148, 149, 150, 152, 154, 155, 156, 157, 158, 159, 160, 161, 162, 164, 165, 166, 167, 169, 172, 173, 174, 175, 176, 177, 178, 179, 180, 181, 182, 184, 185, 186, 188, 190, 191, 192, 193, 194, 195, 197, 198, 200, 201, 202, 203, 204, 205, 209, 210, 212, 213, 215, 217, 218, 219, 220, 221, 222, 223, 224, 226, 227, 230, 231, 233, 234, 235, 236, 238]
Linhas de Teste [0, 9, 11, 14, 17, 21, 22, 24, 27, 42, 49, 58, 62, 70, 76, 77, 88, 101, 109, 111, 112, 120, 133, 140, 145, 151, 153, 163, 168, 170, 171, 183, 187, 189, 196, 199, 206, 207, 208, 211, 214, 216, 225, 228, 229, 232, 237, 239]
R2 de Treino = 97.1
R2 de Teste = 96.29

135 / 150  90.0 %
Tempo restante 0:00:00.796380

#################  Rodada 136 / 150  90.67 %
Parâmetros ('EV_CE', 'PRE_CE', 'WAI_CE', 'saz_sin', 'saz_cos')
Linhas de Treino [0, 1, 2, 3, 4, 5, 6, 7, 8, 9, 10, 11, 12, 13, 14, 15, 16, 19, 20, 22, 23, 25, 26, 27, 28, 29, 30, 31, 32, 33, 34, 35, 36, 39, 40, 41, 43, 46, 47, 48, 49, 50, 51, 53, 54, 55, 58, 59, 60, 61, 62, 63, 66, 67, 68, 69, 70, 71, 72, 73, 74, 77, 78, 79, 80, 81, 82, 83, 84, 85, 86, 87, 88, 89, 90, 92, 93, 94, 95, 96, 98, 99, 101, 102, 103, 104, 105, 106, 108, 109, 110, 111, 112, 114, 115, 116, 117, 118, 119, 120, 121, 122, 125, 126, 127, 129, 131, 132, 133, 135, 136, 137, 138, 140, 141, 142, 143, 144, 145, 146, 148, 149, 150, 152, 153, 154, 155, 156, 157, 158, 159, 160, 162, 163, 164, 165, 166, 167, 169, 171, 173, 174, 175, 177, 178, 179, 180, 181, 182, 183, 184, 185, 187, 188, 189, 190, 191, 192, 193, 194, 195, 196, 197, 198, 200, 203, 204, 205, 206, 207, 208, 210, 211, 214, 215, 218, 219, 220, 222, 223, 225, 226, 227, 228, 229, 230, 231, 233, 234, 237, 238, 239]
Linhas de Teste [17, 18, 21, 24, 37, 38, 42, 44, 45, 52, 56, 57, 64, 65, 75, 76, 91, 97, 100, 107, 113, 123, 124, 128, 130, 134, 139, 147, 151, 161, 168, 170, 172, 176, 186, 199, 201, 202, 209, 212, 213, 216, 217, 221, 224, 232, 235, 236]
R2 de Treino = 96.94
R2 de Teste = 96.88

136 / 150  90.67 %
Tempo restante 0:00:00.775502

#################  Rodada 137 / 150  91.33 %
Parâmetros ('EV_CE', 'PRE_CE', 'WAI_CE', 'saz_sin', 'saz_cos')
Linhas de Treino [0, 1, 2, 3, 4, 5, 6, 7, 8, 9, 10, 11, 12, 13, 14, 15, 16, 17, 18, 19, 20, 21, 22, 24, 25, 26, 27, 28, 29, 30, 33, 34, 35, 36, 37, 38, 39, 41, 42, 44, 45, 47, 48, 50, 51, 52, 53, 55, 56, 57, 58, 59, 61, 62, 63, 64, 65, 66, 67, 68, 69, 70, 71, 72, 73, 74, 75, 76, 77, 78, 79, 80, 81, 82, 83, 84, 85, 88, 89, 90, 91, 92, 93, 94, 95, 97, 98, 99, 100, 101, 102, 104, 105, 107, 108, 109, 110, 111, 113, 114, 116, 117, 118, 119, 120, 121, 122, 123, 124, 125, 126, 127, 128, 129, 130, 131, 133, 134, 135, 136, 137, 138, 139, 140, 142, 143, 144, 145, 147, 148, 149, 150, 151, 152, 153, 154, 156, 158, 160, 161, 162, 163, 165, 166, 167, 168, 169, 170, 171, 172, 175, 176, 177, 178, 182, 183, 186, 188, 190, 192, 195, 196, 199, 201, 202, 203, 204, 205, 206, 207, 208, 209, 210, 211, 212, 213, 215, 216, 217, 218, 219, 221, 222, 224, 225, 228, 230, 231, 232, 233, 235, 236]
Linhas de Teste [23, 31, 32, 40, 43, 46, 49, 54, 60, 86, 87, 96, 103, 106, 112, 115, 132, 141, 146, 155, 157, 159, 164, 173, 174, 179, 180, 181, 184, 185, 187, 189, 191, 193, 194, 197, 198, 200, 214, 220, 223, 226, 227, 229, 234, 237, 238, 239]
R2 de Treino = 97.42
R2 de Teste = 95.07

137 / 150  91.33 %
Tempo restante 0:00:00.726206

#################  Rodada 138 / 150  92.0 %
Parâmetros ('EV_CE', 'PRE_CE', 'WAI_CE', 'saz_sin', 'saz_cos')
Linhas de Treino [1, 3, 4, 6, 7, 8, 10, 11, 12, 13, 14, 15, 16, 17, 18, 19, 21, 22, 23, 24, 29, 30, 31, 32, 34, 36, 37, 38, 39, 40, 41, 42, 43, 44, 45, 46, 48, 49, 51, 52, 54, 55, 56, 57, 58, 59, 60, 61, 63, 64, 65, 66, 67, 68, 69, 71, 72, 73, 74, 75, 76, 78, 79, 81, 82, 83, 84, 86, 87, 88, 91, 92, 94, 96, 97, 98, 99, 100, 101, 102, 103, 104, 105, 106, 107, 108, 109, 110, 112, 113, 115, 116, 117, 118, 119, 120, 121, 123, 124, 125, 127, 128, 129, 130, 131, 132, 134, 136, 139, 140, 141, 142, 143, 145, 146, 147, 150, 151, 152, 153, 154, 155, 156, 157, 159, 161, 163, 164, 165, 168, 169, 170, 172, 173, 174, 176, 177, 178, 179, 180, 181, 184, 185, 186, 187, 188, 189, 190, 191, 192, 193, 194, 196, 197, 198, 199, 200, 201, 202, 204, 205, 206, 207, 208, 209, 212, 213, 214, 215, 216, 217, 218, 220, 221, 222, 223, 224, 225, 226, 227, 228, 229, 230, 231, 232, 233, 234, 235, 236, 237, 238, 239]
Linhas de Teste [0, 2, 5, 9, 20, 25, 26, 27, 28, 33, 35, 47, 50, 53, 62, 70, 77, 80, 85, 89, 90, 93, 95, 111, 114, 122, 126, 133, 135, 137, 138, 144, 148, 149, 158, 160, 162, 166, 167, 171, 175, 182, 183, 195, 203, 210, 211, 219]
R2 de Treino = 97.15
R2 de Teste = 96.13

138 / 150  92.0 %
Tempo restante 0:00:00.663516

#################  Rodada 139 / 150  92.67 %
Parâmetros ('EV_CE', 'PRE_CE', 'WAI_CE', 'saz_sin', 'saz_cos')
Linhas de Treino [0, 1, 2, 3, 4, 5, 7, 8, 9, 10, 11, 12, 15, 17, 18, 19, 20, 21, 22, 23, 24, 25, 26, 27, 28, 31, 32, 33, 35, 36, 37, 38, 40, 41, 42, 43, 44, 45, 46, 47, 49, 50, 51, 52, 53, 54, 55, 56, 57, 59, 60, 62, 64, 65, 66, 68, 70, 72, 73, 75, 76, 77, 78, 80, 85, 86, 87, 89, 90, 91, 92, 93, 94, 95, 96, 97, 98, 100, 102, 103, 104, 106, 107, 108, 109, 110, 111, 112, 113, 114, 115, 116, 119, 120, 122, 123, 124, 126, 128, 129, 130, 131, 132, 133, 134, 135, 136, 137, 138, 139, 140, 141, 142, 144, 145, 146, 147, 148, 149, 151, 153, 155, 157, 158, 159, 160, 161, 162, 163, 164, 166, 167, 168, 169, 170, 171, 172, 173, 174, 175, 176, 179, 180, 181, 182, 183, 184, 185, 186, 187, 188, 189, 190, 191, 193, 194, 195, 197, 198, 199, 200, 201, 202, 203, 205, 208, 209, 210, 211, 212, 213, 214, 216, 217, 218, 219, 220, 221, 223, 224, 226, 227, 229, 231, 232, 233, 234, 235, 236, 237, 238, 239]
Linhas de Teste [6, 13, 14, 16, 29, 30, 34, 39, 48, 58, 61, 63, 67, 69, 71, 74, 79, 81, 82, 83, 84, 88, 99, 101, 105, 117, 118, 121, 125, 127, 143, 150, 152, 154, 156, 165, 177, 178, 192, 196, 204, 206, 207, 215, 222, 225, 228, 230]
R2 de Treino = 97.19
R2 de Teste = 95.6

139 / 150  92.67 %
Tempo restante 0:00:00.607068

#################  Rodada 140 / 150  93.33 %
Parâmetros ('EV_CE', 'PRE_CE', 'WAI_CE', 'saz_sin', 'saz_cos')
Linhas de Treino [0, 2, 5, 6, 9, 13, 14, 16, 17, 18, 20, 21, 23, 24, 25, 26, 27, 28, 29, 30, 31, 32, 33, 34, 35, 37, 38, 39, 40, 42, 43, 44, 45, 46, 47, 48, 49, 50, 52, 53, 54, 56, 57, 58, 60, 61, 62, 63, 64, 65, 67, 69, 70, 71, 74, 75, 76, 77, 79, 80, 81, 82, 83, 84, 85, 86, 87, 88, 89, 90, 91, 93, 95, 96, 97, 99, 100, 101, 103, 105, 106, 107, 111, 112, 113, 114, 115, 117, 118, 121, 122, 123, 124, 125, 126, 127, 128, 130, 132, 133, 134, 135, 137, 138, 139, 141, 143, 144, 146, 147, 148, 149, 150, 151, 152, 154, 155, 156, 157, 158, 159, 160, 161, 162, 164, 165, 166, 167, 168, 170, 171, 172, 173, 174, 175, 176, 177, 178, 179, 180, 181, 182, 183, 184, 185, 186, 187, 189, 191, 192, 193, 194, 195, 196, 197, 198, 199, 200, 201, 202, 203, 204, 206, 207, 209, 210, 211, 212, 213, 214, 215, 216, 217, 219, 220, 221, 222, 223, 224, 225, 226, 227, 228, 229, 230, 232, 234, 235, 236, 237, 238, 239]
Linhas de Teste [1, 3, 4, 7, 8, 10, 11, 12, 15, 19, 22, 36, 41, 51, 55, 59, 66, 68, 72, 73, 78, 92, 94, 98, 102, 104, 108, 109, 110, 116, 119, 120, 129, 131, 136, 140, 142, 145, 153, 163, 169, 188, 190, 205, 208, 218, 231, 233]
R2 de Treino = 96.81
R2 de Teste = 97.61

140 / 150  93.33 %
Tempo restante 0:00:00.537240

#################  Rodada 141 / 150  94.0 %
Parâmetros ('EV_CE', 'PRE_CE', 'WAI_CE', 'saz_sin', 'saz_cos')
Linhas de Treino [0, 1, 3, 4, 5, 6, 8, 9, 11, 12, 13, 15, 16, 17, 18, 19, 20, 21, 22, 23, 25, 26, 27, 28, 29, 30, 31, 32, 33, 34, 35, 36, 37, 38, 39, 41, 42, 43, 44, 45, 48, 49, 50, 51, 52, 53, 54, 55, 56, 57, 58, 59, 60, 61, 62, 63, 64, 65, 66, 67, 69, 70, 71, 72, 73, 75, 77, 78, 79, 80, 81, 82, 84, 85, 86, 87, 89, 90, 91, 92, 93, 96, 97, 98, 99, 100, 101, 104, 105, 106, 107, 108, 109, 111, 112, 113, 115, 116, 117, 118, 119, 120, 121, 122, 124, 125, 126, 127, 128, 129, 130, 131, 132, 134, 135, 136, 137, 138, 140, 142, 144, 145, 148, 150, 151, 154, 155, 156, 159, 160, 161, 163, 164, 165, 167, 168, 169, 170, 171, 172, 173, 174, 175, 176, 177, 178, 179, 180, 181, 182, 183, 184, 186, 187, 189, 190, 192, 193, 194, 195, 196, 197, 198, 199, 200, 201, 203, 205, 206, 207, 208, 209, 211, 213, 214, 217, 218, 219, 220, 221, 222, 223, 224, 226, 227, 228, 230, 231, 232, 235, 237, 238]
Linhas de Teste [2, 7, 10, 14, 24, 40, 46, 47, 68, 74, 76, 83, 88, 94, 95, 102, 103, 110, 114, 123, 133, 139, 141, 143, 146, 147, 149, 152, 153, 157, 158, 162, 166, 185, 188, 191, 202, 204, 210, 212, 215, 216, 225, 229, 233, 234, 236, 239]
R2 de Treino = 97.1
R2 de Teste = 96.55

141 / 150  94.0 %
Tempo restante 0:00:00.483759

#################  Rodada 142 / 150  94.67 %
Parâmetros ('EV_CE', 'PRE_CE', 'WAI_CE', 'saz_sin', 'saz_cos')
Linhas de Treino [0, 2, 3, 6, 7, 8, 10, 12, 14, 15, 16, 17, 19, 20, 21, 22, 23, 24, 25, 26, 27, 28, 29, 30, 31, 33, 34, 36, 37, 38, 39, 40, 41, 42, 43, 46, 47, 48, 50, 51, 52, 53, 55, 56, 57, 58, 59, 60, 61, 62, 63, 64, 65, 66, 67, 68, 69, 70, 71, 73, 74, 75, 76, 77, 78, 79, 81, 82, 83, 84, 85, 86, 88, 90, 91, 92, 94, 95, 96, 97, 98, 99, 102, 103, 104, 105, 106, 107, 109, 110, 111, 112, 113, 114, 117, 118, 121, 122, 123, 124, 125, 126, 127, 128, 131, 133, 138, 139, 141, 143, 145, 146, 147, 148, 149, 150, 152, 153, 154, 155, 156, 157, 158, 159, 160, 161, 162, 164, 165, 166, 167, 168, 169, 170, 171, 172, 173, 175, 176, 179, 180, 181, 182, 183, 184, 185, 187, 188, 190, 191, 192, 193, 194, 195, 196, 198, 199, 200, 201, 202, 203, 204, 205, 207, 208, 210, 211, 212, 213, 214, 215, 216, 217, 218, 219, 220, 221, 224, 225, 226, 228, 229, 230, 231, 232, 233, 234, 235, 236, 237, 238, 239]
Linhas de Teste [1, 4, 5, 9, 11, 13, 18, 32, 35, 44, 45, 49, 54, 72, 80, 87, 89, 93, 100, 101, 108, 115, 116, 119, 120, 129, 130, 132, 134, 135, 136, 137, 140, 142, 144, 151, 163, 174, 177, 178, 186, 189, 197, 206, 209, 222, 223, 227]
R2 de Treino = 97.06
R2 de Teste = 96.25

142 / 150  94.67 %
Tempo restante 0:00:00.420864

#################  Rodada 143 / 150  95.33 %
Parâmetros ('EV_CE', 'PRE_CE', 'WAI_CE', 'saz_sin', 'saz_cos')
Linhas de Treino [0, 1, 2, 3, 4, 5, 6, 7, 8, 9, 10, 11, 12, 13, 14, 17, 18, 19, 21, 23, 24, 26, 27, 28, 29, 31, 32, 33, 35, 38, 39, 40, 41, 44, 45, 46, 47, 48, 49, 51, 54, 55, 57, 58, 59, 61, 62, 63, 64, 65, 66, 67, 68, 69, 70, 71, 72, 74, 75, 76, 77, 78, 80, 81, 82, 83, 85, 86, 87, 88, 89, 93, 94, 95, 96, 97, 98, 99, 100, 101, 102, 103, 104, 105, 106, 108, 109, 110, 112, 113, 114, 115, 116, 119, 120, 123, 124, 125, 126, 127, 129, 130, 131, 132, 133, 134, 135, 136, 137, 139, 140, 141, 142, 143, 144, 145, 146, 147, 148, 149, 150, 151, 152, 153, 154, 156, 157, 158, 159, 160, 161, 162, 163, 164, 165, 166, 169, 170, 174, 177, 178, 180, 181, 182, 183, 184, 185, 186, 187, 188, 189, 191, 192, 194, 195, 196, 197, 198, 199, 200, 201, 202, 203, 204, 206, 208, 209, 210, 212, 213, 215, 216, 217, 218, 219, 220, 222, 223, 224, 225, 226, 227, 229, 231, 232, 233, 234, 235, 236, 237, 238, 239]
Linhas de Teste [15, 16, 20, 22, 25, 30, 34, 36, 37, 42, 43, 50, 52, 53, 56, 60, 73, 79, 84, 90, 91, 92, 107, 111, 117, 118, 121, 122, 128, 138, 155, 167, 168, 171, 172, 173, 175, 176, 179, 190, 193, 205, 207, 211, 214, 221, 228, 230]
R2 de Treino = 96.96
R2 de Teste = 97.04

143 / 150  95.33 %
Tempo restante 0:00:00.370062

#################  Rodada 144 / 150  96.0 %
Parâmetros ('EV_CE', 'PRE_CE', 'WAI_CE', 'saz_sin', 'saz_cos')
Linhas de Treino [0, 1, 2, 3, 4, 5, 7, 8, 9, 10, 11, 13, 14, 15, 16, 17, 18, 20, 21, 22, 24, 25, 26, 27, 30, 31, 32, 33, 34, 35, 36, 37, 40, 42, 43, 44, 45, 46, 47, 49, 50, 52, 53, 54, 55, 56, 58, 60, 61, 63, 65, 68, 69, 70, 72, 73, 74, 76, 79, 80, 81, 83, 84, 85, 86, 87, 88, 89, 90, 91, 92, 93, 94, 95, 96, 99, 100, 101, 102, 103, 104, 105, 106, 107, 108, 109, 110, 111, 112, 113, 114, 115, 116, 117, 118, 119, 120, 121, 122, 123, 124, 126, 128, 129, 130, 131, 132, 133, 134, 135, 136, 137, 138, 139, 140, 141, 142, 143, 144, 146, 147, 149, 151, 152, 153, 155, 156, 157, 158, 160, 161, 162, 163, 164, 165, 166, 167, 168, 169, 170, 171, 172, 173, 174, 175, 176, 177, 178, 179, 182, 184, 185, 186, 187, 188, 189, 190, 191, 192, 193, 196, 197, 200, 202, 203, 204, 205, 206, 207, 209, 210, 211, 212, 213, 214, 215, 216, 220, 221, 222, 223, 224, 225, 227, 228, 229, 230, 231, 233, 234, 236, 239]
Linhas de Teste [6, 12, 19, 23, 28, 29, 38, 39, 41, 48, 51, 57, 59, 62, 64, 66, 67, 71, 75, 77, 78, 82, 97, 98, 125, 127, 145, 148, 150, 154, 159, 180, 181, 183, 194, 195, 198, 199, 201, 208, 217, 218, 219, 226, 232, 235, 237, 238]
R2 de Treino = 97.08
R2 de Teste = 96.4

144 / 150  96.0 %
Tempo restante 0:00:00.317040

#################  Rodada 145 / 150  96.67 %
Parâmetros ('EV_CE', 'PRE_CE', 'WAI_CE', 'saz_sin', 'saz_cos')
Linhas de Treino [1, 2, 4, 5, 6, 7, 9, 10, 11, 12, 13, 14, 15, 16, 18, 19, 20, 22, 23, 24, 25, 28, 29, 30, 32, 34, 35, 36, 37, 38, 39, 40, 41, 42, 43, 44, 45, 46, 47, 48, 49, 50, 51, 52, 53, 54, 56, 57, 59, 60, 62, 64, 66, 67, 68, 71, 72, 73, 74, 75, 76, 77, 78, 79, 80, 82, 83, 84, 87, 88, 89, 90, 91, 92, 93, 94, 95, 97, 98, 100, 101, 102, 103, 107, 108, 110, 111, 114, 115, 116, 117, 118, 119, 120, 121, 122, 123, 125, 127, 128, 129, 130, 132, 133, 134, 135, 136, 137, 138, 139, 140, 141, 142, 143, 144, 145, 146, 147, 148, 149, 150, 151, 152, 153, 154, 155, 157, 158, 159, 162, 163, 166, 167, 168, 171, 172, 173, 174, 175, 176, 177, 178, 179, 180, 181, 183, 185, 186, 188, 189, 190, 191, 193, 194, 195, 197, 198, 199, 201, 202, 204, 205, 206, 207, 208, 209, 210, 211, 212, 214, 215, 216, 217, 218, 219, 221, 222, 223, 225, 226, 227, 228, 229, 230, 232, 233, 234, 235, 236, 237, 238, 239]
Linhas de Teste [0, 3, 8, 17, 21, 26, 27, 31, 33, 55, 58, 61, 63, 65, 69, 70, 81, 85, 86, 96, 99, 104, 105, 106, 109, 112, 113, 124, 126, 131, 156, 160, 161, 164, 165, 169, 170, 182, 184, 187, 192, 196, 200, 203, 213, 220, 224, 231]
R2 de Treino = 97.25
R2 de Teste = 95.93

145 / 150  96.67 %
Tempo restante 0:00:00.260650

#################  Rodada 146 / 150  97.33 %
Parâmetros ('EV_CE', 'PRE_CE', 'WAI_CE', 'saz_sin', 'saz_cos')
Linhas de Treino [1, 2, 4, 5, 6, 8, 9, 10, 11, 12, 13, 14, 15, 16, 17, 18, 19, 20, 21, 22, 24, 25, 26, 27, 29, 32, 33, 36, 39, 40, 41, 42, 43, 44, 45, 46, 47, 48, 49, 50, 51, 52, 53, 54, 55, 56, 58, 59, 61, 62, 63, 64, 65, 66, 67, 68, 70, 72, 73, 74, 75, 76, 77, 78, 79, 80, 81, 82, 83, 84, 86, 87, 89, 90, 91, 92, 93, 95, 96, 97, 98, 99, 100, 103, 105, 106, 107, 108, 109, 110, 111, 115, 116, 117, 119, 120, 121, 122, 125, 126, 128, 129, 130, 131, 132, 133, 136, 139, 140, 143, 144, 145, 146, 147, 148, 150, 151, 152, 153, 154, 155, 156, 157, 158, 159, 161, 163, 165, 166, 167, 168, 169, 170, 171, 172, 173, 174, 175, 176, 178, 179, 180, 181, 182, 184, 185, 186, 187, 188, 189, 190, 191, 192, 193, 194, 196, 197, 198, 199, 200, 201, 202, 203, 204, 208, 209, 210, 211, 212, 213, 214, 215, 216, 217, 218, 219, 221, 223, 224, 225, 227, 228, 229, 230, 231, 232, 233, 234, 235, 236, 238, 239]
Linhas de Teste [0, 3, 7, 23, 28, 30, 31, 34, 35, 37, 38, 57, 60, 69, 71, 85, 88, 94, 101, 102, 104, 112, 113, 114, 118, 123, 124, 127, 134, 135, 137, 138, 141, 142, 149, 160, 162, 164, 177, 183, 195, 205, 206, 207, 220, 222, 226, 237]
R2 de Treino = 97.23
R2 de Teste = 95.61

146 / 150  97.33 %
Tempo restante 0:00:00.222492

#################  Rodada 147 / 150  98.0 %
Parâmetros ('EV_CE', 'PRE_CE', 'WAI_CE', 'saz_sin', 'saz_cos')
Linhas de Treino [0, 1, 3, 6, 7, 8, 9, 11, 12, 13, 14, 16, 17, 18, 20, 21, 23, 24, 25, 27, 28, 29, 30, 31, 32, 34, 35, 37, 38, 39, 40, 41, 42, 43, 44, 45, 46, 47, 48, 49, 51, 53, 54, 56, 57, 60, 61, 62, 65, 66, 67, 69, 70, 71, 72, 73, 74, 75, 77, 78, 79, 80, 81, 83, 84, 85, 87, 88, 89, 91, 93, 94, 95, 96, 97, 98, 99, 100, 101, 102, 104, 106, 107, 108, 109, 111, 112, 113, 114, 116, 117, 118, 119, 120, 123, 124, 125, 126, 127, 128, 129, 130, 131, 132, 133, 134, 135, 136, 137, 138, 139, 140, 141, 142, 143, 144, 145, 146, 147, 148, 149, 150, 151, 153, 154, 155, 156, 158, 160, 162, 163, 164, 165, 166, 167, 168, 169, 170, 172, 175, 176, 177, 179, 181, 182, 183, 184, 185, 186, 187, 188, 189, 190, 191, 195, 196, 197, 198, 200, 202, 203, 204, 205, 206, 207, 208, 209, 211, 212, 213, 214, 215, 216, 217, 219, 220, 221, 222, 223, 224, 226, 227, 228, 229, 230, 231, 232, 233, 234, 235, 237, 239]
Linhas de Teste [2, 4, 5, 10, 15, 19, 22, 26, 33, 36, 50, 52, 55, 58, 59, 63, 64, 68, 76, 82, 86, 90, 92, 103, 105, 110, 115, 121, 122, 152, 157, 159, 161, 171, 173, 174, 178, 180, 192, 193, 194, 199, 201, 210, 218, 225, 236, 238]
R2 de Treino = 97.0
R2 de Teste = 96.58

147 / 150  98.0 %
Tempo restante 0:00:00.158622

#################  Rodada 148 / 150  98.67 %
Parâmetros ('EV_CE', 'PRE_CE', 'WAI_CE', 'saz_sin', 'saz_cos')
Linhas de Treino [0, 2, 3, 4, 5, 6, 7, 8, 10, 13, 14, 15, 16, 17, 18, 19, 21, 22, 23, 24, 25, 26, 28, 30, 31, 33, 34, 35, 36, 37, 38, 40, 41, 44, 45, 46, 48, 49, 50, 51, 52, 54, 55, 56, 57, 58, 59, 60, 61, 62, 63, 64, 67, 68, 69, 71, 72, 73, 75, 76, 78, 80, 81, 82, 84, 85, 86, 87, 88, 89, 90, 91, 92, 93, 94, 95, 96, 98, 99, 100, 101, 102, 103, 104, 105, 106, 107, 108, 109, 110, 111, 112, 113, 114, 115, 116, 117, 118, 119, 120, 121, 122, 123, 124, 127, 129, 130, 131, 134, 135, 136, 137, 138, 141, 142, 144, 145, 146, 147, 148, 149, 150, 151, 152, 153, 154, 156, 157, 159, 160, 161, 162, 163, 164, 165, 166, 167, 170, 171, 172, 173, 174, 175, 176, 177, 178, 179, 180, 181, 182, 183, 184, 185, 187, 188, 190, 191, 192, 193, 194, 195, 197, 199, 201, 202, 204, 205, 206, 207, 208, 209, 210, 215, 217, 218, 219, 220, 221, 222, 223, 224, 225, 226, 228, 229, 231, 233, 234, 236, 237, 238, 239]
Linhas de Teste [1, 9, 11, 12, 20, 27, 29, 32, 39, 42, 43, 47, 53, 65, 66, 70, 74, 77, 79, 83, 97, 125, 126, 128, 132, 133, 139, 140, 143, 155, 158, 168, 169, 186, 189, 196, 198, 200, 203, 211, 212, 213, 214, 216, 227, 230, 232, 235]
R2 de Treino = 97.29
R2 de Teste = 95.64

148 / 150  98.67 %
Tempo restante 0:00:00.104276

#################  Rodada 149 / 150  99.33 %
Parâmetros ('EV_CE', 'PRE_CE', 'WAI_CE', 'saz_sin', 'saz_cos')
Linhas de Treino [0, 1, 2, 3, 4, 5, 7, 9, 10, 11, 12, 15, 16, 17, 19, 20, 21, 22, 23, 24, 26, 27, 28, 29, 30, 31, 32, 33, 34, 35, 36, 37, 38, 39, 40, 42, 43, 47, 49, 50, 52, 53, 55, 56, 57, 58, 59, 60, 61, 63, 64, 65, 66, 67, 68, 69, 70, 71, 73, 74, 76, 77, 79, 80, 82, 83, 84, 85, 86, 87, 88, 90, 92, 93, 94, 95, 96, 97, 100, 101, 102, 103, 104, 105, 108, 109, 110, 111, 112, 113, 114, 115, 116, 118, 119, 120, 121, 122, 123, 124, 125, 126, 127, 128, 129, 132, 133, 134, 135, 136, 137, 138, 139, 140, 141, 142, 143, 144, 145, 148, 149, 151, 152, 155, 156, 157, 158, 159, 160, 161, 162, 164, 165, 167, 168, 169, 170, 171, 172, 173, 174, 175, 177, 178, 180, 182, 183, 185, 186, 187, 189, 190, 192, 193, 194, 195, 196, 198, 199, 200, 201, 202, 203, 205, 206, 207, 210, 211, 212, 213, 214, 215, 216, 217, 218, 219, 220, 222, 223, 224, 225, 226, 227, 228, 230, 232, 233, 234, 235, 236, 237, 238]
Linhas de Teste [6, 8, 13, 14, 18, 25, 41, 44, 45, 46, 48, 51, 54, 62, 72, 75, 78, 81, 89, 91, 98, 99, 106, 107, 117, 130, 131, 146, 147, 150, 153, 154, 163, 166, 176, 179, 181, 184, 188, 191, 197, 204, 208, 209, 221, 229, 231, 239]
R2 de Treino = 97.24
R2 de Teste = 96.09

149 / 150  99.33 %
Tempo restante 0:00:00.052627

#################  Rodada 150 / 150  100.0 %
Parâmetros ('EV_CE', 'PRE_CE', 'WAI_CE', 'saz_sin', 'saz_cos')
Linhas de Treino [0, 1, 2, 3, 4, 5, 6, 7, 8, 9, 10, 11, 12, 13, 14, 15, 18, 19, 20, 22, 23, 25, 26, 27, 28, 29, 30, 31, 32, 33, 34, 35, 36, 37, 38, 39, 41, 42, 43, 44, 45, 46, 47, 48, 50, 51, 52, 53, 54, 55, 57, 58, 59, 60, 62, 63, 64, 65, 66, 68, 69, 70, 71, 72, 74, 75, 76, 77, 78, 79, 81, 82, 83, 85, 86, 88, 89, 90, 91, 92, 94, 97, 98, 99, 101, 102, 103, 104, 105, 106, 107, 110, 112, 113, 114, 115, 117, 118, 121, 122, 123, 124, 125, 126, 127, 128, 130, 131, 132, 133, 134, 135, 137, 138, 139, 140, 141, 142, 143, 146, 147, 149, 150, 152, 153, 154, 155, 157, 158, 159, 160, 161, 162, 163, 164, 166, 168, 169, 171, 173, 174, 176, 177, 178, 179, 180, 181, 183, 184, 186, 188, 189, 191, 192, 193, 194, 195, 196, 197, 198, 199, 200, 201, 203, 204, 205, 206, 207, 208, 209, 210, 211, 212, 213, 214, 216, 218, 220, 221, 222, 225, 226, 227, 229, 230, 231, 232, 235, 236, 237, 238, 239]
Linhas de Teste [16, 17, 21, 24, 40, 49, 56, 61, 67, 73, 80, 84, 87, 93, 95, 96, 100, 108, 109, 111, 116, 119, 120, 129, 136, 144, 145, 148, 151, 156, 165, 167, 170, 172, 175, 182, 185, 187, 190, 202, 215, 217, 219, 223, 224, 228, 233, 234]
R2 de Treino = 96.74
R2 de Teste = 97.76

150 / 150  100.0 %
Tempo restante 0:00:00

Diretório atual: /home/user/Controle-Gas/npp_modis/modelo/execucoes/nova_2001_2020_CE

===== ESTATÍSTICAS GERAIS =====
R2 Treino médio: 97.1
R2 Treino desvio padrão: 0.17
R2 Ajustado Treino médio: 96.76
R2 Ajustado Treino desvio padrão: 0.19
R2 Teste médio: 96.26
R2 Teste desvio padrão: 0.9
RMSE Teste médio: 6.83
MAE Teste médio: 5.55
MAE Teste desvio padrão: 0.52
F médio: 287.17
p-valor médio: 0.0

IC 95% R² Teste: [94.15% — 97.77%]

===== VIF =====
  Variável        VIF
0    EV_CE  36.238424
1   PRE_CE   3.674028
2   WAI_CE  30.808818
3  saz_sin   4.298950
4  saz_cos   3.393840
Alpha médio utilizado na análise de resíduos: 0.1000
Arquivo coeficientes_ridge_CE.csv salvo com sucesso!
            feature       coef bioma
0             EV_CE  51.019312    CE
1            PRE_CE -13.787326    CE
2            WAI_CE  -3.244176    CE
3           saz_sin  -6.674560    CE
4           saz_cos  -9.343391    CE
5           EV_CE^2  11.135140    CE
6      EV_CE PRE_CE   7.313814    CE
7      EV_CE WAI_CE -15.323033    CE
8     EV_CE saz_sin -11.796941    CE
9     EV_CE saz_cos -11.410957    CE
10         PRE_CE^2   1.137747    CE
11    PRE_CE WAI_CE  -2.124381    CE
12   PRE_CE saz_sin  -2.699857    CE
13   PRE_CE saz_cos   1.692083    CE
14         WAI_CE^2  -4.657624    CE
15   WAI_CE saz_sin  16.254403    CE
16   WAI_CE saz_cos   6.893429    CE
17        saz_sin^2  -3.968560    CE
18  saz_sin saz_cos  10.691177    CE
19        saz_cos^2   3.968560    CE

===== NORMALIDADE DOS RESÍDUOS =====
Shapiro-Wilk: stat=0.9932, p=0.3430
Resíduos normais
Gráfico salvo em analise_residuos.png

===== Y-RANDOMIZATION (100 permutações) =====
  Permutação 10/100 — R² = 5.75%
  Permutação 20/100 — R² = 7.04%
  Permutação 30/100 — R² = 6.63%
  Permutação 40/100 — R² = 9.51%
  Permutação 50/100 — R² = 9.07%
  Permutação 60/100 — R² = 10.56%
  Permutação 70/100 — R² = 7.01%
  Permutação 80/100 — R² = 7.16%
  Permutação 90/100 — R² = 5.81%
  Permutação 100/100 — R² = 4.44%

R² in-sample (modelo original)  : 97.05%
R² in-sample permutado (médio)  : 7.67%
Diferença (Δ)                   : 89.38 pp
✅ Y-randomization APROVADO — diferença de 89.38 pp > 60 pp
Gráfico salvo em yrandomization_CE.png
