
(CSV 'base_final_2001_2025_plan1_excel_ptbr.csv' não encontrado na pasta — usando 'Dados_base_nova_2001_2025.xlsx' existente diretamente.)


>>> Rodando 3 biomas EM PARALELO (MA, CE, CA) — um processo por núcleo.
>>> Os prints de cada bioma podem aparecer intercalados no console;
>>> isso não afeta o resultado — cada bioma calcula de forma independente.


===== RODANDO MODELO RIDGE - MATA ATLÂNTICA =====
Variável resposta : PSN_MA
Preditores        : ['EV_MA', 'TST_MA', 'WAI_MA', 'saz_sin', 'saz_cos']


===== RODANDO MODELO RIDGE - CAATINGA =====
===== RODANDO MODELO RIDGE - CERRADO =====

Variável resposta : PSN_CEVariável resposta : PSN_CA

Preditores        : ['EV_CA', 'PRE_CA', 'TST_CA', 'saz_sin', 'saz_cos']

Preditores        : ['EV_CE', 'PRE_CE', 'WAI_CE', 'saz_sin', 'saz_cos']


#################  Rodada 1 / 150  0.67 %
Parâmetros ('EV_CE', 'PRE_CE', 'WAI_CE', 'saz_sin', 'saz_cos')
Linhas de Treino [0, 1, 2, 3, 4, 8, 10, 11, 12, 13, 14, 15, 16, 18, 19, 20, 21, 22, 23, 26, 27, 28, 29, 30, 31, 32, 34, 35, 36, 37, 38, 39, 40, 41, 43, 44, 47, 48, 49, 50, 51, 52, 53, 54, 55, 56, 57, 58, 61, 62, 64, 65, 66, 67, 68, 69, 70, 71, 72, 74, 76, 79, 80, 81, 83, 85, 86, 87, 88, 89, 91, 94, 95, 96, 98, 99, 100, 102, 103, 104, 105, 106, 107, 109, 110, 112, 113, 114, 115, 117, 118, 119, 120, 121, 122, 123, 125, 127, 128, 129, 130, 131, 132, 133, 134, 135, 136, 137, 138, 140, 141, 142, 143, 144, 145, 146, 147, 149, 150, 151, 152, 153, 155, 156, 157, 159, 160, 161, 162, 163, 164, 165, 166, 168, 169, 170, 171, 172, 173, 174, 177, 178, 179, 180, 184, 186, 187, 188, 189, 190, 191, 193, 194, 196, 197, 198, 199, 200, 201, 202, 203, 204, 205, 206, 207, 209, 210, 212, 213, 214, 215, 216, 217, 218, 220, 221, 223, 225, 226, 227, 228, 229, 230, 231, 232, 235, 236, 238, 239, 240, 241, 242, 243, 244, 246, 247, 248, 249, 250, 251, 252, 253, 254, 255, 256, 257, 258, 259, 260, 261, 262, 264, 265, 266, 267, 268, 269, 270, 271, 272, 273, 274, 276, 277, 280, 281, 282, 284, 286, 287, 288, 289, 290, 291, 293, 295, 296]
Linhas de Teste [5, 6, 7, 9, 17, 24, 25, 33, 42, 45, 46, 59, 60, 63, 73, 75, 77, 78, 82, 84, 90, 92, 93, 97, 101, 108, 111, 116, 124, 126, 139, 148, 154, 158, 167, 175, 176, 181, 182, 183, 185, 192, 195, 208, 211, 219, 222, 224, 233, 234, 237, 245, 263, 275, 278, 279, 283, 285, 292, 294]
R2 de Treino = 97.22
R2 de Teste = 97.23

1 / 150  0.67 %
Tempo restante 0:00:34.999802

#################  Rodada 1 / 150  0.67 %
Parâmetros ('EV_CA', 'PRE_CA', 'TST_CA', 'saz_sin', 'saz_cos')
Linhas de Treino [0, 1, 2, 3, 4, 8, 10, 11, 12, 13, 14, 15, 16, 18, 19, 20, 21, 22, 23, 26, 27, 28, 29, 30, 31, 32, 34, 35, 36, 37, 38, 39, 40, 41, 43, 44, 47, 48, 49, 50, 51, 52, 53, 54, 55, 56, 57, 58, 61, 62, 64, 65, 66, 67, 68, 69, 70, 71, 72, 74, 76, 79, 80, 81, 83, 85, 86, 87, 88, 89, 91, 94, 95, 96, 98, 99, 100, 102, 103, 104, 105, 106, 107, 109, 110, 112, 113, 114, 115, 117, 118, 119, 120, 121, 122, 123, 125, 127, 128, 129, 130, 131, 132, 133, 134, 135, 136, 137, 138, 140, 141, 142, 143, 144, 145, 146, 147, 149, 150, 151, 152, 153, 155, 156, 157, 159, 160, 161, 162, 163, 164, 165, 166, 168, 169, 170, 171, 172, 173, 174, 177, 178, 179, 180, 184, 186, 187, 188, 189, 190, 191, 193, 194, 196, 197, 198, 199, 200, 201, 202, 203, 204, 205, 206, 207, 209, 210, 212, 213, 214, 215, 216, 217, 218, 220, 221, 223, 225, 226, 227, 228, 229, 230, 231, 232, 235, 236, 238, 239, 240, 241, 242, 243, 244, 246, 247, 248, 249, 250, 251, 252, 253, 254, 255, 256, 257, 258, 259, 260, 261, 262, 264, 265, 266, 267, 268, 269, 270, 271, 272, 273, 274, 276, 277, 280, 281, 282, 284, 286, 287, 288, 289, 290, 291, 293, 295, 296]
Linhas de Teste [5, 6, 7, 9, 17, 24, 25, 33, 42, 45, 46, 59, 60, 63, 73, 75, 77, 78, 82, 84, 90, 92, 93, 97, 101, 108, 111, 116, 124, 126, 139, 148, 154, 158, 167, 175, 176, 181, 182, 183, 185, 192, 195, 208, 211, 219, 222, 224, 233, 234, 237, 245, 263, 275, 278, 279, 283, 285, 292, 294]
R2 de Treino = 95.48
R2 de Teste = 93.65

1 / 150  0.67 %
Tempo restante 0:00:35.635287

#################  Rodada 1 / 150  0.67 %
Parâmetros ('EV_MA', 'TST_MA', 'WAI_MA', 'saz_sin', 'saz_cos')
Linhas de Treino [0, 1, 2, 3, 4, 8, 10, 11, 12, 13, 14, 15, 16, 18, 19, 20, 21, 22, 23, 26, 27, 28, 29, 30, 31, 32, 34, 35, 36, 37, 38, 39, 40, 41, 43, 44, 47, 48, 49, 50, 51, 52, 53, 54, 55, 56, 57, 58, 61, 62, 64, 65, 66, 67, 68, 69, 70, 71, 72, 74, 76, 79, 80, 81, 83, 85, 86, 87, 88, 89, 91, 94, 95, 96, 98, 99, 100, 102, 103, 104, 105, 106, 107, 109, 110, 112, 113, 114, 115, 117, 118, 119, 120, 121, 122, 123, 125, 127, 128, 129, 130, 131, 132, 133, 134, 135, 136, 137, 138, 140, 141, 142, 143, 144, 145, 146, 147, 149, 150, 151, 152, 153, 155, 156, 157, 159, 160, 161, 162, 163, 164, 165, 166, 168, 169, 170, 171, 172, 173, 174, 177, 178, 179, 180, 184, 186, 187, 188, 189, 190, 191, 193, 194, 196, 197, 198, 199, 200, 201, 202, 203, 204, 205, 206, 207, 209, 210, 212, 213, 214, 215, 216, 217, 218, 220, 221, 223, 225, 226, 227, 228, 229, 230, 231, 232, 235, 236, 238, 239, 240, 241, 242, 243, 244, 246, 247, 248, 249, 250, 251, 252, 253, 254, 255, 256, 257, 258, 259, 260, 261, 262, 264, 265, 266, 267, 268, 269, 270, 271, 272, 273, 274, 276, 277, 280, 281, 282, 284, 286, 287, 288, 289, 290, 291, 293, 295, 296]
Linhas de Teste [5, 6, 7, 9, 17, 24, 25, 33, 42, 45, 46, 59, 60, 63, 73, 75, 77, 78, 82, 84, 90, 92, 93, 97, 101, 108, 111, 116, 124, 126, 139, 148, 154, 158, 167, 175, 176, 181, 182, 183, 185, 192, 195, 208, 211, 219, 222, 224, 233, 234, 237, 245, 263, 275, 278, 279, 283, 285, 292, 294]
R2 de Treino = 80.96
R2 de Teste = 61.29

1 / 150  0.67 %
Tempo restante 0:00:37.448021

#################  Rodada 2 / 150  1.33 %
Parâmetros ('EV_CE', 'PRE_CE', 'WAI_CE', 'saz_sin', 'saz_cos')
Linhas de Treino [0, 1, 2, 3, 4, 5, 6, 7, 8, 9, 11, 12, 13, 14, 17, 20, 21, 23, 24, 25, 26, 27, 28, 29, 32, 33, 34, 35, 36, 38, 39, 40, 41, 42, 43, 44, 45, 46, 47, 48, 49, 50, 51, 52, 53, 54, 57, 58, 59, 60, 61, 62, 63, 64, 65, 70, 71, 73, 74, 75, 77, 78, 80, 81, 82, 83, 84, 85, 87, 88, 89, 90, 91, 92, 93, 94, 95, 97, 98, 99, 100, 101, 102, 103, 105, 106, 107, 108, 110, 111, 112, 115, 116, 117, 120, 121, 122, 123, 124, 126, 127, 128, 129, 130, 131, 133, 134, 135, 136, 138, 139, 140, 141, 142, 143, 145, 148, 149, 150, 151, 152, 153, 154, 155, 156, 158, 160, 161, 162, 163, 164, 165, 166, 167, 169, 171, 172, 173, 174, 175, 176, 179, 181, 182, 183, 185, 186, 187, 188, 189, 190, 191, 192, 193, 194, 195, 196, 198, 199, 200, 201, 204, 205, 206, 207, 208, 209, 211, 212, 213, 214, 215, 216, 217, 218, 219, 220, 222, 224, 225, 227, 229, 230, 231, 232, 233, 234, 235, 236, 237, 238, 239, 240, 241, 243, 245, 247, 248, 249, 250, 251, 252, 254, 255, 256, 257, 258, 260, 261, 262, 263, 264, 265, 268, 269, 270, 271, 272, 274, 275, 276, 278, 279, 281, 282, 283, 284, 285, 287, 288, 290, 291, 292, 293, 294, 295, 296]
Linhas de Teste [10, 15, 16, 18, 19, 22, 30, 31, 37, 55, 56, 66, 67, 68, 69, 72, 76, 79, 86, 96, 104, 109, 113, 114, 118, 119, 125, 132, 137, 144, 146, 147, 157, 159, 168, 170, 177, 178, 180, 184, 197, 202, 203, 210, 221, 223, 226, 228, 242, 244, 246, 253, 259, 266, 267, 273, 277, 280, 286, 289]
R2 de Treino = 97.33
R2 de Teste = 96.68

2 / 150  1.33 %
Tempo restante 0:00:18.128224

#################  Rodada 2 / 150  1.33 %
Parâmetros ('EV_CA', 'PRE_CA', 'TST_CA', 'saz_sin', 'saz_cos')
Linhas de Treino [0, 1, 2, 3, 4, 5, 6, 7, 8, 9, 11, 12, 13, 14, 17, 20, 21, 23, 24, 25, 26, 27, 28, 29, 32, 33, 34, 35, 36, 38, 39, 40, 41, 42, 43, 44, 45, 46, 47, 48, 49, 50, 51, 52, 53, 54, 57, 58, 59, 60, 61, 62, 63, 64, 65, 70, 71, 73, 74, 75, 77, 78, 80, 81, 82, 83, 84, 85, 87, 88, 89, 90, 91, 92, 93, 94, 95, 97, 98, 99, 100, 101, 102, 103, 105, 106, 107, 108, 110, 111, 112, 115, 116, 117, 120, 121, 122, 123, 124, 126, 127, 128, 129, 130, 131, 133, 134, 135, 136, 138, 139, 140, 141, 142, 143, 145, 148, 149, 150, 151, 152, 153, 154, 155, 156, 158, 160, 161, 162, 163, 164, 165, 166, 167, 169, 171, 172, 173, 174, 175, 176, 179, 181, 182, 183, 185, 186, 187, 188, 189, 190, 191, 192, 193, 194, 195, 196, 198, 199, 200, 201, 204, 205, 206, 207, 208, 209, 211, 212, 213, 214, 215, 216, 217, 218, 219, 220, 222, 224, 225, 227, 229, 230, 231, 232, 233, 234, 235, 236, 237, 238, 239, 240, 241, 243, 245, 247, 248, 249, 250, 251, 252, 254, 255, 256, 257, 258, 260, 261, 262, 263, 264, 265, 268, 269, 270, 271, 272, 274, 275, 276, 278, 279, 281, 282, 283, 284, 285, 287, 288, 290, 291, 292, 293, 294, 295, 296]
Linhas de Teste [10, 15, 16, 18, 19, 22, 30, 31, 37, 55, 56, 66, 67, 68, 69, 72, 76, 79, 86, 96, 104, 109, 113, 114, 118, 119, 125, 132, 137, 144, 146, 147, 157, 159, 168, 170, 177, 178, 180, 184, 197, 202, 203, 210, 221, 223, 226, 228, 242, 244, 246, 253, 259, 266, 267, 273, 277, 280, 286, 289]
R2 de Treino = 95.22
R2 de Teste = 93.96

2 / 150  1.33 %
Tempo restante 0:00:18.570004

#################  Rodada 2 / 150  1.33 %
Parâmetros ('EV_MA', 'TST_MA', 'WAI_MA', 'saz_sin', 'saz_cos')
Linhas de Treino [0, 1, 2, 3, 4, 5, 6, 7, 8, 9, 11, 12, 13, 14, 17, 20, 21, 23, 24, 25, 26, 27, 28, 29, 32, 33, 34, 35, 36, 38, 39, 40, 41, 42, 43, 44, 45, 46, 47, 48, 49, 50, 51, 52, 53, 54, 57, 58, 59, 60, 61, 62, 63, 64, 65, 70, 71, 73, 74, 75, 77, 78, 80, 81, 82, 83, 84, 85, 87, 88, 89, 90, 91, 92, 93, 94, 95, 97, 98, 99, 100, 101, 102, 103, 105, 106, 107, 108, 110, 111, 112, 115, 116, 117, 120, 121, 122, 123, 124, 126, 127, 128, 129, 130, 131, 133, 134, 135, 136, 138, 139, 140, 141, 142, 143, 145, 148, 149, 150, 151, 152, 153, 154, 155, 156, 158, 160, 161, 162, 163, 164, 165, 166, 167, 169, 171, 172, 173, 174, 175, 176, 179, 181, 182, 183, 185, 186, 187, 188, 189, 190, 191, 192, 193, 194, 195, 196, 198, 199, 200, 201, 204, 205, 206, 207, 208, 209, 211, 212, 213, 214, 215, 216, 217, 218, 219, 220, 222, 224, 225, 227, 229, 230, 231, 232, 233, 234, 235, 236, 237, 238, 239, 240, 241, 243, 245, 247, 248, 249, 250, 251, 252, 254, 255, 256, 257, 258, 260, 261, 262, 263, 264, 265, 268, 269, 270, 271, 272, 274, 275, 276, 278, 279, 281, 282, 283, 284, 285, 287, 288, 290, 291, 292, 293, 294, 295, 296]
Linhas de Teste [10, 15, 16, 18, 19, 22, 30, 31, 37, 55, 56, 66, 67, 68, 69, 72, 76, 79, 86, 96, 104, 109, 113, 114, 118, 119, 125, 132, 137, 144, 146, 147, 157, 159, 168, 170, 177, 178, 180, 184, 197, 202, 203, 210, 221, 223, 226, 228, 242, 244, 246, 253, 259, 266, 267, 273, 277, 280, 286, 289]
R2 de Treino = 78.24
R2 de Teste = 78.24

2 / 150  1.33 %
Tempo restante 0:00:18.357476

#################  Rodada 3 / 150  2.0 %
Parâmetros ('EV_CE', 'PRE_CE', 'WAI_CE', 'saz_sin', 'saz_cos')
Linhas de Treino [1, 3, 4, 5, 6, 7, 8, 9, 10, 11, 13, 14, 15, 16, 17, 18, 19, 20, 21, 22, 23, 24, 25, 27, 30, 31, 32, 33, 34, 36, 37, 39, 40, 42, 43, 44, 45, 46, 47, 48, 49, 50, 52, 53, 54, 55, 56, 58, 59, 60, 61, 62, 63, 64, 66, 67, 68, 69, 70, 71, 72, 73, 75, 76, 77, 78, 79, 80, 81, 82, 84, 86, 87, 88, 90, 91, 92, 93, 94, 96, 97, 98, 99, 100, 101, 102, 103, 104, 105, 106, 108, 109, 110, 111, 113, 114, 116, 118, 119, 121, 122, 123, 124, 125, 126, 128, 130, 131, 132, 133, 134, 135, 137, 138, 139, 144, 145, 146, 147, 148, 149, 150, 151, 153, 154, 156, 157, 158, 159, 160, 161, 162, 163, 166, 167, 168, 169, 170, 171, 174, 175, 176, 177, 178, 180, 181, 182, 183, 184, 185, 187, 188, 189, 190, 191, 192, 195, 197, 198, 199, 200, 201, 202, 203, 205, 207, 208, 210, 211, 212, 214, 215, 216, 217, 219, 220, 221, 222, 223, 224, 226, 227, 228, 229, 231, 232, 233, 234, 235, 236, 237, 238, 241, 242, 243, 244, 245, 246, 247, 251, 252, 253, 254, 255, 256, 257, 258, 259, 260, 261, 263, 264, 266, 267, 269, 270, 271, 272, 273, 275, 276, 277, 278, 279, 280, 283, 284, 285, 286, 287, 288, 289, 291, 292, 293, 294, 295, 296]
Linhas de Teste [0, 2, 12, 26, 28, 29, 35, 38, 41, 51, 57, 65, 74, 83, 85, 89, 95, 107, 112, 115, 117, 120, 127, 129, 136, 140, 141, 142, 143, 152, 155, 164, 165, 172, 173, 179, 186, 193, 194, 196, 204, 206, 209, 213, 218, 225, 230, 239, 240, 248, 249, 250, 262, 265, 268, 274, 281, 282, 290]
R2 de Treino = 97.24
R2 de Teste = 96.81

3 / 150  2.0 %
Tempo restante 0:00:17.806110

#################  Rodada 3 / 150  2.0 %
Parâmetros ('EV_CA', 'PRE_CA', 'TST_CA', 'saz_sin', 'saz_cos')
Linhas de Treino [1, 3, 4, 5, 6, 7, 8, 9, 10, 11, 13, 14, 15, 16, 17, 18, 19, 20, 21, 22, 23, 24, 25, 27, 30, 31, 32, 33, 34, 36, 37, 39, 40, 42, 43, 44, 45, 46, 47, 48, 49, 50, 52, 53, 54, 55, 56, 58, 59, 60, 61, 62, 63, 64, 66, 67, 68, 69, 70, 71, 72, 73, 75, 76, 77, 78, 79, 80, 81, 82, 84, 86, 87, 88, 90, 91, 92, 93, 94, 96, 97, 98, 99, 100, 101, 102, 103, 104, 105, 106, 108, 109, 110, 111, 113, 114, 116, 118, 119, 121, 122, 123, 124, 125, 126, 128, 130, 131, 132, 133, 134, 135, 137, 138, 139, 144, 145, 146, 147, 148, 149, 150, 151, 153, 154, 156, 157, 158, 159, 160, 161, 162, 163, 166, 167, 168, 169, 170, 171, 174, 175, 176, 177, 178, 180, 181, 182, 183, 184, 185, 187, 188, 189, 190, 191, 192, 195, 197, 198, 199, 200, 201, 202, 203, 205, 207, 208, 210, 211, 212, 214, 215, 216, 217, 219, 220, 221, 222, 223, 224, 226, 227, 228, 229, 231, 232, 233, 234, 235, 236, 237, 238, 241, 242, 243, 244, 245, 246, 247, 251, 252, 253, 254, 255, 256, 257, 258, 259, 260, 261, 263, 264, 266, 267, 269, 270, 271, 272, 273, 275, 276, 277, 278, 279, 280, 283, 284, 285, 286, 287, 288, 289, 291, 292, 293, 294, 295, 296]
Linhas de Teste [0, 2, 12, 26, 28, 29, 35, 38, 41, 51, 57, 65, 74, 83, 85, 89, 95, 107, 112, 115, 117, 120, 127, 129, 136, 140, 141, 142, 143, 152, 155, 164, 165, 172, 173, 179, 186, 193, 194, 196, 204, 206, 209, 213, 218, 225, 230, 239, 240, 248, 249, 250, 262, 265, 268, 274, 281, 282, 290]
R2 de Treino = 94.72
R2 de Teste = 95.89

3 / 150  2.0 %
Tempo restante 0:00:18.138624

#################  Rodada 3 / 150  2.0 %
Parâmetros ('EV_MA', 'TST_MA', 'WAI_MA', 'saz_sin', 'saz_cos')
Linhas de Treino [1, 3, 4, 5, 6, 7, 8, 9, 10, 11, 13, 14, 15, 16, 17, 18, 19, 20, 21, 22, 23, 24, 25, 27, 30, 31, 32, 33, 34, 36, 37, 39, 40, 42, 43, 44, 45, 46, 47, 48, 49, 50, 52, 53, 54, 55, 56, 58, 59, 60, 61, 62, 63, 64, 66, 67, 68, 69, 70, 71, 72, 73, 75, 76, 77, 78, 79, 80, 81, 82, 84, 86, 87, 88, 90, 91, 92, 93, 94, 96, 97, 98, 99, 100, 101, 102, 103, 104, 105, 106, 108, 109, 110, 111, 113, 114, 116, 118, 119, 121, 122, 123, 124, 125, 126, 128, 130, 131, 132, 133, 134, 135, 137, 138, 139, 144, 145, 146, 147, 148, 149, 150, 151, 153, 154, 156, 157, 158, 159, 160, 161, 162, 163, 166, 167, 168, 169, 170, 171, 174, 175, 176, 177, 178, 180, 181, 182, 183, 184, 185, 187, 188, 189, 190, 191, 192, 195, 197, 198, 199, 200, 201, 202, 203, 205, 207, 208, 210, 211, 212, 214, 215, 216, 217, 219, 220, 221, 222, 223, 224, 226, 227, 228, 229, 231, 232, 233, 234, 235, 236, 237, 238, 241, 242, 243, 244, 245, 246, 247, 251, 252, 253, 254, 255, 256, 257, 258, 259, 260, 261, 263, 264, 266, 267, 269, 270, 271, 272, 273, 275, 276, 277, 278, 279, 280, 283, 284, 285, 286, 287, 288, 289, 291, 292, 293, 294, 295, 296]
Linhas de Teste [0, 2, 12, 26, 28, 29, 35, 38, 41, 51, 57, 65, 74, 83, 85, 89, 95, 107, 112, 115, 117, 120, 127, 129, 136, 140, 141, 142, 143, 152, 155, 164, 165, 172, 173, 179, 186, 193, 194, 196, 204, 206, 209, 213, 218, 225, 230, 239, 240, 248, 249, 250, 262, 265, 268, 274, 281, 282, 290]
R2 de Treino = 76.62
R2 de Teste = 82.21

3 / 150  2.0 %
Tempo restante 0:00:17.927091

#################  Rodada 4 / 150  2.67 %
Parâmetros ('EV_CE', 'PRE_CE', 'WAI_CE', 'saz_sin', 'saz_cos')
Linhas de Treino [0, 1, 2, 3, 5, 6, 7, 9, 10, 12, 13, 15, 16, 17, 18, 19, 20, 21, 22, 24, 25, 26, 28, 29, 30, 31, 33, 34, 35, 37, 38, 41, 42, 43, 45, 46, 48, 49, 50, 51, 52, 53, 54, 55, 56, 57, 58, 59, 60, 63, 65, 66, 67, 68, 69, 71, 72, 73, 74, 75, 76, 77, 78, 79, 80, 82, 83, 84, 85, 86, 87, 88, 89, 90, 91, 92, 93, 95, 96, 97, 99, 101, 102, 103, 104, 105, 106, 107, 108, 109, 111, 112, 113, 114, 115, 116, 117, 118, 119, 120, 121, 124, 125, 126, 127, 129, 130, 131, 132, 133, 134, 136, 137, 139, 140, 141, 142, 143, 144, 145, 146, 147, 148, 149, 151, 152, 154, 155, 157, 158, 159, 160, 161, 163, 164, 165, 166, 167, 168, 169, 170, 172, 173, 174, 175, 176, 177, 178, 179, 180, 181, 182, 183, 184, 185, 186, 187, 188, 189, 190, 191, 192, 193, 194, 195, 196, 197, 202, 203, 204, 205, 206, 208, 209, 210, 211, 213, 214, 217, 218, 219, 220, 221, 222, 223, 224, 225, 226, 228, 230, 233, 234, 235, 237, 239, 240, 241, 242, 243, 244, 245, 246, 247, 248, 249, 250, 252, 253, 257, 259, 262, 263, 265, 266, 267, 268, 270, 273, 274, 275, 276, 277, 278, 279, 280, 281, 282, 283, 284, 285, 286, 289, 290, 291, 292, 294, 295, 296]
Linhas de Teste [4, 8, 11, 14, 23, 27, 32, 36, 39, 40, 44, 47, 61, 62, 64, 70, 81, 94, 98, 100, 110, 122, 123, 128, 135, 138, 150, 153, 156, 162, 171, 198, 199, 200, 201, 207, 212, 215, 216, 227, 229, 231, 232, 236, 238, 251, 254, 255, 256, 258, 260, 261, 264, 269, 271, 272, 287, 288, 293]
R2 de Treino = 97.42
R2 de Teste = 96.54

4 / 150  2.67 %
Tempo restante 0:00:17.365970

#################  Rodada 4 / 150  2.67 %
Parâmetros ('EV_CA', 'PRE_CA', 'TST_CA', 'saz_sin', 'saz_cos')
Linhas de Treino [0, 1, 2, 3, 5, 6, 7, 9, 10, 12, 13, 15, 16, 17, 18, 19, 20, 21, 22, 24, 25, 26, 28, 29, 30, 31, 33, 34, 35, 37, 38, 41, 42, 43, 45, 46, 48, 49, 50, 51, 52, 53, 54, 55, 56, 57, 58, 59, 60, 63, 65, 66, 67, 68, 69, 71, 72, 73, 74, 75, 76, 77, 78, 79, 80, 82, 83, 84, 85, 86, 87, 88, 89, 90, 91, 92, 93, 95, 96, 97, 99, 101, 102, 103, 104, 105, 106, 107, 108, 109, 111, 112, 113, 114, 115, 116, 117, 118, 119, 120, 121, 124, 125, 126, 127, 129, 130, 131, 132, 133, 134, 136, 137, 139, 140, 141, 142, 143, 144, 145, 146, 147, 148, 149, 151, 152, 154, 155, 157, 158, 159, 160, 161, 163, 164, 165, 166, 167, 168, 169, 170, 172, 173, 174, 175, 176, 177, 178, 179, 180, 181, 182, 183, 184, 185, 186, 187, 188, 189, 190, 191, 192, 193, 194, 195, 196, 197, 202, 203, 204, 205, 206, 208, 209, 210, 211, 213, 214, 217, 218, 219, 220, 221, 222, 223, 224, 225, 226, 228, 230, 233, 234, 235, 237, 239, 240, 241, 242, 243, 244, 245, 246, 247, 248, 249, 250, 252, 253, 257, 259, 262, 263, 265, 266, 267, 268, 270, 273, 274, 275, 276, 277, 278, 279, 280, 281, 282, 283, 284, 285, 286, 289, 290, 291, 292, 294, 295, 296]
Linhas de Teste [4, 8, 11, 14, 23, 27, 32, 36, 39, 40, 44, 47, 61, 62, 64, 70, 81, 94, 98, 100, 110, 122, 123, 128, 135, 138, 150, 153, 156, 162, 171, 198, 199, 200, 201, 207, 212, 215, 216, 227, 229, 231, 232, 236, 238, 251, 254, 255, 256, 258, 260, 261, 264, 269, 271, 272, 287, 288, 293]
R2 de Treino = 94.69
R2 de Teste = 96.22

4 / 150  2.67 %
Tempo restante 0:00:17.398966

#################  Rodada 4 / 150  2.67 %
Parâmetros ('EV_MA', 'TST_MA', 'WAI_MA', 'saz_sin', 'saz_cos')
Linhas de Treino [0, 1, 2, 3, 5, 6, 7, 9, 10, 12, 13, 15, 16, 17, 18, 19, 20, 21, 22, 24, 25, 26, 28, 29, 30, 31, 33, 34, 35, 37, 38, 41, 42, 43, 45, 46, 48, 49, 50, 51, 52, 53, 54, 55, 56, 57, 58, 59, 60, 63, 65, 66, 67, 68, 69, 71, 72, 73, 74, 75, 76, 77, 78, 79, 80, 82, 83, 84, 85, 86, 87, 88, 89, 90, 91, 92, 93, 95, 96, 97, 99, 101, 102, 103, 104, 105, 106, 107, 108, 109, 111, 112, 113, 114, 115, 116, 117, 118, 119, 120, 121, 124, 125, 126, 127, 129, 130, 131, 132, 133, 134, 136, 137, 139, 140, 141, 142, 143, 144, 145, 146, 147, 148, 149, 151, 152, 154, 155, 157, 158, 159, 160, 161, 163, 164, 165, 166, 167, 168, 169, 170, 172, 173, 174, 175, 176, 177, 178, 179, 180, 181, 182, 183, 184, 185, 186, 187, 188, 189, 190, 191, 192, 193, 194, 195, 196, 197, 202, 203, 204, 205, 206, 208, 209, 210, 211, 213, 214, 217, 218, 219, 220, 221, 222, 223, 224, 225, 226, 228, 230, 233, 234, 235, 237, 239, 240, 241, 242, 243, 244, 245, 246, 247, 248, 249, 250, 252, 253, 257, 259, 262, 263, 265, 266, 267, 268, 270, 273, 274, 275, 276, 277, 278, 279, 280, 281, 282, 283, 284, 285, 286, 289, 290, 291, 292, 294, 295, 296]
Linhas de Teste [4, 8, 11, 14, 23, 27, 32, 36, 39, 40, 44, 47, 61, 62, 64, 70, 81, 94, 98, 100, 110, 122, 123, 128, 135, 138, 150, 153, 156, 162, 171, 198, 199, 200, 201, 207, 212, 215, 216, 227, 229, 231, 232, 236, 238, 251, 254, 255, 256, 258, 260, 261, 264, 269, 271, 272, 287, 288, 293]
R2 de Treino = 78.82
R2 de Teste = 74.39

4 / 150  2.67 %
Tempo restante 0:00:17.538688

#################  Rodada 5 / 150  3.33 %
Parâmetros ('EV_CE', 'PRE_CE', 'WAI_CE', 'saz_sin', 'saz_cos')
Linhas de Treino [0, 2, 4, 5, 6, 7, 8, 9, 10, 11, 12, 14, 15, 16, 17, 18, 19, 22, 23, 24, 25, 26, 27, 28, 29, 30, 31, 32, 33, 35, 36, 37, 38, 39, 40, 41, 42, 44, 45, 46, 47, 51, 55, 56, 57, 59, 60, 61, 62, 63, 64, 65, 66, 67, 68, 69, 70, 72, 73, 74, 75, 76, 77, 78, 79, 81, 82, 83, 84, 85, 86, 89, 90, 92, 93, 94, 95, 96, 97, 98, 100, 101, 104, 107, 108, 109, 110, 111, 112, 113, 114, 115, 116, 117, 118, 119, 120, 122, 123, 124, 125, 126, 127, 128, 129, 132, 135, 136, 137, 138, 139, 140, 141, 142, 143, 144, 146, 147, 148, 150, 152, 153, 154, 155, 156, 157, 158, 159, 162, 164, 165, 167, 168, 170, 171, 172, 173, 175, 176, 177, 178, 179, 180, 181, 182, 183, 184, 185, 186, 192, 193, 194, 195, 196, 197, 198, 199, 200, 201, 202, 203, 204, 206, 207, 208, 209, 210, 211, 212, 213, 215, 216, 218, 219, 221, 222, 223, 224, 225, 226, 227, 228, 229, 230, 231, 232, 233, 234, 236, 237, 238, 239, 240, 242, 244, 245, 246, 248, 249, 250, 251, 253, 254, 255, 256, 258, 259, 260, 261, 262, 263, 264, 265, 266, 267, 268, 269, 271, 272, 273, 274, 275, 277, 278, 279, 280, 281, 282, 283, 285, 286, 287, 288, 289, 290, 292, 293, 294]
Linhas de Teste [1, 3, 13, 20, 21, 34, 43, 48, 49, 50, 52, 53, 54, 58, 71, 80, 87, 88, 91, 99, 102, 103, 105, 106, 121, 130, 131, 133, 134, 145, 149, 151, 160, 161, 163, 166, 169, 174, 187, 188, 189, 190, 191, 205, 214, 217, 220, 235, 241, 243, 247, 252, 257, 270, 276, 284, 291, 295, 296]
R2 de Treino = 97.07
R2 de Teste = 97.07

5 / 150  3.33 %
Tempo restante 0:00:16.674420

#################  Rodada 5 / 150  3.33 %
Parâmetros ('EV_CA', 'PRE_CA', 'TST_CA', 'saz_sin', 'saz_cos')
Linhas de Treino [0, 2, 4, 5, 6, 7, 8, 9, 10, 11, 12, 14, 15, 16, 17, 18, 19, 22, 23, 24, 25, 26, 27, 28, 29, 30, 31, 32, 33, 35, 36, 37, 38, 39, 40, 41, 42, 44, 45, 46, 47, 51, 55, 56, 57, 59, 60, 61, 62, 63, 64, 65, 66, 67, 68, 69, 70, 72, 73, 74, 75, 76, 77, 78, 79, 81, 82, 83, 84, 85, 86, 89, 90, 92, 93, 94, 95, 96, 97, 98, 100, 101, 104, 107, 108, 109, 110, 111, 112, 113, 114, 115, 116, 117, 118, 119, 120, 122, 123, 124, 125, 126, 127, 128, 129, 132, 135, 136, 137, 138, 139, 140, 141, 142, 143, 144, 146, 147, 148, 150, 152, 153, 154, 155, 156, 157, 158, 159, 162, 164, 165, 167, 168, 170, 171, 172, 173, 175, 176, 177, 178, 179, 180, 181, 182, 183, 184, 185, 186, 192, 193, 194, 195, 196, 197, 198, 199, 200, 201, 202, 203, 204, 206, 207, 208, 209, 210, 211, 212, 213, 215, 216, 218, 219, 221, 222, 223, 224, 225, 226, 227, 228, 229, 230, 231, 232, 233, 234, 236, 237, 238, 239, 240, 242, 244, 245, 246, 248, 249, 250, 251, 253, 254, 255, 256, 258, 259, 260, 261, 262, 263, 264, 265, 266, 267, 268, 269, 271, 272, 273, 274, 275, 277, 278, 279, 280, 281, 282, 283, 285, 286, 287, 288, 289, 290, 292, 293, 294]
Linhas de Teste [1, 3, 13, 20, 21, 34, 43, 48, 49, 50, 52, 53, 54, 58, 71, 80, 87, 88, 91, 99, 102, 103, 105, 106, 121, 130, 131, 133, 134, 145, 149, 151, 160, 161, 163, 166, 169, 174, 187, 188, 189, 190, 191, 205, 214, 217, 220, 235, 241, 243, 247, 252, 257, 270, 276, 284, 291, 295, 296]
R2 de Treino = 95.63
R2 de Teste = 91.98

5 / 150  3.33 %
Tempo restante 0:00:17.044750

#################  Rodada 5 / 150  3.33 %
Parâmetros ('EV_MA', 'TST_MA', 'WAI_MA', 'saz_sin', 'saz_cos')
Linhas de Treino [0, 2, 4, 5, 6, 7, 8, 9, 10, 11, 12, 14, 15, 16, 17, 18, 19, 22, 23, 24, 25, 26, 27, 28, 29, 30, 31, 32, 33, 35, 36, 37, 38, 39, 40, 41, 42, 44, 45, 46, 47, 51, 55, 56, 57, 59, 60, 61, 62, 63, 64, 65, 66, 67, 68, 69, 70, 72, 73, 74, 75, 76, 77, 78, 79, 81, 82, 83, 84, 85, 86, 89, 90, 92, 93, 94, 95, 96, 97, 98, 100, 101, 104, 107, 108, 109, 110, 111, 112, 113, 114, 115, 116, 117, 118, 119, 120, 122, 123, 124, 125, 126, 127, 128, 129, 132, 135, 136, 137, 138, 139, 140, 141, 142, 143, 144, 146, 147, 148, 150, 152, 153, 154, 155, 156, 157, 158, 159, 162, 164, 165, 167, 168, 170, 171, 172, 173, 175, 176, 177, 178, 179, 180, 181, 182, 183, 184, 185, 186, 192, 193, 194, 195, 196, 197, 198, 199, 200, 201, 202, 203, 204, 206, 207, 208, 209, 210, 211, 212, 213, 215, 216, 218, 219, 221, 222, 223, 224, 225, 226, 227, 228, 229, 230, 231, 232, 233, 234, 236, 237, 238, 239, 240, 242, 244, 245, 246, 248, 249, 250, 251, 253, 254, 255, 256, 258, 259, 260, 261, 262, 263, 264, 265, 266, 267, 268, 269, 271, 272, 273, 274, 275, 277, 278, 279, 280, 281, 282, 283, 285, 286, 287, 288, 289, 290, 292, 293, 294]
Linhas de Teste [1, 3, 13, 20, 21, 34, 43, 48, 49, 50, 52, 53, 54, 58, 71, 80, 87, 88, 91, 99, 102, 103, 105, 106, 121, 130, 131, 133, 134, 145, 149, 151, 160, 161, 163, 166, 169, 174, 187, 188, 189, 190, 191, 205, 214, 217, 220, 235, 241, 243, 247, 252, 257, 270, 276, 284, 291, 295, 296]
R2 de Treino = 80.06
R2 de Teste = 62.99

5 / 150  3.33 %
Tempo restante 0:00:16.895110

#################  Rodada 6 / 150  4.0 %
Parâmetros ('EV_CE', 'PRE_CE', 'WAI_CE', 'saz_sin', 'saz_cos')
Linhas de Treino [0, 1, 3, 4, 5, 6, 7, 9, 11, 12, 14, 15, 16, 17, 18, 19, 20, 21, 22, 23, 25, 26, 28, 31, 32, 33, 34, 35, 36, 37, 38, 39, 42, 43, 45, 46, 47, 48, 49, 50, 51, 52, 53, 54, 56, 57, 59, 60, 61, 62, 63, 64, 65, 66, 67, 68, 69, 73, 75, 77, 79, 82, 83, 84, 85, 88, 89, 90, 91, 92, 93, 94, 95, 96, 97, 98, 99, 100, 101, 102, 103, 104, 105, 106, 107, 108, 110, 112, 113, 114, 115, 116, 117, 118, 119, 120, 121, 122, 123, 124, 125, 126, 127, 128, 129, 132, 134, 135, 136, 139, 140, 141, 142, 143, 144, 146, 147, 148, 149, 150, 151, 152, 153, 154, 155, 157, 159, 160, 161, 162, 163, 164, 165, 167, 168, 169, 171, 172, 173, 174, 175, 177, 178, 179, 180, 181, 185, 187, 188, 189, 190, 191, 193, 195, 196, 197, 198, 199, 200, 202, 203, 205, 206, 207, 209, 212, 213, 215, 216, 217, 218, 219, 220, 221, 222, 224, 225, 226, 227, 228, 229, 230, 231, 232, 233, 234, 235, 236, 237, 239, 241, 242, 245, 247, 248, 249, 250, 251, 252, 253, 254, 255, 256, 257, 258, 261, 262, 263, 264, 265, 266, 267, 268, 269, 271, 272, 273, 274, 275, 276, 277, 278, 279, 281, 282, 283, 284, 285, 286, 287, 288, 290, 291, 292, 293, 295, 296]
Linhas de Teste [2, 8, 10, 13, 24, 27, 29, 30, 40, 41, 44, 55, 58, 70, 71, 72, 74, 76, 78, 80, 81, 86, 87, 109, 111, 130, 131, 133, 137, 138, 145, 156, 158, 166, 170, 176, 182, 183, 184, 186, 192, 194, 201, 204, 208, 210, 211, 214, 223, 238, 240, 243, 244, 246, 259, 260, 270, 280, 289, 294]
R2 de Treino = 97.24
R2 de Teste = 96.87

6 / 150  4.0 %
Tempo restante 0:00:18.147600

#################  Rodada 6 / 150  4.0 %
Parâmetros ('EV_CA', 'PRE_CA', 'TST_CA', 'saz_sin', 'saz_cos')
Linhas de Treino [0, 1, 3, 4, 5, 6, 7, 9, 11, 12, 14, 15, 16, 17, 18, 19, 20, 21, 22, 23, 25, 26, 28, 31, 32, 33, 34, 35, 36, 37, 38, 39, 42, 43, 45, 46, 47, 48, 49, 50, 51, 52, 53, 54, 56, 57, 59, 60, 61, 62, 63, 64, 65, 66, 67, 68, 69, 73, 75, 77, 79, 82, 83, 84, 85, 88, 89, 90, 91, 92, 93, 94, 95, 96, 97, 98, 99, 100, 101, 102, 103, 104, 105, 106, 107, 108, 110, 112, 113, 114, 115, 116, 117, 118, 119, 120, 121, 122, 123, 124, 125, 126, 127, 128, 129, 132, 134, 135, 136, 139, 140, 141, 142, 143, 144, 146, 147, 148, 149, 150, 151, 152, 153, 154, 155, 157, 159, 160, 161, 162, 163, 164, 165, 167, 168, 169, 171, 172, 173, 174, 175, 177, 178, 179, 180, 181, 185, 187, 188, 189, 190, 191, 193, 195, 196, 197, 198, 199, 200, 202, 203, 205, 206, 207, 209, 212, 213, 215, 216, 217, 218, 219, 220, 221, 222, 224, 225, 226, 227, 228, 229, 230, 231, 232, 233, 234, 235, 236, 237, 239, 241, 242, 245, 247, 248, 249, 250, 251, 252, 253, 254, 255, 256, 257, 258, 261, 262, 263, 264, 265, 266, 267, 268, 269, 271, 272, 273, 274, 275, 276, 277, 278, 279, 281, 282, 283, 284, 285, 286, 287, 288, 290, 291, 292, 293, 295, 296]
Linhas de Teste [2, 8, 10, 13, 24, 27, 29, 30, 40, 41, 44, 55, 58, 70, 71, 72, 74, 76, 78, 80, 81, 86, 87, 109, 111, 130, 131, 133, 137, 138, 145, 156, 158, 166, 170, 176, 182, 183, 184, 186, 192, 194, 201, 204, 208, 210, 211, 214, 223, 238, 240, 243, 244, 246, 259, 260, 270, 280, 289, 294]
R2 de Treino = 95.45
R2 de Teste = 93.41

6 / 150  4.0 %
Tempo restante 0:00:17.593488

#################  Rodada 6 / 150  4.0 %
Parâmetros ('EV_MA', 'TST_MA', 'WAI_MA', 'saz_sin', 'saz_cos')
Linhas de Treino [0, 1, 3, 4, 5, 6, 7, 9, 11, 12, 14, 15, 16, 17, 18, 19, 20, 21, 22, 23, 25, 26, 28, 31, 32, 33, 34, 35, 36, 37, 38, 39, 42, 43, 45, 46, 47, 48, 49, 50, 51, 52, 53, 54, 56, 57, 59, 60, 61, 62, 63, 64, 65, 66, 67, 68, 69, 73, 75, 77, 79, 82, 83, 84, 85, 88, 89, 90, 91, 92, 93, 94, 95, 96, 97, 98, 99, 100, 101, 102, 103, 104, 105, 106, 107, 108, 110, 112, 113, 114, 115, 116, 117, 118, 119, 120, 121, 122, 123, 124, 125, 126, 127, 128, 129, 132, 134, 135, 136, 139, 140, 141, 142, 143, 144, 146, 147, 148, 149, 150, 151, 152, 153, 154, 155, 157, 159, 160, 161, 162, 163, 164, 165, 167, 168, 169, 171, 172, 173, 174, 175, 177, 178, 179, 180, 181, 185, 187, 188, 189, 190, 191, 193, 195, 196, 197, 198, 199, 200, 202, 203, 205, 206, 207, 209, 212, 213, 215, 216, 217, 218, 219, 220, 221, 222, 224, 225, 226, 227, 228, 229, 230, 231, 232, 233, 234, 235, 236, 237, 239, 241, 242, 245, 247, 248, 249, 250, 251, 252, 253, 254, 255, 256, 257, 258, 261, 262, 263, 264, 265, 266, 267, 268, 269, 271, 272, 273, 274, 275, 276, 277, 278, 279, 281, 282, 283, 284, 285, 286, 287, 288, 290, 291, 292, 293, 295, 296]
Linhas de Teste [2, 8, 10, 13, 24, 27, 29, 30, 40, 41, 44, 55, 58, 70, 71, 72, 74, 76, 78, 80, 81, 86, 87, 109, 111, 130, 131, 133, 137, 138, 145, 156, 158, 166, 170, 176, 182, 183, 184, 186, 192, 194, 201, 204, 208, 210, 211, 214, 223, 238, 240, 243, 244, 246, 259, 260, 270, 280, 289, 294]
R2 de Treino = 78.18
R2 de Teste = 78.83

6 / 150  4.0 %
Tempo restante 0:00:16.980192

#################  Rodada 7 / 150  4.67 %
Parâmetros ('EV_CE', 'PRE_CE', 'WAI_CE', 'saz_sin', 'saz_cos')
Linhas de Treino [0, 2, 3, 4, 5, 7, 8, 9, 10, 12, 13, 14, 15, 16, 17, 18, 19, 21, 22, 23, 24, 25, 26, 27, 28, 29, 30, 31, 32, 33, 34, 35, 36, 37, 38, 40, 41, 42, 44, 45, 46, 47, 48, 49, 50, 51, 52, 53, 54, 55, 56, 57, 58, 59, 61, 62, 64, 65, 66, 68, 69, 70, 71, 72, 74, 75, 76, 78, 80, 81, 84, 85, 86, 87, 88, 89, 91, 92, 93, 94, 95, 96, 97, 98, 99, 100, 102, 103, 105, 107, 108, 109, 111, 113, 114, 115, 116, 117, 119, 121, 123, 124, 125, 126, 127, 128, 129, 130, 131, 132, 133, 134, 136, 137, 138, 139, 140, 141, 142, 143, 144, 145, 146, 147, 149, 150, 151, 152, 153, 154, 156, 157, 158, 159, 160, 161, 166, 167, 168, 169, 170, 171, 172, 173, 174, 175, 176, 178, 179, 180, 182, 183, 184, 185, 186, 187, 189, 190, 191, 192, 193, 194, 195, 197, 198, 199, 201, 202, 203, 204, 207, 208, 210, 211, 212, 214, 215, 217, 218, 219, 220, 222, 223, 224, 225, 226, 227, 228, 229, 230, 232, 233, 234, 235, 237, 238, 240, 241, 243, 244, 245, 246, 248, 250, 251, 252, 254, 255, 256, 257, 259, 260, 262, 263, 264, 265, 266, 267, 270, 271, 272, 273, 275, 276, 278, 279, 280, 282, 283, 284, 285, 288, 289, 292, 294, 295, 296]
Linhas de Teste [1, 6, 11, 20, 39, 43, 60, 63, 67, 73, 77, 79, 82, 83, 90, 101, 104, 106, 110, 112, 118, 120, 122, 135, 148, 155, 162, 163, 164, 165, 177, 181, 188, 196, 200, 205, 206, 209, 213, 216, 221, 231, 236, 239, 242, 247, 249, 253, 258, 261, 268, 269, 274, 277, 281, 286, 287, 290, 291, 293]
R2 de Treino = 97.49
R2 de Teste = 96.02

7 / 150  4.67 %
Tempo restante 0:00:17.597437

#################  Rodada 7 / 150  4.67 %
Parâmetros ('EV_CA', 'PRE_CA', 'TST_CA', 'saz_sin', 'saz_cos')
Linhas de Treino [0, 2, 3, 4, 5, 7, 8, 9, 10, 12, 13, 14, 15, 16, 17, 18, 19, 21, 22, 23, 24, 25, 26, 27, 28, 29, 30, 31, 32, 33, 34, 35, 36, 37, 38, 40, 41, 42, 44, 45, 46, 47, 48, 49, 50, 51, 52, 53, 54, 55, 56, 57, 58, 59, 61, 62, 64, 65, 66, 68, 69, 70, 71, 72, 74, 75, 76, 78, 80, 81, 84, 85, 86, 87, 88, 89, 91, 92, 93, 94, 95, 96, 97, 98, 99, 100, 102, 103, 105, 107, 108, 109, 111, 113, 114, 115, 116, 117, 119, 121, 123, 124, 125, 126, 127, 128, 129, 130, 131, 132, 133, 134, 136, 137, 138, 139, 140, 141, 142, 143, 144, 145, 146, 147, 149, 150, 151, 152, 153, 154, 156, 157, 158, 159, 160, 161, 166, 167, 168, 169, 170, 171, 172, 173, 174, 175, 176, 178, 179, 180, 182, 183, 184, 185, 186, 187, 189, 190, 191, 192, 193, 194, 195, 197, 198, 199, 201, 202, 203, 204, 207, 208, 210, 211, 212, 214, 215, 217, 218, 219, 220, 222, 223, 224, 225, 226, 227, 228, 229, 230, 232, 233, 234, 235, 237, 238, 240, 241, 243, 244, 245, 246, 248, 250, 251, 252, 254, 255, 256, 257, 259, 260, 262, 263, 264, 265, 266, 267, 270, 271, 272, 273, 275, 276, 278, 279, 280, 282, 283, 284, 285, 288, 289, 292, 294, 295, 296]
Linhas de Teste [1, 6, 11, 20, 39, 43, 60, 63, 67, 73, 77, 79, 82, 83, 90, 101, 104, 106, 110, 112, 118, 120, 122, 135, 148, 155, 162, 163, 164, 165, 177, 181, 188, 196, 200, 205, 206, 209, 213, 216, 221, 231, 236, 239, 242, 247, 249, 253, 258, 261, 268, 269, 274, 277, 281, 286, 287, 290, 291, 293]
R2 de Treino = 95.65
R2 de Teste = 92.46

7 / 150  4.67 %
Tempo restante 0:00:17.563546

#################  Rodada 7 / 150  4.67 %
Parâmetros ('EV_MA', 'TST_MA', 'WAI_MA', 'saz_sin', 'saz_cos')
Linhas de Treino [0, 2, 3, 4, 5, 7, 8, 9, 10, 12, 13, 14, 15, 16, 17, 18, 19, 21, 22, 23, 24, 25, 26, 27, 28, 29, 30, 31, 32, 33, 34, 35, 36, 37, 38, 40, 41, 42, 44, 45, 46, 47, 48, 49, 50, 51, 52, 53, 54, 55, 56, 57, 58, 59, 61, 62, 64, 65, 66, 68, 69, 70, 71, 72, 74, 75, 76, 78, 80, 81, 84, 85, 86, 87, 88, 89, 91, 92, 93, 94, 95, 96, 97, 98, 99, 100, 102, 103, 105, 107, 108, 109, 111, 113, 114, 115, 116, 117, 119, 121, 123, 124, 125, 126, 127, 128, 129, 130, 131, 132, 133, 134, 136, 137, 138, 139, 140, 141, 142, 143, 144, 145, 146, 147, 149, 150, 151, 152, 153, 154, 156, 157, 158, 159, 160, 161, 166, 167, 168, 169, 170, 171, 172, 173, 174, 175, 176, 178, 179, 180, 182, 183, 184, 185, 186, 187, 189, 190, 191, 192, 193, 194, 195, 197, 198, 199, 201, 202, 203, 204, 207, 208, 210, 211, 212, 214, 215, 217, 218, 219, 220, 222, 223, 224, 225, 226, 227, 228, 229, 230, 232, 233, 234, 235, 237, 238, 240, 241, 243, 244, 245, 246, 248, 250, 251, 252, 254, 255, 256, 257, 259, 260, 262, 263, 264, 265, 266, 267, 270, 271, 272, 273, 275, 276, 278, 279, 280, 282, 283, 284, 285, 288, 289, 292, 294, 295, 296]
Linhas de Teste [1, 6, 11, 20, 39, 43, 60, 63, 67, 73, 77, 79, 82, 83, 90, 101, 104, 106, 110, 112, 118, 120, 122, 135, 148, 155, 162, 163, 164, 165, 177, 181, 188, 196, 200, 205, 206, 209, 213, 216, 221, 231, 236, 239, 242, 247, 249, 253, 258, 261, 268, 269, 274, 277, 281, 286, 287, 290, 291, 293]
R2 de Treino = 82.1
R2 de Teste = 54.17

7 / 150  4.67 %
Tempo restante 0:00:17.254952

#################  Rodada 8 / 150  5.33 %
Parâmetros ('EV_CE', 'PRE_CE', 'WAI_CE', 'saz_sin', 'saz_cos')
Linhas de Treino [1, 2, 3, 4, 5, 6, 7, 8, 10, 11, 12, 13, 14, 16, 17, 19, 20, 23, 24, 25, 26, 27, 29, 30, 31, 34, 35, 36, 37, 38, 39, 40, 41, 42, 43, 44, 45, 48, 49, 50, 52, 53, 55, 56, 57, 58, 59, 60, 62, 63, 64, 65, 66, 67, 69, 70, 71, 72, 73, 74, 76, 77, 78, 79, 80, 81, 82, 83, 85, 86, 87, 90, 91, 93, 94, 96, 97, 98, 100, 101, 102, 103, 104, 106, 107, 108, 109, 110, 111, 112, 113, 114, 115, 118, 120, 122, 124, 126, 127, 129, 130, 131, 133, 134, 135, 136, 137, 138, 141, 142, 143, 145, 146, 148, 149, 150, 151, 152, 154, 155, 156, 157, 158, 160, 162, 163, 164, 165, 166, 169, 170, 171, 172, 173, 174, 175, 176, 177, 179, 180, 181, 182, 183, 184, 185, 186, 187, 188, 189, 190, 191, 192, 193, 194, 196, 199, 200, 201, 203, 204, 205, 206, 207, 208, 209, 210, 211, 213, 214, 216, 217, 218, 219, 220, 221, 222, 223, 225, 228, 229, 231, 232, 233, 236, 237, 238, 239, 240, 242, 243, 244, 246, 247, 248, 249, 250, 252, 253, 254, 255, 256, 257, 258, 259, 260, 261, 262, 263, 264, 265, 266, 267, 268, 269, 270, 271, 272, 273, 274, 276, 277, 278, 279, 280, 281, 282, 283, 285, 286, 287, 288, 289, 290, 291, 292, 293, 294, 295]
Linhas de Teste [0, 9, 15, 18, 21, 22, 28, 32, 33, 46, 47, 51, 54, 61, 68, 75, 84, 88, 89, 92, 95, 99, 105, 116, 117, 119, 121, 123, 125, 128, 132, 139, 140, 144, 147, 153, 159, 161, 167, 168, 178, 195, 197, 198, 202, 212, 215, 224, 226, 227, 230, 234, 235, 241, 245, 251, 275, 284, 296]
R2 de Treino = 97.26
R2 de Teste = 95.9

8 / 150  5.33 %
Tempo restante 0:00:17.742616

#################  Rodada 8 / 150  5.33 %
Parâmetros ('EV_MA', 'TST_MA', 'WAI_MA', 'saz_sin', 'saz_cos')
Linhas de Treino [1, 2, 3, 4, 5, 6, 7, 8, 10, 11, 12, 13, 14, 16, 17, 19, 20, 23, 24, 25, 26, 27, 29, 30, 31, 34, 35, 36, 37, 38, 39, 40, 41, 42, 43, 44, 45, 48, 49, 50, 52, 53, 55, 56, 57, 58, 59, 60, 62, 63, 64, 65, 66, 67, 69, 70, 71, 72, 73, 74, 76, 77, 78, 79, 80, 81, 82, 83, 85, 86, 87, 90, 91, 93, 94, 96, 97, 98, 100, 101, 102, 103, 104, 106, 107, 108, 109, 110, 111, 112, 113, 114, 115, 118, 120, 122, 124, 126, 127, 129, 130, 131, 133, 134, 135, 136, 137, 138, 141, 142, 143, 145, 146, 148, 149, 150, 151, 152, 154, 155, 156, 157, 158, 160, 162, 163, 164, 165, 166, 169, 170, 171, 172, 173, 174, 175, 176, 177, 179, 180, 181, 182, 183, 184, 185, 186, 187, 188, 189, 190, 191, 192, 193, 194, 196, 199, 200, 201, 203, 204, 205, 206, 207, 208, 209, 210, 211, 213, 214, 216, 217, 218, 219, 220, 221, 222, 223, 225, 228, 229, 231, 232, 233, 236, 237, 238, 239, 240, 242, 243, 244, 246, 247, 248, 249, 250, 252, 253, 254, 255, 256, 257, 258, 259, 260, 261, 262, 263, 264, 265, 266, 267, 268, 269, 270, 271, 272, 273, 274, 276, 277, 278, 279, 280, 281, 282, 283, 285, 286, 287, 288, 289, 290, 291, 292, 293, 294, 295]
Linhas de Teste [0, 9, 15, 18, 21, 22, 28, 32, 33, 46, 47, 51, 54, 61, 68, 75, 84, 88, 89, 92, 95, 99, 105, 116, 117, 119, 121, 123, 125, 128, 132, 139, 140, 144, 147, 153, 159, 161, 167, 168, 178, 195, 197, 198, 202, 212, 215, 224, 226, 227, 230, 234, 235, 241, 245, 251, 275, 284, 296]
R2 de Treino = 78.76
R2 de Teste = 73.79

8 / 150  5.33 %
Tempo restante 0:00:17.373274

#################  Rodada 8 / 150  5.33 %
Parâmetros ('EV_CA', 'PRE_CA', 'TST_CA', 'saz_sin', 'saz_cos')
Linhas de Treino [1, 2, 3, 4, 5, 6, 7, 8, 10, 11, 12, 13, 14, 16, 17, 19, 20, 23, 24, 25, 26, 27, 29, 30, 31, 34, 35, 36, 37, 38, 39, 40, 41, 42, 43, 44, 45, 48, 49, 50, 52, 53, 55, 56, 57, 58, 59, 60, 62, 63, 64, 65, 66, 67, 69, 70, 71, 72, 73, 74, 76, 77, 78, 79, 80, 81, 82, 83, 85, 86, 87, 90, 91, 93, 94, 96, 97, 98, 100, 101, 102, 103, 104, 106, 107, 108, 109, 110, 111, 112, 113, 114, 115, 118, 120, 122, 124, 126, 127, 129, 130, 131, 133, 134, 135, 136, 137, 138, 141, 142, 143, 145, 146, 148, 149, 150, 151, 152, 154, 155, 156, 157, 158, 160, 162, 163, 164, 165, 166, 169, 170, 171, 172, 173, 174, 175, 176, 177, 179, 180, 181, 182, 183, 184, 185, 186, 187, 188, 189, 190, 191, 192, 193, 194, 196, 199, 200, 201, 203, 204, 205, 206, 207, 208, 209, 210, 211, 213, 214, 216, 217, 218, 219, 220, 221, 222, 223, 225, 228, 229, 231, 232, 233, 236, 237, 238, 239, 240, 242, 243, 244, 246, 247, 248, 249, 250, 252, 253, 254, 255, 256, 257, 258, 259, 260, 261, 262, 263, 264, 265, 266, 267, 268, 269, 270, 271, 272, 273, 274, 276, 277, 278, 279, 280, 281, 282, 283, 285, 286, 287, 288, 289, 290, 291, 292, 293, 294, 295]
Linhas de Teste [0, 9, 15, 18, 21, 22, 28, 32, 33, 46, 47, 51, 54, 61, 68, 75, 84, 88, 89, 92, 95, 99, 105, 116, 117, 119, 121, 123, 125, 128, 132, 139, 140, 144, 147, 153, 159, 161, 167, 168, 178, 195, 197, 198, 202, 212, 215, 224, 226, 227, 230, 234, 235, 241, 245, 251, 275, 284, 296]
R2 de Treino = 94.93
R2 de Teste = 95.07

8 / 150  5.33 %
Tempo restante 0:00:18.628838

#################  Rodada 9 / 150  6.0 %
Parâmetros ('EV_CE', 'PRE_CE', 'WAI_CE', 'saz_sin', 'saz_cos')
Linhas de Treino [0, 1, 2, 3, 5, 6, 8, 9, 10, 11, 13, 15, 16, 17, 18, 20, 21, 22, 23, 24, 26, 27, 28, 29, 30, 31, 32, 33, 34, 36, 37, 39, 40, 41, 43, 44, 45, 46, 47, 48, 50, 51, 53, 54, 55, 57, 58, 60, 61, 63, 66, 67, 68, 70, 71, 72, 73, 74, 75, 76, 77, 78, 79, 80, 81, 82, 83, 84, 85, 86, 87, 88, 89, 90, 92, 94, 95, 96, 98, 99, 101, 103, 104, 105, 106, 109, 110, 111, 112, 113, 115, 116, 117, 118, 119, 120, 121, 122, 123, 125, 126, 127, 128, 129, 130, 131, 132, 133, 135, 137, 138, 139, 140, 144, 145, 146, 147, 148, 150, 153, 154, 155, 156, 157, 158, 159, 160, 161, 162, 163, 164, 165, 166, 167, 168, 170, 171, 173, 174, 176, 177, 178, 180, 181, 182, 183, 184, 186, 187, 188, 190, 191, 192, 193, 194, 195, 196, 197, 198, 200, 201, 202, 204, 205, 206, 208, 209, 210, 211, 212, 213, 214, 215, 216, 217, 219, 221, 222, 223, 224, 225, 226, 227, 229, 230, 231, 232, 233, 234, 235, 236, 237, 238, 239, 240, 241, 242, 243, 244, 245, 246, 247, 249, 251, 252, 253, 254, 255, 258, 259, 260, 261, 262, 263, 268, 269, 270, 272, 274, 275, 276, 277, 278, 280, 281, 282, 283, 284, 285, 286, 287, 289, 290, 291, 293, 294, 295, 296]
Linhas de Teste [4, 7, 12, 14, 19, 25, 35, 38, 42, 49, 52, 56, 59, 62, 64, 65, 69, 91, 93, 97, 100, 102, 107, 108, 114, 124, 134, 136, 141, 142, 143, 149, 151, 152, 169, 172, 175, 179, 185, 189, 199, 203, 207, 218, 220, 228, 248, 250, 256, 257, 264, 265, 266, 267, 271, 273, 279, 288, 292]
R2 de Treino = 97.05
R2 de Teste = 97.46

9 / 150  6.0 %
Tempo restante 0:00:17.821977

#################  Rodada 9 / 150  6.0 %
Parâmetros ('EV_MA', 'TST_MA', 'WAI_MA', 'saz_sin', 'saz_cos')
Linhas de Treino [0, 1, 2, 3, 5, 6, 8, 9, 10, 11, 13, 15, 16, 17, 18, 20, 21, 22, 23, 24, 26, 27, 28, 29, 30, 31, 32, 33, 34, 36, 37, 39, 40, 41, 43, 44, 45, 46, 47, 48, 50, 51, 53, 54, 55, 57, 58, 60, 61, 63, 66, 67, 68, 70, 71, 72, 73, 74, 75, 76, 77, 78, 79, 80, 81, 82, 83, 84, 85, 86, 87, 88, 89, 90, 92, 94, 95, 96, 98, 99, 101, 103, 104, 105, 106, 109, 110, 111, 112, 113, 115, 116, 117, 118, 119, 120, 121, 122, 123, 125, 126, 127, 128, 129, 130, 131, 132, 133, 135, 137, 138, 139, 140, 144, 145, 146, 147, 148, 150, 153, 154, 155, 156, 157, 158, 159, 160, 161, 162, 163, 164, 165, 166, 167, 168, 170, 171, 173, 174, 176, 177, 178, 180, 181, 182, 183, 184, 186, 187, 188, 190, 191, 192, 193, 194, 195, 196, 197, 198, 200, 201, 202, 204, 205, 206, 208, 209, 210, 211, 212, 213, 214, 215, 216, 217, 219, 221, 222, 223, 224, 225, 226, 227, 229, 230, 231, 232, 233, 234, 235, 236, 237, 238, 239, 240, 241, 242, 243, 244, 245, 246, 247, 249, 251, 252, 253, 254, 255, 258, 259, 260, 261, 262, 263, 268, 269, 270, 272, 274, 275, 276, 277, 278, 280, 281, 282, 283, 284, 285, 286, 287, 289, 290, 291, 293, 294, 295, 296]
Linhas de Teste [4, 7, 12, 14, 19, 25, 35, 38, 42, 49, 52, 56, 59, 62, 64, 65, 69, 91, 93, 97, 100, 102, 107, 108, 114, 124, 134, 136, 141, 142, 143, 149, 151, 152, 169, 172, 175, 179, 185, 189, 199, 203, 207, 218, 220, 228, 248, 250, 256, 257, 264, 265, 266, 267, 271, 273, 279, 288, 292]
R2 de Treino = 77.33
R2 de Teste = 80.3

9 / 150  6.0 %
Tempo restante 0:00:17.085111

#################  Rodada 9 / 150  6.0 %
Parâmetros ('EV_CA', 'PRE_CA', 'TST_CA', 'saz_sin', 'saz_cos')
Linhas de Treino [0, 1, 2, 3, 5, 6, 8, 9, 10, 11, 13, 15, 16, 17, 18, 20, 21, 22, 23, 24, 26, 27, 28, 29, 30, 31, 32, 33, 34, 36, 37, 39, 40, 41, 43, 44, 45, 46, 47, 48, 50, 51, 53, 54, 55, 57, 58, 60, 61, 63, 66, 67, 68, 70, 71, 72, 73, 74, 75, 76, 77, 78, 79, 80, 81, 82, 83, 84, 85, 86, 87, 88, 89, 90, 92, 94, 95, 96, 98, 99, 101, 103, 104, 105, 106, 109, 110, 111, 112, 113, 115, 116, 117, 118, 119, 120, 121, 122, 123, 125, 126, 127, 128, 129, 130, 131, 132, 133, 135, 137, 138, 139, 140, 144, 145, 146, 147, 148, 150, 153, 154, 155, 156, 157, 158, 159, 160, 161, 162, 163, 164, 165, 166, 167, 168, 170, 171, 173, 174, 176, 177, 178, 180, 181, 182, 183, 184, 186, 187, 188, 190, 191, 192, 193, 194, 195, 196, 197, 198, 200, 201, 202, 204, 205, 206, 208, 209, 210, 211, 212, 213, 214, 215, 216, 217, 219, 221, 222, 223, 224, 225, 226, 227, 229, 230, 231, 232, 233, 234, 235, 236, 237, 238, 239, 240, 241, 242, 243, 244, 245, 246, 247, 249, 251, 252, 253, 254, 255, 258, 259, 260, 261, 262, 263, 268, 269, 270, 272, 274, 275, 276, 277, 278, 280, 281, 282, 283, 284, 285, 286, 287, 289, 290, 291, 293, 294, 295, 296]
Linhas de Teste [4, 7, 12, 14, 19, 25, 35, 38, 42, 49, 52, 56, 59, 62, 64, 65, 69, 91, 93, 97, 100, 102, 107, 108, 114, 124, 134, 136, 141, 142, 143, 149, 151, 152, 169, 172, 175, 179, 185, 189, 199, 203, 207, 218, 220, 228, 248, 250, 256, 257, 264, 265, 266, 267, 271, 273, 279, 288, 292]
R2 de Treino = 94.74
R2 de Teste = 96.06

9 / 150  6.0 %
Tempo restante 0:00:17.361048

#################  Rodada 10 / 150  6.67 %
Parâmetros ('EV_CE', 'PRE_CE', 'WAI_CE', 'saz_sin', 'saz_cos')
Linhas de Treino [0, 1, 2, 4, 6, 7, 8, 9, 10, 11, 12, 13, 14, 15, 18, 19, 20, 21, 22, 24, 25, 27, 28, 29, 30, 32, 33, 35, 38, 39, 40, 41, 42, 43, 44, 46, 47, 49, 51, 52, 54, 55, 56, 58, 59, 60, 61, 62, 63, 64, 65, 67, 68, 69, 70, 71, 72, 73, 74, 75, 76, 77, 78, 79, 80, 81, 82, 83, 84, 86, 87, 88, 89, 90, 91, 92, 93, 95, 97, 99, 100, 101, 102, 104, 105, 106, 107, 108, 109, 110, 111, 112, 114, 116, 117, 118, 119, 120, 121, 122, 123, 124, 125, 128, 130, 131, 132, 133, 134, 135, 136, 137, 138, 139, 140, 141, 142, 143, 144, 145, 147, 148, 149, 151, 152, 153, 155, 156, 158, 159, 161, 162, 163, 164, 165, 166, 167, 168, 169, 170, 172, 175, 176, 177, 178, 179, 181, 182, 183, 184, 185, 186, 188, 189, 192, 194, 195, 196, 197, 198, 199, 200, 201, 202, 203, 204, 205, 206, 207, 208, 209, 210, 211, 212, 213, 214, 215, 216, 218, 220, 221, 223, 224, 226, 227, 228, 230, 231, 234, 235, 236, 238, 239, 240, 241, 242, 243, 244, 245, 246, 247, 248, 249, 250, 251, 253, 256, 257, 258, 259, 260, 261, 264, 265, 266, 267, 268, 269, 270, 271, 273, 274, 275, 277, 279, 280, 281, 284, 286, 287, 288, 289, 290, 291, 292, 293, 294, 296]
Linhas de Teste [3, 5, 16, 17, 23, 26, 31, 34, 36, 37, 45, 48, 50, 53, 57, 66, 85, 94, 96, 98, 103, 113, 115, 126, 127, 129, 146, 150, 154, 157, 160, 171, 173, 174, 180, 187, 190, 191, 193, 217, 219, 222, 225, 229, 232, 233, 237, 252, 254, 255, 262, 263, 272, 276, 278, 282, 283, 285, 295]
R2 de Treino = 97.17
R2 de Teste = 97.07

10 / 150  6.67 %
Tempo restante 0:00:17.926580

#################  Rodada 10 / 150  6.67 %
Parâmetros ('EV_MA', 'TST_MA', 'WAI_MA', 'saz_sin', 'saz_cos')
Linhas de Treino [0, 1, 2, 4, 6, 7, 8, 9, 10, 11, 12, 13, 14, 15, 18, 19, 20, 21, 22, 24, 25, 27, 28, 29, 30, 32, 33, 35, 38, 39, 40, 41, 42, 43, 44, 46, 47, 49, 51, 52, 54, 55, 56, 58, 59, 60, 61, 62, 63, 64, 65, 67, 68, 69, 70, 71, 72, 73, 74, 75, 76, 77, 78, 79, 80, 81, 82, 83, 84, 86, 87, 88, 89, 90, 91, 92, 93, 95, 97, 99, 100, 101, 102, 104, 105, 106, 107, 108, 109, 110, 111, 112, 114, 116, 117, 118, 119, 120, 121, 122, 123, 124, 125, 128, 130, 131, 132, 133, 134, 135, 136, 137, 138, 139, 140, 141, 142, 143, 144, 145, 147, 148, 149, 151, 152, 153, 155, 156, 158, 159, 161, 162, 163, 164, 165, 166, 167, 168, 169, 170, 172, 175, 176, 177, 178, 179, 181, 182, 183, 184, 185, 186, 188, 189, 192, 194, 195, 196, 197, 198, 199, 200, 201, 202, 203, 204, 205, 206, 207, 208, 209, 210, 211, 212, 213, 214, 215, 216, 218, 220, 221, 223, 224, 226, 227, 228, 230, 231, 234, 235, 236, 238, 239, 240, 241, 242, 243, 244, 245, 246, 247, 248, 249, 250, 251, 253, 256, 257, 258, 259, 260, 261, 264, 265, 266, 267, 268, 269, 270, 271, 273, 274, 275, 277, 279, 280, 281, 284, 286, 287, 288, 289, 290, 291, 292, 293, 294, 296]
Linhas de Teste [3, 5, 16, 17, 23, 26, 31, 34, 36, 37, 45, 48, 50, 53, 57, 66, 85, 94, 96, 98, 103, 113, 115, 126, 127, 129, 146, 150, 154, 157, 160, 171, 173, 174, 180, 187, 190, 191, 193, 217, 219, 222, 225, 229, 232, 233, 237, 252, 254, 255, 262, 263, 272, 276, 278, 282, 283, 285, 295]
R2 de Treino = 77.59
R2 de Teste = 78.9

10 / 150  6.67 %
Tempo restante 0:00:17.655540

#################  Rodada 10 / 150  6.67 %
Parâmetros ('EV_CA', 'PRE_CA', 'TST_CA', 'saz_sin', 'saz_cos')
Linhas de Treino [0, 1, 2, 4, 6, 7, 8, 9, 10, 11, 12, 13, 14, 15, 18, 19, 20, 21, 22, 24, 25, 27, 28, 29, 30, 32, 33, 35, 38, 39, 40, 41, 42, 43, 44, 46, 47, 49, 51, 52, 54, 55, 56, 58, 59, 60, 61, 62, 63, 64, 65, 67, 68, 69, 70, 71, 72, 73, 74, 75, 76, 77, 78, 79, 80, 81, 82, 83, 84, 86, 87, 88, 89, 90, 91, 92, 93, 95, 97, 99, 100, 101, 102, 104, 105, 106, 107, 108, 109, 110, 111, 112, 114, 116, 117, 118, 119, 120, 121, 122, 123, 124, 125, 128, 130, 131, 132, 133, 134, 135, 136, 137, 138, 139, 140, 141, 142, 143, 144, 145, 147, 148, 149, 151, 152, 153, 155, 156, 158, 159, 161, 162, 163, 164, 165, 166, 167, 168, 169, 170, 172, 175, 176, 177, 178, 179, 181, 182, 183, 184, 185, 186, 188, 189, 192, 194, 195, 196, 197, 198, 199, 200, 201, 202, 203, 204, 205, 206, 207, 208, 209, 210, 211, 212, 213, 214, 215, 216, 218, 220, 221, 223, 224, 226, 227, 228, 230, 231, 234, 235, 236, 238, 239, 240, 241, 242, 243, 244, 245, 246, 247, 248, 249, 250, 251, 253, 256, 257, 258, 259, 260, 261, 264, 265, 266, 267, 268, 269, 270, 271, 273, 274, 275, 277, 279, 280, 281, 284, 286, 287, 288, 289, 290, 291, 292, 293, 294, 296]
Linhas de Teste [3, 5, 16, 17, 23, 26, 31, 34, 36, 37, 45, 48, 50, 53, 57, 66, 85, 94, 96, 98, 103, 113, 115, 126, 127, 129, 146, 150, 154, 157, 160, 171, 173, 174, 180, 187, 190, 191, 193, 217, 219, 222, 225, 229, 232, 233, 237, 252, 254, 255, 262, 263, 272, 276, 278, 282, 283, 285, 295]
R2 de Treino = 95.09
R2 de Teste = 95.02

10 / 150  6.67 %
Tempo restante 0:00:20.140820

#################  Rodada 11 / 150  7.33 %
Parâmetros ('EV_MA', 'TST_MA', 'WAI_MA', 'saz_sin', 'saz_cos')
Linhas de Treino [0, 2, 3, 4, 5, 6, 7, 8, 9, 10, 11, 13, 15, 16, 18, 19, 20, 21, 22, 24, 25, 26, 27, 28, 29, 31, 32, 33, 34, 37, 38, 40, 41, 42, 43, 45, 46, 48, 49, 50, 51, 52, 53, 54, 55, 56, 57, 58, 59, 60, 62, 63, 64, 65, 66, 68, 69, 71, 73, 74, 76, 77, 78, 79, 80, 81, 82, 83, 84, 85, 87, 89, 90, 91, 94, 96, 97, 98, 100, 101, 102, 104, 105, 107, 108, 109, 111, 112, 114, 115, 116, 117, 118, 119, 120, 121, 122, 124, 125, 126, 127, 128, 131, 132, 133, 135, 136, 137, 139, 140, 142, 143, 144, 145, 146, 147, 148, 150, 151, 152, 153, 154, 155, 156, 157, 158, 159, 160, 161, 162, 163, 164, 165, 166, 167, 168, 169, 171, 172, 173, 174, 176, 177, 179, 181, 182, 183, 184, 185, 186, 187, 188, 189, 190, 191, 193, 195, 196, 197, 198, 199, 201, 202, 203, 204, 206, 209, 210, 211, 212, 213, 214, 216, 217, 219, 220, 221, 222, 223, 224, 226, 227, 228, 229, 230, 232, 236, 237, 238, 240, 241, 242, 243, 244, 245, 246, 247, 248, 249, 250, 251, 252, 253, 256, 257, 258, 259, 260, 261, 262, 263, 264, 265, 266, 267, 268, 269, 270, 272, 273, 274, 275, 276, 277, 280, 281, 282, 283, 284, 286, 287, 288, 289, 290, 293, 294, 295]
Linhas de Teste [1, 12, 14, 17, 23, 30, 35, 36, 39, 44, 47, 61, 67, 70, 72, 75, 86, 88, 92, 93, 95, 99, 103, 106, 110, 113, 123, 129, 130, 134, 138, 141, 149, 170, 175, 178, 180, 192, 194, 200, 205, 207, 208, 215, 218, 225, 231, 233, 234, 235, 239, 254, 255, 271, 278, 279, 285, 291, 292, 296]
R2 de Treino = 78.02
R2 de Teste = 75.6

11 / 150  7.33 %
Tempo restante 0:00:16.423406

#################  Rodada 11 / 150  7.33 %
Parâmetros ('EV_CE', 'PRE_CE', 'WAI_CE', 'saz_sin', 'saz_cos')
Linhas de Treino [0, 2, 3, 4, 5, 6, 7, 8, 9, 10, 11, 13, 15, 16, 18, 19, 20, 21, 22, 24, 25, 26, 27, 28, 29, 31, 32, 33, 34, 37, 38, 40, 41, 42, 43, 45, 46, 48, 49, 50, 51, 52, 53, 54, 55, 56, 57, 58, 59, 60, 62, 63, 64, 65, 66, 68, 69, 71, 73, 74, 76, 77, 78, 79, 80, 81, 82, 83, 84, 85, 87, 89, 90, 91, 94, 96, 97, 98, 100, 101, 102, 104, 105, 107, 108, 109, 111, 112, 114, 115, 116, 117, 118, 119, 120, 121, 122, 124, 125, 126, 127, 128, 131, 132, 133, 135, 136, 137, 139, 140, 142, 143, 144, 145, 146, 147, 148, 150, 151, 152, 153, 154, 155, 156, 157, 158, 159, 160, 161, 162, 163, 164, 165, 166, 167, 168, 169, 171, 172, 173, 174, 176, 177, 179, 181, 182, 183, 184, 185, 186, 187, 188, 189, 190, 191, 193, 195, 196, 197, 198, 199, 201, 202, 203, 204, 206, 209, 210, 211, 212, 213, 214, 216, 217, 219, 220, 221, 222, 223, 224, 226, 227, 228, 229, 230, 232, 236, 237, 238, 240, 241, 242, 243, 244, 245, 246, 247, 248, 249, 250, 251, 252, 253, 256, 257, 258, 259, 260, 261, 262, 263, 264, 265, 266, 267, 268, 269, 270, 272, 273, 274, 275, 276, 277, 280, 281, 282, 283, 284, 286, 287, 288, 289, 290, 293, 294, 295]
Linhas de Teste [1, 12, 14, 17, 23, 30, 35, 36, 39, 44, 47, 61, 67, 70, 72, 75, 86, 88, 92, 93, 95, 99, 103, 106, 110, 113, 123, 129, 130, 134, 138, 141, 149, 170, 175, 178, 180, 192, 194, 200, 205, 207, 208, 215, 218, 225, 231, 233, 234, 235, 239, 254, 255, 271, 278, 279, 285, 291, 292, 296]
R2 de Treino = 97.17
R2 de Teste = 96.98

11 / 150  7.33 %
Tempo restante 0:00:16.748110

#################  Rodada 11 / 150  7.33 %
Parâmetros ('EV_CA', 'PRE_CA', 'TST_CA', 'saz_sin', 'saz_cos')
Linhas de Treino [0, 2, 3, 4, 5, 6, 7, 8, 9, 10, 11, 13, 15, 16, 18, 19, 20, 21, 22, 24, 25, 26, 27, 28, 29, 31, 32, 33, 34, 37, 38, 40, 41, 42, 43, 45, 46, 48, 49, 50, 51, 52, 53, 54, 55, 56, 57, 58, 59, 60, 62, 63, 64, 65, 66, 68, 69, 71, 73, 74, 76, 77, 78, 79, 80, 81, 82, 83, 84, 85, 87, 89, 90, 91, 94, 96, 97, 98, 100, 101, 102, 104, 105, 107, 108, 109, 111, 112, 114, 115, 116, 117, 118, 119, 120, 121, 122, 124, 125, 126, 127, 128, 131, 132, 133, 135, 136, 137, 139, 140, 142, 143, 144, 145, 146, 147, 148, 150, 151, 152, 153, 154, 155, 156, 157, 158, 159, 160, 161, 162, 163, 164, 165, 166, 167, 168, 169, 171, 172, 173, 174, 176, 177, 179, 181, 182, 183, 184, 185, 186, 187, 188, 189, 190, 191, 193, 195, 196, 197, 198, 199, 201, 202, 203, 204, 206, 209, 210, 211, 212, 213, 214, 216, 217, 219, 220, 221, 222, 223, 224, 226, 227, 228, 229, 230, 232, 236, 237, 238, 240, 241, 242, 243, 244, 245, 246, 247, 248, 249, 250, 251, 252, 253, 256, 257, 258, 259, 260, 261, 262, 263, 264, 265, 266, 267, 268, 269, 270, 272, 273, 274, 275, 276, 277, 280, 281, 282, 283, 284, 286, 287, 288, 289, 290, 293, 294, 295]
Linhas de Teste [1, 12, 14, 17, 23, 30, 35, 36, 39, 44, 47, 61, 67, 70, 72, 75, 86, 88, 92, 93, 95, 99, 103, 106, 110, 113, 123, 129, 130, 134, 138, 141, 149, 170, 175, 178, 180, 192, 194, 200, 205, 207, 208, 215, 218, 225, 231, 233, 234, 235, 239, 254, 255, 271, 278, 279, 285, 291, 292, 296]
R2 de Treino = 96.14
R2 de Teste = 90.51

11 / 150  7.33 %
Tempo restante 0:00:17.613107

#################  Rodada 12 / 150  8.0 %
Parâmetros ('EV_MA', 'TST_MA', 'WAI_MA', 'saz_sin', 'saz_cos')
Linhas de Treino [0, 1, 2, 3, 4, 5, 6, 7, 8, 9, 10, 11, 12, 13, 14, 15, 17, 18, 19, 22, 23, 25, 26, 27, 28, 29, 30, 31, 32, 33, 34, 35, 36, 37, 38, 39, 40, 43, 44, 45, 46, 47, 48, 49, 50, 52, 53, 54, 55, 56, 57, 58, 59, 60, 61, 62, 63, 64, 65, 67, 69, 70, 71, 72, 73, 74, 75, 77, 79, 81, 82, 84, 85, 86, 88, 89, 90, 91, 92, 93, 94, 95, 97, 98, 99, 100, 101, 102, 103, 104, 106, 108, 109, 110, 111, 112, 113, 114, 116, 117, 118, 121, 122, 123, 124, 125, 128, 129, 130, 131, 132, 133, 134, 135, 136, 138, 140, 141, 142, 143, 144, 145, 146, 147, 148, 149, 151, 152, 154, 155, 156, 157, 158, 159, 160, 163, 164, 166, 167, 168, 169, 170, 172, 173, 174, 175, 176, 177, 178, 179, 180, 181, 184, 185, 187, 188, 189, 190, 191, 192, 193, 194, 196, 197, 199, 200, 201, 202, 203, 205, 207, 208, 209, 210, 212, 214, 215, 216, 217, 218, 219, 221, 225, 226, 227, 228, 229, 230, 231, 232, 233, 234, 235, 236, 237, 238, 239, 241, 242, 243, 244, 246, 248, 249, 251, 252, 253, 254, 255, 256, 257, 258, 260, 262, 265, 266, 267, 268, 269, 271, 274, 278, 279, 280, 281, 282, 284, 285, 286, 289, 290, 291, 292, 293, 294, 295, 296]
Linhas de Teste [16, 20, 21, 24, 41, 42, 51, 66, 68, 76, 78, 80, 83, 87, 96, 105, 107, 115, 119, 120, 126, 127, 137, 139, 150, 153, 161, 162, 165, 171, 182, 183, 186, 195, 198, 204, 206, 211, 213, 220, 222, 223, 224, 240, 245, 247, 250, 259, 261, 263, 264, 270, 272, 273, 275, 276, 277, 283, 287, 288]
R2 de Treino = 79.59
R2 de Teste = 67.08

12 / 150  8.0 %
Tempo restante 0:00:16.191954

#################  Rodada 12 / 150  8.0 %
Parâmetros ('EV_CE', 'PRE_CE', 'WAI_CE', 'saz_sin', 'saz_cos')
Linhas de Treino [0, 1, 2, 3, 4, 5, 6, 7, 8, 9, 10, 11, 12, 13, 14, 15, 17, 18, 19, 22, 23, 25, 26, 27, 28, 29, 30, 31, 32, 33, 34, 35, 36, 37, 38, 39, 40, 43, 44, 45, 46, 47, 48, 49, 50, 52, 53, 54, 55, 56, 57, 58, 59, 60, 61, 62, 63, 64, 65, 67, 69, 70, 71, 72, 73, 74, 75, 77, 79, 81, 82, 84, 85, 86, 88, 89, 90, 91, 92, 93, 94, 95, 97, 98, 99, 100, 101, 102, 103, 104, 106, 108, 109, 110, 111, 112, 113, 114, 116, 117, 118, 121, 122, 123, 124, 125, 128, 129, 130, 131, 132, 133, 134, 135, 136, 138, 140, 141, 142, 143, 144, 145, 146, 147, 148, 149, 151, 152, 154, 155, 156, 157, 158, 159, 160, 163, 164, 166, 167, 168, 169, 170, 172, 173, 174, 175, 176, 177, 178, 179, 180, 181, 184, 185, 187, 188, 189, 190, 191, 192, 193, 194, 196, 197, 199, 200, 201, 202, 203, 205, 207, 208, 209, 210, 212, 214, 215, 216, 217, 218, 219, 221, 225, 226, 227, 228, 229, 230, 231, 232, 233, 234, 235, 236, 237, 238, 239, 241, 242, 243, 244, 246, 248, 249, 251, 252, 253, 254, 255, 256, 257, 258, 260, 262, 265, 266, 267, 268, 269, 271, 274, 278, 279, 280, 281, 282, 284, 285, 286, 289, 290, 291, 292, 293, 294, 295, 296]
Linhas de Teste [16, 20, 21, 24, 41, 42, 51, 66, 68, 76, 78, 80, 83, 87, 96, 105, 107, 115, 119, 120, 126, 127, 137, 139, 150, 153, 161, 162, 165, 171, 182, 183, 186, 195, 198, 204, 206, 211, 213, 220, 222, 223, 224, 240, 245, 247, 250, 259, 261, 263, 264, 270, 272, 273, 275, 276, 277, 283, 287, 288]
R2 de Treino = 97.48
R2 de Teste = 95.4

12 / 150  8.0 %
Tempo restante 0:00:16.104186

#################  Rodada 12 / 150  8.0 %
Parâmetros ('EV_CA', 'PRE_CA', 'TST_CA', 'saz_sin', 'saz_cos')
Linhas de Treino [0, 1, 2, 3, 4, 5, 6, 7, 8, 9, 10, 11, 12, 13, 14, 15, 17, 18, 19, 22, 23, 25, 26, 27, 28, 29, 30, 31, 32, 33, 34, 35, 36, 37, 38, 39, 40, 43, 44, 45, 46, 47, 48, 49, 50, 52, 53, 54, 55, 56, 57, 58, 59, 60, 61, 62, 63, 64, 65, 67, 69, 70, 71, 72, 73, 74, 75, 77, 79, 81, 82, 84, 85, 86, 88, 89, 90, 91, 92, 93, 94, 95, 97, 98, 99, 100, 101, 102, 103, 104, 106, 108, 109, 110, 111, 112, 113, 114, 116, 117, 118, 121, 122, 123, 124, 125, 128, 129, 130, 131, 132, 133, 134, 135, 136, 138, 140, 141, 142, 143, 144, 145, 146, 147, 148, 149, 151, 152, 154, 155, 156, 157, 158, 159, 160, 163, 164, 166, 167, 168, 169, 170, 172, 173, 174, 175, 176, 177, 178, 179, 180, 181, 184, 185, 187, 188, 189, 190, 191, 192, 193, 194, 196, 197, 199, 200, 201, 202, 203, 205, 207, 208, 209, 210, 212, 214, 215, 216, 217, 218, 219, 221, 225, 226, 227, 228, 229, 230, 231, 232, 233, 234, 235, 236, 237, 238, 239, 241, 242, 243, 244, 246, 248, 249, 251, 252, 253, 254, 255, 256, 257, 258, 260, 262, 265, 266, 267, 268, 269, 271, 274, 278, 279, 280, 281, 282, 284, 285, 286, 289, 290, 291, 292, 293, 294, 295, 296]
Linhas de Teste [16, 20, 21, 24, 41, 42, 51, 66, 68, 76, 78, 80, 83, 87, 96, 105, 107, 115, 119, 120, 126, 127, 137, 139, 150, 153, 161, 162, 165, 171, 182, 183, 186, 195, 198, 204, 206, 211, 213, 220, 222, 223, 224, 240, 245, 247, 250, 259, 261, 263, 264, 270, 272, 273, 275, 276, 277, 283, 287, 288]
R2 de Treino = 95.05
R2 de Teste = 94.92

12 / 150  8.0 %
Tempo restante 0:00:16.487136

#################  Rodada 13 / 150  8.67 %
Parâmetros ('EV_MA', 'TST_MA', 'WAI_MA', 'saz_sin', 'saz_cos')
Linhas de Treino [0, 1, 2, 4, 6, 7, 8, 9, 11, 12, 13, 14, 15, 16, 17, 18, 19, 20, 21, 23, 24, 27, 28, 29, 30, 32, 34, 35, 36, 38, 39, 40, 41, 42, 43, 44, 45, 46, 47, 48, 51, 53, 55, 57, 59, 60, 61, 66, 67, 68, 69, 70, 72, 73, 75, 76, 78, 79, 80, 81, 83, 86, 87, 88, 89, 90, 91, 92, 93, 95, 96, 99, 100, 101, 103, 105, 106, 107, 108, 110, 113, 114, 115, 116, 117, 118, 119, 120, 121, 123, 125, 126, 127, 129, 130, 131, 133, 134, 135, 137, 138, 139, 140, 141, 142, 143, 144, 145, 146, 147, 148, 149, 150, 151, 152, 153, 154, 155, 156, 158, 159, 160, 161, 162, 163, 164, 165, 166, 167, 169, 170, 171, 172, 173, 175, 177, 178, 180, 181, 182, 183, 184, 185, 186, 189, 190, 191, 192, 193, 194, 195, 198, 199, 200, 201, 202, 203, 204, 205, 206, 207, 208, 211, 212, 213, 214, 215, 216, 218, 219, 220, 222, 223, 224, 225, 226, 227, 228, 229, 231, 232, 233, 234, 235, 236, 238, 239, 240, 241, 242, 244, 245, 246, 247, 249, 250, 251, 252, 253, 254, 255, 256, 257, 258, 259, 260, 261, 262, 263, 264, 266, 267, 268, 270, 271, 272, 273, 274, 275, 276, 277, 278, 279, 280, 281, 282, 283, 284, 285, 286, 287, 288, 290, 291, 292, 293, 295, 296]
Linhas de Teste [3, 5, 10, 22, 25, 26, 31, 33, 37, 49, 50, 52, 54, 56, 58, 62, 63, 64, 65, 71, 74, 77, 82, 84, 85, 94, 97, 98, 102, 104, 109, 111, 112, 122, 124, 128, 132, 136, 157, 168, 174, 176, 179, 187, 188, 196, 197, 209, 210, 217, 221, 230, 237, 243, 248, 265, 269, 289, 294]
R2 de Treino = 76.75
R2 de Teste = 81.14

13 / 150  8.67 %
Tempo restante 0:00:15.981461

#################  Rodada 13 / 150  8.67 %
Parâmetros ('EV_CE', 'PRE_CE', 'WAI_CE', 'saz_sin', 'saz_cos')
Linhas de Treino [0, 1, 2, 4, 6, 7, 8, 9, 11, 12, 13, 14, 15, 16, 17, 18, 19, 20, 21, 23, 24, 27, 28, 29, 30, 32, 34, 35, 36, 38, 39, 40, 41, 42, 43, 44, 45, 46, 47, 48, 51, 53, 55, 57, 59, 60, 61, 66, 67, 68, 69, 70, 72, 73, 75, 76, 78, 79, 80, 81, 83, 86, 87, 88, 89, 90, 91, 92, 93, 95, 96, 99, 100, 101, 103, 105, 106, 107, 108, 110, 113, 114, 115, 116, 117, 118, 119, 120, 121, 123, 125, 126, 127, 129, 130, 131, 133, 134, 135, 137, 138, 139, 140, 141, 142, 143, 144, 145, 146, 147, 148, 149, 150, 151, 152, 153, 154, 155, 156, 158, 159, 160, 161, 162, 163, 164, 165, 166, 167, 169, 170, 171, 172, 173, 175, 177, 178, 180, 181, 182, 183, 184, 185, 186, 189, 190, 191, 192, 193, 194, 195, 198, 199, 200, 201, 202, 203, 204, 205, 206, 207, 208, 211, 212, 213, 214, 215, 216, 218, 219, 220, 222, 223, 224, 225, 226, 227, 228, 229, 231, 232, 233, 234, 235, 236, 238, 239, 240, 241, 242, 244, 245, 246, 247, 249, 250, 251, 252, 253, 254, 255, 256, 257, 258, 259, 260, 261, 262, 263, 264, 266, 267, 268, 270, 271, 272, 273, 274, 275, 276, 277, 278, 279, 280, 281, 282, 283, 284, 285, 286, 287, 288, 290, 291, 292, 293, 295, 296]
Linhas de Teste [3, 5, 10, 22, 25, 26, 31, 33, 37, 49, 50, 52, 54, 56, 58, 62, 63, 64, 65, 71, 74, 77, 82, 84, 85, 94, 97, 98, 102, 104, 109, 111, 112, 122, 124, 128, 132, 136, 157, 168, 174, 176, 179, 187, 188, 196, 197, 209, 210, 217, 221, 230, 237, 243, 248, 265, 269, 289, 294]
R2 de Treino = 97.19
R2 de Teste = 96.84

13 / 150  8.67 %
Tempo restante 0:00:15.996942

#################  Rodada 13 / 150  8.67 %
Parâmetros ('EV_CA', 'PRE_CA', 'TST_CA', 'saz_sin', 'saz_cos')
Linhas de Treino [0, 1, 2, 4, 6, 7, 8, 9, 11, 12, 13, 14, 15, 16, 17, 18, 19, 20, 21, 23, 24, 27, 28, 29, 30, 32, 34, 35, 36, 38, 39, 40, 41, 42, 43, 44, 45, 46, 47, 48, 51, 53, 55, 57, 59, 60, 61, 66, 67, 68, 69, 70, 72, 73, 75, 76, 78, 79, 80, 81, 83, 86, 87, 88, 89, 90, 91, 92, 93, 95, 96, 99, 100, 101, 103, 105, 106, 107, 108, 110, 113, 114, 115, 116, 117, 118, 119, 120, 121, 123, 125, 126, 127, 129, 130, 131, 133, 134, 135, 137, 138, 139, 140, 141, 142, 143, 144, 145, 146, 147, 148, 149, 150, 151, 152, 153, 154, 155, 156, 158, 159, 160, 161, 162, 163, 164, 165, 166, 167, 169, 170, 171, 172, 173, 175, 177, 178, 180, 181, 182, 183, 184, 185, 186, 189, 190, 191, 192, 193, 194, 195, 198, 199, 200, 201, 202, 203, 204, 205, 206, 207, 208, 211, 212, 213, 214, 215, 216, 218, 219, 220, 222, 223, 224, 225, 226, 227, 228, 229, 231, 232, 233, 234, 235, 236, 238, 239, 240, 241, 242, 244, 245, 246, 247, 249, 250, 251, 252, 253, 254, 255, 256, 257, 258, 259, 260, 261, 262, 263, 264, 266, 267, 268, 270, 271, 272, 273, 274, 275, 276, 277, 278, 279, 280, 281, 282, 283, 284, 285, 286, 287, 288, 290, 291, 292, 293, 295, 296]
Linhas de Teste [3, 5, 10, 22, 25, 26, 31, 33, 37, 49, 50, 52, 54, 56, 58, 62, 63, 64, 65, 71, 74, 77, 82, 84, 85, 94, 97, 98, 102, 104, 109, 111, 112, 122, 124, 128, 132, 136, 157, 168, 174, 176, 179, 187, 188, 196, 197, 209, 210, 217, 221, 230, 237, 243, 248, 265, 269, 289, 294]
R2 de Treino = 94.75
R2 de Teste = 96.04

13 / 150  8.67 %
Tempo restante 0:00:16.914568

#################  Rodada 14 / 150  9.33 %
Parâmetros ('EV_CE', 'PRE_CE', 'WAI_CE', 'saz_sin', 'saz_cos')
Linhas de Treino [0, 1, 3, 4, 5, 6, 8, 10, 12, 14, 16, 17, 18, 19, 20, 21, 22, 23, 24, 25, 26, 28, 30, 31, 33, 35, 36, 37, 38, 39, 41, 42, 43, 44, 46, 47, 49, 50, 51, 52, 54, 56, 57, 58, 60, 61, 62, 63, 64, 65, 66, 67, 68, 69, 70, 71, 72, 73, 74, 75, 76, 77, 78, 79, 80, 82, 83, 84, 85, 86, 87, 88, 90, 92, 93, 94, 95, 96, 97, 98, 99, 102, 103, 104, 105, 106, 107, 109, 110, 111, 112, 113, 115, 116, 117, 119, 120, 121, 122, 123, 124, 125, 126, 127, 128, 129, 130, 131, 132, 133, 134, 135, 136, 137, 138, 139, 140, 141, 144, 146, 147, 148, 149, 150, 153, 157, 159, 161, 162, 163, 164, 165, 166, 167, 168, 169, 170, 171, 172, 173, 174, 175, 176, 178, 179, 180, 181, 182, 183, 184, 186, 187, 188, 189, 190, 192, 193, 194, 195, 196, 197, 198, 200, 201, 202, 204, 205, 206, 207, 208, 209, 210, 211, 212, 213, 215, 216, 217, 218, 219, 220, 221, 222, 223, 224, 225, 226, 228, 229, 230, 231, 233, 234, 235, 237, 239, 240, 241, 243, 245, 247, 248, 250, 251, 252, 253, 254, 255, 259, 261, 262, 263, 264, 265, 267, 268, 269, 270, 271, 272, 273, 274, 275, 276, 277, 278, 279, 282, 283, 285, 287, 288, 289, 290, 291, 292, 294, 296]
Linhas de Teste [2, 7, 9, 11, 13, 15, 27, 29, 32, 34, 40, 45, 48, 53, 55, 59, 81, 89, 91, 100, 101, 108, 114, 118, 142, 143, 145, 151, 152, 154, 155, 156, 158, 160, 177, 185, 191, 199, 203, 214, 227, 232, 236, 238, 242, 244, 246, 249, 256, 257, 258, 260, 266, 280, 281, 284, 286, 293, 295]
R2 de Treino = 97.12
R2 de Teste = 98.16

14 / 150  9.33 %
Tempo restante 0:00:16.174208

#################  Rodada 14 / 150  9.33 %
Parâmetros ('EV_MA', 'TST_MA', 'WAI_MA', 'saz_sin', 'saz_cos')
Linhas de Treino [0, 1, 3, 4, 5, 6, 8, 10, 12, 14, 16, 17, 18, 19, 20, 21, 22, 23, 24, 25, 26, 28, 30, 31, 33, 35, 36, 37, 38, 39, 41, 42, 43, 44, 46, 47, 49, 50, 51, 52, 54, 56, 57, 58, 60, 61, 62, 63, 64, 65, 66, 67, 68, 69, 70, 71, 72, 73, 74, 75, 76, 77, 78, 79, 80, 82, 83, 84, 85, 86, 87, 88, 90, 92, 93, 94, 95, 96, 97, 98, 99, 102, 103, 104, 105, 106, 107, 109, 110, 111, 112, 113, 115, 116, 117, 119, 120, 121, 122, 123, 124, 125, 126, 127, 128, 129, 130, 131, 132, 133, 134, 135, 136, 137, 138, 139, 140, 141, 144, 146, 147, 148, 149, 150, 153, 157, 159, 161, 162, 163, 164, 165, 166, 167, 168, 169, 170, 171, 172, 173, 174, 175, 176, 178, 179, 180, 181, 182, 183, 184, 186, 187, 188, 189, 190, 192, 193, 194, 195, 196, 197, 198, 200, 201, 202, 204, 205, 206, 207, 208, 209, 210, 211, 212, 213, 215, 216, 217, 218, 219, 220, 221, 222, 223, 224, 225, 226, 228, 229, 230, 231, 233, 234, 235, 237, 239, 240, 241, 243, 245, 247, 248, 250, 251, 252, 253, 254, 255, 259, 261, 262, 263, 264, 265, 267, 268, 269, 270, 271, 272, 273, 274, 275, 276, 277, 278, 279, 282, 283, 285, 287, 288, 289, 290, 291, 292, 294, 296]
Linhas de Teste [2, 7, 9, 11, 13, 15, 27, 29, 32, 34, 40, 45, 48, 53, 55, 59, 81, 89, 91, 100, 101, 108, 114, 118, 142, 143, 145, 151, 152, 154, 155, 156, 158, 160, 177, 185, 191, 199, 203, 214, 227, 232, 236, 238, 242, 244, 246, 249, 256, 257, 258, 260, 266, 280, 281, 284, 286, 293, 295]
R2 de Treino = 79.67
R2 de Teste = 70.59

14 / 150  9.33 %
Tempo restante 0:00:16.484968

#################  Rodada 14 / 150  9.33 %
Parâmetros ('EV_CA', 'PRE_CA', 'TST_CA', 'saz_sin', 'saz_cos')
Linhas de Treino [0, 1, 3, 4, 5, 6, 8, 10, 12, 14, 16, 17, 18, 19, 20, 21, 22, 23, 24, 25, 26, 28, 30, 31, 33, 35, 36, 37, 38, 39, 41, 42, 43, 44, 46, 47, 49, 50, 51, 52, 54, 56, 57, 58, 60, 61, 62, 63, 64, 65, 66, 67, 68, 69, 70, 71, 72, 73, 74, 75, 76, 77, 78, 79, 80, 82, 83, 84, 85, 86, 87, 88, 90, 92, 93, 94, 95, 96, 97, 98, 99, 102, 103, 104, 105, 106, 107, 109, 110, 111, 112, 113, 115, 116, 117, 119, 120, 121, 122, 123, 124, 125, 126, 127, 128, 129, 130, 131, 132, 133, 134, 135, 136, 137, 138, 139, 140, 141, 144, 146, 147, 148, 149, 150, 153, 157, 159, 161, 162, 163, 164, 165, 166, 167, 168, 169, 170, 171, 172, 173, 174, 175, 176, 178, 179, 180, 181, 182, 183, 184, 186, 187, 188, 189, 190, 192, 193, 194, 195, 196, 197, 198, 200, 201, 202, 204, 205, 206, 207, 208, 209, 210, 211, 212, 213, 215, 216, 217, 218, 219, 220, 221, 222, 223, 224, 225, 226, 228, 229, 230, 231, 233, 234, 235, 237, 239, 240, 241, 243, 245, 247, 248, 250, 251, 252, 253, 254, 255, 259, 261, 262, 263, 264, 265, 267, 268, 269, 270, 271, 272, 273, 274, 275, 276, 277, 278, 279, 282, 283, 285, 287, 288, 289, 290, 291, 292, 294, 296]
Linhas de Teste [2, 7, 9, 11, 13, 15, 27, 29, 32, 34, 40, 45, 48, 53, 55, 59, 81, 89, 91, 100, 101, 108, 114, 118, 142, 143, 145, 151, 152, 154, 155, 156, 158, 160, 177, 185, 191, 199, 203, 214, 227, 232, 236, 238, 242, 244, 246, 249, 256, 257, 258, 260, 266, 280, 281, 284, 286, 293, 295]
R2 de Treino = 95.34
R2 de Teste = 93.36

14 / 150  9.33 %
Tempo restante 0:00:16.389088

#################  Rodada 15 / 150  10.0 %
Parâmetros ('EV_CE', 'PRE_CE', 'WAI_CE', 'saz_sin', 'saz_cos')
Linhas de Treino [1, 2, 3, 5, 7, 9, 10, 11, 12, 13, 14, 15, 16, 17, 20, 21, 22, 23, 24, 25, 26, 27, 29, 30, 31, 32, 33, 34, 35, 36, 37, 39, 40, 41, 42, 44, 45, 47, 48, 49, 50, 51, 52, 53, 54, 55, 56, 58, 59, 61, 62, 63, 64, 65, 66, 67, 68, 70, 71, 72, 74, 75, 76, 77, 78, 80, 81, 82, 83, 84, 85, 86, 87, 88, 89, 91, 92, 93, 94, 95, 96, 97, 98, 99, 100, 101, 102, 103, 104, 105, 106, 107, 108, 109, 110, 111, 112, 113, 114, 115, 118, 119, 120, 122, 123, 124, 126, 127, 128, 129, 130, 132, 134, 136, 137, 138, 139, 141, 142, 143, 145, 149, 150, 151, 152, 153, 154, 155, 156, 157, 158, 160, 161, 162, 165, 168, 170, 171, 174, 175, 176, 177, 178, 179, 180, 182, 183, 185, 186, 187, 188, 191, 192, 194, 195, 196, 197, 198, 199, 200, 203, 204, 205, 206, 207, 208, 209, 210, 211, 213, 214, 215, 217, 218, 220, 221, 222, 223, 224, 225, 227, 230, 231, 232, 233, 234, 235, 236, 237, 238, 239, 240, 242, 243, 244, 245, 246, 247, 248, 249, 250, 254, 255, 256, 257, 258, 259, 260, 261, 263, 264, 265, 266, 269, 270, 271, 272, 273, 275, 276, 277, 278, 279, 280, 281, 283, 284, 285, 286, 287, 288, 289, 291, 292, 293, 294, 295, 296]
Linhas de Teste [0, 4, 6, 8, 18, 19, 28, 38, 43, 46, 57, 60, 69, 73, 79, 90, 116, 117, 121, 125, 131, 133, 135, 140, 144, 146, 147, 148, 159, 163, 164, 166, 167, 169, 172, 173, 181, 184, 189, 190, 193, 201, 202, 212, 216, 219, 226, 228, 229, 241, 251, 252, 253, 262, 267, 268, 274, 282, 290]
R2 de Treino = 97.29
R2 de Teste = 96.35

15 / 150  10.0 %
Tempo restante 0:00:15.792300

#################  Rodada 15 / 150  10.0 %
Parâmetros ('EV_MA', 'TST_MA', 'WAI_MA', 'saz_sin', 'saz_cos')
Linhas de Treino [1, 2, 3, 5, 7, 9, 10, 11, 12, 13, 14, 15, 16, 17, 20, 21, 22, 23, 24, 25, 26, 27, 29, 30, 31, 32, 33, 34, 35, 36, 37, 39, 40, 41, 42, 44, 45, 47, 48, 49, 50, 51, 52, 53, 54, 55, 56, 58, 59, 61, 62, 63, 64, 65, 66, 67, 68, 70, 71, 72, 74, 75, 76, 77, 78, 80, 81, 82, 83, 84, 85, 86, 87, 88, 89, 91, 92, 93, 94, 95, 96, 97, 98, 99, 100, 101, 102, 103, 104, 105, 106, 107, 108, 109, 110, 111, 112, 113, 114, 115, 118, 119, 120, 122, 123, 124, 126, 127, 128, 129, 130, 132, 134, 136, 137, 138, 139, 141, 142, 143, 145, 149, 150, 151, 152, 153, 154, 155, 156, 157, 158, 160, 161, 162, 165, 168, 170, 171, 174, 175, 176, 177, 178, 179, 180, 182, 183, 185, 186, 187, 188, 191, 192, 194, 195, 196, 197, 198, 199, 200, 203, 204, 205, 206, 207, 208, 209, 210, 211, 213, 214, 215, 217, 218, 220, 221, 222, 223, 224, 225, 227, 230, 231, 232, 233, 234, 235, 236, 237, 238, 239, 240, 242, 243, 244, 245, 246, 247, 248, 249, 250, 254, 255, 256, 257, 258, 259, 260, 261, 263, 264, 265, 266, 269, 270, 271, 272, 273, 275, 276, 277, 278, 279, 280, 281, 283, 284, 285, 286, 287, 288, 289, 291, 292, 293, 294, 295, 296]
Linhas de Teste [0, 4, 6, 8, 18, 19, 28, 38, 43, 46, 57, 60, 69, 73, 79, 90, 116, 117, 121, 125, 131, 133, 135, 140, 144, 146, 147, 148, 159, 163, 164, 166, 167, 169, 172, 173, 181, 184, 189, 190, 193, 201, 202, 212, 216, 219, 226, 228, 229, 241, 251, 252, 253, 262, 267, 268, 274, 282, 290]
R2 de Treino = 80.67
R2 de Teste = 64.56

15 / 150  10.0 %
Tempo restante 0:00:16.071480

#################  Rodada 15 / 150  10.0 %
Parâmetros ('EV_CA', 'PRE_CA', 'TST_CA', 'saz_sin', 'saz_cos')
Linhas de Treino [1, 2, 3, 5, 7, 9, 10, 11, 12, 13, 14, 15, 16, 17, 20, 21, 22, 23, 24, 25, 26, 27, 29, 30, 31, 32, 33, 34, 35, 36, 37, 39, 40, 41, 42, 44, 45, 47, 48, 49, 50, 51, 52, 53, 54, 55, 56, 58, 59, 61, 62, 63, 64, 65, 66, 67, 68, 70, 71, 72, 74, 75, 76, 77, 78, 80, 81, 82, 83, 84, 85, 86, 87, 88, 89, 91, 92, 93, 94, 95, 96, 97, 98, 99, 100, 101, 102, 103, 104, 105, 106, 107, 108, 109, 110, 111, 112, 113, 114, 115, 118, 119, 120, 122, 123, 124, 126, 127, 128, 129, 130, 132, 134, 136, 137, 138, 139, 141, 142, 143, 145, 149, 150, 151, 152, 153, 154, 155, 156, 157, 158, 160, 161, 162, 165, 168, 170, 171, 174, 175, 176, 177, 178, 179, 180, 182, 183, 185, 186, 187, 188, 191, 192, 194, 195, 196, 197, 198, 199, 200, 203, 204, 205, 206, 207, 208, 209, 210, 211, 213, 214, 215, 217, 218, 220, 221, 222, 223, 224, 225, 227, 230, 231, 232, 233, 234, 235, 236, 237, 238, 239, 240, 242, 243, 244, 245, 246, 247, 248, 249, 250, 254, 255, 256, 257, 258, 259, 260, 261, 263, 264, 265, 266, 269, 270, 271, 272, 273, 275, 276, 277, 278, 279, 280, 281, 283, 284, 285, 286, 287, 288, 289, 291, 292, 293, 294, 295, 296]
Linhas de Teste [0, 4, 6, 8, 18, 19, 28, 38, 43, 46, 57, 60, 69, 73, 79, 90, 116, 117, 121, 125, 131, 133, 135, 140, 144, 146, 147, 148, 159, 163, 164, 166, 167, 169, 172, 173, 181, 184, 189, 190, 193, 201, 202, 212, 216, 219, 226, 228, 229, 241, 251, 252, 253, 262, 267, 268, 274, 282, 290]
R2 de Treino = 94.77
R2 de Teste = 96.05

15 / 150  10.0 %
Tempo restante 0:00:15.466815

#################  Rodada 16 / 150  10.67 %
Parâmetros ('EV_CE', 'PRE_CE', 'WAI_CE', 'saz_sin', 'saz_cos')
Linhas de Treino [0, 1, 2, 3, 4, 5, 7, 8, 9, 10, 11, 12, 13, 14, 16, 18, 19, 22, 24, 25, 26, 28, 29, 30, 31, 32, 33, 34, 35, 36, 37, 38, 39, 40, 41, 42, 43, 44, 45, 46, 48, 50, 51, 52, 54, 55, 59, 61, 62, 63, 64, 65, 66, 67, 68, 69, 71, 72, 73, 74, 75, 76, 77, 78, 80, 82, 83, 85, 87, 88, 89, 91, 92, 93, 94, 95, 96, 99, 100, 101, 102, 103, 104, 105, 108, 109, 110, 111, 112, 113, 114, 115, 116, 117, 118, 119, 122, 124, 125, 126, 128, 129, 130, 131, 132, 133, 135, 136, 137, 138, 139, 141, 142, 143, 144, 145, 146, 147, 148, 149, 150, 151, 152, 153, 155, 156, 158, 159, 160, 161, 162, 163, 164, 166, 167, 170, 171, 172, 173, 174, 175, 176, 177, 178, 179, 180, 181, 183, 184, 186, 189, 191, 192, 193, 194, 195, 196, 197, 198, 199, 200, 201, 202, 203, 204, 206, 207, 208, 209, 210, 211, 213, 214, 215, 216, 217, 218, 219, 221, 222, 224, 225, 226, 227, 228, 229, 230, 231, 232, 233, 235, 237, 239, 242, 243, 244, 245, 246, 247, 248, 249, 250, 253, 254, 255, 256, 257, 258, 260, 261, 262, 263, 264, 265, 266, 267, 269, 271, 272, 273, 275, 276, 277, 278, 279, 280, 281, 283, 285, 286, 287, 289, 290, 292, 293, 295, 296]
Linhas de Teste [6, 15, 17, 20, 21, 23, 27, 47, 49, 53, 56, 57, 58, 60, 70, 79, 81, 84, 86, 90, 97, 98, 106, 107, 120, 121, 123, 127, 134, 140, 154, 157, 165, 168, 169, 182, 185, 187, 188, 190, 205, 212, 220, 223, 234, 236, 238, 240, 241, 251, 252, 259, 268, 270, 274, 282, 284, 288, 291, 294]
R2 de Treino = 97.1
R2 de Teste = 97.18

16 / 150  10.67 %
Tempo restante 0:00:15.771264

#################  Rodada 16 / 150  10.67 %
Parâmetros ('EV_MA', 'TST_MA', 'WAI_MA', 'saz_sin', 'saz_cos')
Linhas de Treino [0, 1, 2, 3, 4, 5, 7, 8, 9, 10, 11, 12, 13, 14, 16, 18, 19, 22, 24, 25, 26, 28, 29, 30, 31, 32, 33, 34, 35, 36, 37, 38, 39, 40, 41, 42, 43, 44, 45, 46, 48, 50, 51, 52, 54, 55, 59, 61, 62, 63, 64, 65, 66, 67, 68, 69, 71, 72, 73, 74, 75, 76, 77, 78, 80, 82, 83, 85, 87, 88, 89, 91, 92, 93, 94, 95, 96, 99, 100, 101, 102, 103, 104, 105, 108, 109, 110, 111, 112, 113, 114, 115, 116, 117, 118, 119, 122, 124, 125, 126, 128, 129, 130, 131, 132, 133, 135, 136, 137, 138, 139, 141, 142, 143, 144, 145, 146, 147, 148, 149, 150, 151, 152, 153, 155, 156, 158, 159, 160, 161, 162, 163, 164, 166, 167, 170, 171, 172, 173, 174, 175, 176, 177, 178, 179, 180, 181, 183, 184, 186, 189, 191, 192, 193, 194, 195, 196, 197, 198, 199, 200, 201, 202, 203, 204, 206, 207, 208, 209, 210, 211, 213, 214, 215, 216, 217, 218, 219, 221, 222, 224, 225, 226, 227, 228, 229, 230, 231, 232, 233, 235, 237, 239, 242, 243, 244, 245, 246, 247, 248, 249, 250, 253, 254, 255, 256, 257, 258, 260, 261, 262, 263, 264, 265, 266, 267, 269, 271, 272, 273, 275, 276, 277, 278, 279, 280, 281, 283, 285, 286, 287, 289, 290, 292, 293, 295, 296]
Linhas de Teste [6, 15, 17, 20, 21, 23, 27, 47, 49, 53, 56, 57, 58, 60, 70, 79, 81, 84, 86, 90, 97, 98, 106, 107, 120, 121, 123, 127, 134, 140, 154, 157, 165, 168, 169, 182, 185, 187, 188, 190, 205, 212, 220, 223, 234, 236, 238, 240, 241, 251, 252, 259, 268, 270, 274, 282, 284, 288, 291, 294]
R2 de Treino = 79.35
R2 de Teste = 74.16

16 / 150  10.67 %
Tempo restante 0:00:16.461364

#################  Rodada 16 / 150  10.67 %
Parâmetros ('EV_CA', 'PRE_CA', 'TST_CA', 'saz_sin', 'saz_cos')
Linhas de Treino [0, 1, 2, 3, 4, 5, 7, 8, 9, 10, 11, 12, 13, 14, 16, 18, 19, 22, 24, 25, 26, 28, 29, 30, 31, 32, 33, 34, 35, 36, 37, 38, 39, 40, 41, 42, 43, 44, 45, 46, 48, 50, 51, 52, 54, 55, 59, 61, 62, 63, 64, 65, 66, 67, 68, 69, 71, 72, 73, 74, 75, 76, 77, 78, 80, 82, 83, 85, 87, 88, 89, 91, 92, 93, 94, 95, 96, 99, 100, 101, 102, 103, 104, 105, 108, 109, 110, 111, 112, 113, 114, 115, 116, 117, 118, 119, 122, 124, 125, 126, 128, 129, 130, 131, 132, 133, 135, 136, 137, 138, 139, 141, 142, 143, 144, 145, 146, 147, 148, 149, 150, 151, 152, 153, 155, 156, 158, 159, 160, 161, 162, 163, 164, 166, 167, 170, 171, 172, 173, 174, 175, 176, 177, 178, 179, 180, 181, 183, 184, 186, 189, 191, 192, 193, 194, 195, 196, 197, 198, 199, 200, 201, 202, 203, 204, 206, 207, 208, 209, 210, 211, 213, 214, 215, 216, 217, 218, 219, 221, 222, 224, 225, 226, 227, 228, 229, 230, 231, 232, 233, 235, 237, 239, 242, 243, 244, 245, 246, 247, 248, 249, 250, 253, 254, 255, 256, 257, 258, 260, 261, 262, 263, 264, 265, 266, 267, 269, 271, 272, 273, 275, 276, 277, 278, 279, 280, 281, 283, 285, 286, 287, 289, 290, 292, 293, 295, 296]
Linhas de Teste [6, 15, 17, 20, 21, 23, 27, 47, 49, 53, 56, 57, 58, 60, 70, 79, 81, 84, 86, 90, 97, 98, 106, 107, 120, 121, 123, 127, 134, 140, 154, 157, 165, 168, 169, 182, 185, 187, 188, 190, 205, 212, 220, 223, 234, 236, 238, 240, 241, 251, 252, 259, 268, 270, 274, 282, 284, 288, 291, 294]
R2 de Treino = 95.07
R2 de Teste = 94.9

16 / 150  10.67 %
Tempo restante 0:00:15.264610

#################  Rodada 17 / 150  11.33 %
Parâmetros ('EV_CE', 'PRE_CE', 'WAI_CE', 'saz_sin', 'saz_cos')
Linhas de Treino [0, 2, 3, 4, 5, 6, 8, 9, 10, 12, 13, 14, 15, 16, 17, 18, 19, 20, 21, 22, 23, 24, 25, 26, 27, 29, 30, 31, 32, 33, 34, 35, 36, 37, 38, 39, 41, 43, 46, 47, 48, 49, 52, 53, 54, 56, 57, 58, 59, 60, 61, 62, 63, 64, 65, 66, 67, 68, 69, 70, 71, 72, 74, 75, 76, 77, 78, 79, 81, 82, 83, 84, 85, 86, 88, 89, 90, 92, 93, 94, 96, 97, 98, 99, 100, 103, 104, 106, 107, 108, 110, 111, 112, 116, 117, 119, 120, 121, 122, 123, 124, 125, 127, 129, 130, 131, 132, 133, 134, 135, 136, 137, 138, 139, 140, 141, 142, 143, 144, 145, 146, 147, 149, 150, 151, 152, 153, 154, 156, 157, 160, 161, 162, 164, 165, 167, 168, 169, 170, 171, 172, 173, 175, 177, 178, 179, 181, 182, 183, 184, 185, 187, 188, 189, 190, 191, 193, 195, 196, 197, 200, 202, 205, 206, 208, 209, 211, 212, 214, 217, 218, 219, 220, 221, 222, 223, 224, 225, 227, 228, 229, 231, 232, 234, 235, 236, 238, 239, 240, 241, 242, 243, 244, 245, 246, 247, 248, 249, 250, 251, 252, 254, 255, 259, 260, 263, 264, 265, 266, 267, 268, 269, 270, 271, 272, 274, 275, 276, 277, 278, 279, 280, 281, 282, 283, 284, 285, 286, 288, 289, 290, 291, 292, 293, 294, 295, 296]
Linhas de Teste [1, 7, 11, 28, 40, 42, 44, 45, 50, 51, 55, 73, 80, 87, 91, 95, 101, 102, 105, 109, 113, 114, 115, 118, 126, 128, 148, 155, 158, 159, 163, 166, 174, 176, 180, 186, 192, 194, 198, 199, 201, 203, 204, 207, 210, 213, 215, 216, 226, 230, 233, 237, 253, 256, 257, 258, 261, 262, 273, 287]
R2 de Treino = 97.53
R2 de Teste = 94.92

17 / 150  11.33 %
Tempo restante 0:00:16.050041

#################  Rodada 17 / 150  11.33 %
Parâmetros ('EV_MA', 'TST_MA', 'WAI_MA', 'saz_sin', 'saz_cos')
Linhas de Treino [0, 2, 3, 4, 5, 6, 8, 9, 10, 12, 13, 14, 15, 16, 17, 18, 19, 20, 21, 22, 23, 24, 25, 26, 27, 29, 30, 31, 32, 33, 34, 35, 36, 37, 38, 39, 41, 43, 46, 47, 48, 49, 52, 53, 54, 56, 57, 58, 59, 60, 61, 62, 63, 64, 65, 66, 67, 68, 69, 70, 71, 72, 74, 75, 76, 77, 78, 79, 81, 82, 83, 84, 85, 86, 88, 89, 90, 92, 93, 94, 96, 97, 98, 99, 100, 103, 104, 106, 107, 108, 110, 111, 112, 116, 117, 119, 120, 121, 122, 123, 124, 125, 127, 129, 130, 131, 132, 133, 134, 135, 136, 137, 138, 139, 140, 141, 142, 143, 144, 145, 146, 147, 149, 150, 151, 152, 153, 154, 156, 157, 160, 161, 162, 164, 165, 167, 168, 169, 170, 171, 172, 173, 175, 177, 178, 179, 181, 182, 183, 184, 185, 187, 188, 189, 190, 191, 193, 195, 196, 197, 200, 202, 205, 206, 208, 209, 211, 212, 214, 217, 218, 219, 220, 221, 222, 223, 224, 225, 227, 228, 229, 231, 232, 234, 235, 236, 238, 239, 240, 241, 242, 243, 244, 245, 246, 247, 248, 249, 250, 251, 252, 254, 255, 259, 260, 263, 264, 265, 266, 267, 268, 269, 270, 271, 272, 274, 275, 276, 277, 278, 279, 280, 281, 282, 283, 284, 285, 286, 288, 289, 290, 291, 292, 293, 294, 295, 296]
Linhas de Teste [1, 7, 11, 28, 40, 42, 44, 45, 50, 51, 55, 73, 80, 87, 91, 95, 101, 102, 105, 109, 113, 114, 115, 118, 126, 128, 148, 155, 158, 159, 163, 166, 174, 176, 180, 186, 192, 194, 198, 199, 201, 203, 204, 207, 210, 213, 215, 216, 226, 230, 233, 237, 253, 256, 257, 258, 261, 262, 273, 287]
R2 de Treino = 79.26
R2 de Teste = 75.38

17 / 150  11.33 %
Tempo restante 0:00:15.672055

#################  Rodada 17 / 150  11.33 %
Parâmetros ('EV_CA', 'PRE_CA', 'TST_CA', 'saz_sin', 'saz_cos')
Linhas de Treino [0, 2, 3, 4, 5, 6, 8, 9, 10, 12, 13, 14, 15, 16, 17, 18, 19, 20, 21, 22, 23, 24, 25, 26, 27, 29, 30, 31, 32, 33, 34, 35, 36, 37, 38, 39, 41, 43, 46, 47, 48, 49, 52, 53, 54, 56, 57, 58, 59, 60, 61, 62, 63, 64, 65, 66, 67, 68, 69, 70, 71, 72, 74, 75, 76, 77, 78, 79, 81, 82, 83, 84, 85, 86, 88, 89, 90, 92, 93, 94, 96, 97, 98, 99, 100, 103, 104, 106, 107, 108, 110, 111, 112, 116, 117, 119, 120, 121, 122, 123, 124, 125, 127, 129, 130, 131, 132, 133, 134, 135, 136, 137, 138, 139, 140, 141, 142, 143, 144, 145, 146, 147, 149, 150, 151, 152, 153, 154, 156, 157, 160, 161, 162, 164, 165, 167, 168, 169, 170, 171, 172, 173, 175, 177, 178, 179, 181, 182, 183, 184, 185, 187, 188, 189, 190, 191, 193, 195, 196, 197, 200, 202, 205, 206, 208, 209, 211, 212, 214, 217, 218, 219, 220, 221, 222, 223, 224, 225, 227, 228, 229, 231, 232, 234, 235, 236, 238, 239, 240, 241, 242, 243, 244, 245, 246, 247, 248, 249, 250, 251, 252, 254, 255, 259, 260, 263, 264, 265, 266, 267, 268, 269, 270, 271, 272, 274, 275, 276, 277, 278, 279, 280, 281, 282, 283, 284, 285, 286, 288, 289, 290, 291, 292, 293, 294, 295, 296]
Linhas de Teste [1, 7, 11, 28, 40, 42, 44, 45, 50, 51, 55, 73, 80, 87, 91, 95, 101, 102, 105, 109, 113, 114, 115, 118, 126, 128, 148, 155, 158, 159, 163, 166, 174, 176, 180, 186, 192, 194, 198, 199, 201, 203, 204, 207, 210, 213, 215, 216, 226, 230, 233, 237, 253, 256, 257, 258, 261, 262, 273, 287]
R2 de Treino = 95.36
R2 de Teste = 93.61

17 / 150  11.33 %
Tempo restante 0:00:15.176896

#################  Rodada 18 / 150  12.0 %
Parâmetros ('EV_CE', 'PRE_CE', 'WAI_CE', 'saz_sin', 'saz_cos')
Linhas de Treino [0, 1, 2, 3, 4, 5, 6, 7, 8, 9, 11, 12, 15, 16, 17, 18, 19, 20, 21, 23, 24, 25, 27, 28, 30, 33, 35, 36, 37, 39, 40, 41, 42, 43, 44, 45, 46, 47, 48, 49, 50, 51, 53, 55, 56, 57, 58, 60, 61, 62, 63, 64, 65, 66, 67, 68, 69, 70, 72, 73, 74, 76, 77, 78, 79, 80, 81, 82, 83, 84, 86, 87, 89, 90, 91, 93, 94, 95, 97, 98, 99, 100, 101, 102, 105, 106, 107, 108, 109, 110, 111, 112, 113, 114, 115, 116, 117, 118, 119, 120, 121, 123, 125, 126, 127, 128, 129, 132, 133, 134, 135, 136, 137, 138, 139, 140, 141, 142, 144, 145, 148, 149, 150, 151, 153, 154, 155, 157, 158, 159, 160, 162, 163, 165, 166, 167, 168, 169, 171, 172, 174, 176, 177, 178, 179, 180, 182, 184, 185, 186, 187, 188, 190, 192, 193, 194, 197, 198, 199, 201, 202, 203, 204, 205, 207, 208, 210, 211, 212, 213, 215, 216, 217, 219, 220, 222, 223, 224, 225, 226, 227, 228, 229, 230, 232, 233, 234, 235, 236, 237, 238, 239, 240, 241, 242, 243, 244, 246, 247, 248, 249, 250, 251, 252, 253, 254, 256, 257, 258, 259, 261, 262, 263, 265, 266, 267, 268, 269, 270, 272, 273, 274, 275, 276, 280, 282, 283, 284, 285, 287, 288, 290, 291, 292, 293, 294, 295, 296]
Linhas de Teste [10, 13, 14, 22, 26, 29, 31, 32, 34, 38, 52, 54, 59, 71, 75, 85, 88, 92, 96, 103, 104, 122, 124, 130, 131, 143, 146, 147, 152, 156, 161, 164, 170, 173, 175, 181, 183, 189, 191, 195, 196, 200, 206, 209, 214, 218, 221, 231, 245, 255, 260, 264, 271, 277, 278, 279, 281, 286, 289]
R2 de Treino = 97.14
R2 de Teste = 97.43

18 / 150  12.0 %
Tempo restante 0:00:15.863232

#################  Rodada 18 / 150  12.0 %
Parâmetros ('EV_MA', 'TST_MA', 'WAI_MA', 'saz_sin', 'saz_cos')
Linhas de Treino [0, 1, 2, 3, 4, 5, 6, 7, 8, 9, 11, 12, 15, 16, 17, 18, 19, 20, 21, 23, 24, 25, 27, 28, 30, 33, 35, 36, 37, 39, 40, 41, 42, 43, 44, 45, 46, 47, 48, 49, 50, 51, 53, 55, 56, 57, 58, 60, 61, 62, 63, 64, 65, 66, 67, 68, 69, 70, 72, 73, 74, 76, 77, 78, 79, 80, 81, 82, 83, 84, 86, 87, 89, 90, 91, 93, 94, 95, 97, 98, 99, 100, 101, 102, 105, 106, 107, 108, 109, 110, 111, 112, 113, 114, 115, 116, 117, 118, 119, 120, 121, 123, 125, 126, 127, 128, 129, 132, 133, 134, 135, 136, 137, 138, 139, 140, 141, 142, 144, 145, 148, 149, 150, 151, 153, 154, 155, 157, 158, 159, 160, 162, 163, 165, 166, 167, 168, 169, 171, 172, 174, 176, 177, 178, 179, 180, 182, 184, 185, 186, 187, 188, 190, 192, 193, 194, 197, 198, 199, 201, 202, 203, 204, 205, 207, 208, 210, 211, 212, 213, 215, 216, 217, 219, 220, 222, 223, 224, 225, 226, 227, 228, 229, 230, 232, 233, 234, 235, 236, 237, 238, 239, 240, 241, 242, 243, 244, 246, 247, 248, 249, 250, 251, 252, 253, 254, 256, 257, 258, 259, 261, 262, 263, 265, 266, 267, 268, 269, 270, 272, 273, 274, 275, 276, 280, 282, 283, 284, 285, 287, 288, 290, 291, 292, 293, 294, 295, 296]
Linhas de Teste [10, 13, 14, 22, 26, 29, 31, 32, 34, 38, 52, 54, 59, 71, 75, 85, 88, 92, 96, 103, 104, 122, 124, 130, 131, 143, 146, 147, 152, 156, 161, 164, 170, 173, 175, 181, 183, 189, 191, 195, 196, 200, 206, 209, 214, 218, 221, 231, 245, 255, 260, 264, 271, 277, 278, 279, 281, 286, 289]
R2 de Treino = 80.94
R2 de Teste = 64.55

18 / 150  12.0 %
Tempo restante 0:00:15.710904

#################  Rodada 18 / 150  12.0 %
Parâmetros ('EV_CA', 'PRE_CA', 'TST_CA', 'saz_sin', 'saz_cos')
Linhas de Treino [0, 1, 2, 3, 4, 5, 6, 7, 8, 9, 11, 12, 15, 16, 17, 18, 19, 20, 21, 23, 24, 25, 27, 28, 30, 33, 35, 36, 37, 39, 40, 41, 42, 43, 44, 45, 46, 47, 48, 49, 50, 51, 53, 55, 56, 57, 58, 60, 61, 62, 63, 64, 65, 66, 67, 68, 69, 70, 72, 73, 74, 76, 77, 78, 79, 80, 81, 82, 83, 84, 86, 87, 89, 90, 91, 93, 94, 95, 97, 98, 99, 100, 101, 102, 105, 106, 107, 108, 109, 110, 111, 112, 113, 114, 115, 116, 117, 118, 119, 120, 121, 123, 125, 126, 127, 128, 129, 132, 133, 134, 135, 136, 137, 138, 139, 140, 141, 142, 144, 145, 148, 149, 150, 151, 153, 154, 155, 157, 158, 159, 160, 162, 163, 165, 166, 167, 168, 169, 171, 172, 174, 176, 177, 178, 179, 180, 182, 184, 185, 186, 187, 188, 190, 192, 193, 194, 197, 198, 199, 201, 202, 203, 204, 205, 207, 208, 210, 211, 212, 213, 215, 216, 217, 219, 220, 222, 223, 224, 225, 226, 227, 228, 229, 230, 232, 233, 234, 235, 236, 237, 238, 239, 240, 241, 242, 243, 244, 246, 247, 248, 249, 250, 251, 252, 253, 254, 256, 257, 258, 259, 261, 262, 263, 265, 266, 267, 268, 269, 270, 272, 273, 274, 275, 276, 280, 282, 283, 284, 285, 287, 288, 290, 291, 292, 293, 294, 295, 296]
Linhas de Teste [10, 13, 14, 22, 26, 29, 31, 32, 34, 38, 52, 54, 59, 71, 75, 85, 88, 92, 96, 103, 104, 122, 124, 130, 131, 143, 146, 147, 152, 156, 161, 164, 170, 173, 175, 181, 183, 189, 191, 195, 196, 200, 206, 209, 214, 218, 221, 231, 245, 255, 260, 264, 271, 277, 278, 279, 281, 286, 289]
R2 de Treino = 95.71
R2 de Teste = 91.64

18 / 150  12.0 %
Tempo restante 0:00:15.248904

#################  Rodada 19 / 150  12.67 %
Parâmetros ('EV_MA', 'TST_MA', 'WAI_MA', 'saz_sin', 'saz_cos')
Linhas de Treino [1, 3, 5, 6, 7, 10, 11, 12, 13, 14, 15, 17, 20, 21, 22, 23, 24, 26, 27, 28, 29, 30, 31, 32, 33, 34, 35, 38, 39, 40, 41, 42, 44, 45, 47, 49, 50, 51, 52, 53, 54, 55, 56, 57, 58, 59, 60, 61, 65, 66, 67, 69, 70, 71, 73, 74, 75, 78, 79, 80, 81, 82, 84, 85, 86, 87, 88, 90, 91, 92, 93, 94, 95, 96, 97, 98, 100, 101, 102, 103, 104, 105, 106, 107, 108, 109, 110, 111, 112, 113, 114, 115, 117, 118, 120, 121, 122, 123, 124, 125, 126, 127, 128, 130, 131, 133, 134, 135, 136, 140, 143, 144, 145, 146, 147, 148, 149, 151, 152, 154, 155, 156, 157, 158, 159, 161, 163, 164, 165, 166, 168, 169, 170, 173, 174, 175, 176, 178, 179, 180, 181, 182, 183, 184, 185, 186, 187, 188, 189, 190, 191, 192, 193, 194, 195, 196, 197, 198, 199, 200, 201, 202, 203, 204, 205, 206, 207, 209, 210, 211, 212, 213, 214, 215, 216, 218, 219, 220, 221, 222, 223, 225, 226, 227, 228, 229, 230, 231, 232, 233, 234, 235, 236, 237, 238, 240, 241, 242, 245, 246, 250, 251, 252, 253, 255, 256, 257, 258, 259, 260, 261, 262, 263, 264, 267, 268, 270, 271, 272, 273, 274, 275, 277, 278, 279, 281, 282, 283, 284, 285, 286, 287, 288, 289, 291, 292, 294, 295]
Linhas de Teste [0, 2, 4, 8, 9, 16, 18, 19, 25, 36, 37, 43, 46, 48, 62, 63, 64, 68, 72, 76, 77, 83, 89, 99, 116, 119, 129, 132, 137, 138, 139, 141, 142, 150, 153, 160, 162, 167, 171, 172, 177, 208, 217, 224, 239, 243, 244, 247, 248, 249, 254, 265, 266, 269, 276, 280, 290, 293, 296]
R2 de Treino = 77.96
R2 de Teste = 76.8

19 / 150  12.67 %
Tempo restante 0:00:15.324773

#################  Rodada 19 / 150  12.67 %
Parâmetros ('EV_CE', 'PRE_CE', 'WAI_CE', 'saz_sin', 'saz_cos')
Linhas de Treino [1, 3, 5, 6, 7, 10, 11, 12, 13, 14, 15, 17, 20, 21, 22, 23, 24, 26, 27, 28, 29, 30, 31, 32, 33, 34, 35, 38, 39, 40, 41, 42, 44, 45, 47, 49, 50, 51, 52, 53, 54, 55, 56, 57, 58, 59, 60, 61, 65, 66, 67, 69, 70, 71, 73, 74, 75, 78, 79, 80, 81, 82, 84, 85, 86, 87, 88, 90, 91, 92, 93, 94, 95, 96, 97, 98, 100, 101, 102, 103, 104, 105, 106, 107, 108, 109, 110, 111, 112, 113, 114, 115, 117, 118, 120, 121, 122, 123, 124, 125, 126, 127, 128, 130, 131, 133, 134, 135, 136, 140, 143, 144, 145, 146, 147, 148, 149, 151, 152, 154, 155, 156, 157, 158, 159, 161, 163, 164, 165, 166, 168, 169, 170, 173, 174, 175, 176, 178, 179, 180, 181, 182, 183, 184, 185, 186, 187, 188, 189, 190, 191, 192, 193, 194, 195, 196, 197, 198, 199, 200, 201, 202, 203, 204, 205, 206, 207, 209, 210, 211, 212, 213, 214, 215, 216, 218, 219, 220, 221, 222, 223, 225, 226, 227, 228, 229, 230, 231, 232, 233, 234, 235, 236, 237, 238, 240, 241, 242, 245, 246, 250, 251, 252, 253, 255, 256, 257, 258, 259, 260, 261, 262, 263, 264, 267, 268, 270, 271, 272, 273, 274, 275, 277, 278, 279, 281, 282, 283, 284, 285, 286, 287, 288, 289, 291, 292, 294, 295]
Linhas de Teste [0, 2, 4, 8, 9, 16, 18, 19, 25, 36, 37, 43, 46, 48, 62, 63, 64, 68, 72, 76, 77, 83, 89, 99, 116, 119, 129, 132, 137, 138, 139, 141, 142, 150, 153, 160, 162, 167, 171, 172, 177, 208, 217, 224, 239, 243, 244, 247, 248, 249, 254, 265, 266, 269, 276, 280, 290, 293, 296]
R2 de Treino = 97.2
R2 de Teste = 96.7

19 / 150  12.67 %
Tempo restante 0:00:15.895671

#################  Rodada 19 / 150  12.67 %
Parâmetros ('EV_CA', 'PRE_CA', 'TST_CA', 'saz_sin', 'saz_cos')
Linhas de Treino [1, 3, 5, 6, 7, 10, 11, 12, 13, 14, 15, 17, 20, 21, 22, 23, 24, 26, 27, 28, 29, 30, 31, 32, 33, 34, 35, 38, 39, 40, 41, 42, 44, 45, 47, 49, 50, 51, 52, 53, 54, 55, 56, 57, 58, 59, 60, 61, 65, 66, 67, 69, 70, 71, 73, 74, 75, 78, 79, 80, 81, 82, 84, 85, 86, 87, 88, 90, 91, 92, 93, 94, 95, 96, 97, 98, 100, 101, 102, 103, 104, 105, 106, 107, 108, 109, 110, 111, 112, 113, 114, 115, 117, 118, 120, 121, 122, 123, 124, 125, 126, 127, 128, 130, 131, 133, 134, 135, 136, 140, 143, 144, 145, 146, 147, 148, 149, 151, 152, 154, 155, 156, 157, 158, 159, 161, 163, 164, 165, 166, 168, 169, 170, 173, 174, 175, 176, 178, 179, 180, 181, 182, 183, 184, 185, 186, 187, 188, 189, 190, 191, 192, 193, 194, 195, 196, 197, 198, 199, 200, 201, 202, 203, 204, 205, 206, 207, 209, 210, 211, 212, 213, 214, 215, 216, 218, 219, 220, 221, 222, 223, 225, 226, 227, 228, 229, 230, 231, 232, 233, 234, 235, 236, 237, 238, 240, 241, 242, 245, 246, 250, 251, 252, 253, 255, 256, 257, 258, 259, 260, 261, 262, 263, 264, 267, 268, 270, 271, 272, 273, 274, 275, 277, 278, 279, 281, 282, 283, 284, 285, 286, 287, 288, 289, 291, 292, 294, 295]
Linhas de Teste [0, 2, 4, 8, 9, 16, 18, 19, 25, 36, 37, 43, 46, 48, 62, 63, 64, 68, 72, 76, 77, 83, 89, 99, 116, 119, 129, 132, 137, 138, 139, 141, 142, 150, 153, 160, 162, 167, 171, 172, 177, 208, 217, 224, 239, 243, 244, 247, 248, 249, 254, 265, 266, 269, 276, 280, 290, 293, 296]
R2 de Treino = 95.3
R2 de Teste = 93.48

19 / 150  12.67 %
Tempo restante 0:00:15.082423

#################  Rodada 20 / 150  13.33 %
Parâmetros ('EV_CE', 'PRE_CE', 'WAI_CE', 'saz_sin', 'saz_cos')
Linhas de Treino [0, 1, 2, 4, 6, 7, 8, 9, 10, 11, 13, 14, 15, 16, 17, 18, 19, 20, 21, 22, 23, 25, 26, 27, 28, 29, 31, 32, 34, 36, 37, 38, 40, 42, 43, 44, 45, 46, 47, 48, 49, 50, 51, 52, 53, 54, 55, 56, 57, 58, 59, 60, 62, 63, 64, 68, 70, 71, 72, 73, 75, 76, 77, 79, 80, 81, 83, 84, 85, 86, 87, 88, 89, 90, 91, 92, 95, 96, 97, 98, 99, 101, 102, 103, 104, 105, 106, 107, 109, 113, 114, 115, 116, 118, 119, 120, 121, 122, 123, 124, 126, 127, 128, 129, 130, 131, 132, 134, 137, 138, 139, 140, 141, 142, 143, 146, 147, 148, 150, 152, 153, 154, 155, 156, 157, 158, 159, 160, 161, 162, 163, 164, 165, 166, 167, 168, 169, 170, 171, 172, 173, 174, 175, 176, 177, 180, 181, 182, 183, 185, 186, 187, 188, 189, 190, 191, 192, 194, 195, 196, 198, 199, 200, 201, 203, 204, 205, 206, 207, 208, 209, 210, 212, 213, 214, 215, 216, 217, 218, 220, 221, 223, 224, 226, 230, 231, 233, 234, 236, 237, 238, 239, 240, 241, 243, 244, 245, 247, 248, 249, 251, 252, 253, 254, 255, 256, 257, 258, 259, 260, 261, 262, 264, 265, 266, 268, 269, 270, 271, 273, 274, 276, 277, 278, 279, 280, 281, 282, 284, 286, 287, 288, 289, 290, 291, 293, 294, 296]
Linhas de Teste [3, 5, 12, 24, 30, 33, 35, 39, 41, 61, 65, 66, 67, 69, 74, 78, 82, 93, 94, 100, 108, 110, 111, 112, 117, 125, 133, 135, 136, 144, 145, 149, 151, 178, 179, 184, 193, 197, 202, 211, 219, 222, 225, 227, 228, 229, 232, 235, 242, 246, 250, 263, 267, 272, 275, 283, 285, 292, 295]
R2 de Treino = 97.35
R2 de Teste = 96.51

20 / 150  13.33 %
Tempo restante 0:00:14.836380

#################  Rodada 20 / 150  13.33 %
Parâmetros ('EV_MA', 'TST_MA', 'WAI_MA', 'saz_sin', 'saz_cos')
Linhas de Treino [0, 1, 2, 4, 6, 7, 8, 9, 10, 11, 13, 14, 15, 16, 17, 18, 19, 20, 21, 22, 23, 25, 26, 27, 28, 29, 31, 32, 34, 36, 37, 38, 40, 42, 43, 44, 45, 46, 47, 48, 49, 50, 51, 52, 53, 54, 55, 56, 57, 58, 59, 60, 62, 63, 64, 68, 70, 71, 72, 73, 75, 76, 77, 79, 80, 81, 83, 84, 85, 86, 87, 88, 89, 90, 91, 92, 95, 96, 97, 98, 99, 101, 102, 103, 104, 105, 106, 107, 109, 113, 114, 115, 116, 118, 119, 120, 121, 122, 123, 124, 126, 127, 128, 129, 130, 131, 132, 134, 137, 138, 139, 140, 141, 142, 143, 146, 147, 148, 150, 152, 153, 154, 155, 156, 157, 158, 159, 160, 161, 162, 163, 164, 165, 166, 167, 168, 169, 170, 171, 172, 173, 174, 175, 176, 177, 180, 181, 182, 183, 185, 186, 187, 188, 189, 190, 191, 192, 194, 195, 196, 198, 199, 200, 201, 203, 204, 205, 206, 207, 208, 209, 210, 212, 213, 214, 215, 216, 217, 218, 220, 221, 223, 224, 226, 230, 231, 233, 234, 236, 237, 238, 239, 240, 241, 243, 244, 245, 247, 248, 249, 251, 252, 253, 254, 255, 256, 257, 258, 259, 260, 261, 262, 264, 265, 266, 268, 269, 270, 271, 273, 274, 276, 277, 278, 279, 280, 281, 282, 284, 286, 287, 288, 289, 290, 291, 293, 294, 296]
Linhas de Teste [3, 5, 12, 24, 30, 33, 35, 39, 41, 61, 65, 66, 67, 69, 74, 78, 82, 93, 94, 100, 108, 110, 111, 112, 117, 125, 133, 135, 136, 144, 145, 149, 151, 178, 179, 184, 193, 197, 202, 211, 219, 222, 225, 227, 228, 229, 232, 235, 242, 246, 250, 263, 267, 272, 275, 283, 285, 292, 295]
R2 de Treino = 76.38
R2 de Teste = 79.05

20 / 150  13.33 %
Tempo restante 0:00:15.213380

#################  Rodada 20 / 150  13.33 %
Parâmetros ('EV_CA', 'PRE_CA', 'TST_CA', 'saz_sin', 'saz_cos')
Linhas de Treino [0, 1, 2, 4, 6, 7, 8, 9, 10, 11, 13, 14, 15, 16, 17, 18, 19, 20, 21, 22, 23, 25, 26, 27, 28, 29, 31, 32, 34, 36, 37, 38, 40, 42, 43, 44, 45, 46, 47, 48, 49, 50, 51, 52, 53, 54, 55, 56, 57, 58, 59, 60, 62, 63, 64, 68, 70, 71, 72, 73, 75, 76, 77, 79, 80, 81, 83, 84, 85, 86, 87, 88, 89, 90, 91, 92, 95, 96, 97, 98, 99, 101, 102, 103, 104, 105, 106, 107, 109, 113, 114, 115, 116, 118, 119, 120, 121, 122, 123, 124, 126, 127, 128, 129, 130, 131, 132, 134, 137, 138, 139, 140, 141, 142, 143, 146, 147, 148, 150, 152, 153, 154, 155, 156, 157, 158, 159, 160, 161, 162, 163, 164, 165, 166, 167, 168, 169, 170, 171, 172, 173, 174, 175, 176, 177, 180, 181, 182, 183, 185, 186, 187, 188, 189, 190, 191, 192, 194, 195, 196, 198, 199, 200, 201, 203, 204, 205, 206, 207, 208, 209, 210, 212, 213, 214, 215, 216, 217, 218, 220, 221, 223, 224, 226, 230, 231, 233, 234, 236, 237, 238, 239, 240, 241, 243, 244, 245, 247, 248, 249, 251, 252, 253, 254, 255, 256, 257, 258, 259, 260, 261, 262, 264, 265, 266, 268, 269, 270, 271, 273, 274, 276, 277, 278, 279, 280, 281, 282, 284, 286, 287, 288, 289, 290, 291, 293, 294, 296]
Linhas de Teste [3, 5, 12, 24, 30, 33, 35, 39, 41, 61, 65, 66, 67, 69, 74, 78, 82, 93, 94, 100, 108, 110, 111, 112, 117, 125, 133, 135, 136, 144, 145, 149, 151, 178, 179, 184, 193, 197, 202, 211, 219, 222, 225, 227, 228, 229, 232, 235, 242, 246, 250, 263, 267, 272, 275, 283, 285, 292, 295]
R2 de Treino = 94.57
R2 de Teste = 95.98

20 / 150  13.33 %
Tempo restante 0:00:14.517750

#################  Rodada 21 / 150  14.0 %
Parâmetros ('EV_CE', 'PRE_CE', 'WAI_CE', 'saz_sin', 'saz_cos')
Linhas de Treino [0, 1, 2, 3, 4, 6, 7, 8, 9, 10, 11, 13, 14, 15, 16, 17, 18, 19, 20, 21, 22, 23, 24, 25, 26, 28, 30, 31, 32, 33, 34, 35, 36, 38, 39, 40, 41, 42, 43, 45, 46, 47, 48, 50, 52, 53, 54, 55, 56, 58, 60, 61, 63, 65, 66, 68, 69, 71, 72, 73, 74, 75, 77, 79, 80, 81, 82, 84, 85, 86, 87, 88, 90, 91, 93, 95, 96, 97, 98, 99, 100, 101, 102, 103, 105, 106, 107, 108, 110, 111, 112, 113, 114, 115, 116, 118, 119, 121, 122, 124, 125, 126, 127, 128, 129, 130, 131, 133, 135, 136, 137, 138, 139, 140, 141, 142, 143, 144, 145, 146, 147, 148, 149, 150, 152, 153, 154, 155, 157, 158, 159, 160, 161, 162, 164, 165, 166, 168, 169, 171, 172, 174, 175, 177, 179, 181, 182, 184, 185, 186, 187, 188, 192, 193, 194, 195, 196, 197, 198, 199, 200, 201, 204, 207, 208, 209, 210, 211, 212, 213, 214, 217, 219, 220, 221, 222, 223, 224, 228, 229, 230, 231, 232, 233, 234, 235, 236, 238, 239, 240, 241, 243, 244, 245, 246, 247, 248, 249, 250, 252, 253, 254, 255, 256, 257, 258, 259, 261, 262, 263, 264, 265, 266, 267, 268, 269, 270, 271, 272, 274, 276, 277, 279, 280, 281, 282, 283, 284, 285, 288, 289, 290, 291, 292, 293, 294, 295]
Linhas de Teste [5, 12, 27, 29, 37, 44, 49, 51, 57, 59, 62, 64, 67, 70, 76, 78, 83, 89, 92, 94, 104, 109, 117, 120, 123, 132, 134, 151, 156, 163, 167, 170, 173, 176, 178, 180, 183, 189, 190, 191, 202, 203, 205, 206, 215, 216, 218, 225, 226, 227, 237, 242, 251, 260, 273, 275, 278, 286, 287, 296]
R2 de Treino = 97.41
R2 de Teste = 95.84

21 / 150  14.0 %
Tempo restante 0:00:15.081648

#################  Rodada 21 / 150  14.0 %
Parâmetros ('EV_MA', 'TST_MA', 'WAI_MA', 'saz_sin', 'saz_cos')
Linhas de Treino [0, 1, 2, 3, 4, 6, 7, 8, 9, 10, 11, 13, 14, 15, 16, 17, 18, 19, 20, 21, 22, 23, 24, 25, 26, 28, 30, 31, 32, 33, 34, 35, 36, 38, 39, 40, 41, 42, 43, 45, 46, 47, 48, 50, 52, 53, 54, 55, 56, 58, 60, 61, 63, 65, 66, 68, 69, 71, 72, 73, 74, 75, 77, 79, 80, 81, 82, 84, 85, 86, 87, 88, 90, 91, 93, 95, 96, 97, 98, 99, 100, 101, 102, 103, 105, 106, 107, 108, 110, 111, 112, 113, 114, 115, 116, 118, 119, 121, 122, 124, 125, 126, 127, 128, 129, 130, 131, 133, 135, 136, 137, 138, 139, 140, 141, 142, 143, 144, 145, 146, 147, 148, 149, 150, 152, 153, 154, 155, 157, 158, 159, 160, 161, 162, 164, 165, 166, 168, 169, 171, 172, 174, 175, 177, 179, 181, 182, 184, 185, 186, 187, 188, 192, 193, 194, 195, 196, 197, 198, 199, 200, 201, 204, 207, 208, 209, 210, 211, 212, 213, 214, 217, 219, 220, 221, 222, 223, 224, 228, 229, 230, 231, 232, 233, 234, 235, 236, 238, 239, 240, 241, 243, 244, 245, 246, 247, 248, 249, 250, 252, 253, 254, 255, 256, 257, 258, 259, 261, 262, 263, 264, 265, 266, 267, 268, 269, 270, 271, 272, 274, 276, 277, 279, 280, 281, 282, 283, 284, 285, 288, 289, 290, 291, 292, 293, 294, 295]
Linhas de Teste [5, 12, 27, 29, 37, 44, 49, 51, 57, 59, 62, 64, 67, 70, 76, 78, 83, 89, 92, 94, 104, 109, 117, 120, 123, 132, 134, 151, 156, 163, 167, 170, 173, 176, 178, 180, 183, 189, 190, 191, 202, 203, 205, 206, 215, 216, 218, 225, 226, 227, 237, 242, 251, 260, 273, 275, 278, 286, 287, 296]
R2 de Treino = 80.27
R2 de Teste = 68.94

21 / 150  14.0 %
Tempo restante 0:00:14.863509

#################  Rodada 21 / 150  14.0 %
Parâmetros ('EV_CA', 'PRE_CA', 'TST_CA', 'saz_sin', 'saz_cos')
Linhas de Treino [0, 1, 2, 3, 4, 6, 7, 8, 9, 10, 11, 13, 14, 15, 16, 17, 18, 19, 20, 21, 22, 23, 24, 25, 26, 28, 30, 31, 32, 33, 34, 35, 36, 38, 39, 40, 41, 42, 43, 45, 46, 47, 48, 50, 52, 53, 54, 55, 56, 58, 60, 61, 63, 65, 66, 68, 69, 71, 72, 73, 74, 75, 77, 79, 80, 81, 82, 84, 85, 86, 87, 88, 90, 91, 93, 95, 96, 97, 98, 99, 100, 101, 102, 103, 105, 106, 107, 108, 110, 111, 112, 113, 114, 115, 116, 118, 119, 121, 122, 124, 125, 126, 127, 128, 129, 130, 131, 133, 135, 136, 137, 138, 139, 140, 141, 142, 143, 144, 145, 146, 147, 148, 149, 150, 152, 153, 154, 155, 157, 158, 159, 160, 161, 162, 164, 165, 166, 168, 169, 171, 172, 174, 175, 177, 179, 181, 182, 184, 185, 186, 187, 188, 192, 193, 194, 195, 196, 197, 198, 199, 200, 201, 204, 207, 208, 209, 210, 211, 212, 213, 214, 217, 219, 220, 221, 222, 223, 224, 228, 229, 230, 231, 232, 233, 234, 235, 236, 238, 239, 240, 241, 243, 244, 245, 246, 247, 248, 249, 250, 252, 253, 254, 255, 256, 257, 258, 259, 261, 262, 263, 264, 265, 266, 267, 268, 269, 270, 271, 272, 274, 276, 277, 279, 280, 281, 282, 283, 284, 285, 288, 289, 290, 291, 292, 293, 294, 295]
Linhas de Teste [5, 12, 27, 29, 37, 44, 49, 51, 57, 59, 62, 64, 67, 70, 76, 78, 83, 89, 92, 94, 104, 109, 117, 120, 123, 132, 134, 151, 156, 163, 167, 170, 173, 176, 178, 180, 183, 189, 190, 191, 202, 203, 205, 206, 215, 216, 218, 225, 226, 227, 237, 242, 251, 260, 273, 275, 278, 286, 287, 296]
R2 de Treino = 95.22
R2 de Teste = 94.32

21 / 150  14.0 %
Tempo restante 0:00:14.467350

#################  Rodada 22 / 150  14.67 %
Parâmetros ('EV_MA', 'TST_MA', 'WAI_MA', 'saz_sin', 'saz_cos')
Linhas de Treino [1, 3, 4, 5, 6, 7, 8, 10, 11, 12, 13, 16, 17, 18, 19, 21, 23, 24, 25, 26, 27, 28, 29, 30, 31, 32, 33, 35, 36, 37, 38, 39, 40, 41, 44, 45, 46, 49, 50, 51, 52, 53, 54, 55, 56, 57, 58, 59, 62, 63, 64, 65, 66, 67, 68, 69, 70, 72, 73, 74, 75, 76, 77, 78, 80, 81, 83, 84, 85, 86, 87, 89, 91, 92, 94, 95, 96, 97, 98, 99, 102, 104, 105, 106, 107, 108, 109, 110, 111, 112, 113, 114, 116, 117, 118, 119, 120, 121, 123, 124, 125, 127, 128, 129, 130, 131, 132, 133, 134, 136, 137, 139, 140, 141, 142, 143, 144, 145, 146, 147, 148, 149, 150, 151, 152, 153, 154, 155, 156, 157, 159, 160, 161, 163, 164, 165, 166, 167, 169, 170, 171, 173, 174, 175, 176, 177, 178, 180, 181, 183, 184, 185, 186, 187, 188, 189, 190, 191, 193, 194, 195, 196, 197, 199, 201, 202, 203, 204, 205, 206, 207, 209, 210, 211, 212, 213, 214, 215, 216, 218, 219, 220, 221, 222, 225, 226, 227, 228, 229, 230, 231, 234, 235, 237, 238, 240, 242, 243, 246, 248, 249, 251, 252, 253, 254, 256, 260, 261, 263, 265, 266, 267, 268, 271, 272, 273, 274, 275, 276, 277, 278, 279, 280, 281, 282, 283, 284, 285, 286, 287, 289, 290, 292, 293, 294, 295, 296]
Linhas de Teste [0, 2, 9, 14, 15, 20, 22, 34, 42, 43, 47, 48, 60, 61, 71, 79, 82, 88, 90, 93, 100, 101, 103, 115, 122, 126, 135, 138, 158, 162, 168, 172, 179, 182, 192, 198, 200, 208, 217, 223, 224, 232, 233, 236, 239, 241, 244, 245, 247, 250, 255, 257, 258, 259, 262, 264, 269, 270, 288, 291]
R2 de Treino = 78.68
R2 de Teste = 75.41

22 / 150  14.67 %
Tempo restante 0:00:14.973696

#################  Rodada 22 / 150  14.67 %
Parâmetros ('EV_CE', 'PRE_CE', 'WAI_CE', 'saz_sin', 'saz_cos')
Linhas de Treino [1, 3, 4, 5, 6, 7, 8, 10, 11, 12, 13, 16, 17, 18, 19, 21, 23, 24, 25, 26, 27, 28, 29, 30, 31, 32, 33, 35, 36, 37, 38, 39, 40, 41, 44, 45, 46, 49, 50, 51, 52, 53, 54, 55, 56, 57, 58, 59, 62, 63, 64, 65, 66, 67, 68, 69, 70, 72, 73, 74, 75, 76, 77, 78, 80, 81, 83, 84, 85, 86, 87, 89, 91, 92, 94, 95, 96, 97, 98, 99, 102, 104, 105, 106, 107, 108, 109, 110, 111, 112, 113, 114, 116, 117, 118, 119, 120, 121, 123, 124, 125, 127, 128, 129, 130, 131, 132, 133, 134, 136, 137, 139, 140, 141, 142, 143, 144, 145, 146, 147, 148, 149, 150, 151, 152, 153, 154, 155, 156, 157, 159, 160, 161, 163, 164, 165, 166, 167, 169, 170, 171, 173, 174, 175, 176, 177, 178, 180, 181, 183, 184, 185, 186, 187, 188, 189, 190, 191, 193, 194, 195, 196, 197, 199, 201, 202, 203, 204, 205, 206, 207, 209, 210, 211, 212, 213, 214, 215, 216, 218, 219, 220, 221, 222, 225, 226, 227, 228, 229, 230, 231, 234, 235, 237, 238, 240, 242, 243, 246, 248, 249, 251, 252, 253, 254, 256, 260, 261, 263, 265, 266, 267, 268, 271, 272, 273, 274, 275, 276, 277, 278, 279, 280, 281, 282, 283, 284, 285, 286, 287, 289, 290, 292, 293, 294, 295, 296]
Linhas de Teste [0, 2, 9, 14, 15, 20, 22, 34, 42, 43, 47, 48, 60, 61, 71, 79, 82, 88, 90, 93, 100, 101, 103, 115, 122, 126, 135, 138, 158, 162, 168, 172, 179, 182, 192, 198, 200, 208, 217, 223, 224, 232, 233, 236, 239, 241, 244, 245, 247, 250, 255, 257, 258, 259, 262, 264, 269, 270, 288, 291]
R2 de Treino = 97.43
R2 de Teste = 95.94

22 / 150  14.67 %
Tempo restante 0:00:15.140480

#################  Rodada 22 / 150  14.67 %
Parâmetros ('EV_CA', 'PRE_CA', 'TST_CA', 'saz_sin', 'saz_cos')
Linhas de Treino [1, 3, 4, 5, 6, 7, 8, 10, 11, 12, 13, 16, 17, 18, 19, 21, 23, 24, 25, 26, 27, 28, 29, 30, 31, 32, 33, 35, 36, 37, 38, 39, 40, 41, 44, 45, 46, 49, 50, 51, 52, 53, 54, 55, 56, 57, 58, 59, 62, 63, 64, 65, 66, 67, 68, 69, 70, 72, 73, 74, 75, 76, 77, 78, 80, 81, 83, 84, 85, 86, 87, 89, 91, 92, 94, 95, 96, 97, 98, 99, 102, 104, 105, 106, 107, 108, 109, 110, 111, 112, 113, 114, 116, 117, 118, 119, 120, 121, 123, 124, 125, 127, 128, 129, 130, 131, 132, 133, 134, 136, 137, 139, 140, 141, 142, 143, 144, 145, 146, 147, 148, 149, 150, 151, 152, 153, 154, 155, 156, 157, 159, 160, 161, 163, 164, 165, 166, 167, 169, 170, 171, 173, 174, 175, 176, 177, 178, 180, 181, 183, 184, 185, 186, 187, 188, 189, 190, 191, 193, 194, 195, 196, 197, 199, 201, 202, 203, 204, 205, 206, 207, 209, 210, 211, 212, 213, 214, 215, 216, 218, 219, 220, 221, 222, 225, 226, 227, 228, 229, 230, 231, 234, 235, 237, 238, 240, 242, 243, 246, 248, 249, 251, 252, 253, 254, 256, 260, 261, 263, 265, 266, 267, 268, 271, 272, 273, 274, 275, 276, 277, 278, 279, 280, 281, 282, 283, 284, 285, 286, 287, 289, 290, 292, 293, 294, 295, 296]
Linhas de Teste [0, 2, 9, 14, 15, 20, 22, 34, 42, 43, 47, 48, 60, 61, 71, 79, 82, 88, 90, 93, 100, 101, 103, 115, 122, 126, 135, 138, 158, 162, 168, 172, 179, 182, 192, 198, 200, 208, 217, 223, 224, 232, 233, 236, 239, 241, 244, 245, 247, 250, 255, 257, 258, 259, 262, 264, 269, 270, 288, 291]
R2 de Treino = 95.48
R2 de Teste = 92.41

22 / 150  14.67 %
Tempo restante 0:00:14.581120

#################  Rodada 23 / 150  15.33 %
Parâmetros ('EV_MA', 'TST_MA', 'WAI_MA', 'saz_sin', 'saz_cos')
Linhas de Treino [0, 1, 2, 3, 4, 5, 6, 7, 8, 9, 10, 12, 13, 14, 15, 17, 18, 19, 20, 21, 22, 23, 24, 27, 28, 29, 31, 34, 35, 36, 37, 39, 42, 43, 44, 45, 46, 47, 48, 49, 50, 51, 52, 53, 54, 57, 58, 59, 60, 61, 62, 64, 66, 67, 69, 70, 71, 73, 74, 76, 77, 78, 79, 80, 81, 82, 83, 84, 85, 86, 87, 88, 89, 90, 91, 92, 93, 94, 95, 96, 97, 98, 100, 101, 102, 103, 104, 107, 108, 109, 111, 112, 113, 114, 115, 117, 118, 119, 120, 122, 123, 124, 126, 127, 128, 129, 130, 131, 132, 134, 135, 136, 138, 139, 140, 141, 143, 145, 146, 147, 150, 151, 153, 156, 157, 158, 160, 161, 162, 163, 164, 165, 167, 168, 170, 171, 172, 173, 174, 175, 176, 177, 178, 179, 180, 181, 182, 183, 185, 187, 189, 190, 191, 192, 193, 194, 195, 196, 198, 199, 200, 201, 202, 203, 205, 206, 208, 209, 210, 212, 213, 214, 215, 216, 217, 218, 221, 222, 223, 224, 225, 226, 227, 228, 229, 232, 233, 234, 236, 237, 238, 239, 240, 241, 242, 243, 244, 245, 246, 247, 248, 250, 251, 252, 254, 255, 256, 257, 258, 259, 260, 262, 263, 264, 265, 267, 269, 270, 271, 273, 275, 276, 278, 279, 281, 283, 284, 285, 286, 287, 288, 289, 290, 291, 292, 293, 295, 296]
Linhas de Teste [11, 16, 25, 26, 30, 32, 33, 38, 40, 41, 55, 56, 63, 65, 68, 72, 75, 99, 105, 106, 110, 116, 121, 125, 133, 137, 142, 144, 148, 149, 152, 154, 155, 159, 166, 169, 184, 186, 188, 197, 204, 207, 211, 219, 220, 230, 231, 235, 249, 253, 261, 266, 268, 272, 274, 277, 280, 282, 294]
R2 de Treino = 79.59
R2 de Teste = 71.07

23 / 150  15.33 %
Tempo restante 0:00:15.109571

#################  Rodada 23 / 150  15.33 %
Parâmetros ('EV_CE', 'PRE_CE', 'WAI_CE', 'saz_sin', 'saz_cos')
Linhas de Treino [0, 1, 2, 3, 4, 5, 6, 7, 8, 9, 10, 12, 13, 14, 15, 17, 18, 19, 20, 21, 22, 23, 24, 27, 28, 29, 31, 34, 35, 36, 37, 39, 42, 43, 44, 45, 46, 47, 48, 49, 50, 51, 52, 53, 54, 57, 58, 59, 60, 61, 62, 64, 66, 67, 69, 70, 71, 73, 74, 76, 77, 78, 79, 80, 81, 82, 83, 84, 85, 86, 87, 88, 89, 90, 91, 92, 93, 94, 95, 96, 97, 98, 100, 101, 102, 103, 104, 107, 108, 109, 111, 112, 113, 114, 115, 117, 118, 119, 120, 122, 123, 124, 126, 127, 128, 129, 130, 131, 132, 134, 135, 136, 138, 139, 140, 141, 143, 145, 146, 147, 150, 151, 153, 156, 157, 158, 160, 161, 162, 163, 164, 165, 167, 168, 170, 171, 172, 173, 174, 175, 176, 177, 178, 179, 180, 181, 182, 183, 185, 187, 189, 190, 191, 192, 193, 194, 195, 196, 198, 199, 200, 201, 202, 203, 205, 206, 208, 209, 210, 212, 213, 214, 215, 216, 217, 218, 221, 222, 223, 224, 225, 226, 227, 228, 229, 232, 233, 234, 236, 237, 238, 239, 240, 241, 242, 243, 244, 245, 246, 247, 248, 250, 251, 252, 254, 255, 256, 257, 258, 259, 260, 262, 263, 264, 265, 267, 269, 270, 271, 273, 275, 276, 278, 279, 281, 283, 284, 285, 286, 287, 288, 289, 290, 291, 292, 293, 295, 296]
Linhas de Teste [11, 16, 25, 26, 30, 32, 33, 38, 40, 41, 55, 56, 63, 65, 68, 72, 75, 99, 105, 106, 110, 116, 121, 125, 133, 137, 142, 144, 148, 149, 152, 154, 155, 159, 166, 169, 184, 186, 188, 197, 204, 207, 211, 219, 220, 230, 231, 235, 249, 253, 261, 266, 268, 272, 274, 277, 280, 282, 294]
R2 de Treino = 97.27
R2 de Teste = 96.95

23 / 150  15.33 %
Tempo restante 0:00:15.101697

#################  Rodada 23 / 150  15.33 %
Parâmetros ('EV_CA', 'PRE_CA', 'TST_CA', 'saz_sin', 'saz_cos')
Linhas de Treino [0, 1, 2, 3, 4, 5, 6, 7, 8, 9, 10, 12, 13, 14, 15, 17, 18, 19, 20, 21, 22, 23, 24, 27, 28, 29, 31, 34, 35, 36, 37, 39, 42, 43, 44, 45, 46, 47, 48, 49, 50, 51, 52, 53, 54, 57, 58, 59, 60, 61, 62, 64, 66, 67, 69, 70, 71, 73, 74, 76, 77, 78, 79, 80, 81, 82, 83, 84, 85, 86, 87, 88, 89, 90, 91, 92, 93, 94, 95, 96, 97, 98, 100, 101, 102, 103, 104, 107, 108, 109, 111, 112, 113, 114, 115, 117, 118, 119, 120, 122, 123, 124, 126, 127, 128, 129, 130, 131, 132, 134, 135, 136, 138, 139, 140, 141, 143, 145, 146, 147, 150, 151, 153, 156, 157, 158, 160, 161, 162, 163, 164, 165, 167, 168, 170, 171, 172, 173, 174, 175, 176, 177, 178, 179, 180, 181, 182, 183, 185, 187, 189, 190, 191, 192, 193, 194, 195, 196, 198, 199, 200, 201, 202, 203, 205, 206, 208, 209, 210, 212, 213, 214, 215, 216, 217, 218, 221, 222, 223, 224, 225, 226, 227, 228, 229, 232, 233, 234, 236, 237, 238, 239, 240, 241, 242, 243, 244, 245, 246, 247, 248, 250, 251, 252, 254, 255, 256, 257, 258, 259, 260, 262, 263, 264, 265, 267, 269, 270, 271, 273, 275, 276, 278, 279, 281, 283, 284, 285, 286, 287, 288, 289, 290, 291, 292, 293, 295, 296]
Linhas de Teste [11, 16, 25, 26, 30, 32, 33, 38, 40, 41, 55, 56, 63, 65, 68, 72, 75, 99, 105, 106, 110, 116, 121, 125, 133, 137, 142, 144, 148, 149, 152, 154, 155, 159, 166, 169, 184, 186, 188, 197, 204, 207, 211, 219, 220, 230, 231, 235, 249, 253, 261, 266, 268, 272, 274, 277, 280, 282, 294]
R2 de Treino = 95.02
R2 de Teste = 94.96

23 / 150  15.33 %
Tempo restante 0:00:14.589506

#################  Rodada 24 / 150  16.0 %
Parâmetros ('EV_MA', 'TST_MA', 'WAI_MA', 'saz_sin', 'saz_cos')
Linhas de Treino [0, 2, 5, 6, 7, 9, 11, 12, 14, 15, 16, 17, 18, 20, 22, 25, 26, 27, 29, 30, 31, 32, 33, 34, 37, 38, 40, 41, 42, 43, 44, 45, 47, 48, 49, 50, 51, 53, 54, 55, 56, 57, 59, 60, 61, 62, 63, 64, 65, 66, 67, 68, 70, 71, 72, 73, 75, 76, 77, 78, 79, 82, 83, 86, 87, 88, 89, 90, 91, 92, 93, 94, 95, 96, 99, 100, 101, 103, 104, 105, 106, 109, 110, 112, 113, 115, 116, 117, 119, 120, 121, 122, 123, 125, 126, 130, 131, 132, 133, 134, 135, 137, 138, 140, 141, 142, 143, 144, 148, 149, 151, 152, 154, 155, 156, 157, 158, 159, 161, 162, 163, 164, 165, 166, 167, 168, 169, 170, 172, 173, 174, 175, 176, 177, 178, 179, 180, 181, 182, 183, 184, 186, 188, 189, 190, 191, 192, 193, 195, 197, 198, 200, 202, 203, 204, 205, 206, 207, 208, 209, 210, 211, 212, 214, 215, 216, 217, 218, 219, 220, 221, 222, 223, 224, 225, 226, 227, 228, 230, 231, 232, 233, 234, 235, 236, 237, 238, 239, 240, 241, 242, 243, 244, 245, 246, 247, 248, 249, 250, 251, 253, 254, 255, 256, 257, 258, 259, 260, 261, 262, 263, 264, 265, 266, 268, 269, 270, 271, 272, 273, 274, 275, 276, 277, 278, 280, 282, 284, 285, 286, 287, 288, 289, 290, 291, 293, 294, 296]
Linhas de Teste [1, 3, 4, 8, 10, 13, 19, 21, 23, 24, 28, 35, 36, 39, 46, 52, 58, 69, 74, 80, 81, 84, 85, 97, 98, 102, 107, 108, 111, 114, 118, 124, 127, 128, 129, 136, 139, 145, 146, 147, 150, 153, 160, 171, 185, 187, 194, 196, 199, 201, 213, 229, 252, 267, 279, 281, 283, 292, 295]
R2 de Treino = 76.31
R2 de Teste = 84.61

24 / 150  16.0 %
Tempo restante 0:00:15.028020

#################  Rodada 24 / 150  16.0 %
Parâmetros ('EV_CA', 'PRE_CA', 'TST_CA', 'saz_sin', 'saz_cos')
Linhas de Treino [0, 2, 5, 6, 7, 9, 11, 12, 14, 15, 16, 17, 18, 20, 22, 25, 26, 27, 29, 30, 31, 32, 33, 34, 37, 38, 40, 41, 42, 43, 44, 45, 47, 48, 49, 50, 51, 53, 54, 55, 56, 57, 59, 60, 61, 62, 63, 64, 65, 66, 67, 68, 70, 71, 72, 73, 75, 76, 77, 78, 79, 82, 83, 86, 87, 88, 89, 90, 91, 92, 93, 94, 95, 96, 99, 100, 101, 103, 104, 105, 106, 109, 110, 112, 113, 115, 116, 117, 119, 120, 121, 122, 123, 125, 126, 130, 131, 132, 133, 134, 135, 137, 138, 140, 141, 142, 143, 144, 148, 149, 151, 152, 154, 155, 156, 157, 158, 159, 161, 162, 163, 164, 165, 166, 167, 168, 169, 170, 172, 173, 174, 175, 176, 177, 178, 179, 180, 181, 182, 183, 184, 186, 188, 189, 190, 191, 192, 193, 195, 197, 198, 200, 202, 203, 204, 205, 206, 207, 208, 209, 210, 211, 212, 214, 215, 216, 217, 218, 219, 220, 221, 222, 223, 224, 225, 226, 227, 228, 230, 231, 232, 233, 234, 235, 236, 237, 238, 239, 240, 241, 242, 243, 244, 245, 246, 247, 248, 249, 250, 251, 253, 254, 255, 256, 257, 258, 259, 260, 261, 262, 263, 264, 265, 266, 268, 269, 270, 271, 272, 273, 274, 275, 276, 277, 278, 280, 282, 284, 285, 286, 287, 288, 289, 290, 291, 293, 294, 296]
Linhas de Teste [1, 3, 4, 8, 10, 13, 19, 21, 23, 24, 28, 35, 36, 39, 46, 52, 58, 69, 74, 80, 81, 84, 85, 97, 98, 102, 107, 108, 111, 114, 118, 124, 127, 128, 129, 136, 139, 145, 146, 147, 150, 153, 160, 171, 185, 187, 194, 196, 199, 201, 213, 229, 252, 267, 279, 281, 283, 292, 295]
R2 de Treino = 95.29
R2 de Teste = 94.32

24 / 150  16.0 %
Tempo restante 0:00:14.417424

#################  Rodada 24 / 150  16.0 %
Parâmetros ('EV_CE', 'PRE_CE', 'WAI_CE', 'saz_sin', 'saz_cos')
Linhas de Treino [0, 2, 5, 6, 7, 9, 11, 12, 14, 15, 16, 17, 18, 20, 22, 25, 26, 27, 29, 30, 31, 32, 33, 34, 37, 38, 40, 41, 42, 43, 44, 45, 47, 48, 49, 50, 51, 53, 54, 55, 56, 57, 59, 60, 61, 62, 63, 64, 65, 66, 67, 68, 70, 71, 72, 73, 75, 76, 77, 78, 79, 82, 83, 86, 87, 88, 89, 90, 91, 92, 93, 94, 95, 96, 99, 100, 101, 103, 104, 105, 106, 109, 110, 112, 113, 115, 116, 117, 119, 120, 121, 122, 123, 125, 126, 130, 131, 132, 133, 134, 135, 137, 138, 140, 141, 142, 143, 144, 148, 149, 151, 152, 154, 155, 156, 157, 158, 159, 161, 162, 163, 164, 165, 166, 167, 168, 169, 170, 172, 173, 174, 175, 176, 177, 178, 179, 180, 181, 182, 183, 184, 186, 188, 189, 190, 191, 192, 193, 195, 197, 198, 200, 202, 203, 204, 205, 206, 207, 208, 209, 210, 211, 212, 214, 215, 216, 217, 218, 219, 220, 221, 222, 223, 224, 225, 226, 227, 228, 230, 231, 232, 233, 234, 235, 236, 237, 238, 239, 240, 241, 242, 243, 244, 245, 246, 247, 248, 249, 250, 251, 253, 254, 255, 256, 257, 258, 259, 260, 261, 262, 263, 264, 265, 266, 268, 269, 270, 271, 272, 273, 274, 275, 276, 277, 278, 280, 282, 284, 285, 286, 287, 288, 289, 290, 291, 293, 294, 296]
Linhas de Teste [1, 3, 4, 8, 10, 13, 19, 21, 23, 24, 28, 35, 36, 39, 46, 52, 58, 69, 74, 80, 81, 84, 85, 97, 98, 102, 107, 108, 111, 114, 118, 124, 127, 128, 129, 136, 139, 145, 146, 147, 150, 153, 160, 171, 185, 187, 194, 196, 199, 201, 213, 229, 252, 267, 279, 281, 283, 292, 295]
R2 de Treino = 97.17
R2 de Teste = 97.02

24 / 150  16.0 %
Tempo restante 0:00:15.359148

#################  Rodada 25 / 150  16.67 %
Parâmetros ('EV_CA', 'PRE_CA', 'TST_CA', 'saz_sin', 'saz_cos')
Linhas de Treino [0, 1, 2, 3, 4, 5, 8, 9, 10, 11, 12, 13, 14, 15, 16, 19, 20, 21, 22, 23, 24, 25, 26, 27, 28, 29, 30, 32, 33, 34, 35, 36, 37, 38, 39, 40, 41, 42, 43, 44, 46, 47, 48, 49, 51, 52, 55, 56, 57, 58, 59, 60, 61, 62, 63, 64, 65, 67, 68, 69, 70, 71, 72, 74, 75, 76, 78, 79, 80, 81, 82, 83, 84, 85, 88, 89, 90, 92, 93, 94, 97, 98, 99, 100, 101, 102, 103, 104, 105, 106, 107, 108, 109, 110, 111, 114, 115, 116, 117, 118, 120, 121, 122, 123, 124, 125, 126, 127, 128, 129, 132, 133, 134, 135, 136, 137, 138, 139, 142, 144, 145, 146, 147, 148, 149, 150, 151, 152, 153, 154, 155, 156, 158, 159, 160, 162, 163, 166, 167, 168, 169, 170, 171, 172, 173, 176, 178, 179, 180, 182, 183, 184, 185, 186, 187, 188, 189, 190, 191, 192, 194, 196, 197, 198, 199, 200, 201, 202, 203, 204, 205, 206, 207, 208, 211, 213, 215, 216, 217, 218, 219, 220, 223, 224, 225, 226, 227, 229, 230, 231, 232, 233, 235, 236, 237, 239, 241, 242, 244, 245, 247, 249, 250, 251, 252, 253, 255, 257, 258, 259, 260, 261, 262, 264, 266, 267, 268, 269, 270, 272, 273, 274, 275, 277, 278, 279, 280, 281, 282, 283, 286, 287, 288, 291, 292, 294, 295, 296]
Linhas de Teste [6, 7, 17, 18, 31, 45, 50, 53, 54, 66, 73, 77, 86, 87, 91, 95, 96, 112, 113, 119, 130, 131, 140, 141, 143, 157, 161, 164, 165, 174, 175, 177, 181, 193, 195, 209, 210, 212, 214, 221, 222, 228, 234, 238, 240, 243, 246, 248, 254, 256, 263, 265, 271, 276, 284, 285, 289, 290, 293]
R2 de Treino = 94.9
R2 de Teste = 95.56

25 / 150  16.67 %
Tempo restante 0:00:14.358250

#################  Rodada 25 / 150  16.67 %
Parâmetros ('EV_MA', 'TST_MA', 'WAI_MA', 'saz_sin', 'saz_cos')
Linhas de Treino [0, 1, 2, 3, 4, 5, 8, 9, 10, 11, 12, 13, 14, 15, 16, 19, 20, 21, 22, 23, 24, 25, 26, 27, 28, 29, 30, 32, 33, 34, 35, 36, 37, 38, 39, 40, 41, 42, 43, 44, 46, 47, 48, 49, 51, 52, 55, 56, 57, 58, 59, 60, 61, 62, 63, 64, 65, 67, 68, 69, 70, 71, 72, 74, 75, 76, 78, 79, 80, 81, 82, 83, 84, 85, 88, 89, 90, 92, 93, 94, 97, 98, 99, 100, 101, 102, 103, 104, 105, 106, 107, 108, 109, 110, 111, 114, 115, 116, 117, 118, 120, 121, 122, 123, 124, 125, 126, 127, 128, 129, 132, 133, 134, 135, 136, 137, 138, 139, 142, 144, 145, 146, 147, 148, 149, 150, 151, 152, 153, 154, 155, 156, 158, 159, 160, 162, 163, 166, 167, 168, 169, 170, 171, 172, 173, 176, 178, 179, 180, 182, 183, 184, 185, 186, 187, 188, 189, 190, 191, 192, 194, 196, 197, 198, 199, 200, 201, 202, 203, 204, 205, 206, 207, 208, 211, 213, 215, 216, 217, 218, 219, 220, 223, 224, 225, 226, 227, 229, 230, 231, 232, 233, 235, 236, 237, 239, 241, 242, 244, 245, 247, 249, 250, 251, 252, 253, 255, 257, 258, 259, 260, 261, 262, 264, 266, 267, 268, 269, 270, 272, 273, 274, 275, 277, 278, 279, 280, 281, 282, 283, 286, 287, 288, 291, 292, 294, 295, 296]
Linhas de Teste [6, 7, 17, 18, 31, 45, 50, 53, 54, 66, 73, 77, 86, 87, 91, 95, 96, 112, 113, 119, 130, 131, 140, 141, 143, 157, 161, 164, 165, 174, 175, 177, 181, 193, 195, 209, 210, 212, 214, 221, 222, 228, 234, 238, 240, 243, 246, 248, 254, 256, 263, 265, 271, 276, 284, 285, 289, 290, 293]
R2 de Treino = 79.02
R2 de Teste = 73.8

25 / 150  16.67 %
Tempo restante 0:00:14.885250

#################  Rodada 25 / 150  16.67 %
Parâmetros ('EV_CE', 'PRE_CE', 'WAI_CE', 'saz_sin', 'saz_cos')
Linhas de Treino [0, 1, 2, 3, 4, 5, 8, 9, 10, 11, 12, 13, 14, 15, 16, 19, 20, 21, 22, 23, 24, 25, 26, 27, 28, 29, 30, 32, 33, 34, 35, 36, 37, 38, 39, 40, 41, 42, 43, 44, 46, 47, 48, 49, 51, 52, 55, 56, 57, 58, 59, 60, 61, 62, 63, 64, 65, 67, 68, 69, 70, 71, 72, 74, 75, 76, 78, 79, 80, 81, 82, 83, 84, 85, 88, 89, 90, 92, 93, 94, 97, 98, 99, 100, 101, 102, 103, 104, 105, 106, 107, 108, 109, 110, 111, 114, 115, 116, 117, 118, 120, 121, 122, 123, 124, 125, 126, 127, 128, 129, 132, 133, 134, 135, 136, 137, 138, 139, 142, 144, 145, 146, 147, 148, 149, 150, 151, 152, 153, 154, 155, 156, 158, 159, 160, 162, 163, 166, 167, 168, 169, 170, 171, 172, 173, 176, 178, 179, 180, 182, 183, 184, 185, 186, 187, 188, 189, 190, 191, 192, 194, 196, 197, 198, 199, 200, 201, 202, 203, 204, 205, 206, 207, 208, 211, 213, 215, 216, 217, 218, 219, 220, 223, 224, 225, 226, 227, 229, 230, 231, 232, 233, 235, 236, 237, 239, 241, 242, 244, 245, 247, 249, 250, 251, 252, 253, 255, 257, 258, 259, 260, 261, 262, 264, 266, 267, 268, 269, 270, 272, 273, 274, 275, 277, 278, 279, 280, 281, 282, 283, 286, 287, 288, 291, 292, 294, 295, 296]
Linhas de Teste [6, 7, 17, 18, 31, 45, 50, 53, 54, 66, 73, 77, 86, 87, 91, 95, 96, 112, 113, 119, 130, 131, 140, 141, 143, 157, 161, 164, 165, 174, 175, 177, 181, 193, 195, 209, 210, 212, 214, 221, 222, 228, 234, 238, 240, 243, 246, 248, 254, 256, 263, 265, 271, 276, 284, 285, 289, 290, 293]
R2 de Treino = 97.03
R2 de Teste = 97.48

25 / 150  16.67 %
Tempo restante 0:00:15.198000

#################  Rodada 26 / 150  17.33 %
Parâmetros ('EV_CA', 'PRE_CA', 'TST_CA', 'saz_sin', 'saz_cos')
Linhas de Treino [0, 1, 2, 3, 4, 5, 6, 8, 10, 11, 12, 13, 14, 16, 18, 19, 20, 21, 22, 23, 24, 25, 26, 27, 28, 30, 31, 32, 33, 34, 35, 36, 37, 38, 39, 44, 45, 46, 47, 48, 49, 50, 51, 53, 55, 56, 57, 58, 59, 60, 61, 62, 63, 64, 66, 67, 68, 69, 71, 72, 73, 74, 75, 76, 77, 78, 79, 80, 81, 83, 86, 87, 88, 89, 90, 91, 92, 93, 94, 95, 96, 97, 98, 99, 100, 102, 103, 104, 105, 106, 108, 110, 111, 112, 113, 114, 117, 119, 120, 121, 122, 123, 124, 127, 129, 131, 132, 135, 136, 137, 138, 139, 141, 142, 144, 145, 146, 147, 148, 149, 150, 151, 152, 153, 154, 155, 156, 157, 158, 159, 160, 162, 163, 165, 166, 167, 168, 169, 170, 171, 172, 173, 174, 175, 176, 177, 178, 180, 183, 184, 185, 186, 188, 189, 190, 191, 192, 193, 194, 196, 197, 198, 199, 200, 202, 203, 204, 205, 206, 208, 209, 211, 213, 214, 215, 217, 218, 219, 221, 222, 225, 226, 227, 228, 229, 230, 232, 233, 234, 236, 238, 239, 240, 241, 242, 243, 244, 245, 246, 248, 249, 250, 251, 253, 254, 255, 258, 259, 260, 261, 262, 265, 267, 268, 269, 271, 272, 273, 275, 276, 277, 278, 280, 281, 282, 283, 284, 285, 286, 288, 289, 290, 291, 292, 293, 294, 295]
Linhas de Teste [7, 9, 15, 17, 29, 40, 41, 42, 43, 52, 54, 65, 70, 82, 84, 85, 101, 107, 109, 115, 116, 118, 125, 126, 128, 130, 133, 134, 140, 143, 161, 164, 179, 181, 182, 187, 195, 201, 207, 210, 212, 216, 220, 223, 224, 231, 235, 237, 247, 252, 256, 257, 263, 264, 266, 270, 274, 279, 287, 296]
R2 de Treino = 94.98
R2 de Teste = 95.18

26 / 150  17.33 %
Tempo restante 0:00:14.163404

#################  Rodada 26 / 150  17.33 %
Parâmetros ('EV_MA', 'TST_MA', 'WAI_MA', 'saz_sin', 'saz_cos')
Linhas de Treino [0, 1, 2, 3, 4, 5, 6, 8, 10, 11, 12, 13, 14, 16, 18, 19, 20, 21, 22, 23, 24, 25, 26, 27, 28, 30, 31, 32, 33, 34, 35, 36, 37, 38, 39, 44, 45, 46, 47, 48, 49, 50, 51, 53, 55, 56, 57, 58, 59, 60, 61, 62, 63, 64, 66, 67, 68, 69, 71, 72, 73, 74, 75, 76, 77, 78, 79, 80, 81, 83, 86, 87, 88, 89, 90, 91, 92, 93, 94, 95, 96, 97, 98, 99, 100, 102, 103, 104, 105, 106, 108, 110, 111, 112, 113, 114, 117, 119, 120, 121, 122, 123, 124, 127, 129, 131, 132, 135, 136, 137, 138, 139, 141, 142, 144, 145, 146, 147, 148, 149, 150, 151, 152, 153, 154, 155, 156, 157, 158, 159, 160, 162, 163, 165, 166, 167, 168, 169, 170, 171, 172, 173, 174, 175, 176, 177, 178, 180, 183, 184, 185, 186, 188, 189, 190, 191, 192, 193, 194, 196, 197, 198, 199, 200, 202, 203, 204, 205, 206, 208, 209, 211, 213, 214, 215, 217, 218, 219, 221, 222, 225, 226, 227, 228, 229, 230, 232, 233, 234, 236, 238, 239, 240, 241, 242, 243, 244, 245, 246, 248, 249, 250, 251, 253, 254, 255, 258, 259, 260, 261, 262, 265, 267, 268, 269, 271, 272, 273, 275, 276, 277, 278, 280, 281, 282, 283, 284, 285, 286, 288, 289, 290, 291, 292, 293, 294, 295]
Linhas de Teste [7, 9, 15, 17, 29, 40, 41, 42, 43, 52, 54, 65, 70, 82, 84, 85, 101, 107, 109, 115, 116, 118, 125, 126, 128, 130, 133, 134, 140, 143, 161, 164, 179, 181, 182, 187, 195, 201, 207, 210, 212, 216, 220, 223, 224, 231, 235, 237, 247, 252, 256, 257, 263, 264, 266, 270, 274, 279, 287, 296]
R2 de Treino = 79.9
R2 de Teste = 68.19

26 / 150  17.33 %
Tempo restante 0:00:14.902196

#################  Rodada 26 / 150  17.33 %
Parâmetros ('EV_CE', 'PRE_CE', 'WAI_CE', 'saz_sin', 'saz_cos')
Linhas de Treino [0, 1, 2, 3, 4, 5, 6, 8, 10, 11, 12, 13, 14, 16, 18, 19, 20, 21, 22, 23, 24, 25, 26, 27, 28, 30, 31, 32, 33, 34, 35, 36, 37, 38, 39, 44, 45, 46, 47, 48, 49, 50, 51, 53, 55, 56, 57, 58, 59, 60, 61, 62, 63, 64, 66, 67, 68, 69, 71, 72, 73, 74, 75, 76, 77, 78, 79, 80, 81, 83, 86, 87, 88, 89, 90, 91, 92, 93, 94, 95, 96, 97, 98, 99, 100, 102, 103, 104, 105, 106, 108, 110, 111, 112, 113, 114, 117, 119, 120, 121, 122, 123, 124, 127, 129, 131, 132, 135, 136, 137, 138, 139, 141, 142, 144, 145, 146, 147, 148, 149, 150, 151, 152, 153, 154, 155, 156, 157, 158, 159, 160, 162, 163, 165, 166, 167, 168, 169, 170, 171, 172, 173, 174, 175, 176, 177, 178, 180, 183, 184, 185, 186, 188, 189, 190, 191, 192, 193, 194, 196, 197, 198, 199, 200, 202, 203, 204, 205, 206, 208, 209, 211, 213, 214, 215, 217, 218, 219, 221, 222, 225, 226, 227, 228, 229, 230, 232, 233, 234, 236, 238, 239, 240, 241, 242, 243, 244, 245, 246, 248, 249, 250, 251, 253, 254, 255, 258, 259, 260, 261, 262, 265, 267, 268, 269, 271, 272, 273, 275, 276, 277, 278, 280, 281, 282, 283, 284, 285, 286, 288, 289, 290, 291, 292, 293, 294, 295]
Linhas de Teste [7, 9, 15, 17, 29, 40, 41, 42, 43, 52, 54, 65, 70, 82, 84, 85, 101, 107, 109, 115, 116, 118, 125, 126, 128, 130, 133, 134, 140, 143, 161, 164, 179, 181, 182, 187, 195, 201, 207, 210, 212, 216, 220, 223, 224, 231, 235, 237, 247, 252, 256, 257, 263, 264, 266, 270, 274, 279, 287, 296]
R2 de Treino = 97.37
R2 de Teste = 96.21

26 / 150  17.33 %
Tempo restante 0:00:15.086088

#################  Rodada 27 / 150  18.0 %
Parâmetros ('EV_CA', 'PRE_CA', 'TST_CA', 'saz_sin', 'saz_cos')
Linhas de Treino [1, 2, 4, 5, 6, 7, 8, 9, 10, 11, 12, 13, 15, 16, 17, 19, 21, 22, 24, 27, 28, 29, 30, 32, 36, 37, 38, 39, 40, 41, 42, 43, 44, 45, 46, 47, 49, 51, 52, 53, 54, 55, 57, 58, 59, 60, 61, 62, 63, 64, 65, 66, 67, 69, 70, 71, 72, 73, 75, 76, 78, 79, 80, 81, 82, 84, 85, 87, 88, 89, 90, 91, 92, 95, 96, 97, 98, 99, 100, 101, 103, 104, 106, 107, 108, 109, 112, 113, 114, 115, 116, 117, 118, 119, 122, 123, 124, 125, 126, 128, 130, 132, 133, 134, 135, 136, 137, 138, 139, 140, 141, 143, 144, 145, 146, 147, 151, 152, 154, 155, 156, 157, 159, 161, 162, 164, 165, 167, 168, 169, 170, 172, 173, 174, 175, 176, 177, 178, 179, 181, 182, 183, 185, 186, 187, 188, 189, 192, 194, 195, 196, 197, 198, 200, 201, 203, 204, 205, 206, 207, 208, 209, 210, 212, 214, 215, 216, 217, 218, 219, 220, 221, 222, 223, 224, 225, 226, 227, 228, 229, 230, 231, 233, 235, 236, 237, 238, 239, 240, 241, 242, 243, 244, 245, 247, 249, 250, 252, 253, 254, 256, 257, 258, 259, 260, 261, 262, 263, 264, 265, 266, 268, 270, 271, 272, 273, 274, 275, 276, 277, 279, 280, 281, 282, 283, 284, 285, 286, 287, 288, 290, 291, 292, 293, 294, 295, 296]
Linhas de Teste [0, 3, 14, 18, 20, 23, 25, 26, 31, 33, 34, 35, 48, 50, 56, 68, 74, 77, 83, 86, 93, 94, 102, 105, 110, 111, 120, 121, 127, 129, 131, 142, 148, 149, 150, 153, 158, 160, 163, 166, 171, 180, 184, 190, 191, 193, 199, 202, 211, 213, 232, 234, 246, 248, 251, 255, 267, 269, 278, 289]
R2 de Treino = 95.26
R2 de Teste = 93.96

27 / 150  18.0 %
Tempo restante 0:00:14.084853

#################  Rodada 27 / 150  18.0 %
Parâmetros ('EV_MA', 'TST_MA', 'WAI_MA', 'saz_sin', 'saz_cos')
Linhas de Treino [1, 2, 4, 5, 6, 7, 8, 9, 10, 11, 12, 13, 15, 16, 17, 19, 21, 22, 24, 27, 28, 29, 30, 32, 36, 37, 38, 39, 40, 41, 42, 43, 44, 45, 46, 47, 49, 51, 52, 53, 54, 55, 57, 58, 59, 60, 61, 62, 63, 64, 65, 66, 67, 69, 70, 71, 72, 73, 75, 76, 78, 79, 80, 81, 82, 84, 85, 87, 88, 89, 90, 91, 92, 95, 96, 97, 98, 99, 100, 101, 103, 104, 106, 107, 108, 109, 112, 113, 114, 115, 116, 117, 118, 119, 122, 123, 124, 125, 126, 128, 130, 132, 133, 134, 135, 136, 137, 138, 139, 140, 141, 143, 144, 145, 146, 147, 151, 152, 154, 155, 156, 157, 159, 161, 162, 164, 165, 167, 168, 169, 170, 172, 173, 174, 175, 176, 177, 178, 179, 181, 182, 183, 185, 186, 187, 188, 189, 192, 194, 195, 196, 197, 198, 200, 201, 203, 204, 205, 206, 207, 208, 209, 210, 212, 214, 215, 216, 217, 218, 219, 220, 221, 222, 223, 224, 225, 226, 227, 228, 229, 230, 231, 233, 235, 236, 237, 238, 239, 240, 241, 242, 243, 244, 245, 247, 249, 250, 252, 253, 254, 256, 257, 258, 259, 260, 261, 262, 263, 264, 265, 266, 268, 270, 271, 272, 273, 274, 275, 276, 277, 279, 280, 281, 282, 283, 284, 285, 286, 287, 288, 290, 291, 292, 293, 294, 295, 296]
Linhas de Teste [0, 3, 14, 18, 20, 23, 25, 26, 31, 33, 34, 35, 48, 50, 56, 68, 74, 77, 83, 86, 93, 94, 102, 105, 110, 111, 120, 121, 127, 129, 131, 142, 148, 149, 150, 153, 158, 160, 163, 166, 171, 180, 184, 190, 191, 193, 199, 202, 211, 213, 232, 234, 246, 248, 251, 255, 267, 269, 278, 289]
R2 de Treino = 77.02
R2 de Teste = 83.33

27 / 150  18.0 %
Tempo restante 0:00:14.282760

#################  Rodada 27 / 150  18.0 %
Parâmetros ('EV_CE', 'PRE_CE', 'WAI_CE', 'saz_sin', 'saz_cos')
Linhas de Treino [1, 2, 4, 5, 6, 7, 8, 9, 10, 11, 12, 13, 15, 16, 17, 19, 21, 22, 24, 27, 28, 29, 30, 32, 36, 37, 38, 39, 40, 41, 42, 43, 44, 45, 46, 47, 49, 51, 52, 53, 54, 55, 57, 58, 59, 60, 61, 62, 63, 64, 65, 66, 67, 69, 70, 71, 72, 73, 75, 76, 78, 79, 80, 81, 82, 84, 85, 87, 88, 89, 90, 91, 92, 95, 96, 97, 98, 99, 100, 101, 103, 104, 106, 107, 108, 109, 112, 113, 114, 115, 116, 117, 118, 119, 122, 123, 124, 125, 126, 128, 130, 132, 133, 134, 135, 136, 137, 138, 139, 140, 141, 143, 144, 145, 146, 147, 151, 152, 154, 155, 156, 157, 159, 161, 162, 164, 165, 167, 168, 169, 170, 172, 173, 174, 175, 176, 177, 178, 179, 181, 182, 183, 185, 186, 187, 188, 189, 192, 194, 195, 196, 197, 198, 200, 201, 203, 204, 205, 206, 207, 208, 209, 210, 212, 214, 215, 216, 217, 218, 219, 220, 221, 222, 223, 224, 225, 226, 227, 228, 229, 230, 231, 233, 235, 236, 237, 238, 239, 240, 241, 242, 243, 244, 245, 247, 249, 250, 252, 253, 254, 256, 257, 258, 259, 260, 261, 262, 263, 264, 265, 266, 268, 270, 271, 272, 273, 274, 275, 276, 277, 279, 280, 281, 282, 283, 284, 285, 286, 287, 288, 290, 291, 292, 293, 294, 295, 296]
Linhas de Teste [0, 3, 14, 18, 20, 23, 25, 26, 31, 33, 34, 35, 48, 50, 56, 68, 74, 77, 83, 86, 93, 94, 102, 105, 110, 111, 120, 121, 127, 129, 131, 142, 148, 149, 150, 153, 158, 160, 163, 166, 171, 180, 184, 190, 191, 193, 199, 202, 211, 213, 232, 234, 246, 248, 251, 255, 267, 269, 278, 289]
R2 de Treino = 97.36
R2 de Teste = 96.06

27 / 150  18.0 %
Tempo restante 0:00:14.854341

#################  Rodada 28 / 150  18.67 %
Parâmetros ('EV_CA', 'PRE_CA', 'TST_CA', 'saz_sin', 'saz_cos')
Linhas de Treino [0, 2, 3, 4, 5, 7, 8, 9, 10, 12, 14, 15, 17, 18, 19, 20, 23, 24, 25, 26, 27, 28, 29, 31, 32, 33, 34, 35, 36, 37, 39, 40, 41, 42, 43, 44, 46, 48, 50, 51, 52, 53, 54, 55, 56, 58, 59, 60, 61, 62, 64, 65, 66, 67, 68, 70, 71, 72, 74, 75, 77, 79, 80, 81, 82, 83, 84, 85, 86, 88, 89, 90, 91, 92, 93, 94, 96, 97, 98, 100, 101, 102, 104, 105, 106, 107, 109, 110, 111, 113, 114, 115, 116, 118, 119, 120, 121, 122, 123, 124, 125, 126, 127, 128, 129, 130, 131, 132, 133, 134, 136, 138, 139, 140, 141, 142, 143, 144, 145, 146, 147, 148, 149, 150, 152, 153, 157, 158, 159, 160, 161, 162, 163, 164, 166, 167, 169, 171, 175, 176, 177, 179, 180, 181, 182, 183, 184, 185, 186, 187, 189, 190, 191, 192, 193, 194, 195, 196, 197, 198, 199, 201, 202, 205, 206, 207, 208, 210, 211, 212, 213, 214, 215, 216, 217, 218, 219, 220, 223, 224, 225, 226, 227, 229, 231, 232, 233, 234, 235, 237, 238, 240, 242, 243, 246, 247, 248, 249, 251, 252, 253, 254, 255, 256, 257, 258, 259, 260, 261, 263, 264, 265, 266, 267, 268, 269, 270, 274, 275, 277, 278, 279, 280, 281, 282, 283, 284, 285, 286, 287, 288, 289, 290, 291, 293, 294, 295, 296]
Linhas de Teste [1, 6, 11, 13, 16, 21, 22, 30, 38, 45, 47, 49, 57, 63, 69, 73, 76, 78, 87, 95, 99, 103, 108, 112, 117, 135, 137, 151, 154, 155, 156, 165, 168, 170, 172, 173, 174, 178, 188, 200, 203, 204, 209, 221, 222, 228, 230, 236, 239, 241, 244, 245, 250, 262, 271, 272, 273, 276, 292]
R2 de Treino = 95.45
R2 de Teste = 92.67

28 / 150  18.67 %
Tempo restante 0:00:13.798688

#################  Rodada 28 / 150  18.67 %
Parâmetros ('EV_MA', 'TST_MA', 'WAI_MA', 'saz_sin', 'saz_cos')
Linhas de Treino [0, 2, 3, 4, 5, 7, 8, 9, 10, 12, 14, 15, 17, 18, 19, 20, 23, 24, 25, 26, 27, 28, 29, 31, 32, 33, 34, 35, 36, 37, 39, 40, 41, 42, 43, 44, 46, 48, 50, 51, 52, 53, 54, 55, 56, 58, 59, 60, 61, 62, 64, 65, 66, 67, 68, 70, 71, 72, 74, 75, 77, 79, 80, 81, 82, 83, 84, 85, 86, 88, 89, 90, 91, 92, 93, 94, 96, 97, 98, 100, 101, 102, 104, 105, 106, 107, 109, 110, 111, 113, 114, 115, 116, 118, 119, 120, 121, 122, 123, 124, 125, 126, 127, 128, 129, 130, 131, 132, 133, 134, 136, 138, 139, 140, 141, 142, 143, 144, 145, 146, 147, 148, 149, 150, 152, 153, 157, 158, 159, 160, 161, 162, 163, 164, 166, 167, 169, 171, 175, 176, 177, 179, 180, 181, 182, 183, 184, 185, 186, 187, 189, 190, 191, 192, 193, 194, 195, 196, 197, 198, 199, 201, 202, 205, 206, 207, 208, 210, 211, 212, 213, 214, 215, 216, 217, 218, 219, 220, 223, 224, 225, 226, 227, 229, 231, 232, 233, 234, 235, 237, 238, 240, 242, 243, 246, 247, 248, 249, 251, 252, 253, 254, 255, 256, 257, 258, 259, 260, 261, 263, 264, 265, 266, 267, 268, 269, 270, 274, 275, 277, 278, 279, 280, 281, 282, 283, 284, 285, 286, 287, 288, 289, 290, 291, 293, 294, 295, 296]
Linhas de Teste [1, 6, 11, 13, 16, 21, 22, 30, 38, 45, 47, 49, 57, 63, 69, 73, 76, 78, 87, 95, 99, 103, 108, 112, 117, 135, 137, 151, 154, 155, 156, 165, 168, 170, 172, 173, 174, 178, 188, 200, 203, 204, 209, 221, 222, 228, 230, 236, 239, 241, 244, 245, 250, 262, 271, 272, 273, 276, 292]
R2 de Treino = 79.4
R2 de Teste = 69.56

28 / 150  18.67 %
Tempo restante 0:00:14.276806

#################  Rodada 28 / 150  18.67 %
Parâmetros ('EV_CE', 'PRE_CE', 'WAI_CE', 'saz_sin', 'saz_cos')
Linhas de Treino [0, 2, 3, 4, 5, 7, 8, 9, 10, 12, 14, 15, 17, 18, 19, 20, 23, 24, 25, 26, 27, 28, 29, 31, 32, 33, 34, 35, 36, 37, 39, 40, 41, 42, 43, 44, 46, 48, 50, 51, 52, 53, 54, 55, 56, 58, 59, 60, 61, 62, 64, 65, 66, 67, 68, 70, 71, 72, 74, 75, 77, 79, 80, 81, 82, 83, 84, 85, 86, 88, 89, 90, 91, 92, 93, 94, 96, 97, 98, 100, 101, 102, 104, 105, 106, 107, 109, 110, 111, 113, 114, 115, 116, 118, 119, 120, 121, 122, 123, 124, 125, 126, 127, 128, 129, 130, 131, 132, 133, 134, 136, 138, 139, 140, 141, 142, 143, 144, 145, 146, 147, 148, 149, 150, 152, 153, 157, 158, 159, 160, 161, 162, 163, 164, 166, 167, 169, 171, 175, 176, 177, 179, 180, 181, 182, 183, 184, 185, 186, 187, 189, 190, 191, 192, 193, 194, 195, 196, 197, 198, 199, 201, 202, 205, 206, 207, 208, 210, 211, 212, 213, 214, 215, 216, 217, 218, 219, 220, 223, 224, 225, 226, 227, 229, 231, 232, 233, 234, 235, 237, 238, 240, 242, 243, 246, 247, 248, 249, 251, 252, 253, 254, 255, 256, 257, 258, 259, 260, 261, 263, 264, 265, 266, 267, 268, 269, 270, 274, 275, 277, 278, 279, 280, 281, 282, 283, 284, 285, 286, 287, 288, 289, 290, 291, 293, 294, 295, 296]
Linhas de Teste [1, 6, 11, 13, 16, 21, 22, 30, 38, 45, 47, 49, 57, 63, 69, 73, 76, 78, 87, 95, 99, 103, 108, 112, 117, 135, 137, 151, 154, 155, 156, 165, 168, 170, 172, 173, 174, 178, 188, 200, 203, 204, 209, 221, 222, 228, 230, 236, 239, 241, 244, 245, 250, 262, 271, 272, 273, 276, 292]
R2 de Treino = 97.28
R2 de Teste = 96.6

28 / 150  18.67 %
Tempo restante 0:00:14.445898

#################  Rodada 29 / 150  19.33 %
Parâmetros ('EV_CA', 'PRE_CA', 'TST_CA', 'saz_sin', 'saz_cos')
Linhas de Treino [0, 1, 2, 3, 4, 6, 7, 8, 9, 10, 11, 12, 13, 14, 15, 16, 17, 18, 19, 20, 21, 22, 23, 25, 26, 29, 30, 31, 33, 34, 35, 38, 40, 41, 42, 43, 45, 46, 47, 48, 49, 50, 51, 52, 53, 54, 56, 57, 58, 60, 61, 62, 63, 64, 65, 68, 69, 70, 71, 72, 73, 74, 76, 77, 78, 81, 82, 83, 84, 85, 86, 87, 88, 93, 94, 95, 98, 99, 101, 102, 103, 105, 106, 107, 108, 109, 110, 111, 112, 115, 116, 117, 118, 119, 120, 121, 122, 124, 125, 126, 127, 128, 129, 130, 131, 133, 134, 135, 137, 139, 140, 141, 142, 143, 144, 145, 147, 148, 149, 150, 151, 152, 153, 154, 155, 156, 157, 158, 159, 160, 161, 162, 163, 164, 165, 166, 168, 170, 171, 172, 173, 174, 176, 177, 178, 179, 180, 181, 182, 184, 186, 187, 188, 190, 191, 192, 193, 195, 197, 198, 199, 200, 201, 202, 203, 204, 207, 209, 210, 211, 212, 213, 214, 215, 216, 217, 220, 221, 222, 223, 224, 225, 226, 228, 229, 230, 231, 232, 233, 234, 235, 236, 237, 238, 239, 240, 241, 242, 244, 245, 246, 247, 248, 250, 251, 252, 255, 256, 257, 258, 259, 260, 261, 262, 263, 264, 266, 267, 268, 269, 270, 271, 272, 273, 274, 276, 278, 279, 281, 282, 285, 287, 289, 290, 292, 294, 295, 296]
Linhas de Teste [5, 24, 27, 28, 32, 36, 37, 39, 44, 55, 59, 66, 67, 75, 79, 80, 89, 90, 91, 92, 96, 97, 100, 104, 113, 114, 123, 132, 136, 138, 146, 167, 169, 175, 183, 185, 189, 194, 196, 205, 206, 208, 218, 219, 227, 243, 249, 253, 254, 265, 275, 277, 280, 283, 284, 286, 288, 291, 293]
R2 de Treino = 95.26
R2 de Teste = 94.27

29 / 150  19.33 %
Tempo restante 0:00:13.659327

#################  Rodada 29 / 150  19.33 %
Parâmetros ('EV_MA', 'TST_MA', 'WAI_MA', 'saz_sin', 'saz_cos')
Linhas de Treino [0, 1, 2, 3, 4, 6, 7, 8, 9, 10, 11, 12, 13, 14, 15, 16, 17, 18, 19, 20, 21, 22, 23, 25, 26, 29, 30, 31, 33, 34, 35, 38, 40, 41, 42, 43, 45, 46, 47, 48, 49, 50, 51, 52, 53, 54, 56, 57, 58, 60, 61, 62, 63, 64, 65, 68, 69, 70, 71, 72, 73, 74, 76, 77, 78, 81, 82, 83, 84, 85, 86, 87, 88, 93, 94, 95, 98, 99, 101, 102, 103, 105, 106, 107, 108, 109, 110, 111, 112, 115, 116, 117, 118, 119, 120, 121, 122, 124, 125, 126, 127, 128, 129, 130, 131, 133, 134, 135, 137, 139, 140, 141, 142, 143, 144, 145, 147, 148, 149, 150, 151, 152, 153, 154, 155, 156, 157, 158, 159, 160, 161, 162, 163, 164, 165, 166, 168, 170, 171, 172, 173, 174, 176, 177, 178, 179, 180, 181, 182, 184, 186, 187, 188, 190, 191, 192, 193, 195, 197, 198, 199, 200, 201, 202, 203, 204, 207, 209, 210, 211, 212, 213, 214, 215, 216, 217, 220, 221, 222, 223, 224, 225, 226, 228, 229, 230, 231, 232, 233, 234, 235, 236, 237, 238, 239, 240, 241, 242, 244, 245, 246, 247, 248, 250, 251, 252, 255, 256, 257, 258, 259, 260, 261, 262, 263, 264, 266, 267, 268, 269, 270, 271, 272, 273, 274, 276, 278, 279, 281, 282, 285, 287, 289, 290, 292, 294, 295, 296]
Linhas de Teste [5, 24, 27, 28, 32, 36, 37, 39, 44, 55, 59, 66, 67, 75, 79, 80, 89, 90, 91, 92, 96, 97, 100, 104, 113, 114, 123, 132, 136, 138, 146, 167, 169, 175, 183, 185, 189, 194, 196, 205, 206, 208, 218, 219, 227, 243, 249, 253, 254, 265, 275, 277, 280, 283, 284, 286, 288, 291, 293]
R2 de Treino = 77.38
R2 de Teste = 78.85

29 / 150  19.33 %
Tempo restante 0:00:14.724732

#################  Rodada 29 / 150  19.33 %
Parâmetros ('EV_CE', 'PRE_CE', 'WAI_CE', 'saz_sin', 'saz_cos')
Linhas de Treino [0, 1, 2, 3, 4, 6, 7, 8, 9, 10, 11, 12, 13, 14, 15, 16, 17, 18, 19, 20, 21, 22, 23, 25, 26, 29, 30, 31, 33, 34, 35, 38, 40, 41, 42, 43, 45, 46, 47, 48, 49, 50, 51, 52, 53, 54, 56, 57, 58, 60, 61, 62, 63, 64, 65, 68, 69, 70, 71, 72, 73, 74, 76, 77, 78, 81, 82, 83, 84, 85, 86, 87, 88, 93, 94, 95, 98, 99, 101, 102, 103, 105, 106, 107, 108, 109, 110, 111, 112, 115, 116, 117, 118, 119, 120, 121, 122, 124, 125, 126, 127, 128, 129, 130, 131, 133, 134, 135, 137, 139, 140, 141, 142, 143, 144, 145, 147, 148, 149, 150, 151, 152, 153, 154, 155, 156, 157, 158, 159, 160, 161, 162, 163, 164, 165, 166, 168, 170, 171, 172, 173, 174, 176, 177, 178, 179, 180, 181, 182, 184, 186, 187, 188, 190, 191, 192, 193, 195, 197, 198, 199, 200, 201, 202, 203, 204, 207, 209, 210, 211, 212, 213, 214, 215, 216, 217, 220, 221, 222, 223, 224, 225, 226, 228, 229, 230, 231, 232, 233, 234, 235, 236, 237, 238, 239, 240, 241, 242, 244, 245, 246, 247, 248, 250, 251, 252, 255, 256, 257, 258, 259, 260, 261, 262, 263, 264, 266, 267, 268, 269, 270, 271, 272, 273, 274, 276, 278, 279, 281, 282, 285, 287, 289, 290, 292, 294, 295, 296]
Linhas de Teste [5, 24, 27, 28, 32, 36, 37, 39, 44, 55, 59, 66, 67, 75, 79, 80, 89, 90, 91, 92, 96, 97, 100, 104, 113, 114, 123, 132, 136, 138, 146, 167, 169, 175, 183, 185, 189, 194, 196, 205, 206, 208, 218, 219, 227, 243, 249, 253, 254, 265, 275, 277, 280, 283, 284, 286, 288, 291, 293]
R2 de Treino = 97.01
R2 de Teste = 97.91

29 / 150  19.33 %
Tempo restante 0:00:14.397427

#################  Rodada 30 / 150  20.0 %
Parâmetros ('EV_CA', 'PRE_CA', 'TST_CA', 'saz_sin', 'saz_cos')
Linhas de Treino [0, 1, 3, 5, 6, 7, 9, 11, 13, 14, 15, 16, 17, 18, 20, 21, 22, 23, 24, 25, 26, 27, 28, 29, 30, 31, 32, 33, 34, 35, 36, 37, 38, 39, 40, 41, 42, 43, 44, 45, 47, 48, 49, 50, 52, 54, 55, 56, 57, 59, 63, 65, 66, 67, 68, 69, 70, 73, 74, 75, 76, 77, 78, 79, 80, 82, 83, 84, 85, 86, 87, 89, 90, 91, 92, 93, 94, 95, 96, 97, 99, 100, 101, 102, 103, 104, 105, 107, 108, 109, 110, 111, 112, 113, 114, 115, 116, 117, 118, 120, 121, 123, 125, 126, 127, 128, 129, 130, 131, 132, 133, 134, 135, 136, 137, 138, 140, 142, 143, 146, 148, 149, 150, 151, 153, 154, 155, 156, 158, 160, 161, 163, 164, 165, 166, 167, 168, 169, 170, 171, 172, 173, 174, 175, 178, 179, 180, 181, 182, 183, 184, 185, 187, 188, 189, 190, 191, 193, 194, 195, 196, 199, 200, 201, 202, 203, 204, 205, 206, 207, 208, 209, 210, 211, 212, 213, 216, 218, 219, 220, 221, 222, 223, 224, 227, 228, 230, 231, 232, 234, 235, 236, 237, 239, 241, 243, 244, 245, 246, 247, 248, 249, 250, 251, 252, 253, 254, 255, 256, 257, 262, 263, 264, 265, 266, 267, 269, 270, 271, 272, 273, 274, 275, 276, 277, 278, 279, 280, 283, 284, 286, 287, 288, 289, 291, 292, 293, 296]
Linhas de Teste [2, 4, 8, 10, 12, 19, 46, 51, 53, 58, 60, 61, 62, 64, 71, 72, 81, 88, 98, 106, 119, 122, 124, 139, 141, 144, 145, 147, 152, 157, 159, 162, 176, 177, 186, 192, 197, 198, 214, 215, 217, 225, 226, 229, 233, 238, 240, 242, 258, 259, 260, 261, 268, 281, 282, 285, 290, 294, 295]
R2 de Treino = 94.94
R2 de Teste = 95.6

30 / 150  20.0 %
Tempo restante 0:00:14.088120

#################  Rodada 30 / 150  20.0 %
Parâmetros ('EV_MA', 'TST_MA', 'WAI_MA', 'saz_sin', 'saz_cos')
Linhas de Treino [0, 1, 3, 5, 6, 7, 9, 11, 13, 14, 15, 16, 17, 18, 20, 21, 22, 23, 24, 25, 26, 27, 28, 29, 30, 31, 32, 33, 34, 35, 36, 37, 38, 39, 40, 41, 42, 43, 44, 45, 47, 48, 49, 50, 52, 54, 55, 56, 57, 59, 63, 65, 66, 67, 68, 69, 70, 73, 74, 75, 76, 77, 78, 79, 80, 82, 83, 84, 85, 86, 87, 89, 90, 91, 92, 93, 94, 95, 96, 97, 99, 100, 101, 102, 103, 104, 105, 107, 108, 109, 110, 111, 112, 113, 114, 115, 116, 117, 118, 120, 121, 123, 125, 126, 127, 128, 129, 130, 131, 132, 133, 134, 135, 136, 137, 138, 140, 142, 143, 146, 148, 149, 150, 151, 153, 154, 155, 156, 158, 160, 161, 163, 164, 165, 166, 167, 168, 169, 170, 171, 172, 173, 174, 175, 178, 179, 180, 181, 182, 183, 184, 185, 187, 188, 189, 190, 191, 193, 194, 195, 196, 199, 200, 201, 202, 203, 204, 205, 206, 207, 208, 209, 210, 211, 212, 213, 216, 218, 219, 220, 221, 222, 223, 224, 227, 228, 230, 231, 232, 234, 235, 236, 237, 239, 241, 243, 244, 245, 246, 247, 248, 249, 250, 251, 252, 253, 254, 255, 256, 257, 262, 263, 264, 265, 266, 267, 269, 270, 271, 272, 273, 274, 275, 276, 277, 278, 279, 280, 283, 284, 286, 287, 288, 289, 291, 292, 293, 296]
Linhas de Teste [2, 4, 8, 10, 12, 19, 46, 51, 53, 58, 60, 61, 62, 64, 71, 72, 81, 88, 98, 106, 119, 122, 124, 139, 141, 144, 145, 147, 152, 157, 159, 162, 176, 177, 186, 192, 197, 198, 214, 215, 217, 225, 226, 229, 233, 238, 240, 242, 258, 259, 260, 261, 268, 281, 282, 285, 290, 294, 295]
R2 de Treino = 79.73
R2 de Teste = 72.74

30 / 150  20.0 %
Tempo restante 0:00:14.185320

#################  Rodada 30 / 150  20.0 %
Parâmetros ('EV_CE', 'PRE_CE', 'WAI_CE', 'saz_sin', 'saz_cos')
Linhas de Treino [0, 1, 3, 5, 6, 7, 9, 11, 13, 14, 15, 16, 17, 18, 20, 21, 22, 23, 24, 25, 26, 27, 28, 29, 30, 31, 32, 33, 34, 35, 36, 37, 38, 39, 40, 41, 42, 43, 44, 45, 47, 48, 49, 50, 52, 54, 55, 56, 57, 59, 63, 65, 66, 67, 68, 69, 70, 73, 74, 75, 76, 77, 78, 79, 80, 82, 83, 84, 85, 86, 87, 89, 90, 91, 92, 93, 94, 95, 96, 97, 99, 100, 101, 102, 103, 104, 105, 107, 108, 109, 110, 111, 112, 113, 114, 115, 116, 117, 118, 120, 121, 123, 125, 126, 127, 128, 129, 130, 131, 132, 133, 134, 135, 136, 137, 138, 140, 142, 143, 146, 148, 149, 150, 151, 153, 154, 155, 156, 158, 160, 161, 163, 164, 165, 166, 167, 168, 169, 170, 171, 172, 173, 174, 175, 178, 179, 180, 181, 182, 183, 184, 185, 187, 188, 189, 190, 191, 193, 194, 195, 196, 199, 200, 201, 202, 203, 204, 205, 206, 207, 208, 209, 210, 211, 212, 213, 216, 218, 219, 220, 221, 222, 223, 224, 227, 228, 230, 231, 232, 234, 235, 236, 237, 239, 241, 243, 244, 245, 246, 247, 248, 249, 250, 251, 252, 253, 254, 255, 256, 257, 262, 263, 264, 265, 266, 267, 269, 270, 271, 272, 273, 274, 275, 276, 277, 278, 279, 280, 283, 284, 286, 287, 288, 289, 291, 292, 293, 296]
Linhas de Teste [2, 4, 8, 10, 12, 19, 46, 51, 53, 58, 60, 61, 62, 64, 71, 72, 81, 88, 98, 106, 119, 122, 124, 139, 141, 144, 145, 147, 152, 157, 159, 162, 176, 177, 186, 192, 197, 198, 214, 215, 217, 225, 226, 229, 233, 238, 240, 242, 258, 259, 260, 261, 268, 281, 282, 285, 290, 294, 295]
R2 de Treino = 97.31
R2 de Teste = 97.11

30 / 150  20.0 %
Tempo restante 0:00:14.355480

#################  Rodada 31 / 150  20.67 %
Parâmetros ('EV_CA', 'PRE_CA', 'TST_CA', 'saz_sin', 'saz_cos')
Linhas de Treino [0, 1, 2, 3, 4, 5, 6, 7, 8, 9, 11, 13, 17, 19, 20, 21, 22, 23, 24, 25, 27, 28, 30, 31, 32, 33, 34, 36, 37, 38, 39, 40, 41, 42, 43, 44, 45, 46, 48, 49, 50, 51, 52, 54, 55, 56, 58, 59, 60, 61, 63, 65, 68, 69, 72, 75, 76, 77, 78, 79, 81, 82, 83, 84, 85, 86, 88, 89, 91, 92, 93, 95, 96, 97, 98, 99, 100, 102, 103, 104, 105, 106, 107, 108, 109, 110, 111, 114, 115, 116, 117, 118, 119, 121, 122, 123, 124, 125, 126, 127, 128, 129, 130, 131, 134, 135, 136, 137, 138, 140, 141, 142, 144, 145, 146, 147, 148, 149, 150, 151, 153, 155, 157, 158, 159, 160, 161, 162, 163, 165, 166, 167, 168, 169, 172, 173, 174, 175, 176, 177, 178, 179, 181, 182, 183, 185, 186, 187, 188, 189, 190, 191, 192, 193, 194, 195, 197, 198, 199, 201, 202, 203, 204, 205, 206, 207, 208, 209, 210, 211, 212, 213, 214, 215, 216, 217, 218, 219, 220, 221, 222, 224, 225, 228, 229, 231, 232, 233, 234, 237, 238, 239, 240, 241, 242, 244, 245, 246, 247, 248, 249, 250, 251, 253, 254, 255, 259, 261, 262, 263, 264, 265, 266, 267, 268, 269, 272, 273, 274, 275, 276, 279, 280, 281, 282, 283, 284, 285, 286, 287, 288, 289, 290, 291, 293, 294, 296]
Linhas de Teste [10, 12, 14, 15, 16, 18, 26, 29, 35, 47, 53, 57, 62, 64, 66, 67, 70, 71, 73, 74, 80, 87, 90, 94, 101, 112, 113, 120, 132, 133, 139, 143, 152, 154, 156, 164, 170, 171, 180, 184, 196, 200, 223, 226, 227, 230, 235, 236, 243, 252, 256, 257, 258, 260, 270, 271, 277, 278, 292, 295]
R2 de Treino = 95.28
R2 de Teste = 94.11

31 / 150  20.67 %
Tempo restante 0:00:13.692378

#################  Rodada 31 / 150  20.67 %
Parâmetros ('EV_MA', 'TST_MA', 'WAI_MA', 'saz_sin', 'saz_cos')
Linhas de Treino [0, 1, 2, 3, 4, 5, 6, 7, 8, 9, 11, 13, 17, 19, 20, 21, 22, 23, 24, 25, 27, 28, 30, 31, 32, 33, 34, 36, 37, 38, 39, 40, 41, 42, 43, 44, 45, 46, 48, 49, 50, 51, 52, 54, 55, 56, 58, 59, 60, 61, 63, 65, 68, 69, 72, 75, 76, 77, 78, 79, 81, 82, 83, 84, 85, 86, 88, 89, 91, 92, 93, 95, 96, 97, 98, 99, 100, 102, 103, 104, 105, 106, 107, 108, 109, 110, 111, 114, 115, 116, 117, 118, 119, 121, 122, 123, 124, 125, 126, 127, 128, 129, 130, 131, 134, 135, 136, 137, 138, 140, 141, 142, 144, 145, 146, 147, 148, 149, 150, 151, 153, 155, 157, 158, 159, 160, 161, 162, 163, 165, 166, 167, 168, 169, 172, 173, 174, 175, 176, 177, 178, 179, 181, 182, 183, 185, 186, 187, 188, 189, 190, 191, 192, 193, 194, 195, 197, 198, 199, 201, 202, 203, 204, 205, 206, 207, 208, 209, 210, 211, 212, 213, 214, 215, 216, 217, 218, 219, 220, 221, 222, 224, 225, 228, 229, 231, 232, 233, 234, 237, 238, 239, 240, 241, 242, 244, 245, 246, 247, 248, 249, 250, 251, 253, 254, 255, 259, 261, 262, 263, 264, 265, 266, 267, 268, 269, 272, 273, 274, 275, 276, 279, 280, 281, 282, 283, 284, 285, 286, 287, 288, 289, 290, 291, 293, 294, 296]
Linhas de Teste [10, 12, 14, 15, 16, 18, 26, 29, 35, 47, 53, 57, 62, 64, 66, 67, 70, 71, 73, 74, 80, 87, 90, 94, 101, 112, 113, 120, 132, 133, 139, 143, 152, 154, 156, 164, 170, 171, 180, 184, 196, 200, 223, 226, 227, 230, 235, 236, 243, 252, 256, 257, 258, 260, 270, 271, 277, 278, 292, 295]
R2 de Treino = 79.37
R2 de Teste = 78.0

31 / 150  20.67 %
Tempo restante 0:00:14.112091

#################  Rodada 31 / 150  20.67 %
Parâmetros ('EV_CE', 'PRE_CE', 'WAI_CE', 'saz_sin', 'saz_cos')
Linhas de Treino [0, 1, 2, 3, 4, 5, 6, 7, 8, 9, 11, 13, 17, 19, 20, 21, 22, 23, 24, 25, 27, 28, 30, 31, 32, 33, 34, 36, 37, 38, 39, 40, 41, 42, 43, 44, 45, 46, 48, 49, 50, 51, 52, 54, 55, 56, 58, 59, 60, 61, 63, 65, 68, 69, 72, 75, 76, 77, 78, 79, 81, 82, 83, 84, 85, 86, 88, 89, 91, 92, 93, 95, 96, 97, 98, 99, 100, 102, 103, 104, 105, 106, 107, 108, 109, 110, 111, 114, 115, 116, 117, 118, 119, 121, 122, 123, 124, 125, 126, 127, 128, 129, 130, 131, 134, 135, 136, 137, 138, 140, 141, 142, 144, 145, 146, 147, 148, 149, 150, 151, 153, 155, 157, 158, 159, 160, 161, 162, 163, 165, 166, 167, 168, 169, 172, 173, 174, 175, 176, 177, 178, 179, 181, 182, 183, 185, 186, 187, 188, 189, 190, 191, 192, 193, 194, 195, 197, 198, 199, 201, 202, 203, 204, 205, 206, 207, 208, 209, 210, 211, 212, 213, 214, 215, 216, 217, 218, 219, 220, 221, 222, 224, 225, 228, 229, 231, 232, 233, 234, 237, 238, 239, 240, 241, 242, 244, 245, 246, 247, 248, 249, 250, 251, 253, 254, 255, 259, 261, 262, 263, 264, 265, 266, 267, 268, 269, 272, 273, 274, 275, 276, 279, 280, 281, 282, 283, 284, 285, 286, 287, 288, 289, 290, 291, 293, 294, 296]
Linhas de Teste [10, 12, 14, 15, 16, 18, 26, 29, 35, 47, 53, 57, 62, 64, 66, 67, 70, 71, 73, 74, 80, 87, 90, 94, 101, 112, 113, 120, 132, 133, 139, 143, 152, 154, 156, 164, 170, 171, 180, 184, 196, 200, 223, 226, 227, 230, 235, 236, 243, 252, 256, 257, 258, 260, 270, 271, 277, 278, 292, 295]
R2 de Treino = 97.42
R2 de Teste = 96.03

31 / 150  20.67 %
Tempo restante 0:00:14.587615

#################  Rodada 32 / 150  21.33 %
Parâmetros ('EV_CA', 'PRE_CA', 'TST_CA', 'saz_sin', 'saz_cos')
Linhas de Treino [0, 1, 2, 3, 4, 5, 6, 7, 8, 9, 10, 11, 12, 13, 14, 15, 16, 17, 18, 19, 20, 21, 23, 24, 25, 26, 27, 29, 30, 31, 34, 35, 36, 38, 39, 40, 41, 42, 43, 44, 45, 46, 47, 48, 49, 50, 52, 53, 54, 55, 56, 57, 58, 59, 61, 62, 63, 64, 65, 66, 67, 68, 69, 70, 71, 72, 73, 74, 75, 76, 77, 78, 79, 80, 81, 83, 85, 86, 87, 88, 89, 90, 91, 92, 93, 94, 95, 96, 97, 98, 99, 101, 102, 104, 105, 107, 110, 112, 113, 114, 115, 116, 117, 118, 120, 121, 122, 124, 125, 126, 128, 129, 130, 131, 132, 133, 134, 135, 137, 138, 139, 140, 142, 143, 144, 145, 146, 147, 149, 151, 152, 153, 154, 155, 156, 158, 159, 160, 161, 162, 163, 164, 165, 166, 169, 170, 171, 172, 173, 175, 176, 177, 178, 180, 181, 182, 183, 184, 185, 186, 187, 188, 190, 192, 193, 194, 196, 197, 198, 200, 201, 202, 203, 204, 206, 207, 209, 210, 212, 213, 217, 219, 220, 221, 222, 223, 224, 226, 227, 230, 232, 233, 235, 236, 237, 238, 241, 242, 243, 245, 246, 247, 248, 249, 250, 251, 252, 253, 254, 256, 257, 258, 259, 260, 261, 262, 263, 264, 265, 267, 268, 270, 271, 272, 273, 274, 275, 277, 278, 279, 286, 288, 290, 292, 293, 295, 296]
Linhas de Teste [22, 28, 32, 33, 37, 51, 60, 82, 84, 100, 103, 106, 108, 109, 111, 119, 123, 127, 136, 141, 148, 150, 157, 167, 168, 174, 179, 189, 191, 195, 199, 205, 208, 211, 214, 215, 216, 218, 225, 228, 229, 231, 234, 239, 240, 244, 255, 266, 269, 276, 280, 281, 282, 283, 284, 285, 287, 289, 291, 294]
R2 de Treino = 95.43
R2 de Teste = 93.2

32 / 150  21.33 %
Tempo restante 0:00:13.498610

#################  Rodada 32 / 150  21.33 %
Parâmetros ('EV_MA', 'TST_MA', 'WAI_MA', 'saz_sin', 'saz_cos')
Linhas de Treino [0, 1, 2, 3, 4, 5, 6, 7, 8, 9, 10, 11, 12, 13, 14, 15, 16, 17, 18, 19, 20, 21, 23, 24, 25, 26, 27, 29, 30, 31, 34, 35, 36, 38, 39, 40, 41, 42, 43, 44, 45, 46, 47, 48, 49, 50, 52, 53, 54, 55, 56, 57, 58, 59, 61, 62, 63, 64, 65, 66, 67, 68, 69, 70, 71, 72, 73, 74, 75, 76, 77, 78, 79, 80, 81, 83, 85, 86, 87, 88, 89, 90, 91, 92, 93, 94, 95, 96, 97, 98, 99, 101, 102, 104, 105, 107, 110, 112, 113, 114, 115, 116, 117, 118, 120, 121, 122, 124, 125, 126, 128, 129, 130, 131, 132, 133, 134, 135, 137, 138, 139, 140, 142, 143, 144, 145, 146, 147, 149, 151, 152, 153, 154, 155, 156, 158, 159, 160, 161, 162, 163, 164, 165, 166, 169, 170, 171, 172, 173, 175, 176, 177, 178, 180, 181, 182, 183, 184, 185, 186, 187, 188, 190, 192, 193, 194, 196, 197, 198, 200, 201, 202, 203, 204, 206, 207, 209, 210, 212, 213, 217, 219, 220, 221, 222, 223, 224, 226, 227, 230, 232, 233, 235, 236, 237, 238, 241, 242, 243, 245, 246, 247, 248, 249, 250, 251, 252, 253, 254, 256, 257, 258, 259, 260, 261, 262, 263, 264, 265, 267, 268, 270, 271, 272, 273, 274, 275, 277, 278, 279, 286, 288, 290, 292, 293, 295, 296]
Linhas de Teste [22, 28, 32, 33, 37, 51, 60, 82, 84, 100, 103, 106, 108, 109, 111, 119, 123, 127, 136, 141, 148, 150, 157, 167, 168, 174, 179, 189, 191, 195, 199, 205, 208, 211, 214, 215, 216, 218, 225, 228, 229, 231, 234, 239, 240, 244, 255, 266, 269, 276, 280, 281, 282, 283, 284, 285, 287, 289, 291, 294]
R2 de Treino = 78.84
R2 de Teste = 75.17

32 / 150  21.33 %
Tempo restante 0:00:13.868776

#################  Rodada 32 / 150  21.33 %
Parâmetros ('EV_CE', 'PRE_CE', 'WAI_CE', 'saz_sin', 'saz_cos')
Linhas de Treino [0, 1, 2, 3, 4, 5, 6, 7, 8, 9, 10, 11, 12, 13, 14, 15, 16, 17, 18, 19, 20, 21, 23, 24, 25, 26, 27, 29, 30, 31, 34, 35, 36, 38, 39, 40, 41, 42, 43, 44, 45, 46, 47, 48, 49, 50, 52, 53, 54, 55, 56, 57, 58, 59, 61, 62, 63, 64, 65, 66, 67, 68, 69, 70, 71, 72, 73, 74, 75, 76, 77, 78, 79, 80, 81, 83, 85, 86, 87, 88, 89, 90, 91, 92, 93, 94, 95, 96, 97, 98, 99, 101, 102, 104, 105, 107, 110, 112, 113, 114, 115, 116, 117, 118, 120, 121, 122, 124, 125, 126, 128, 129, 130, 131, 132, 133, 134, 135, 137, 138, 139, 140, 142, 143, 144, 145, 146, 147, 149, 151, 152, 153, 154, 155, 156, 158, 159, 160, 161, 162, 163, 164, 165, 166, 169, 170, 171, 172, 173, 175, 176, 177, 178, 180, 181, 182, 183, 184, 185, 186, 187, 188, 190, 192, 193, 194, 196, 197, 198, 200, 201, 202, 203, 204, 206, 207, 209, 210, 212, 213, 217, 219, 220, 221, 222, 223, 224, 226, 227, 230, 232, 233, 235, 236, 237, 238, 241, 242, 243, 245, 246, 247, 248, 249, 250, 251, 252, 253, 254, 256, 257, 258, 259, 260, 261, 262, 263, 264, 265, 267, 268, 270, 271, 272, 273, 274, 275, 277, 278, 279, 286, 288, 290, 292, 293, 295, 296]
Linhas de Teste [22, 28, 32, 33, 37, 51, 60, 82, 84, 100, 103, 106, 108, 109, 111, 119, 123, 127, 136, 141, 148, 150, 157, 167, 168, 174, 179, 189, 191, 195, 199, 205, 208, 211, 214, 215, 216, 218, 225, 228, 229, 231, 234, 239, 240, 244, 255, 266, 269, 276, 280, 281, 282, 283, 284, 285, 287, 289, 291, 294]
R2 de Treino = 97.28
R2 de Teste = 96.78

32 / 150  21.33 %
Tempo restante 0:00:14.278944

#################  Rodada 33 / 150  22.0 %
Parâmetros ('EV_CA', 'PRE_CA', 'TST_CA', 'saz_sin', 'saz_cos')
Linhas de Treino [1, 2, 3, 5, 6, 8, 10, 11, 12, 13, 14, 15, 16, 18, 19, 21, 22, 23, 24, 26, 28, 29, 31, 32, 33, 34, 35, 36, 37, 40, 43, 44, 45, 47, 48, 49, 50, 51, 52, 53, 54, 55, 57, 58, 60, 62, 64, 65, 66, 67, 70, 71, 72, 73, 74, 75, 76, 78, 79, 80, 81, 82, 83, 84, 85, 86, 87, 89, 90, 91, 92, 93, 94, 95, 96, 97, 99, 100, 101, 102, 103, 104, 105, 106, 107, 108, 109, 110, 111, 112, 113, 115, 116, 118, 119, 120, 121, 122, 123, 125, 126, 127, 130, 132, 133, 134, 135, 136, 139, 140, 141, 142, 143, 145, 146, 147, 148, 149, 150, 151, 152, 153, 154, 155, 156, 157, 158, 159, 160, 161, 163, 164, 165, 167, 168, 170, 171, 172, 173, 174, 176, 177, 178, 179, 180, 181, 182, 184, 185, 186, 187, 188, 189, 190, 191, 193, 195, 196, 197, 199, 200, 201, 202, 203, 205, 206, 207, 208, 209, 210, 211, 213, 214, 215, 216, 218, 219, 220, 221, 222, 223, 224, 225, 226, 227, 228, 229, 230, 231, 232, 234, 235, 236, 237, 239, 240, 241, 243, 244, 245, 247, 250, 252, 253, 255, 256, 257, 258, 260, 261, 263, 265, 266, 267, 268, 269, 270, 271, 273, 275, 276, 277, 278, 280, 281, 282, 283, 284, 285, 287, 288, 289, 290, 291, 292, 294, 295, 296]
Linhas de Teste [0, 4, 7, 9, 17, 20, 25, 27, 30, 38, 39, 41, 42, 46, 56, 59, 61, 63, 68, 69, 77, 88, 98, 114, 117, 124, 128, 129, 131, 137, 138, 144, 162, 166, 169, 175, 183, 192, 194, 198, 204, 212, 217, 233, 238, 242, 246, 248, 249, 251, 254, 259, 262, 264, 272, 274, 279, 286, 293]
R2 de Treino = 95.03
R2 de Teste = 94.91

33 / 150  22.0 %
Tempo restante 0:00:13.221819

#################  Rodada 33 / 150  22.0 %
Parâmetros ('EV_MA', 'TST_MA', 'WAI_MA', 'saz_sin', 'saz_cos')
Linhas de Treino [1, 2, 3, 5, 6, 8, 10, 11, 12, 13, 14, 15, 16, 18, 19, 21, 22, 23, 24, 26, 28, 29, 31, 32, 33, 34, 35, 36, 37, 40, 43, 44, 45, 47, 48, 49, 50, 51, 52, 53, 54, 55, 57, 58, 60, 62, 64, 65, 66, 67, 70, 71, 72, 73, 74, 75, 76, 78, 79, 80, 81, 82, 83, 84, 85, 86, 87, 89, 90, 91, 92, 93, 94, 95, 96, 97, 99, 100, 101, 102, 103, 104, 105, 106, 107, 108, 109, 110, 111, 112, 113, 115, 116, 118, 119, 120, 121, 122, 123, 125, 126, 127, 130, 132, 133, 134, 135, 136, 139, 140, 141, 142, 143, 145, 146, 147, 148, 149, 150, 151, 152, 153, 154, 155, 156, 157, 158, 159, 160, 161, 163, 164, 165, 167, 168, 170, 171, 172, 173, 174, 176, 177, 178, 179, 180, 181, 182, 184, 185, 186, 187, 188, 189, 190, 191, 193, 195, 196, 197, 199, 200, 201, 202, 203, 205, 206, 207, 208, 209, 210, 211, 213, 214, 215, 216, 218, 219, 220, 221, 222, 223, 224, 225, 226, 227, 228, 229, 230, 231, 232, 234, 235, 236, 237, 239, 240, 241, 243, 244, 245, 247, 250, 252, 253, 255, 256, 257, 258, 260, 261, 263, 265, 266, 267, 268, 269, 270, 271, 273, 275, 276, 277, 278, 280, 281, 282, 283, 284, 285, 287, 288, 289, 290, 291, 292, 294, 295, 296]
Linhas de Teste [0, 4, 7, 9, 17, 20, 25, 27, 30, 38, 39, 41, 42, 46, 56, 59, 61, 63, 68, 69, 77, 88, 98, 114, 117, 124, 128, 129, 131, 137, 138, 144, 162, 166, 169, 175, 183, 192, 194, 198, 204, 212, 217, 233, 238, 242, 246, 248, 249, 251, 254, 259, 262, 264, 272, 274, 279, 286, 293]
R2 de Treino = 78.71
R2 de Teste = 77.38

33 / 150  22.0 %
Tempo restante 0:00:13.877838

#################  Rodada 33 / 150  22.0 %
Parâmetros ('EV_CE', 'PRE_CE', 'WAI_CE', 'saz_sin', 'saz_cos')
Linhas de Treino [1, 2, 3, 5, 6, 8, 10, 11, 12, 13, 14, 15, 16, 18, 19, 21, 22, 23, 24, 26, 28, 29, 31, 32, 33, 34, 35, 36, 37, 40, 43, 44, 45, 47, 48, 49, 50, 51, 52, 53, 54, 55, 57, 58, 60, 62, 64, 65, 66, 67, 70, 71, 72, 73, 74, 75, 76, 78, 79, 80, 81, 82, 83, 84, 85, 86, 87, 89, 90, 91, 92, 93, 94, 95, 96, 97, 99, 100, 101, 102, 103, 104, 105, 106, 107, 108, 109, 110, 111, 112, 113, 115, 116, 118, 119, 120, 121, 122, 123, 125, 126, 127, 130, 132, 133, 134, 135, 136, 139, 140, 141, 142, 143, 145, 146, 147, 148, 149, 150, 151, 152, 153, 154, 155, 156, 157, 158, 159, 160, 161, 163, 164, 165, 167, 168, 170, 171, 172, 173, 174, 176, 177, 178, 179, 180, 181, 182, 184, 185, 186, 187, 188, 189, 190, 191, 193, 195, 196, 197, 199, 200, 201, 202, 203, 205, 206, 207, 208, 209, 210, 211, 213, 214, 215, 216, 218, 219, 220, 221, 222, 223, 224, 225, 226, 227, 228, 229, 230, 231, 232, 234, 235, 236, 237, 239, 240, 241, 243, 244, 245, 247, 250, 252, 253, 255, 256, 257, 258, 260, 261, 263, 265, 266, 267, 268, 269, 270, 271, 273, 275, 276, 277, 278, 280, 281, 282, 283, 284, 285, 287, 288, 289, 290, 291, 292, 294, 295, 296]
Linhas de Teste [0, 4, 7, 9, 17, 20, 25, 27, 30, 38, 39, 41, 42, 46, 56, 59, 61, 63, 68, 69, 77, 88, 98, 114, 117, 124, 128, 129, 131, 137, 138, 144, 162, 166, 169, 175, 183, 192, 194, 198, 204, 212, 217, 233, 238, 242, 246, 248, 249, 251, 254, 259, 262, 264, 272, 274, 279, 286, 293]
R2 de Treino = 97.24
R2 de Teste = 96.8

33 / 150  22.0 %
Tempo restante 0:00:13.991445

#################  Rodada 34 / 150  22.67 %
Parâmetros ('EV_CA', 'PRE_CA', 'TST_CA', 'saz_sin', 'saz_cos')
Linhas de Treino [0, 1, 2, 4, 6, 7, 8, 9, 10, 11, 12, 13, 14, 15, 16, 17, 18, 20, 21, 22, 24, 25, 26, 27, 28, 29, 30, 32, 33, 35, 37, 38, 39, 40, 41, 42, 44, 45, 46, 47, 51, 53, 54, 56, 57, 59, 60, 61, 62, 63, 64, 66, 67, 68, 69, 70, 71, 72, 73, 74, 75, 76, 77, 79, 80, 82, 83, 84, 85, 86, 87, 88, 89, 90, 91, 94, 98, 100, 101, 102, 103, 105, 106, 108, 109, 110, 111, 112, 113, 114, 115, 117, 119, 120, 121, 122, 123, 124, 126, 127, 128, 129, 131, 132, 133, 136, 137, 138, 139, 140, 141, 142, 143, 144, 146, 147, 148, 150, 152, 153, 154, 156, 157, 159, 160, 162, 164, 165, 166, 167, 168, 169, 170, 171, 173, 174, 175, 177, 179, 180, 183, 184, 187, 189, 191, 192, 193, 194, 195, 196, 198, 199, 200, 201, 202, 203, 204, 205, 207, 208, 209, 211, 212, 214, 215, 216, 217, 218, 222, 223, 224, 225, 226, 227, 228, 229, 230, 231, 232, 233, 234, 235, 236, 237, 238, 239, 240, 241, 242, 243, 244, 245, 246, 247, 248, 249, 250, 251, 252, 254, 255, 256, 257, 258, 259, 260, 261, 262, 263, 264, 265, 266, 267, 269, 270, 271, 272, 273, 274, 275, 276, 277, 278, 279, 280, 281, 282, 283, 284, 285, 286, 287, 289, 291, 292, 293, 294, 295]
Linhas de Teste [3, 5, 19, 23, 31, 34, 36, 43, 48, 49, 50, 52, 55, 58, 65, 78, 81, 92, 93, 95, 96, 97, 99, 104, 107, 116, 118, 125, 130, 134, 135, 145, 149, 151, 155, 158, 161, 163, 172, 176, 178, 181, 182, 185, 186, 188, 190, 197, 206, 210, 213, 219, 220, 221, 253, 268, 288, 290, 296]
R2 de Treino = 94.83
R2 de Teste = 95.65

34 / 150  22.67 %
Tempo restante 0:00:13.190476

#################  Rodada 34 / 150  22.67 %
Parâmetros ('EV_MA', 'TST_MA', 'WAI_MA', 'saz_sin', 'saz_cos')
Linhas de Treino [0, 1, 2, 4, 6, 7, 8, 9, 10, 11, 12, 13, 14, 15, 16, 17, 18, 20, 21, 22, 24, 25, 26, 27, 28, 29, 30, 32, 33, 35, 37, 38, 39, 40, 41, 42, 44, 45, 46, 47, 51, 53, 54, 56, 57, 59, 60, 61, 62, 63, 64, 66, 67, 68, 69, 70, 71, 72, 73, 74, 75, 76, 77, 79, 80, 82, 83, 84, 85, 86, 87, 88, 89, 90, 91, 94, 98, 100, 101, 102, 103, 105, 106, 108, 109, 110, 111, 112, 113, 114, 115, 117, 119, 120, 121, 122, 123, 124, 126, 127, 128, 129, 131, 132, 133, 136, 137, 138, 139, 140, 141, 142, 143, 144, 146, 147, 148, 150, 152, 153, 154, 156, 157, 159, 160, 162, 164, 165, 166, 167, 168, 169, 170, 171, 173, 174, 175, 177, 179, 180, 183, 184, 187, 189, 191, 192, 193, 194, 195, 196, 198, 199, 200, 201, 202, 203, 204, 205, 207, 208, 209, 211, 212, 214, 215, 216, 217, 218, 222, 223, 224, 225, 226, 227, 228, 229, 230, 231, 232, 233, 234, 235, 236, 237, 238, 239, 240, 241, 242, 243, 244, 245, 246, 247, 248, 249, 250, 251, 252, 254, 255, 256, 257, 258, 259, 260, 261, 262, 263, 264, 265, 266, 267, 269, 270, 271, 272, 273, 274, 275, 276, 277, 278, 279, 280, 281, 282, 283, 284, 285, 286, 287, 289, 291, 292, 293, 294, 295]
Linhas de Teste [3, 5, 19, 23, 31, 34, 36, 43, 48, 49, 50, 52, 55, 58, 65, 78, 81, 92, 93, 95, 96, 97, 99, 104, 107, 116, 118, 125, 130, 134, 135, 145, 149, 151, 155, 158, 161, 163, 172, 176, 178, 181, 182, 185, 186, 188, 190, 197, 206, 210, 213, 219, 220, 221, 253, 268, 288, 290, 296]
R2 de Treino = 77.69
R2 de Teste = 70.74

34 / 150  22.67 %
Tempo restante 0:00:14.034144

#################  Rodada 34 / 150  22.67 %
Parâmetros ('EV_CE', 'PRE_CE', 'WAI_CE', 'saz_sin', 'saz_cos')
Linhas de Treino [0, 1, 2, 4, 6, 7, 8, 9, 10, 11, 12, 13, 14, 15, 16, 17, 18, 20, 21, 22, 24, 25, 26, 27, 28, 29, 30, 32, 33, 35, 37, 38, 39, 40, 41, 42, 44, 45, 46, 47, 51, 53, 54, 56, 57, 59, 60, 61, 62, 63, 64, 66, 67, 68, 69, 70, 71, 72, 73, 74, 75, 76, 77, 79, 80, 82, 83, 84, 85, 86, 87, 88, 89, 90, 91, 94, 98, 100, 101, 102, 103, 105, 106, 108, 109, 110, 111, 112, 113, 114, 115, 117, 119, 120, 121, 122, 123, 124, 126, 127, 128, 129, 131, 132, 133, 136, 137, 138, 139, 140, 141, 142, 143, 144, 146, 147, 148, 150, 152, 153, 154, 156, 157, 159, 160, 162, 164, 165, 166, 167, 168, 169, 170, 171, 173, 174, 175, 177, 179, 180, 183, 184, 187, 189, 191, 192, 193, 194, 195, 196, 198, 199, 200, 201, 202, 203, 204, 205, 207, 208, 209, 211, 212, 214, 215, 216, 217, 218, 222, 223, 224, 225, 226, 227, 228, 229, 230, 231, 232, 233, 234, 235, 236, 237, 238, 239, 240, 241, 242, 243, 244, 245, 246, 247, 248, 249, 250, 251, 252, 254, 255, 256, 257, 258, 259, 260, 261, 262, 263, 264, 265, 266, 267, 269, 270, 271, 272, 273, 274, 275, 276, 277, 278, 279, 280, 281, 282, 283, 284, 285, 286, 287, 289, 291, 292, 293, 294, 295]
Linhas de Teste [3, 5, 19, 23, 31, 34, 36, 43, 48, 49, 50, 52, 55, 58, 65, 78, 81, 92, 93, 95, 96, 97, 99, 104, 107, 116, 118, 125, 130, 134, 135, 145, 149, 151, 155, 158, 161, 163, 172, 176, 178, 181, 182, 185, 186, 188, 190, 197, 206, 210, 213, 219, 220, 221, 253, 268, 288, 290, 296]
R2 de Treino = 97.17
R2 de Teste = 97.61

34 / 150  22.67 %
Tempo restante 0:00:14.221948

#################  Rodada 35 / 150  23.33 %
Parâmetros ('EV_CA', 'PRE_CA', 'TST_CA', 'saz_sin', 'saz_cos')
Linhas de Treino [0, 3, 4, 5, 7, 9, 10, 12, 14, 15, 16, 17, 18, 19, 20, 22, 23, 25, 26, 27, 28, 29, 30, 31, 32, 33, 34, 35, 36, 37, 38, 39, 41, 42, 43, 46, 47, 48, 49, 50, 51, 52, 53, 55, 56, 57, 58, 59, 60, 61, 62, 63, 64, 65, 66, 67, 68, 69, 70, 71, 73, 74, 77, 78, 80, 81, 82, 84, 87, 88, 90, 92, 93, 94, 95, 96, 97, 98, 99, 100, 101, 103, 104, 106, 107, 108, 109, 111, 112, 113, 114, 116, 117, 118, 119, 120, 123, 124, 125, 127, 128, 129, 130, 131, 132, 133, 134, 135, 136, 137, 138, 139, 141, 143, 144, 145, 148, 149, 150, 151, 152, 154, 155, 156, 157, 158, 161, 162, 163, 164, 166, 167, 168, 169, 170, 171, 172, 174, 175, 176, 178, 179, 180, 181, 182, 183, 184, 185, 186, 188, 189, 190, 191, 192, 194, 195, 196, 197, 198, 199, 200, 204, 205, 206, 208, 210, 211, 212, 213, 214, 215, 216, 217, 218, 219, 220, 221, 223, 225, 226, 227, 228, 229, 230, 231, 233, 234, 235, 236, 238, 239, 240, 242, 243, 244, 246, 248, 249, 251, 252, 253, 254, 255, 256, 257, 258, 259, 260, 262, 264, 266, 268, 269, 270, 271, 272, 274, 276, 277, 278, 279, 280, 281, 282, 283, 284, 285, 286, 287, 288, 289, 290, 291, 292, 293, 294, 295, 296]
Linhas de Teste [1, 2, 6, 8, 11, 13, 21, 24, 40, 44, 45, 54, 72, 75, 76, 79, 83, 85, 86, 89, 91, 102, 105, 110, 115, 121, 122, 126, 140, 142, 146, 147, 153, 159, 160, 165, 173, 177, 187, 193, 201, 202, 203, 207, 209, 222, 224, 232, 237, 241, 245, 247, 250, 261, 263, 265, 267, 273, 275]
R2 de Treino = 95.43
R2 de Teste = 93.59

35 / 150  23.33 %
Tempo restante 0:00:13.029845

#################  Rodada 35 / 150  23.33 %
Parâmetros ('EV_MA', 'TST_MA', 'WAI_MA', 'saz_sin', 'saz_cos')
Linhas de Treino [0, 3, 4, 5, 7, 9, 10, 12, 14, 15, 16, 17, 18, 19, 20, 22, 23, 25, 26, 27, 28, 29, 30, 31, 32, 33, 34, 35, 36, 37, 38, 39, 41, 42, 43, 46, 47, 48, 49, 50, 51, 52, 53, 55, 56, 57, 58, 59, 60, 61, 62, 63, 64, 65, 66, 67, 68, 69, 70, 71, 73, 74, 77, 78, 80, 81, 82, 84, 87, 88, 90, 92, 93, 94, 95, 96, 97, 98, 99, 100, 101, 103, 104, 106, 107, 108, 109, 111, 112, 113, 114, 116, 117, 118, 119, 120, 123, 124, 125, 127, 128, 129, 130, 131, 132, 133, 134, 135, 136, 137, 138, 139, 141, 143, 144, 145, 148, 149, 150, 151, 152, 154, 155, 156, 157, 158, 161, 162, 163, 164, 166, 167, 168, 169, 170, 171, 172, 174, 175, 176, 178, 179, 180, 181, 182, 183, 184, 185, 186, 188, 189, 190, 191, 192, 194, 195, 196, 197, 198, 199, 200, 204, 205, 206, 208, 210, 211, 212, 213, 214, 215, 216, 217, 218, 219, 220, 221, 223, 225, 226, 227, 228, 229, 230, 231, 233, 234, 235, 236, 238, 239, 240, 242, 243, 244, 246, 248, 249, 251, 252, 253, 254, 255, 256, 257, 258, 259, 260, 262, 264, 266, 268, 269, 270, 271, 272, 274, 276, 277, 278, 279, 280, 281, 282, 283, 284, 285, 286, 287, 288, 289, 290, 291, 292, 293, 294, 295, 296]
Linhas de Teste [1, 2, 6, 8, 11, 13, 21, 24, 40, 44, 45, 54, 72, 75, 76, 79, 83, 85, 86, 89, 91, 102, 105, 110, 115, 121, 122, 126, 140, 142, 146, 147, 153, 159, 160, 165, 173, 177, 187, 193, 201, 202, 203, 207, 209, 222, 224, 232, 237, 241, 245, 247, 250, 261, 263, 265, 267, 273, 275]
R2 de Treino = 79.38
R2 de Teste = 71.78

35 / 150  23.33 %
Tempo restante 0:00:13.618070

#################  Rodada 35 / 150  23.33 %
Parâmetros ('EV_CE', 'PRE_CE', 'WAI_CE', 'saz_sin', 'saz_cos')
Linhas de Treino [0, 3, 4, 5, 7, 9, 10, 12, 14, 15, 16, 17, 18, 19, 20, 22, 23, 25, 26, 27, 28, 29, 30, 31, 32, 33, 34, 35, 36, 37, 38, 39, 41, 42, 43, 46, 47, 48, 49, 50, 51, 52, 53, 55, 56, 57, 58, 59, 60, 61, 62, 63, 64, 65, 66, 67, 68, 69, 70, 71, 73, 74, 77, 78, 80, 81, 82, 84, 87, 88, 90, 92, 93, 94, 95, 96, 97, 98, 99, 100, 101, 103, 104, 106, 107, 108, 109, 111, 112, 113, 114, 116, 117, 118, 119, 120, 123, 124, 125, 127, 128, 129, 130, 131, 132, 133, 134, 135, 136, 137, 138, 139, 141, 143, 144, 145, 148, 149, 150, 151, 152, 154, 155, 156, 157, 158, 161, 162, 163, 164, 166, 167, 168, 169, 170, 171, 172, 174, 175, 176, 178, 179, 180, 181, 182, 183, 184, 185, 186, 188, 189, 190, 191, 192, 194, 195, 196, 197, 198, 199, 200, 204, 205, 206, 208, 210, 211, 212, 213, 214, 215, 216, 217, 218, 219, 220, 221, 223, 225, 226, 227, 228, 229, 230, 231, 233, 234, 235, 236, 238, 239, 240, 242, 243, 244, 246, 248, 249, 251, 252, 253, 254, 255, 256, 257, 258, 259, 260, 262, 264, 266, 268, 269, 270, 271, 272, 274, 276, 277, 278, 279, 280, 281, 282, 283, 284, 285, 286, 287, 288, 289, 290, 291, 292, 293, 294, 295, 296]
Linhas de Teste [1, 2, 6, 8, 11, 13, 21, 24, 40, 44, 45, 54, 72, 75, 76, 79, 83, 85, 86, 89, 91, 102, 105, 110, 115, 121, 122, 126, 140, 142, 146, 147, 153, 159, 160, 165, 173, 177, 187, 193, 201, 202, 203, 207, 209, 222, 224, 232, 237, 241, 245, 247, 250, 261, 263, 265, 267, 273, 275]
R2 de Treino = 97.11
R2 de Teste = 96.51

35 / 150  23.33 %
Tempo restante 0:00:13.916955

#################  Rodada 36 / 150  24.0 %
Parâmetros ('EV_CA', 'PRE_CA', 'TST_CA', 'saz_sin', 'saz_cos')
Linhas de Treino [1, 2, 4, 5, 6, 7, 8, 9, 10, 11, 12, 13, 14, 15, 16, 18, 20, 21, 22, 23, 25, 26, 29, 30, 31, 32, 34, 35, 36, 37, 38, 41, 42, 43, 45, 46, 48, 49, 50, 51, 53, 54, 55, 57, 59, 61, 63, 64, 65, 66, 67, 68, 69, 70, 71, 72, 73, 75, 76, 77, 79, 80, 81, 83, 84, 85, 86, 88, 89, 90, 91, 92, 93, 94, 95, 96, 97, 98, 99, 100, 101, 102, 103, 104, 105, 106, 107, 108, 109, 112, 115, 116, 117, 118, 119, 120, 121, 122, 123, 124, 125, 126, 127, 128, 129, 130, 131, 132, 133, 134, 135, 136, 137, 138, 139, 140, 142, 143, 145, 146, 148, 149, 150, 151, 152, 153, 154, 155, 156, 157, 158, 159, 160, 161, 162, 163, 166, 168, 169, 170, 171, 172, 174, 175, 176, 178, 179, 180, 181, 182, 183, 184, 185, 186, 187, 188, 190, 191, 192, 193, 195, 197, 198, 199, 202, 203, 204, 205, 206, 208, 212, 213, 214, 215, 216, 217, 218, 220, 221, 223, 226, 227, 228, 229, 230, 231, 232, 234, 236, 238, 241, 243, 244, 246, 247, 248, 249, 250, 251, 252, 254, 255, 257, 258, 259, 261, 263, 264, 265, 266, 267, 268, 269, 270, 271, 272, 273, 275, 276, 277, 278, 279, 280, 281, 282, 283, 284, 285, 287, 289, 290, 291, 292, 293, 294, 295, 296]
Linhas de Teste [0, 3, 17, 19, 24, 27, 28, 33, 39, 40, 44, 47, 52, 56, 58, 60, 62, 74, 78, 82, 87, 110, 111, 113, 114, 141, 144, 147, 164, 165, 167, 173, 177, 189, 194, 196, 200, 201, 207, 209, 210, 211, 219, 222, 224, 225, 233, 235, 237, 239, 240, 242, 245, 253, 256, 260, 262, 274, 286, 288]
R2 de Treino = 95.03
R2 de Teste = 94.86

36 / 150  24.0 %
Tempo restante 0:00:13.363308

#################  Rodada 36 / 150  24.0 %
Parâmetros ('EV_MA', 'TST_MA', 'WAI_MA', 'saz_sin', 'saz_cos')
Linhas de Treino [1, 2, 4, 5, 6, 7, 8, 9, 10, 11, 12, 13, 14, 15, 16, 18, 20, 21, 22, 23, 25, 26, 29, 30, 31, 32, 34, 35, 36, 37, 38, 41, 42, 43, 45, 46, 48, 49, 50, 51, 53, 54, 55, 57, 59, 61, 63, 64, 65, 66, 67, 68, 69, 70, 71, 72, 73, 75, 76, 77, 79, 80, 81, 83, 84, 85, 86, 88, 89, 90, 91, 92, 93, 94, 95, 96, 97, 98, 99, 100, 101, 102, 103, 104, 105, 106, 107, 108, 109, 112, 115, 116, 117, 118, 119, 120, 121, 122, 123, 124, 125, 126, 127, 128, 129, 130, 131, 132, 133, 134, 135, 136, 137, 138, 139, 140, 142, 143, 145, 146, 148, 149, 150, 151, 152, 153, 154, 155, 156, 157, 158, 159, 160, 161, 162, 163, 166, 168, 169, 170, 171, 172, 174, 175, 176, 178, 179, 180, 181, 182, 183, 184, 185, 186, 187, 188, 190, 191, 192, 193, 195, 197, 198, 199, 202, 203, 204, 205, 206, 208, 212, 213, 214, 215, 216, 217, 218, 220, 221, 223, 226, 227, 228, 229, 230, 231, 232, 234, 236, 238, 241, 243, 244, 246, 247, 248, 249, 250, 251, 252, 254, 255, 257, 258, 259, 261, 263, 264, 265, 266, 267, 268, 269, 270, 271, 272, 273, 275, 276, 277, 278, 279, 280, 281, 282, 283, 284, 285, 287, 289, 290, 291, 292, 293, 294, 295, 296]
Linhas de Teste [0, 3, 17, 19, 24, 27, 28, 33, 39, 40, 44, 47, 52, 56, 58, 60, 62, 74, 78, 82, 87, 110, 111, 113, 114, 141, 144, 147, 164, 165, 167, 173, 177, 189, 194, 196, 200, 201, 207, 209, 210, 211, 219, 222, 224, 225, 233, 235, 237, 239, 240, 242, 245, 253, 256, 260, 262, 274, 286, 288]
R2 de Treino = 78.79
R2 de Teste = 76.81

36 / 150  24.0 %
Tempo restante 0:00:13.262418

#################  Rodada 36 / 150  24.0 %
Parâmetros ('EV_CE', 'PRE_CE', 'WAI_CE', 'saz_sin', 'saz_cos')
Linhas de Treino [1, 2, 4, 5, 6, 7, 8, 9, 10, 11, 12, 13, 14, 15, 16, 18, 20, 21, 22, 23, 25, 26, 29, 30, 31, 32, 34, 35, 36, 37, 38, 41, 42, 43, 45, 46, 48, 49, 50, 51, 53, 54, 55, 57, 59, 61, 63, 64, 65, 66, 67, 68, 69, 70, 71, 72, 73, 75, 76, 77, 79, 80, 81, 83, 84, 85, 86, 88, 89, 90, 91, 92, 93, 94, 95, 96, 97, 98, 99, 100, 101, 102, 103, 104, 105, 106, 107, 108, 109, 112, 115, 116, 117, 118, 119, 120, 121, 122, 123, 124, 125, 126, 127, 128, 129, 130, 131, 132, 133, 134, 135, 136, 137, 138, 139, 140, 142, 143, 145, 146, 148, 149, 150, 151, 152, 153, 154, 155, 156, 157, 158, 159, 160, 161, 162, 163, 166, 168, 169, 170, 171, 172, 174, 175, 176, 178, 179, 180, 181, 182, 183, 184, 185, 186, 187, 188, 190, 191, 192, 193, 195, 197, 198, 199, 202, 203, 204, 205, 206, 208, 212, 213, 214, 215, 216, 217, 218, 220, 221, 223, 226, 227, 228, 229, 230, 231, 232, 234, 236, 238, 241, 243, 244, 246, 247, 248, 249, 250, 251, 252, 254, 255, 257, 258, 259, 261, 263, 264, 265, 266, 267, 268, 269, 270, 271, 272, 273, 275, 276, 277, 278, 279, 280, 281, 282, 283, 284, 285, 287, 289, 290, 291, 292, 293, 294, 295, 296]
Linhas de Teste [0, 3, 17, 19, 24, 27, 28, 33, 39, 40, 44, 47, 52, 56, 58, 60, 62, 74, 78, 82, 87, 110, 111, 113, 114, 141, 144, 147, 164, 165, 167, 173, 177, 189, 194, 196, 200, 201, 207, 209, 210, 211, 219, 222, 224, 225, 233, 235, 237, 239, 240, 242, 245, 253, 256, 260, 262, 274, 286, 288]
R2 de Treino = 97.11
R2 de Teste = 97.47

36 / 150  24.0 %
Tempo restante 0:00:13.478790

#################  Rodada 37 / 150  24.67 %
Parâmetros ('EV_CA', 'PRE_CA', 'TST_CA', 'saz_sin', 'saz_cos')
Linhas de Treino [0, 1, 2, 3, 4, 6, 7, 8, 9, 10, 11, 12, 14, 17, 18, 19, 20, 23, 24, 25, 26, 27, 28, 31, 33, 34, 35, 36, 38, 39, 40, 41, 42, 43, 44, 45, 46, 47, 48, 49, 50, 51, 52, 53, 55, 56, 57, 58, 59, 60, 62, 63, 64, 66, 67, 68, 69, 70, 71, 72, 73, 74, 75, 76, 77, 78, 80, 82, 83, 84, 85, 86, 87, 88, 89, 90, 92, 93, 94, 96, 97, 99, 101, 105, 106, 107, 108, 109, 110, 111, 113, 114, 116, 117, 118, 119, 120, 121, 122, 123, 124, 127, 128, 129, 130, 131, 132, 133, 135, 136, 137, 140, 141, 142, 143, 144, 145, 146, 147, 148, 149, 151, 152, 153, 154, 155, 156, 157, 158, 159, 160, 161, 162, 163, 164, 165, 166, 167, 168, 169, 171, 172, 173, 174, 175, 176, 177, 178, 179, 182, 183, 184, 185, 188, 189, 190, 192, 193, 194, 195, 196, 197, 198, 199, 200, 201, 202, 203, 206, 207, 209, 210, 211, 212, 213, 216, 217, 218, 219, 220, 222, 223, 224, 225, 227, 228, 229, 230, 232, 233, 234, 235, 236, 237, 238, 239, 240, 241, 242, 244, 245, 246, 247, 249, 252, 253, 254, 255, 256, 257, 258, 259, 260, 261, 262, 263, 264, 265, 266, 267, 270, 271, 274, 277, 278, 279, 280, 281, 282, 283, 286, 287, 288, 290, 291, 294, 296]
Linhas de Teste [5, 13, 15, 16, 21, 22, 29, 30, 32, 37, 54, 61, 65, 79, 81, 91, 95, 98, 100, 102, 103, 104, 112, 115, 125, 126, 134, 138, 139, 150, 170, 180, 181, 186, 187, 191, 204, 205, 208, 214, 215, 221, 226, 231, 243, 248, 250, 251, 268, 269, 272, 273, 275, 276, 284, 285, 289, 292, 293, 295]
R2 de Treino = 94.72
R2 de Teste = 96.13

37 / 150  24.67 %
Tempo restante 0:00:13.022685

#################  Rodada 37 / 150  24.67 %
Parâmetros ('EV_MA', 'TST_MA', 'WAI_MA', 'saz_sin', 'saz_cos')
Linhas de Treino [0, 1, 2, 3, 4, 6, 7, 8, 9, 10, 11, 12, 14, 17, 18, 19, 20, 23, 24, 25, 26, 27, 28, 31, 33, 34, 35, 36, 38, 39, 40, 41, 42, 43, 44, 45, 46, 47, 48, 49, 50, 51, 52, 53, 55, 56, 57, 58, 59, 60, 62, 63, 64, 66, 67, 68, 69, 70, 71, 72, 73, 74, 75, 76, 77, 78, 80, 82, 83, 84, 85, 86, 87, 88, 89, 90, 92, 93, 94, 96, 97, 99, 101, 105, 106, 107, 108, 109, 110, 111, 113, 114, 116, 117, 118, 119, 120, 121, 122, 123, 124, 127, 128, 129, 130, 131, 132, 133, 135, 136, 137, 140, 141, 142, 143, 144, 145, 146, 147, 148, 149, 151, 152, 153, 154, 155, 156, 157, 158, 159, 160, 161, 162, 163, 164, 165, 166, 167, 168, 169, 171, 172, 173, 174, 175, 176, 177, 178, 179, 182, 183, 184, 185, 188, 189, 190, 192, 193, 194, 195, 196, 197, 198, 199, 200, 201, 202, 203, 206, 207, 209, 210, 211, 212, 213, 216, 217, 218, 219, 220, 222, 223, 224, 225, 227, 228, 229, 230, 232, 233, 234, 235, 236, 237, 238, 239, 240, 241, 242, 244, 245, 246, 247, 249, 252, 253, 254, 255, 256, 257, 258, 259, 260, 261, 262, 263, 264, 265, 266, 267, 270, 271, 274, 277, 278, 279, 280, 281, 282, 283, 286, 287, 288, 290, 291, 294, 296]
Linhas de Teste [5, 13, 15, 16, 21, 22, 29, 30, 32, 37, 54, 61, 65, 79, 81, 91, 95, 98, 100, 102, 103, 104, 112, 115, 125, 126, 134, 138, 139, 150, 170, 180, 181, 186, 187, 191, 204, 205, 208, 214, 215, 221, 226, 231, 243, 248, 250, 251, 268, 269, 272, 273, 275, 276, 284, 285, 289, 292, 293, 295]
R2 de Treino = 79.78
R2 de Teste = 71.47

37 / 150  24.67 %
Tempo restante 0:00:13.074891

#################  Rodada 37 / 150  24.67 %
Parâmetros ('EV_CE', 'PRE_CE', 'WAI_CE', 'saz_sin', 'saz_cos')
Linhas de Treino [0, 1, 2, 3, 4, 6, 7, 8, 9, 10, 11, 12, 14, 17, 18, 19, 20, 23, 24, 25, 26, 27, 28, 31, 33, 34, 35, 36, 38, 39, 40, 41, 42, 43, 44, 45, 46, 47, 48, 49, 50, 51, 52, 53, 55, 56, 57, 58, 59, 60, 62, 63, 64, 66, 67, 68, 69, 70, 71, 72, 73, 74, 75, 76, 77, 78, 80, 82, 83, 84, 85, 86, 87, 88, 89, 90, 92, 93, 94, 96, 97, 99, 101, 105, 106, 107, 108, 109, 110, 111, 113, 114, 116, 117, 118, 119, 120, 121, 122, 123, 124, 127, 128, 129, 130, 131, 132, 133, 135, 136, 137, 140, 141, 142, 143, 144, 145, 146, 147, 148, 149, 151, 152, 153, 154, 155, 156, 157, 158, 159, 160, 161, 162, 163, 164, 165, 166, 167, 168, 169, 171, 172, 173, 174, 175, 176, 177, 178, 179, 182, 183, 184, 185, 188, 189, 190, 192, 193, 194, 195, 196, 197, 198, 199, 200, 201, 202, 203, 206, 207, 209, 210, 211, 212, 213, 216, 217, 218, 219, 220, 222, 223, 224, 225, 227, 228, 229, 230, 232, 233, 234, 235, 236, 237, 238, 239, 240, 241, 242, 244, 245, 246, 247, 249, 252, 253, 254, 255, 256, 257, 258, 259, 260, 261, 262, 263, 264, 265, 266, 267, 270, 271, 274, 277, 278, 279, 280, 281, 282, 283, 286, 287, 288, 290, 291, 294, 296]
Linhas de Teste [5, 13, 15, 16, 21, 22, 29, 30, 32, 37, 54, 61, 65, 79, 81, 91, 95, 98, 100, 102, 103, 104, 112, 115, 125, 126, 134, 138, 139, 150, 170, 180, 181, 186, 187, 191, 204, 205, 208, 214, 215, 221, 226, 231, 243, 248, 250, 251, 268, 269, 272, 273, 275, 276, 284, 285, 289, 292, 293, 295]
R2 de Treino = 97.28
R2 de Teste = 96.69

37 / 150  24.67 %
Tempo restante 0:00:13.277161

#################  Rodada 38 / 150  25.33 %
Parâmetros ('EV_CA', 'PRE_CA', 'TST_CA', 'saz_sin', 'saz_cos')
Linhas de Treino [0, 1, 2, 3, 5, 6, 8, 9, 11, 13, 14, 15, 16, 17, 18, 19, 20, 21, 22, 24, 25, 26, 27, 28, 29, 30, 32, 33, 35, 36, 37, 38, 39, 40, 41, 42, 44, 46, 47, 48, 49, 50, 51, 52, 53, 54, 55, 56, 58, 59, 60, 61, 62, 64, 65, 67, 68, 70, 71, 73, 74, 75, 76, 78, 79, 81, 82, 83, 84, 87, 88, 89, 90, 91, 92, 93, 94, 95, 98, 99, 100, 101, 102, 103, 104, 105, 106, 107, 109, 110, 111, 112, 113, 114, 115, 116, 117, 118, 119, 120, 121, 122, 123, 124, 125, 126, 128, 131, 132, 134, 135, 136, 138, 139, 140, 141, 142, 143, 144, 145, 146, 147, 148, 149, 150, 151, 152, 153, 155, 156, 157, 158, 160, 163, 164, 165, 166, 167, 169, 170, 171, 172, 173, 174, 176, 177, 180, 181, 182, 183, 186, 187, 188, 189, 190, 191, 194, 195, 196, 198, 200, 201, 202, 203, 204, 205, 207, 208, 209, 210, 211, 212, 213, 214, 215, 217, 218, 219, 220, 221, 222, 223, 224, 225, 226, 227, 229, 231, 233, 235, 236, 237, 238, 239, 240, 241, 242, 243, 244, 245, 246, 247, 248, 249, 250, 251, 253, 255, 256, 257, 260, 262, 264, 265, 266, 267, 268, 269, 270, 271, 272, 273, 274, 275, 276, 278, 280, 281, 284, 285, 286, 288, 289, 292, 293, 294, 295, 296]
Linhas de Teste [4, 7, 10, 12, 23, 31, 34, 43, 45, 57, 63, 66, 69, 72, 77, 80, 85, 86, 96, 97, 108, 127, 129, 130, 133, 137, 154, 159, 161, 162, 168, 175, 178, 179, 184, 185, 192, 193, 197, 199, 206, 216, 228, 230, 232, 234, 252, 254, 258, 259, 261, 263, 277, 279, 282, 283, 287, 290, 291]
R2 de Treino = 95.14
R2 de Teste = 94.16

38 / 150  25.33 %
Tempo restante 0:00:13.346592

#################  Rodada 38 / 150  25.33 %
Parâmetros ('EV_MA', 'TST_MA', 'WAI_MA', 'saz_sin', 'saz_cos')
Linhas de Treino [0, 1, 2, 3, 5, 6, 8, 9, 11, 13, 14, 15, 16, 17, 18, 19, 20, 21, 22, 24, 25, 26, 27, 28, 29, 30, 32, 33, 35, 36, 37, 38, 39, 40, 41, 42, 44, 46, 47, 48, 49, 50, 51, 52, 53, 54, 55, 56, 58, 59, 60, 61, 62, 64, 65, 67, 68, 70, 71, 73, 74, 75, 76, 78, 79, 81, 82, 83, 84, 87, 88, 89, 90, 91, 92, 93, 94, 95, 98, 99, 100, 101, 102, 103, 104, 105, 106, 107, 109, 110, 111, 112, 113, 114, 115, 116, 117, 118, 119, 120, 121, 122, 123, 124, 125, 126, 128, 131, 132, 134, 135, 136, 138, 139, 140, 141, 142, 143, 144, 145, 146, 147, 148, 149, 150, 151, 152, 153, 155, 156, 157, 158, 160, 163, 164, 165, 166, 167, 169, 170, 171, 172, 173, 174, 176, 177, 180, 181, 182, 183, 186, 187, 188, 189, 190, 191, 194, 195, 196, 198, 200, 201, 202, 203, 204, 205, 207, 208, 209, 210, 211, 212, 213, 214, 215, 217, 218, 219, 220, 221, 222, 223, 224, 225, 226, 227, 229, 231, 233, 235, 236, 237, 238, 239, 240, 241, 242, 243, 244, 245, 246, 247, 248, 249, 250, 251, 253, 255, 256, 257, 260, 262, 264, 265, 266, 267, 268, 269, 270, 271, 272, 273, 274, 275, 276, 278, 280, 281, 284, 285, 286, 288, 289, 292, 293, 294, 295, 296]
Linhas de Teste [4, 7, 10, 12, 23, 31, 34, 43, 45, 57, 63, 66, 69, 72, 77, 80, 85, 86, 96, 97, 108, 127, 129, 130, 133, 137, 154, 159, 161, 162, 168, 175, 178, 179, 184, 185, 192, 193, 197, 199, 206, 216, 228, 230, 232, 234, 252, 254, 258, 259, 261, 263, 277, 279, 282, 283, 287, 290, 291]
R2 de Treino = 78.89
R2 de Teste = 69.72

38 / 150  25.33 %
Tempo restante 0:00:12.959296

#################  Rodada 38 / 150  25.33 %
Parâmetros ('EV_CE', 'PRE_CE', 'WAI_CE', 'saz_sin', 'saz_cos')
Linhas de Treino [0, 1, 2, 3, 5, 6, 8, 9, 11, 13, 14, 15, 16, 17, 18, 19, 20, 21, 22, 24, 25, 26, 27, 28, 29, 30, 32, 33, 35, 36, 37, 38, 39, 40, 41, 42, 44, 46, 47, 48, 49, 50, 51, 52, 53, 54, 55, 56, 58, 59, 60, 61, 62, 64, 65, 67, 68, 70, 71, 73, 74, 75, 76, 78, 79, 81, 82, 83, 84, 87, 88, 89, 90, 91, 92, 93, 94, 95, 98, 99, 100, 101, 102, 103, 104, 105, 106, 107, 109, 110, 111, 112, 113, 114, 115, 116, 117, 118, 119, 120, 121, 122, 123, 124, 125, 126, 128, 131, 132, 134, 135, 136, 138, 139, 140, 141, 142, 143, 144, 145, 146, 147, 148, 149, 150, 151, 152, 153, 155, 156, 157, 158, 160, 163, 164, 165, 166, 167, 169, 170, 171, 172, 173, 174, 176, 177, 180, 181, 182, 183, 186, 187, 188, 189, 190, 191, 194, 195, 196, 198, 200, 201, 202, 203, 204, 205, 207, 208, 209, 210, 211, 212, 213, 214, 215, 217, 218, 219, 220, 221, 222, 223, 224, 225, 226, 227, 229, 231, 233, 235, 236, 237, 238, 239, 240, 241, 242, 243, 244, 245, 246, 247, 248, 249, 250, 251, 253, 255, 256, 257, 260, 262, 264, 265, 266, 267, 268, 269, 270, 271, 272, 273, 274, 275, 276, 278, 280, 281, 284, 285, 286, 288, 289, 292, 293, 294, 295, 296]
Linhas de Teste [4, 7, 10, 12, 23, 31, 34, 43, 45, 57, 63, 66, 69, 72, 77, 80, 85, 86, 96, 97, 108, 127, 129, 130, 133, 137, 154, 159, 161, 162, 168, 175, 178, 179, 184, 185, 192, 193, 197, 199, 206, 216, 228, 230, 232, 234, 252, 254, 258, 259, 261, 263, 277, 279, 282, 283, 287, 290, 291]
R2 de Treino = 97.44
R2 de Teste = 95.77

38 / 150  25.33 %
Tempo restante 0:00:13.446160

#################  Rodada 39 / 150  26.0 %
Parâmetros ('EV_CA', 'PRE_CA', 'TST_CA', 'saz_sin', 'saz_cos')
Linhas de Treino [0, 1, 2, 3, 4, 5, 6, 7, 10, 11, 12, 13, 15, 16, 17, 19, 20, 21, 22, 23, 24, 26, 27, 28, 29, 30, 31, 32, 33, 34, 37, 38, 39, 40, 42, 43, 44, 45, 47, 50, 51, 52, 54, 56, 57, 58, 60, 61, 62, 63, 64, 65, 66, 69, 70, 72, 73, 74, 75, 76, 77, 78, 79, 80, 81, 82, 84, 85, 86, 87, 88, 89, 91, 92, 93, 94, 95, 96, 97, 98, 100, 101, 102, 103, 104, 105, 106, 107, 108, 109, 110, 111, 112, 113, 114, 115, 116, 123, 125, 126, 127, 129, 130, 131, 132, 133, 134, 135, 137, 138, 139, 140, 141, 142, 143, 144, 145, 147, 150, 152, 153, 154, 155, 156, 157, 158, 159, 161, 162, 164, 165, 167, 168, 170, 173, 175, 176, 177, 178, 179, 180, 181, 184, 185, 186, 187, 189, 190, 191, 192, 193, 194, 196, 197, 198, 199, 200, 201, 202, 204, 205, 206, 207, 208, 209, 210, 211, 212, 214, 215, 216, 219, 220, 221, 222, 223, 224, 225, 226, 227, 228, 230, 231, 232, 233, 234, 235, 237, 238, 239, 240, 242, 243, 245, 248, 250, 251, 252, 253, 254, 256, 258, 259, 260, 261, 262, 263, 264, 265, 266, 267, 268, 269, 270, 272, 273, 274, 275, 276, 277, 279, 280, 281, 282, 283, 284, 285, 286, 287, 288, 289, 290, 291, 292, 293, 294, 295, 296]
Linhas de Teste [8, 9, 14, 18, 25, 35, 36, 41, 46, 48, 49, 53, 55, 59, 67, 68, 71, 83, 90, 99, 117, 118, 119, 120, 121, 122, 124, 128, 136, 146, 148, 149, 151, 160, 163, 166, 169, 171, 172, 174, 182, 183, 188, 195, 203, 213, 217, 218, 229, 236, 241, 244, 246, 247, 249, 255, 257, 271, 278]
R2 de Treino = 95.65
R2 de Teste = 91.11

39 / 150  26.0 %
Tempo restante 0:00:13.050603

#################  Rodada 39 / 150  26.0 %
Parâmetros ('EV_MA', 'TST_MA', 'WAI_MA', 'saz_sin', 'saz_cos')
Linhas de Treino [0, 1, 2, 3, 4, 5, 6, 7, 10, 11, 12, 13, 15, 16, 17, 19, 20, 21, 22, 23, 24, 26, 27, 28, 29, 30, 31, 32, 33, 34, 37, 38, 39, 40, 42, 43, 44, 45, 47, 50, 51, 52, 54, 56, 57, 58, 60, 61, 62, 63, 64, 65, 66, 69, 70, 72, 73, 74, 75, 76, 77, 78, 79, 80, 81, 82, 84, 85, 86, 87, 88, 89, 91, 92, 93, 94, 95, 96, 97, 98, 100, 101, 102, 103, 104, 105, 106, 107, 108, 109, 110, 111, 112, 113, 114, 115, 116, 123, 125, 126, 127, 129, 130, 131, 132, 133, 134, 135, 137, 138, 139, 140, 141, 142, 143, 144, 145, 147, 150, 152, 153, 154, 155, 156, 157, 158, 159, 161, 162, 164, 165, 167, 168, 170, 173, 175, 176, 177, 178, 179, 180, 181, 184, 185, 186, 187, 189, 190, 191, 192, 193, 194, 196, 197, 198, 199, 200, 201, 202, 204, 205, 206, 207, 208, 209, 210, 211, 212, 214, 215, 216, 219, 220, 221, 222, 223, 224, 225, 226, 227, 228, 230, 231, 232, 233, 234, 235, 237, 238, 239, 240, 242, 243, 245, 248, 250, 251, 252, 253, 254, 256, 258, 259, 260, 261, 262, 263, 264, 265, 266, 267, 268, 269, 270, 272, 273, 274, 275, 276, 277, 279, 280, 281, 282, 283, 284, 285, 286, 287, 288, 289, 290, 291, 292, 293, 294, 295, 296]
Linhas de Teste [8, 9, 14, 18, 25, 35, 36, 41, 46, 48, 49, 53, 55, 59, 67, 68, 71, 83, 90, 99, 117, 118, 119, 120, 121, 122, 124, 128, 136, 146, 148, 149, 151, 160, 163, 166, 169, 171, 172, 174, 182, 183, 188, 195, 203, 213, 217, 218, 229, 236, 241, 244, 246, 247, 249, 255, 257, 271, 278]
R2 de Treino = 78.93
R2 de Teste = 73.38

39 / 150  26.0 %
Tempo restante 0:00:12.850581

#################  Rodada 39 / 150  26.0 %
Parâmetros ('EV_CE', 'PRE_CE', 'WAI_CE', 'saz_sin', 'saz_cos')
Linhas de Treino [0, 1, 2, 3, 4, 5, 6, 7, 10, 11, 12, 13, 15, 16, 17, 19, 20, 21, 22, 23, 24, 26, 27, 28, 29, 30, 31, 32, 33, 34, 37, 38, 39, 40, 42, 43, 44, 45, 47, 50, 51, 52, 54, 56, 57, 58, 60, 61, 62, 63, 64, 65, 66, 69, 70, 72, 73, 74, 75, 76, 77, 78, 79, 80, 81, 82, 84, 85, 86, 87, 88, 89, 91, 92, 93, 94, 95, 96, 97, 98, 100, 101, 102, 103, 104, 105, 106, 107, 108, 109, 110, 111, 112, 113, 114, 115, 116, 123, 125, 126, 127, 129, 130, 131, 132, 133, 134, 135, 137, 138, 139, 140, 141, 142, 143, 144, 145, 147, 150, 152, 153, 154, 155, 156, 157, 158, 159, 161, 162, 164, 165, 167, 168, 170, 173, 175, 176, 177, 178, 179, 180, 181, 184, 185, 186, 187, 189, 190, 191, 192, 193, 194, 196, 197, 198, 199, 200, 201, 202, 204, 205, 206, 207, 208, 209, 210, 211, 212, 214, 215, 216, 219, 220, 221, 222, 223, 224, 225, 226, 227, 228, 230, 231, 232, 233, 234, 235, 237, 238, 239, 240, 242, 243, 245, 248, 250, 251, 252, 253, 254, 256, 258, 259, 260, 261, 262, 263, 264, 265, 266, 267, 268, 269, 270, 272, 273, 274, 275, 276, 277, 279, 280, 281, 282, 283, 284, 285, 286, 287, 288, 289, 290, 291, 292, 293, 294, 295, 296]
Linhas de Teste [8, 9, 14, 18, 25, 35, 36, 41, 46, 48, 49, 53, 55, 59, 67, 68, 71, 83, 90, 99, 117, 118, 119, 120, 121, 122, 124, 128, 136, 146, 148, 149, 151, 160, 163, 166, 169, 171, 172, 174, 182, 183, 188, 195, 203, 213, 217, 218, 229, 236, 241, 244, 246, 247, 249, 255, 257, 271, 278]
R2 de Treino = 97.36
R2 de Teste = 96.01

39 / 150  26.0 %
Tempo restante 0:00:13.418346

#################  Rodada 40 / 150  26.67 %
Parâmetros ('EV_CA', 'PRE_CA', 'TST_CA', 'saz_sin', 'saz_cos')
Linhas de Treino [0, 3, 4, 5, 7, 8, 9, 10, 12, 13, 14, 15, 16, 17, 18, 19, 21, 22, 23, 24, 25, 27, 28, 29, 30, 31, 32, 33, 34, 35, 36, 37, 39, 40, 41, 43, 44, 45, 46, 47, 48, 49, 52, 53, 54, 55, 56, 57, 58, 59, 60, 61, 62, 63, 65, 66, 67, 68, 69, 71, 72, 74, 77, 78, 79, 80, 81, 82, 83, 85, 86, 87, 90, 91, 95, 96, 97, 98, 99, 100, 102, 103, 104, 108, 110, 111, 112, 113, 114, 115, 117, 118, 119, 120, 121, 122, 124, 125, 126, 127, 128, 129, 130, 133, 134, 136, 137, 138, 139, 141, 144, 146, 147, 148, 149, 150, 151, 154, 159, 160, 161, 162, 163, 164, 165, 166, 167, 168, 169, 170, 171, 172, 173, 174, 175, 177, 178, 179, 180, 181, 182, 183, 184, 185, 186, 187, 188, 189, 191, 192, 193, 194, 195, 196, 197, 199, 200, 201, 203, 204, 205, 206, 207, 208, 209, 210, 211, 213, 214, 215, 216, 217, 218, 219, 221, 222, 224, 225, 226, 228, 229, 230, 231, 232, 233, 234, 235, 236, 237, 239, 240, 241, 242, 243, 244, 245, 246, 247, 248, 249, 250, 251, 252, 253, 254, 255, 256, 257, 258, 259, 260, 261, 262, 263, 268, 269, 271, 272, 273, 274, 275, 276, 277, 278, 279, 282, 283, 284, 285, 286, 287, 288, 289, 290, 291, 292, 293, 295]
Linhas de Teste [1, 2, 6, 11, 20, 26, 38, 42, 50, 51, 64, 70, 73, 75, 76, 84, 88, 89, 92, 93, 94, 101, 105, 106, 107, 109, 116, 123, 131, 132, 135, 140, 142, 143, 145, 152, 153, 155, 156, 157, 158, 176, 190, 198, 202, 212, 220, 223, 227, 238, 264, 265, 266, 267, 270, 280, 281, 294, 296]
R2 de Treino = 95.5
R2 de Teste = 93.29

40 / 150  26.67 %
Tempo restante 0:00:13.006620

#################  Rodada 40 / 150  26.67 %
Parâmetros ('EV_MA', 'TST_MA', 'WAI_MA', 'saz_sin', 'saz_cos')
Linhas de Treino [0, 3, 4, 5, 7, 8, 9, 10, 12, 13, 14, 15, 16, 17, 18, 19, 21, 22, 23, 24, 25, 27, 28, 29, 30, 31, 32, 33, 34, 35, 36, 37, 39, 40, 41, 43, 44, 45, 46, 47, 48, 49, 52, 53, 54, 55, 56, 57, 58, 59, 60, 61, 62, 63, 65, 66, 67, 68, 69, 71, 72, 74, 77, 78, 79, 80, 81, 82, 83, 85, 86, 87, 90, 91, 95, 96, 97, 98, 99, 100, 102, 103, 104, 108, 110, 111, 112, 113, 114, 115, 117, 118, 119, 120, 121, 122, 124, 125, 126, 127, 128, 129, 130, 133, 134, 136, 137, 138, 139, 141, 144, 146, 147, 148, 149, 150, 151, 154, 159, 160, 161, 162, 163, 164, 165, 166, 167, 168, 169, 170, 171, 172, 173, 174, 175, 177, 178, 179, 180, 181, 182, 183, 184, 185, 186, 187, 188, 189, 191, 192, 193, 194, 195, 196, 197, 199, 200, 201, 203, 204, 205, 206, 207, 208, 209, 210, 211, 213, 214, 215, 216, 217, 218, 219, 221, 222, 224, 225, 226, 228, 229, 230, 231, 232, 233, 234, 235, 236, 237, 239, 240, 241, 242, 243, 244, 245, 246, 247, 248, 249, 250, 251, 252, 253, 254, 255, 256, 257, 258, 259, 260, 261, 262, 263, 268, 269, 271, 272, 273, 274, 275, 276, 277, 278, 279, 282, 283, 284, 285, 286, 287, 288, 289, 290, 291, 292, 293, 295]
Linhas de Teste [1, 2, 6, 11, 20, 26, 38, 42, 50, 51, 64, 70, 73, 75, 76, 84, 88, 89, 92, 93, 94, 101, 105, 106, 107, 109, 116, 123, 131, 132, 135, 140, 142, 143, 145, 152, 153, 155, 156, 157, 158, 176, 190, 198, 202, 212, 220, 223, 227, 238, 264, 265, 266, 267, 270, 280, 281, 294, 296]
R2 de Treino = 78.11
R2 de Teste = 77.78

40 / 150  26.67 %
Tempo restante 0:00:12.685200

#################  Rodada 40 / 150  26.67 %
Parâmetros ('EV_CE', 'PRE_CE', 'WAI_CE', 'saz_sin', 'saz_cos')
Linhas de Treino [0, 3, 4, 5, 7, 8, 9, 10, 12, 13, 14, 15, 16, 17, 18, 19, 21, 22, 23, 24, 25, 27, 28, 29, 30, 31, 32, 33, 34, 35, 36, 37, 39, 40, 41, 43, 44, 45, 46, 47, 48, 49, 52, 53, 54, 55, 56, 57, 58, 59, 60, 61, 62, 63, 65, 66, 67, 68, 69, 71, 72, 74, 77, 78, 79, 80, 81, 82, 83, 85, 86, 87, 90, 91, 95, 96, 97, 98, 99, 100, 102, 103, 104, 108, 110, 111, 112, 113, 114, 115, 117, 118, 119, 120, 121, 122, 124, 125, 126, 127, 128, 129, 130, 133, 134, 136, 137, 138, 139, 141, 144, 146, 147, 148, 149, 150, 151, 154, 159, 160, 161, 162, 163, 164, 165, 166, 167, 168, 169, 170, 171, 172, 173, 174, 175, 177, 178, 179, 180, 181, 182, 183, 184, 185, 186, 187, 188, 189, 191, 192, 193, 194, 195, 196, 197, 199, 200, 201, 203, 204, 205, 206, 207, 208, 209, 210, 211, 213, 214, 215, 216, 217, 218, 219, 221, 222, 224, 225, 226, 228, 229, 230, 231, 232, 233, 234, 235, 236, 237, 239, 240, 241, 242, 243, 244, 245, 246, 247, 248, 249, 250, 251, 252, 253, 254, 255, 256, 257, 258, 259, 260, 261, 262, 263, 268, 269, 271, 272, 273, 274, 275, 276, 277, 278, 279, 282, 283, 284, 285, 286, 287, 288, 289, 290, 291, 292, 293, 295]
Linhas de Teste [1, 2, 6, 11, 20, 26, 38, 42, 50, 51, 64, 70, 73, 75, 76, 84, 88, 89, 92, 93, 94, 101, 105, 106, 107, 109, 116, 123, 131, 132, 135, 140, 142, 143, 145, 152, 153, 155, 156, 157, 158, 176, 190, 198, 202, 212, 220, 223, 227, 238, 264, 265, 266, 267, 270, 280, 281, 294, 296]
R2 de Treino = 96.99
R2 de Teste = 96.89

40 / 150  26.67 %
Tempo restante 0:00:13.676410

#################  Rodada 41 / 150  27.33 %
Parâmetros ('EV_CA', 'PRE_CA', 'TST_CA', 'saz_sin', 'saz_cos')
Linhas de Treino [1, 4, 6, 7, 9, 10, 11, 12, 13, 14, 15, 16, 17, 19, 20, 21, 22, 24, 25, 26, 27, 28, 29, 30, 31, 33, 35, 37, 38, 39, 40, 41, 42, 43, 45, 46, 47, 48, 49, 50, 51, 52, 54, 55, 57, 58, 59, 61, 62, 63, 64, 67, 68, 69, 71, 72, 76, 77, 78, 79, 80, 81, 82, 83, 84, 85, 86, 87, 88, 89, 90, 91, 92, 93, 94, 95, 96, 97, 98, 99, 100, 102, 103, 104, 106, 107, 108, 109, 110, 111, 112, 113, 115, 116, 118, 119, 120, 121, 122, 123, 124, 125, 127, 128, 129, 130, 132, 133, 134, 136, 137, 138, 140, 142, 144, 145, 147, 148, 150, 151, 152, 154, 155, 156, 157, 159, 161, 163, 165, 166, 168, 169, 170, 171, 172, 174, 175, 176, 177, 179, 180, 182, 183, 184, 185, 186, 187, 188, 189, 190, 192, 193, 194, 195, 196, 198, 199, 200, 203, 205, 207, 208, 209, 210, 211, 212, 213, 214, 216, 217, 218, 219, 220, 221, 223, 224, 225, 226, 227, 228, 229, 230, 231, 232, 233, 234, 235, 236, 237, 238, 240, 242, 243, 244, 245, 246, 248, 250, 251, 252, 253, 254, 255, 257, 258, 259, 260, 261, 262, 263, 265, 266, 267, 268, 272, 273, 274, 275, 276, 277, 278, 279, 280, 282, 283, 284, 286, 287, 288, 289, 290, 291, 292, 293, 294, 295, 296]
Linhas de Teste [0, 2, 3, 5, 8, 18, 23, 32, 34, 36, 44, 53, 56, 60, 65, 66, 70, 73, 74, 75, 101, 105, 114, 117, 126, 131, 135, 139, 141, 143, 146, 149, 153, 158, 160, 162, 164, 167, 173, 178, 181, 191, 197, 201, 202, 204, 206, 215, 222, 239, 241, 247, 249, 256, 264, 269, 270, 271, 281, 285]
R2 de Treino = 95.13
R2 de Teste = 94.61

41 / 150  27.33 %
Tempo restante 0:00:12.991928

#################  Rodada 41 / 150  27.33 %
Parâmetros ('EV_MA', 'TST_MA', 'WAI_MA', 'saz_sin', 'saz_cos')
Linhas de Treino [1, 4, 6, 7, 9, 10, 11, 12, 13, 14, 15, 16, 17, 19, 20, 21, 22, 24, 25, 26, 27, 28, 29, 30, 31, 33, 35, 37, 38, 39, 40, 41, 42, 43, 45, 46, 47, 48, 49, 50, 51, 52, 54, 55, 57, 58, 59, 61, 62, 63, 64, 67, 68, 69, 71, 72, 76, 77, 78, 79, 80, 81, 82, 83, 84, 85, 86, 87, 88, 89, 90, 91, 92, 93, 94, 95, 96, 97, 98, 99, 100, 102, 103, 104, 106, 107, 108, 109, 110, 111, 112, 113, 115, 116, 118, 119, 120, 121, 122, 123, 124, 125, 127, 128, 129, 130, 132, 133, 134, 136, 137, 138, 140, 142, 144, 145, 147, 148, 150, 151, 152, 154, 155, 156, 157, 159, 161, 163, 165, 166, 168, 169, 170, 171, 172, 174, 175, 176, 177, 179, 180, 182, 183, 184, 185, 186, 187, 188, 189, 190, 192, 193, 194, 195, 196, 198, 199, 200, 203, 205, 207, 208, 209, 210, 211, 212, 213, 214, 216, 217, 218, 219, 220, 221, 223, 224, 225, 226, 227, 228, 229, 230, 231, 232, 233, 234, 235, 236, 237, 238, 240, 242, 243, 244, 245, 246, 248, 250, 251, 252, 253, 254, 255, 257, 258, 259, 260, 261, 262, 263, 265, 266, 267, 268, 272, 273, 274, 275, 276, 277, 278, 279, 280, 282, 283, 284, 286, 287, 288, 289, 290, 291, 292, 293, 294, 295, 296]
Linhas de Teste [0, 2, 3, 5, 8, 18, 23, 32, 34, 36, 44, 53, 56, 60, 65, 66, 70, 73, 74, 75, 101, 105, 114, 117, 126, 131, 135, 139, 141, 143, 146, 149, 153, 158, 160, 162, 164, 167, 173, 178, 181, 191, 197, 201, 202, 204, 206, 215, 222, 239, 241, 247, 249, 256, 264, 269, 270, 271, 281, 285]
R2 de Treino = 79.19
R2 de Teste = 73.74

41 / 150  27.33 %
Tempo restante 0:00:12.825703

#################  Rodada 41 / 150  27.33 %
Parâmetros ('EV_CE', 'PRE_CE', 'WAI_CE', 'saz_sin', 'saz_cos')
Linhas de Treino [1, 4, 6, 7, 9, 10, 11, 12, 13, 14, 15, 16, 17, 19, 20, 21, 22, 24, 25, 26, 27, 28, 29, 30, 31, 33, 35, 37, 38, 39, 40, 41, 42, 43, 45, 46, 47, 48, 49, 50, 51, 52, 54, 55, 57, 58, 59, 61, 62, 63, 64, 67, 68, 69, 71, 72, 76, 77, 78, 79, 80, 81, 82, 83, 84, 85, 86, 87, 88, 89, 90, 91, 92, 93, 94, 95, 96, 97, 98, 99, 100, 102, 103, 104, 106, 107, 108, 109, 110, 111, 112, 113, 115, 116, 118, 119, 120, 121, 122, 123, 124, 125, 127, 128, 129, 130, 132, 133, 134, 136, 137, 138, 140, 142, 144, 145, 147, 148, 150, 151, 152, 154, 155, 156, 157, 159, 161, 163, 165, 166, 168, 169, 170, 171, 172, 174, 175, 176, 177, 179, 180, 182, 183, 184, 185, 186, 187, 188, 189, 190, 192, 193, 194, 195, 196, 198, 199, 200, 203, 205, 207, 208, 209, 210, 211, 212, 213, 214, 216, 217, 218, 219, 220, 221, 223, 224, 225, 226, 227, 228, 229, 230, 231, 232, 233, 234, 235, 236, 237, 238, 240, 242, 243, 244, 245, 246, 248, 250, 251, 252, 253, 254, 255, 257, 258, 259, 260, 261, 262, 263, 265, 266, 267, 268, 272, 273, 274, 275, 276, 277, 278, 279, 280, 282, 283, 284, 286, 287, 288, 289, 290, 291, 292, 293, 294, 295, 296]
Linhas de Teste [0, 2, 3, 5, 8, 18, 23, 32, 34, 36, 44, 53, 56, 60, 65, 66, 70, 73, 74, 75, 101, 105, 114, 117, 126, 131, 135, 139, 141, 143, 146, 149, 153, 158, 160, 162, 164, 167, 173, 178, 181, 191, 197, 201, 202, 204, 206, 215, 222, 239, 241, 247, 249, 256, 264, 269, 270, 271, 281, 285]
R2 de Treino = 97.39
R2 de Teste = 95.9

41 / 150  27.33 %
Tempo restante 0:00:13.760814

#################  Rodada 42 / 150  28.0 %
Parâmetros ('EV_CA', 'PRE_CA', 'TST_CA', 'saz_sin', 'saz_cos')
Linhas de Treino [0, 2, 3, 4, 5, 6, 7, 8, 9, 11, 12, 13, 16, 18, 19, 20, 23, 24, 25, 27, 28, 30, 32, 33, 34, 35, 36, 37, 39, 40, 41, 42, 44, 47, 48, 50, 51, 53, 55, 56, 57, 59, 60, 61, 62, 63, 64, 65, 66, 67, 68, 70, 72, 73, 74, 75, 76, 77, 78, 79, 80, 81, 82, 85, 86, 87, 88, 91, 93, 95, 96, 98, 100, 101, 102, 103, 104, 105, 108, 109, 110, 111, 112, 113, 114, 115, 116, 117, 118, 119, 121, 123, 125, 126, 127, 128, 129, 131, 132, 134, 135, 136, 137, 138, 139, 140, 141, 142, 143, 144, 145, 146, 147, 148, 149, 150, 151, 153, 154, 155, 156, 157, 158, 159, 160, 162, 163, 164, 165, 166, 167, 168, 169, 170, 172, 173, 174, 175, 176, 177, 178, 179, 180, 181, 182, 183, 187, 188, 189, 190, 191, 192, 193, 194, 195, 197, 198, 200, 201, 202, 204, 205, 206, 208, 209, 210, 211, 212, 213, 214, 215, 216, 217, 218, 220, 221, 222, 223, 224, 225, 226, 227, 228, 229, 230, 231, 232, 233, 234, 235, 237, 238, 239, 240, 241, 244, 245, 246, 247, 248, 249, 251, 252, 253, 254, 255, 256, 257, 259, 261, 262, 263, 264, 265, 266, 268, 269, 270, 271, 272, 273, 275, 276, 277, 279, 280, 281, 282, 283, 285, 287, 288, 289, 291, 293, 294, 295]
Linhas de Teste [1, 10, 14, 15, 17, 21, 22, 26, 29, 31, 38, 43, 45, 46, 49, 52, 54, 58, 69, 71, 83, 84, 89, 90, 92, 94, 97, 99, 106, 107, 120, 122, 124, 130, 133, 152, 161, 171, 184, 185, 186, 196, 199, 203, 207, 219, 236, 242, 243, 250, 258, 260, 267, 274, 278, 284, 286, 290, 292, 296]
R2 de Treino = 95.89
R2 de Teste = 90.79

42 / 150  28.0 %
Tempo restante 0:00:13.206780

#################  Rodada 42 / 150  28.0 %
Parâmetros ('EV_MA', 'TST_MA', 'WAI_MA', 'saz_sin', 'saz_cos')
Linhas de Treino [0, 2, 3, 4, 5, 6, 7, 8, 9, 11, 12, 13, 16, 18, 19, 20, 23, 24, 25, 27, 28, 30, 32, 33, 34, 35, 36, 37, 39, 40, 41, 42, 44, 47, 48, 50, 51, 53, 55, 56, 57, 59, 60, 61, 62, 63, 64, 65, 66, 67, 68, 70, 72, 73, 74, 75, 76, 77, 78, 79, 80, 81, 82, 85, 86, 87, 88, 91, 93, 95, 96, 98, 100, 101, 102, 103, 104, 105, 108, 109, 110, 111, 112, 113, 114, 115, 116, 117, 118, 119, 121, 123, 125, 126, 127, 128, 129, 131, 132, 134, 135, 136, 137, 138, 139, 140, 141, 142, 143, 144, 145, 146, 147, 148, 149, 150, 151, 153, 154, 155, 156, 157, 158, 159, 160, 162, 163, 164, 165, 166, 167, 168, 169, 170, 172, 173, 174, 175, 176, 177, 178, 179, 180, 181, 182, 183, 187, 188, 189, 190, 191, 192, 193, 194, 195, 197, 198, 200, 201, 202, 204, 205, 206, 208, 209, 210, 211, 212, 213, 214, 215, 216, 217, 218, 220, 221, 222, 223, 224, 225, 226, 227, 228, 229, 230, 231, 232, 233, 234, 235, 237, 238, 239, 240, 241, 244, 245, 246, 247, 248, 249, 251, 252, 253, 254, 255, 256, 257, 259, 261, 262, 263, 264, 265, 266, 268, 269, 270, 271, 272, 273, 275, 276, 277, 279, 280, 281, 282, 283, 285, 287, 288, 289, 291, 293, 294, 295]
Linhas de Teste [1, 10, 14, 15, 17, 21, 22, 26, 29, 31, 38, 43, 45, 46, 49, 52, 54, 58, 69, 71, 83, 84, 89, 90, 92, 94, 97, 99, 106, 107, 120, 122, 124, 130, 133, 152, 161, 171, 184, 185, 186, 196, 199, 203, 207, 219, 236, 242, 243, 250, 258, 260, 267, 274, 278, 284, 286, 290, 292, 296]
R2 de Treino = 80.7
R2 de Teste = 68.18

42 / 150  28.0 %
Tempo restante 0:00:12.997584

#################  Rodada 42 / 150  28.0 %
Parâmetros ('EV_CE', 'PRE_CE', 'WAI_CE', 'saz_sin', 'saz_cos')
Linhas de Treino [0, 2, 3, 4, 5, 6, 7, 8, 9, 11, 12, 13, 16, 18, 19, 20, 23, 24, 25, 27, 28, 30, 32, 33, 34, 35, 36, 37, 39, 40, 41, 42, 44, 47, 48, 50, 51, 53, 55, 56, 57, 59, 60, 61, 62, 63, 64, 65, 66, 67, 68, 70, 72, 73, 74, 75, 76, 77, 78, 79, 80, 81, 82, 85, 86, 87, 88, 91, 93, 95, 96, 98, 100, 101, 102, 103, 104, 105, 108, 109, 110, 111, 112, 113, 114, 115, 116, 117, 118, 119, 121, 123, 125, 126, 127, 128, 129, 131, 132, 134, 135, 136, 137, 138, 139, 140, 141, 142, 143, 144, 145, 146, 147, 148, 149, 150, 151, 153, 154, 155, 156, 157, 158, 159, 160, 162, 163, 164, 165, 166, 167, 168, 169, 170, 172, 173, 174, 175, 176, 177, 178, 179, 180, 181, 182, 183, 187, 188, 189, 190, 191, 192, 193, 194, 195, 197, 198, 200, 201, 202, 204, 205, 206, 208, 209, 210, 211, 212, 213, 214, 215, 216, 217, 218, 220, 221, 222, 223, 224, 225, 226, 227, 228, 229, 230, 231, 232, 233, 234, 235, 237, 238, 239, 240, 241, 244, 245, 246, 247, 248, 249, 251, 252, 253, 254, 255, 256, 257, 259, 261, 262, 263, 264, 265, 266, 268, 269, 270, 271, 272, 273, 275, 276, 277, 279, 280, 281, 282, 283, 285, 287, 288, 289, 291, 293, 294, 295]
Linhas de Teste [1, 10, 14, 15, 17, 21, 22, 26, 29, 31, 38, 43, 45, 46, 49, 52, 54, 58, 69, 71, 83, 84, 89, 90, 92, 94, 97, 99, 106, 107, 120, 122, 124, 130, 133, 152, 161, 171, 184, 185, 186, 196, 199, 203, 207, 219, 236, 242, 243, 250, 258, 260, 267, 274, 278, 284, 286, 290, 292, 296]
R2 de Treino = 97.06
R2 de Teste = 96.89

42 / 150  28.0 %
Tempo restante 0:00:14.182776

#################  Rodada 43 / 150  28.67 %
Parâmetros ('EV_CA', 'PRE_CA', 'TST_CA', 'saz_sin', 'saz_cos')
Linhas de Treino [0, 1, 2, 3, 4, 5, 6, 8, 10, 11, 12, 13, 14, 15, 16, 17, 18, 19, 20, 21, 22, 23, 24, 25, 26, 28, 29, 30, 31, 32, 33, 34, 36, 38, 39, 41, 42, 43, 44, 45, 46, 47, 49, 51, 52, 53, 54, 55, 56, 57, 58, 59, 60, 61, 62, 64, 65, 66, 67, 69, 70, 71, 73, 74, 75, 78, 79, 81, 82, 83, 84, 85, 89, 90, 91, 92, 94, 95, 96, 97, 98, 99, 100, 101, 102, 104, 105, 106, 107, 111, 112, 114, 115, 116, 117, 119, 120, 122, 123, 124, 126, 127, 128, 129, 130, 131, 132, 133, 135, 136, 137, 138, 139, 140, 141, 143, 145, 146, 148, 149, 150, 152, 153, 154, 155, 156, 158, 159, 160, 161, 162, 163, 164, 165, 166, 167, 168, 171, 172, 173, 177, 178, 179, 180, 181, 182, 184, 185, 186, 187, 189, 190, 191, 193, 195, 196, 197, 198, 199, 201, 202, 203, 204, 205, 206, 207, 208, 212, 213, 214, 215, 217, 218, 219, 220, 222, 223, 225, 226, 227, 228, 229, 230, 231, 233, 234, 235, 236, 239, 241, 242, 243, 245, 246, 247, 248, 249, 250, 251, 252, 253, 254, 255, 256, 258, 259, 260, 261, 262, 263, 264, 265, 266, 267, 268, 269, 270, 271, 272, 273, 274, 275, 278, 279, 280, 281, 283, 284, 285, 286, 287, 288, 290, 291, 292, 293, 295, 296]
Linhas de Teste [7, 9, 27, 35, 37, 40, 48, 50, 63, 68, 72, 76, 77, 80, 86, 87, 88, 93, 103, 108, 109, 110, 113, 118, 121, 125, 134, 142, 144, 147, 151, 157, 169, 170, 174, 175, 176, 183, 188, 192, 194, 200, 209, 210, 211, 216, 221, 224, 232, 237, 238, 240, 244, 257, 276, 277, 282, 289, 294]
R2 de Treino = 95.32
R2 de Teste = 93.91

43 / 150  28.67 %
Tempo restante 0:00:12.488184

#################  Rodada 43 / 150  28.67 %
Parâmetros ('EV_MA', 'TST_MA', 'WAI_MA', 'saz_sin', 'saz_cos')
Linhas de Treino [0, 1, 2, 3, 4, 5, 6, 8, 10, 11, 12, 13, 14, 15, 16, 17, 18, 19, 20, 21, 22, 23, 24, 25, 26, 28, 29, 30, 31, 32, 33, 34, 36, 38, 39, 41, 42, 43, 44, 45, 46, 47, 49, 51, 52, 53, 54, 55, 56, 57, 58, 59, 60, 61, 62, 64, 65, 66, 67, 69, 70, 71, 73, 74, 75, 78, 79, 81, 82, 83, 84, 85, 89, 90, 91, 92, 94, 95, 96, 97, 98, 99, 100, 101, 102, 104, 105, 106, 107, 111, 112, 114, 115, 116, 117, 119, 120, 122, 123, 124, 126, 127, 128, 129, 130, 131, 132, 133, 135, 136, 137, 138, 139, 140, 141, 143, 145, 146, 148, 149, 150, 152, 153, 154, 155, 156, 158, 159, 160, 161, 162, 163, 164, 165, 166, 167, 168, 171, 172, 173, 177, 178, 179, 180, 181, 182, 184, 185, 186, 187, 189, 190, 191, 193, 195, 196, 197, 198, 199, 201, 202, 203, 204, 205, 206, 207, 208, 212, 213, 214, 215, 217, 218, 219, 220, 222, 223, 225, 226, 227, 228, 229, 230, 231, 233, 234, 235, 236, 239, 241, 242, 243, 245, 246, 247, 248, 249, 250, 251, 252, 253, 254, 255, 256, 258, 259, 260, 261, 262, 263, 264, 265, 266, 267, 268, 269, 270, 271, 272, 273, 274, 275, 278, 279, 280, 281, 283, 284, 285, 286, 287, 288, 290, 291, 292, 293, 295, 296]
Linhas de Teste [7, 9, 27, 35, 37, 40, 48, 50, 63, 68, 72, 76, 77, 80, 86, 87, 88, 93, 103, 108, 109, 110, 113, 118, 121, 125, 134, 142, 144, 147, 151, 157, 169, 170, 174, 175, 176, 183, 188, 192, 194, 200, 209, 210, 211, 216, 221, 224, 232, 237, 238, 240, 244, 257, 276, 277, 282, 289, 294]
R2 de Treino = 77.88
R2 de Teste = 78.71

43 / 150  28.67 %
Tempo restante 0:00:13.130612

#################  Rodada 43 / 150  28.67 %
Parâmetros ('EV_CE', 'PRE_CE', 'WAI_CE', 'saz_sin', 'saz_cos')
Linhas de Treino [0, 1, 2, 3, 4, 5, 6, 8, 10, 11, 12, 13, 14, 15, 16, 17, 18, 19, 20, 21, 22, 23, 24, 25, 26, 28, 29, 30, 31, 32, 33, 34, 36, 38, 39, 41, 42, 43, 44, 45, 46, 47, 49, 51, 52, 53, 54, 55, 56, 57, 58, 59, 60, 61, 62, 64, 65, 66, 67, 69, 70, 71, 73, 74, 75, 78, 79, 81, 82, 83, 84, 85, 89, 90, 91, 92, 94, 95, 96, 97, 98, 99, 100, 101, 102, 104, 105, 106, 107, 111, 112, 114, 115, 116, 117, 119, 120, 122, 123, 124, 126, 127, 128, 129, 130, 131, 132, 133, 135, 136, 137, 138, 139, 140, 141, 143, 145, 146, 148, 149, 150, 152, 153, 154, 155, 156, 158, 159, 160, 161, 162, 163, 164, 165, 166, 167, 168, 171, 172, 173, 177, 178, 179, 180, 181, 182, 184, 185, 186, 187, 189, 190, 191, 193, 195, 196, 197, 198, 199, 201, 202, 203, 204, 205, 206, 207, 208, 212, 213, 214, 215, 217, 218, 219, 220, 222, 223, 225, 226, 227, 228, 229, 230, 231, 233, 234, 235, 236, 239, 241, 242, 243, 245, 246, 247, 248, 249, 250, 251, 252, 253, 254, 255, 256, 258, 259, 260, 261, 262, 263, 264, 265, 266, 267, 268, 269, 270, 271, 272, 273, 274, 275, 278, 279, 280, 281, 283, 284, 285, 286, 287, 288, 290, 291, 292, 293, 295, 296]
Linhas de Teste [7, 9, 27, 35, 37, 40, 48, 50, 63, 68, 72, 76, 77, 80, 86, 87, 88, 93, 103, 108, 109, 110, 113, 118, 121, 125, 134, 142, 144, 147, 151, 157, 169, 170, 174, 175, 176, 183, 188, 192, 194, 200, 209, 210, 211, 216, 221, 224, 232, 237, 238, 240, 244, 257, 276, 277, 282, 289, 294]
R2 de Treino = 97.26
R2 de Teste = 96.84

43 / 150  28.67 %
Tempo restante 0:00:13.059992

#################  Rodada 44 / 150  29.33 %
Parâmetros ('EV_CA', 'PRE_CA', 'TST_CA', 'saz_sin', 'saz_cos')
Linhas de Treino [0, 1, 2, 3, 4, 5, 6, 7, 8, 9, 10, 11, 13, 14, 15, 17, 18, 19, 21, 22, 23, 24, 26, 27, 29, 30, 31, 32, 34, 35, 36, 37, 38, 39, 40, 42, 43, 44, 45, 46, 48, 49, 50, 51, 52, 53, 54, 55, 56, 58, 59, 60, 61, 62, 63, 65, 66, 67, 68, 69, 70, 71, 72, 73, 74, 75, 76, 77, 78, 79, 80, 82, 83, 84, 86, 87, 88, 89, 90, 91, 92, 93, 94, 95, 96, 97, 98, 99, 100, 101, 102, 103, 105, 106, 107, 108, 109, 110, 113, 114, 115, 117, 118, 120, 121, 122, 123, 124, 125, 126, 127, 129, 130, 131, 133, 134, 135, 139, 140, 141, 142, 143, 144, 145, 146, 147, 148, 149, 150, 151, 152, 153, 154, 155, 157, 158, 159, 160, 161, 162, 163, 164, 165, 167, 169, 170, 171, 172, 173, 174, 175, 176, 177, 178, 181, 183, 184, 185, 186, 188, 189, 190, 191, 192, 194, 196, 197, 198, 199, 200, 201, 202, 203, 204, 206, 207, 209, 210, 211, 213, 215, 216, 219, 220, 221, 222, 224, 226, 228, 230, 232, 236, 237, 238, 239, 240, 241, 242, 243, 244, 247, 249, 250, 251, 252, 253, 256, 257, 258, 259, 260, 261, 262, 264, 265, 266, 267, 269, 270, 271, 273, 274, 276, 277, 278, 280, 281, 282, 284, 285, 286, 287, 288, 289, 290, 292, 294, 296]
Linhas de Teste [12, 16, 20, 25, 28, 33, 41, 47, 57, 64, 81, 85, 104, 111, 112, 116, 119, 128, 132, 136, 137, 138, 156, 166, 168, 179, 180, 182, 187, 193, 195, 205, 208, 212, 214, 217, 218, 223, 225, 227, 229, 231, 233, 234, 235, 245, 246, 248, 254, 255, 263, 268, 272, 275, 279, 283, 291, 293, 295]
R2 de Treino = 94.68
R2 de Teste = 96.35

44 / 150  29.33 %
Tempo restante 0:00:12.438252

#################  Rodada 44 / 150  29.33 %
Parâmetros ('EV_MA', 'TST_MA', 'WAI_MA', 'saz_sin', 'saz_cos')
Linhas de Treino [0, 1, 2, 3, 4, 5, 6, 7, 8, 9, 10, 11, 13, 14, 15, 17, 18, 19, 21, 22, 23, 24, 26, 27, 29, 30, 31, 32, 34, 35, 36, 37, 38, 39, 40, 42, 43, 44, 45, 46, 48, 49, 50, 51, 52, 53, 54, 55, 56, 58, 59, 60, 61, 62, 63, 65, 66, 67, 68, 69, 70, 71, 72, 73, 74, 75, 76, 77, 78, 79, 80, 82, 83, 84, 86, 87, 88, 89, 90, 91, 92, 93, 94, 95, 96, 97, 98, 99, 100, 101, 102, 103, 105, 106, 107, 108, 109, 110, 113, 114, 115, 117, 118, 120, 121, 122, 123, 124, 125, 126, 127, 129, 130, 131, 133, 134, 135, 139, 140, 141, 142, 143, 144, 145, 146, 147, 148, 149, 150, 151, 152, 153, 154, 155, 157, 158, 159, 160, 161, 162, 163, 164, 165, 167, 169, 170, 171, 172, 173, 174, 175, 176, 177, 178, 181, 183, 184, 185, 186, 188, 189, 190, 191, 192, 194, 196, 197, 198, 199, 200, 201, 202, 203, 204, 206, 207, 209, 210, 211, 213, 215, 216, 219, 220, 221, 222, 224, 226, 228, 230, 232, 236, 237, 238, 239, 240, 241, 242, 243, 244, 247, 249, 250, 251, 252, 253, 256, 257, 258, 259, 260, 261, 262, 264, 265, 266, 267, 269, 270, 271, 273, 274, 276, 277, 278, 280, 281, 282, 284, 285, 286, 287, 288, 289, 290, 292, 294, 296]
Linhas de Teste [12, 16, 20, 25, 28, 33, 41, 47, 57, 64, 81, 85, 104, 111, 112, 116, 119, 128, 132, 136, 137, 138, 156, 166, 168, 179, 180, 182, 187, 193, 195, 205, 208, 212, 214, 217, 218, 223, 225, 227, 229, 231, 233, 234, 235, 245, 246, 248, 254, 255, 263, 268, 272, 275, 279, 283, 291, 293, 295]
R2 de Treino = 78.08
R2 de Teste = 80.78

44 / 150  29.33 %
Tempo restante 0:00:13.015104

#################  Rodada 44 / 150  29.33 %
Parâmetros ('EV_CE', 'PRE_CE', 'WAI_CE', 'saz_sin', 'saz_cos')
Linhas de Treino [0, 1, 2, 3, 4, 5, 6, 7, 8, 9, 10, 11, 13, 14, 15, 17, 18, 19, 21, 22, 23, 24, 26, 27, 29, 30, 31, 32, 34, 35, 36, 37, 38, 39, 40, 42, 43, 44, 45, 46, 48, 49, 50, 51, 52, 53, 54, 55, 56, 58, 59, 60, 61, 62, 63, 65, 66, 67, 68, 69, 70, 71, 72, 73, 74, 75, 76, 77, 78, 79, 80, 82, 83, 84, 86, 87, 88, 89, 90, 91, 92, 93, 94, 95, 96, 97, 98, 99, 100, 101, 102, 103, 105, 106, 107, 108, 109, 110, 113, 114, 115, 117, 118, 120, 121, 122, 123, 124, 125, 126, 127, 129, 130, 131, 133, 134, 135, 139, 140, 141, 142, 143, 144, 145, 146, 147, 148, 149, 150, 151, 152, 153, 154, 155, 157, 158, 159, 160, 161, 162, 163, 164, 165, 167, 169, 170, 171, 172, 173, 174, 175, 176, 177, 178, 181, 183, 184, 185, 186, 188, 189, 190, 191, 192, 194, 196, 197, 198, 199, 200, 201, 202, 203, 204, 206, 207, 209, 210, 211, 213, 215, 216, 219, 220, 221, 222, 224, 226, 228, 230, 232, 236, 237, 238, 239, 240, 241, 242, 243, 244, 247, 249, 250, 251, 252, 253, 256, 257, 258, 259, 260, 261, 262, 264, 265, 266, 267, 269, 270, 271, 273, 274, 276, 277, 278, 280, 281, 282, 284, 285, 286, 287, 288, 289, 290, 292, 294, 296]
Linhas de Teste [12, 16, 20, 25, 28, 33, 41, 47, 57, 64, 81, 85, 104, 111, 112, 116, 119, 128, 132, 136, 137, 138, 156, 166, 168, 179, 180, 182, 187, 193, 195, 205, 208, 212, 214, 217, 218, 223, 225, 227, 229, 231, 233, 234, 235, 245, 246, 248, 254, 255, 263, 268, 272, 275, 279, 283, 291, 293, 295]
R2 de Treino = 97.14
R2 de Teste = 97.68

44 / 150  29.33 %
Tempo restante 0:00:12.941328

#################  Rodada 45 / 150  30.0 %
Parâmetros ('EV_CA', 'PRE_CA', 'TST_CA', 'saz_sin', 'saz_cos')
Linhas de Treino [0, 1, 2, 3, 5, 7, 8, 9, 10, 12, 14, 15, 16, 17, 18, 20, 21, 22, 23, 25, 26, 27, 28, 29, 31, 32, 33, 34, 35, 36, 37, 38, 40, 41, 43, 44, 45, 46, 47, 48, 49, 50, 52, 53, 54, 56, 57, 58, 60, 63, 64, 65, 66, 68, 69, 70, 71, 72, 73, 74, 75, 76, 77, 80, 81, 83, 84, 85, 86, 87, 88, 89, 90, 92, 93, 94, 97, 99, 101, 103, 104, 105, 106, 107, 108, 109, 110, 111, 112, 113, 114, 116, 117, 118, 119, 120, 121, 122, 124, 125, 126, 128, 130, 131, 132, 133, 134, 135, 136, 137, 138, 139, 141, 142, 143, 144, 146, 147, 149, 151, 152, 153, 156, 157, 158, 160, 161, 162, 164, 166, 167, 168, 169, 170, 171, 173, 174, 175, 176, 178, 179, 180, 181, 182, 183, 184, 185, 186, 187, 188, 191, 192, 193, 194, 195, 196, 197, 199, 200, 201, 202, 203, 204, 205, 206, 207, 208, 209, 210, 211, 212, 214, 215, 216, 217, 218, 219, 221, 222, 223, 224, 225, 227, 229, 231, 232, 233, 234, 235, 236, 237, 238, 239, 240, 241, 242, 243, 244, 245, 246, 247, 248, 249, 250, 254, 255, 256, 257, 258, 260, 263, 264, 267, 268, 269, 270, 271, 272, 274, 275, 276, 277, 278, 279, 281, 282, 283, 284, 285, 286, 289, 290, 291, 292, 293, 294, 295, 296]
Linhas de Teste [4, 6, 11, 13, 19, 24, 30, 39, 42, 51, 55, 59, 61, 62, 67, 78, 79, 82, 91, 95, 96, 98, 100, 102, 115, 123, 127, 129, 140, 145, 148, 150, 154, 155, 159, 163, 165, 172, 177, 189, 190, 198, 213, 220, 226, 228, 230, 251, 252, 253, 259, 261, 262, 265, 266, 273, 280, 287, 288]
R2 de Treino = 94.74
R2 de Teste = 96.07

45 / 150  30.0 %
Tempo restante 0:00:12.297705

#################  Rodada 45 / 150  30.0 %
Parâmetros ('EV_MA', 'TST_MA', 'WAI_MA', 'saz_sin', 'saz_cos')
Linhas de Treino [0, 1, 2, 3, 5, 7, 8, 9, 10, 12, 14, 15, 16, 17, 18, 20, 21, 22, 23, 25, 26, 27, 28, 29, 31, 32, 33, 34, 35, 36, 37, 38, 40, 41, 43, 44, 45, 46, 47, 48, 49, 50, 52, 53, 54, 56, 57, 58, 60, 63, 64, 65, 66, 68, 69, 70, 71, 72, 73, 74, 75, 76, 77, 80, 81, 83, 84, 85, 86, 87, 88, 89, 90, 92, 93, 94, 97, 99, 101, 103, 104, 105, 106, 107, 108, 109, 110, 111, 112, 113, 114, 116, 117, 118, 119, 120, 121, 122, 124, 125, 126, 128, 130, 131, 132, 133, 134, 135, 136, 137, 138, 139, 141, 142, 143, 144, 146, 147, 149, 151, 152, 153, 156, 157, 158, 160, 161, 162, 164, 166, 167, 168, 169, 170, 171, 173, 174, 175, 176, 178, 179, 180, 181, 182, 183, 184, 185, 186, 187, 188, 191, 192, 193, 194, 195, 196, 197, 199, 200, 201, 202, 203, 204, 205, 206, 207, 208, 209, 210, 211, 212, 214, 215, 216, 217, 218, 219, 221, 222, 223, 224, 225, 227, 229, 231, 232, 233, 234, 235, 236, 237, 238, 239, 240, 241, 242, 243, 244, 245, 246, 247, 248, 249, 250, 254, 255, 256, 257, 258, 260, 263, 264, 267, 268, 269, 270, 271, 272, 274, 275, 276, 277, 278, 279, 281, 282, 283, 284, 285, 286, 289, 290, 291, 292, 293, 294, 295, 296]
Linhas de Teste [4, 6, 11, 13, 19, 24, 30, 39, 42, 51, 55, 59, 61, 62, 67, 78, 79, 82, 91, 95, 96, 98, 100, 102, 115, 123, 127, 129, 140, 145, 148, 150, 154, 155, 159, 163, 165, 172, 177, 189, 190, 198, 213, 220, 226, 228, 230, 251, 252, 253, 259, 261, 262, 265, 266, 273, 280, 287, 288]
R2 de Treino = 78.7
R2 de Teste = 75.67

45 / 150  30.0 %
Tempo restante 0:00:14.226870

#################  Rodada 46 / 150  30.67 %
Parâmetros ('EV_CA', 'PRE_CA', 'TST_CA', 'saz_sin', 'saz_cos')
Linhas de Treino [1, 2, 3, 4, 6, 7, 9, 13, 14, 15, 16, 18, 19, 20, 21, 23, 24, 25, 26, 27, 29, 30, 31, 32, 34, 35, 37, 38, 39, 40, 41, 42, 43, 44, 45, 46, 48, 49, 50, 54, 56, 57, 58, 59, 60, 62, 63, 64, 65, 67, 68, 69, 70, 72, 73, 74, 75, 76, 77, 79, 80, 81, 83, 84, 85, 86, 87, 88, 89, 92, 93, 97, 99, 102, 103, 105, 106, 107, 108, 110, 111, 112, 114, 115, 116, 117, 118, 119, 120, 122, 123, 124, 125, 126, 127, 128, 129, 130, 131, 134, 136, 137, 139, 140, 141, 142, 143, 144, 145, 146, 147, 148, 149, 150, 151, 152, 153, 154, 157, 158, 159, 160, 161, 162, 163, 164, 166, 167, 168, 169, 170, 172, 173, 174, 175, 177, 178, 179, 181, 182, 183, 185, 186, 187, 188, 189, 191, 192, 193, 194, 195, 197, 198, 199, 200, 201, 202, 203, 204, 207, 208, 209, 210, 211, 212, 213, 215, 216, 217, 218, 219, 220, 221, 222, 223, 224, 225, 226, 227, 228, 229, 231, 232, 233, 234, 235, 236, 237, 238, 239, 240, 241, 242, 244, 246, 247, 248, 249, 250, 251, 252, 253, 254, 256, 258, 259, 261, 262, 263, 264, 265, 267, 268, 269, 271, 272, 274, 276, 277, 278, 279, 280, 281, 282, 283, 284, 285, 286, 287, 288, 289, 291, 292, 293, 294, 295, 296]
Linhas de Teste [0, 5, 8, 10, 11, 12, 17, 22, 28, 33, 36, 47, 51, 52, 53, 55, 61, 66, 71, 78, 82, 90, 91, 94, 95, 96, 98, 100, 101, 104, 109, 113, 121, 132, 133, 135, 138, 155, 156, 165, 171, 176, 180, 184, 190, 196, 205, 206, 214, 230, 243, 245, 255, 257, 260, 266, 270, 273, 275, 290]
R2 de Treino = 94.86
R2 de Teste = 95.95

46 / 150  30.67 %
Tempo restante 0:00:12.088856

#################  Rodada 45 / 150  30.0 %
Parâmetros ('EV_CE', 'PRE_CE', 'WAI_CE', 'saz_sin', 'saz_cos')
Linhas de Treino [0, 1, 2, 3, 5, 7, 8, 9, 10, 12, 14, 15, 16, 17, 18, 20, 21, 22, 23, 25, 26, 27, 28, 29, 31, 32, 33, 34, 35, 36, 37, 38, 40, 41, 43, 44, 45, 46, 47, 48, 49, 50, 52, 53, 54, 56, 57, 58, 60, 63, 64, 65, 66, 68, 69, 70, 71, 72, 73, 74, 75, 76, 77, 80, 81, 83, 84, 85, 86, 87, 88, 89, 90, 92, 93, 94, 97, 99, 101, 103, 104, 105, 106, 107, 108, 109, 110, 111, 112, 113, 114, 116, 117, 118, 119, 120, 121, 122, 124, 125, 126, 128, 130, 131, 132, 133, 134, 135, 136, 137, 138, 139, 141, 142, 143, 144, 146, 147, 149, 151, 152, 153, 156, 157, 158, 160, 161, 162, 164, 166, 167, 168, 169, 170, 171, 173, 174, 175, 176, 178, 179, 180, 181, 182, 183, 184, 185, 186, 187, 188, 191, 192, 193, 194, 195, 196, 197, 199, 200, 201, 202, 203, 204, 205, 206, 207, 208, 209, 210, 211, 212, 214, 215, 216, 217, 218, 219, 221, 222, 223, 224, 225, 227, 229, 231, 232, 233, 234, 235, 236, 237, 238, 239, 240, 241, 242, 243, 244, 245, 246, 247, 248, 249, 250, 254, 255, 256, 257, 258, 260, 263, 264, 267, 268, 269, 270, 271, 272, 274, 275, 276, 277, 278, 279, 281, 282, 283, 284, 285, 286, 289, 290, 291, 292, 293, 294, 295, 296]
Linhas de Teste [4, 6, 11, 13, 19, 24, 30, 39, 42, 51, 55, 59, 61, 62, 67, 78, 79, 82, 91, 95, 96, 98, 100, 102, 115, 123, 127, 129, 140, 145, 148, 150, 154, 155, 159, 163, 165, 172, 177, 189, 190, 198, 213, 220, 226, 228, 230, 251, 252, 253, 259, 261, 262, 265, 266, 273, 280, 287, 288]
R2 de Treino = 97.45
R2 de Teste = 96.05

45 / 150  30.0 %
Tempo restante 0:00:12.719490

#################  Rodada 46 / 150  30.67 %
Parâmetros ('EV_MA', 'TST_MA', 'WAI_MA', 'saz_sin', 'saz_cos')
Linhas de Treino [1, 2, 3, 4, 6, 7, 9, 13, 14, 15, 16, 18, 19, 20, 21, 23, 24, 25, 26, 27, 29, 30, 31, 32, 34, 35, 37, 38, 39, 40, 41, 42, 43, 44, 45, 46, 48, 49, 50, 54, 56, 57, 58, 59, 60, 62, 63, 64, 65, 67, 68, 69, 70, 72, 73, 74, 75, 76, 77, 79, 80, 81, 83, 84, 85, 86, 87, 88, 89, 92, 93, 97, 99, 102, 103, 105, 106, 107, 108, 110, 111, 112, 114, 115, 116, 117, 118, 119, 120, 122, 123, 124, 125, 126, 127, 128, 129, 130, 131, 134, 136, 137, 139, 140, 141, 142, 143, 144, 145, 146, 147, 148, 149, 150, 151, 152, 153, 154, 157, 158, 159, 160, 161, 162, 163, 164, 166, 167, 168, 169, 170, 172, 173, 174, 175, 177, 178, 179, 181, 182, 183, 185, 186, 187, 188, 189, 191, 192, 193, 194, 195, 197, 198, 199, 200, 201, 202, 203, 204, 207, 208, 209, 210, 211, 212, 213, 215, 216, 217, 218, 219, 220, 221, 222, 223, 224, 225, 226, 227, 228, 229, 231, 232, 233, 234, 235, 236, 237, 238, 239, 240, 241, 242, 244, 246, 247, 248, 249, 250, 251, 252, 253, 254, 256, 258, 259, 261, 262, 263, 264, 265, 267, 268, 269, 271, 272, 274, 276, 277, 278, 279, 280, 281, 282, 283, 284, 285, 286, 287, 288, 289, 291, 292, 293, 294, 295, 296]
Linhas de Teste [0, 5, 8, 10, 11, 12, 17, 22, 28, 33, 36, 47, 51, 52, 53, 55, 61, 66, 71, 78, 82, 90, 91, 94, 95, 96, 98, 100, 101, 104, 109, 113, 121, 132, 133, 135, 138, 155, 156, 165, 171, 176, 180, 184, 190, 196, 205, 206, 214, 230, 243, 245, 255, 257, 260, 266, 270, 273, 275, 290]
R2 de Treino = 76.61
R2 de Teste = 82.94

46 / 150  30.67 %
Tempo restante 0:00:13.439504

#################  Rodada 47 / 150  31.33 %
Parâmetros ('EV_CA', 'PRE_CA', 'TST_CA', 'saz_sin', 'saz_cos')
Linhas de Treino [0, 2, 3, 4, 5, 6, 8, 10, 11, 12, 13, 17, 18, 19, 20, 22, 23, 28, 29, 30, 32, 33, 34, 35, 36, 37, 38, 40, 43, 44, 45, 46, 47, 48, 49, 50, 51, 52, 53, 54, 55, 56, 57, 59, 60, 61, 62, 63, 66, 68, 69, 70, 71, 72, 73, 74, 75, 77, 78, 79, 80, 81, 82, 83, 84, 85, 86, 88, 89, 90, 91, 92, 93, 94, 95, 96, 98, 99, 100, 101, 102, 104, 105, 106, 107, 108, 109, 110, 112, 113, 114, 115, 116, 117, 118, 119, 120, 121, 123, 125, 126, 127, 128, 130, 131, 132, 133, 134, 135, 136, 137, 138, 141, 142, 143, 144, 145, 146, 147, 148, 150, 151, 152, 153, 154, 155, 156, 157, 158, 159, 160, 161, 162, 163, 164, 165, 167, 169, 171, 172, 173, 174, 175, 176, 177, 178, 180, 181, 182, 183, 184, 185, 186, 187, 188, 190, 191, 193, 194, 196, 197, 199, 201, 202, 203, 204, 205, 206, 207, 208, 210, 211, 214, 215, 216, 218, 219, 220, 222, 223, 224, 226, 227, 228, 229, 230, 231, 232, 234, 235, 236, 237, 239, 240, 241, 242, 243, 244, 245, 246, 250, 252, 253, 254, 255, 256, 257, 258, 259, 260, 262, 263, 265, 266, 267, 268, 269, 270, 271, 272, 273, 274, 275, 277, 278, 279, 280, 281, 282, 283, 285, 286, 287, 290, 291, 293, 294]
Linhas de Teste [1, 7, 9, 14, 15, 16, 21, 24, 25, 26, 27, 31, 39, 41, 42, 58, 64, 65, 67, 76, 87, 97, 103, 111, 122, 124, 129, 139, 140, 149, 166, 168, 170, 179, 189, 192, 195, 198, 200, 209, 212, 213, 217, 221, 225, 233, 238, 247, 248, 249, 251, 261, 264, 276, 284, 288, 289, 292, 295, 296]
R2 de Treino = 95.29
R2 de Teste = 94.0

47 / 150  31.33 %
Tempo restante 0:00:11.989921

#################  Rodada 46 / 150  30.67 %
Parâmetros ('EV_CE', 'PRE_CE', 'WAI_CE', 'saz_sin', 'saz_cos')
Linhas de Treino [1, 2, 3, 4, 6, 7, 9, 13, 14, 15, 16, 18, 19, 20, 21, 23, 24, 25, 26, 27, 29, 30, 31, 32, 34, 35, 37, 38, 39, 40, 41, 42, 43, 44, 45, 46, 48, 49, 50, 54, 56, 57, 58, 59, 60, 62, 63, 64, 65, 67, 68, 69, 70, 72, 73, 74, 75, 76, 77, 79, 80, 81, 83, 84, 85, 86, 87, 88, 89, 92, 93, 97, 99, 102, 103, 105, 106, 107, 108, 110, 111, 112, 114, 115, 116, 117, 118, 119, 120, 122, 123, 124, 125, 126, 127, 128, 129, 130, 131, 134, 136, 137, 139, 140, 141, 142, 143, 144, 145, 146, 147, 148, 149, 150, 151, 152, 153, 154, 157, 158, 159, 160, 161, 162, 163, 164, 166, 167, 168, 169, 170, 172, 173, 174, 175, 177, 178, 179, 181, 182, 183, 185, 186, 187, 188, 189, 191, 192, 193, 194, 195, 197, 198, 199, 200, 201, 202, 203, 204, 207, 208, 209, 210, 211, 212, 213, 215, 216, 217, 218, 219, 220, 221, 222, 223, 224, 225, 226, 227, 228, 229, 231, 232, 233, 234, 235, 236, 237, 238, 239, 240, 241, 242, 244, 246, 247, 248, 249, 250, 251, 252, 253, 254, 256, 258, 259, 261, 262, 263, 264, 265, 267, 268, 269, 271, 272, 274, 276, 277, 278, 279, 280, 281, 282, 283, 284, 285, 286, 287, 288, 289, 291, 292, 293, 294, 295, 296]
Linhas de Teste [0, 5, 8, 10, 11, 12, 17, 22, 28, 33, 36, 47, 51, 52, 53, 55, 61, 66, 71, 78, 82, 90, 91, 94, 95, 96, 98, 100, 101, 104, 109, 113, 121, 132, 133, 135, 138, 155, 156, 165, 171, 176, 180, 184, 190, 196, 205, 206, 214, 230, 243, 245, 255, 257, 260, 266, 270, 273, 275, 290]
R2 de Treino = 97.18
R2 de Teste = 96.71

46 / 150  30.67 %
Tempo restante 0:00:12.455040

#################  Rodada 47 / 150  31.33 %
Parâmetros ('EV_MA', 'TST_MA', 'WAI_MA', 'saz_sin', 'saz_cos')
Linhas de Treino [0, 2, 3, 4, 5, 6, 8, 10, 11, 12, 13, 17, 18, 19, 20, 22, 23, 28, 29, 30, 32, 33, 34, 35, 36, 37, 38, 40, 43, 44, 45, 46, 47, 48, 49, 50, 51, 52, 53, 54, 55, 56, 57, 59, 60, 61, 62, 63, 66, 68, 69, 70, 71, 72, 73, 74, 75, 77, 78, 79, 80, 81, 82, 83, 84, 85, 86, 88, 89, 90, 91, 92, 93, 94, 95, 96, 98, 99, 100, 101, 102, 104, 105, 106, 107, 108, 109, 110, 112, 113, 114, 115, 116, 117, 118, 119, 120, 121, 123, 125, 126, 127, 128, 130, 131, 132, 133, 134, 135, 136, 137, 138, 141, 142, 143, 144, 145, 146, 147, 148, 150, 151, 152, 153, 154, 155, 156, 157, 158, 159, 160, 161, 162, 163, 164, 165, 167, 169, 171, 172, 173, 174, 175, 176, 177, 178, 180, 181, 182, 183, 184, 185, 186, 187, 188, 190, 191, 193, 194, 196, 197, 199, 201, 202, 203, 204, 205, 206, 207, 208, 210, 211, 214, 215, 216, 218, 219, 220, 222, 223, 224, 226, 227, 228, 229, 230, 231, 232, 234, 235, 236, 237, 239, 240, 241, 242, 243, 244, 245, 246, 250, 252, 253, 254, 255, 256, 257, 258, 259, 260, 262, 263, 265, 266, 267, 268, 269, 270, 271, 272, 273, 274, 275, 277, 278, 279, 280, 281, 282, 283, 285, 286, 287, 290, 291, 293, 294]
Linhas de Teste [1, 7, 9, 14, 15, 16, 21, 24, 25, 26, 27, 31, 39, 41, 42, 58, 64, 65, 67, 76, 87, 97, 103, 111, 122, 124, 129, 139, 140, 149, 166, 168, 170, 179, 189, 192, 195, 198, 200, 209, 212, 213, 217, 221, 225, 233, 238, 247, 248, 249, 251, 261, 264, 276, 284, 288, 289, 292, 295, 296]
R2 de Treino = 79.32
R2 de Teste = 68.18

47 / 150  31.33 %
Tempo restante 0:00:13.283395

#################  Rodada 48 / 150  32.0 %
Parâmetros ('EV_CA', 'PRE_CA', 'TST_CA', 'saz_sin', 'saz_cos')
Linhas de Treino [0, 1, 2, 3, 4, 5, 7, 8, 9, 10, 11, 12, 13, 14, 15, 16, 17, 18, 19, 21, 22, 23, 24, 25, 26, 27, 28, 29, 31, 33, 34, 36, 37, 38, 39, 40, 41, 42, 44, 45, 46, 47, 48, 49, 50, 51, 52, 53, 54, 55, 56, 58, 59, 60, 61, 62, 63, 64, 65, 66, 67, 68, 69, 70, 71, 73, 74, 75, 76, 77, 78, 80, 81, 82, 87, 89, 90, 91, 92, 93, 94, 95, 96, 97, 98, 99, 100, 101, 102, 103, 104, 106, 108, 109, 110, 111, 112, 113, 115, 116, 117, 118, 121, 122, 123, 124, 125, 128, 129, 131, 132, 133, 135, 136, 137, 138, 139, 140, 142, 143, 144, 145, 146, 147, 148, 149, 151, 153, 155, 156, 157, 158, 160, 161, 162, 164, 165, 166, 168, 169, 170, 171, 172, 173, 176, 179, 180, 181, 182, 184, 185, 187, 189, 190, 191, 192, 193, 194, 195, 196, 197, 198, 200, 201, 202, 204, 205, 206, 209, 210, 212, 213, 214, 215, 217, 218, 219, 220, 221, 222, 224, 225, 226, 227, 228, 229, 230, 231, 233, 234, 236, 237, 238, 241, 242, 243, 244, 245, 246, 247, 248, 249, 250, 251, 252, 253, 254, 255, 257, 258, 259, 260, 261, 262, 264, 265, 266, 270, 271, 272, 273, 275, 276, 277, 280, 283, 284, 285, 286, 288, 289, 290, 291, 292, 293, 294, 295, 296]
Linhas de Teste [6, 20, 30, 32, 35, 43, 57, 72, 79, 83, 84, 85, 86, 88, 105, 107, 114, 119, 120, 126, 127, 130, 134, 141, 150, 152, 154, 159, 163, 167, 174, 175, 177, 178, 183, 186, 188, 199, 203, 207, 208, 211, 216, 223, 232, 235, 239, 240, 256, 263, 267, 268, 269, 274, 278, 279, 281, 282, 287]
R2 de Treino = 95.75
R2 de Teste = 90.79

48 / 150  32.0 %
Tempo restante 0:00:12.077106

#################  Rodada 47 / 150  31.33 %
Parâmetros ('EV_CE', 'PRE_CE', 'WAI_CE', 'saz_sin', 'saz_cos')
Linhas de Treino [0, 2, 3, 4, 5, 6, 8, 10, 11, 12, 13, 17, 18, 19, 20, 22, 23, 28, 29, 30, 32, 33, 34, 35, 36, 37, 38, 40, 43, 44, 45, 46, 47, 48, 49, 50, 51, 52, 53, 54, 55, 56, 57, 59, 60, 61, 62, 63, 66, 68, 69, 70, 71, 72, 73, 74, 75, 77, 78, 79, 80, 81, 82, 83, 84, 85, 86, 88, 89, 90, 91, 92, 93, 94, 95, 96, 98, 99, 100, 101, 102, 104, 105, 106, 107, 108, 109, 110, 112, 113, 114, 115, 116, 117, 118, 119, 120, 121, 123, 125, 126, 127, 128, 130, 131, 132, 133, 134, 135, 136, 137, 138, 141, 142, 143, 144, 145, 146, 147, 148, 150, 151, 152, 153, 154, 155, 156, 157, 158, 159, 160, 161, 162, 163, 164, 165, 167, 169, 171, 172, 173, 174, 175, 176, 177, 178, 180, 181, 182, 183, 184, 185, 186, 187, 188, 190, 191, 193, 194, 196, 197, 199, 201, 202, 203, 204, 205, 206, 207, 208, 210, 211, 214, 215, 216, 218, 219, 220, 222, 223, 224, 226, 227, 228, 229, 230, 231, 232, 234, 235, 236, 237, 239, 240, 241, 242, 243, 244, 245, 246, 250, 252, 253, 254, 255, 256, 257, 258, 259, 260, 262, 263, 265, 266, 267, 268, 269, 270, 271, 272, 273, 274, 275, 277, 278, 279, 280, 281, 282, 283, 285, 286, 287, 290, 291, 293, 294]
Linhas de Teste [1, 7, 9, 14, 15, 16, 21, 24, 25, 26, 27, 31, 39, 41, 42, 58, 64, 65, 67, 76, 87, 97, 103, 111, 122, 124, 129, 139, 140, 149, 166, 168, 170, 179, 189, 192, 195, 198, 200, 209, 212, 213, 217, 221, 225, 233, 238, 247, 248, 249, 251, 261, 264, 276, 284, 288, 289, 292, 295, 296]
R2 de Treino = 97.09
R2 de Teste = 96.71

47 / 150  31.33 %
Tempo restante 0:00:12.634083

#################  Rodada 48 / 150  32.0 %
Parâmetros ('EV_MA', 'TST_MA', 'WAI_MA', 'saz_sin', 'saz_cos')
Linhas de Treino [0, 1, 2, 3, 4, 5, 7, 8, 9, 10, 11, 12, 13, 14, 15, 16, 17, 18, 19, 21, 22, 23, 24, 25, 26, 27, 28, 29, 31, 33, 34, 36, 37, 38, 39, 40, 41, 42, 44, 45, 46, 47, 48, 49, 50, 51, 52, 53, 54, 55, 56, 58, 59, 60, 61, 62, 63, 64, 65, 66, 67, 68, 69, 70, 71, 73, 74, 75, 76, 77, 78, 80, 81, 82, 87, 89, 90, 91, 92, 93, 94, 95, 96, 97, 98, 99, 100, 101, 102, 103, 104, 106, 108, 109, 110, 111, 112, 113, 115, 116, 117, 118, 121, 122, 123, 124, 125, 128, 129, 131, 132, 133, 135, 136, 137, 138, 139, 140, 142, 143, 144, 145, 146, 147, 148, 149, 151, 153, 155, 156, 157, 158, 160, 161, 162, 164, 165, 166, 168, 169, 170, 171, 172, 173, 176, 179, 180, 181, 182, 184, 185, 187, 189, 190, 191, 192, 193, 194, 195, 196, 197, 198, 200, 201, 202, 204, 205, 206, 209, 210, 212, 213, 214, 215, 217, 218, 219, 220, 221, 222, 224, 225, 226, 227, 228, 229, 230, 231, 233, 234, 236, 237, 238, 241, 242, 243, 244, 245, 246, 247, 248, 249, 250, 251, 252, 253, 254, 255, 257, 258, 259, 260, 261, 262, 264, 265, 266, 270, 271, 272, 273, 275, 276, 277, 280, 283, 284, 285, 286, 288, 289, 290, 291, 292, 293, 294, 295, 296]
Linhas de Teste [6, 20, 30, 32, 35, 43, 57, 72, 79, 83, 84, 85, 86, 88, 105, 107, 114, 119, 120, 126, 127, 130, 134, 141, 150, 152, 154, 159, 163, 167, 174, 175, 177, 178, 183, 186, 188, 199, 203, 207, 208, 211, 216, 223, 232, 235, 239, 240, 256, 263, 267, 268, 269, 274, 278, 279, 281, 282, 287]
R2 de Treino = 80.35
R2 de Teste = 64.75

48 / 150  32.0 %
Tempo restante 0:00:13.678608

#################  Rodada 49 / 150  32.67 %
Parâmetros ('EV_CA', 'PRE_CA', 'TST_CA', 'saz_sin', 'saz_cos')
Linhas de Treino [0, 1, 2, 3, 5, 6, 7, 8, 9, 10, 11, 12, 13, 14, 15, 16, 17, 18, 19, 20, 21, 22, 23, 24, 25, 26, 27, 28, 29, 30, 31, 32, 33, 35, 36, 37, 39, 41, 42, 43, 44, 46, 47, 51, 52, 53, 54, 55, 56, 57, 58, 59, 61, 62, 64, 65, 66, 67, 70, 71, 72, 75, 76, 78, 79, 81, 82, 83, 84, 85, 86, 87, 88, 90, 91, 93, 94, 95, 96, 97, 98, 100, 101, 103, 104, 105, 107, 108, 109, 110, 111, 112, 113, 114, 115, 116, 117, 118, 119, 120, 121, 122, 124, 126, 127, 129, 130, 131, 132, 133, 134, 135, 138, 139, 140, 141, 144, 145, 149, 150, 151, 152, 153, 154, 155, 156, 157, 158, 159, 160, 161, 163, 165, 166, 167, 168, 170, 171, 172, 174, 175, 176, 177, 178, 179, 180, 182, 183, 184, 185, 186, 187, 188, 189, 190, 191, 192, 195, 196, 198, 199, 200, 201, 202, 203, 205, 206, 207, 208, 209, 210, 211, 212, 213, 214, 215, 216, 217, 219, 220, 221, 223, 224, 225, 226, 227, 228, 229, 230, 232, 233, 235, 238, 239, 240, 243, 245, 247, 248, 249, 251, 252, 253, 255, 256, 257, 259, 260, 261, 263, 264, 266, 267, 268, 269, 270, 272, 273, 274, 275, 276, 278, 279, 281, 282, 283, 284, 285, 286, 287, 288, 289, 290, 292, 293, 294, 295, 296]
Linhas de Teste [4, 34, 38, 40, 45, 48, 49, 50, 60, 63, 68, 69, 73, 74, 77, 80, 89, 92, 99, 102, 106, 123, 125, 128, 136, 137, 142, 143, 146, 147, 148, 162, 164, 169, 173, 181, 193, 194, 197, 204, 218, 222, 231, 234, 236, 237, 241, 242, 244, 246, 250, 254, 258, 262, 265, 271, 277, 280, 291]
R2 de Treino = 95.07
R2 de Teste = 94.72

49 / 150  32.67 %
Tempo restante 0:00:11.859319

#################  Rodada 48 / 150  32.0 %
Parâmetros ('EV_CE', 'PRE_CE', 'WAI_CE', 'saz_sin', 'saz_cos')
Linhas de Treino [0, 1, 2, 3, 4, 5, 7, 8, 9, 10, 11, 12, 13, 14, 15, 16, 17, 18, 19, 21, 22, 23, 24, 25, 26, 27, 28, 29, 31, 33, 34, 36, 37, 38, 39, 40, 41, 42, 44, 45, 46, 47, 48, 49, 50, 51, 52, 53, 54, 55, 56, 58, 59, 60, 61, 62, 63, 64, 65, 66, 67, 68, 69, 70, 71, 73, 74, 75, 76, 77, 78, 80, 81, 82, 87, 89, 90, 91, 92, 93, 94, 95, 96, 97, 98, 99, 100, 101, 102, 103, 104, 106, 108, 109, 110, 111, 112, 113, 115, 116, 117, 118, 121, 122, 123, 124, 125, 128, 129, 131, 132, 133, 135, 136, 137, 138, 139, 140, 142, 143, 144, 145, 146, 147, 148, 149, 151, 153, 155, 156, 157, 158, 160, 161, 162, 164, 165, 166, 168, 169, 170, 171, 172, 173, 176, 179, 180, 181, 182, 184, 185, 187, 189, 190, 191, 192, 193, 194, 195, 196, 197, 198, 200, 201, 202, 204, 205, 206, 209, 210, 212, 213, 214, 215, 217, 218, 219, 220, 221, 222, 224, 225, 226, 227, 228, 229, 230, 231, 233, 234, 236, 237, 238, 241, 242, 243, 244, 245, 246, 247, 248, 249, 250, 251, 252, 253, 254, 255, 257, 258, 259, 260, 261, 262, 264, 265, 266, 270, 271, 272, 273, 275, 276, 277, 280, 283, 284, 285, 286, 288, 289, 290, 291, 292, 293, 294, 295, 296]
Linhas de Teste [6, 20, 30, 32, 35, 43, 57, 72, 79, 83, 84, 85, 86, 88, 105, 107, 114, 119, 120, 126, 127, 130, 134, 141, 150, 152, 154, 159, 163, 167, 174, 175, 177, 178, 183, 186, 188, 199, 203, 207, 208, 211, 216, 223, 232, 235, 239, 240, 256, 263, 267, 268, 269, 274, 278, 279, 281, 282, 287]
R2 de Treino = 97.4
R2 de Teste = 96.21

48 / 150  32.0 %
Tempo restante 0:00:12.425844

#################  Rodada 49 / 150  32.67 %
Parâmetros ('EV_MA', 'TST_MA', 'WAI_MA', 'saz_sin', 'saz_cos')
Linhas de Treino [0, 1, 2, 3, 5, 6, 7, 8, 9, 10, 11, 12, 13, 14, 15, 16, 17, 18, 19, 20, 21, 22, 23, 24, 25, 26, 27, 28, 29, 30, 31, 32, 33, 35, 36, 37, 39, 41, 42, 43, 44, 46, 47, 51, 52, 53, 54, 55, 56, 57, 58, 59, 61, 62, 64, 65, 66, 67, 70, 71, 72, 75, 76, 78, 79, 81, 82, 83, 84, 85, 86, 87, 88, 90, 91, 93, 94, 95, 96, 97, 98, 100, 101, 103, 104, 105, 107, 108, 109, 110, 111, 112, 113, 114, 115, 116, 117, 118, 119, 120, 121, 122, 124, 126, 127, 129, 130, 131, 132, 133, 134, 135, 138, 139, 140, 141, 144, 145, 149, 150, 151, 152, 153, 154, 155, 156, 157, 158, 159, 160, 161, 163, 165, 166, 167, 168, 170, 171, 172, 174, 175, 176, 177, 178, 179, 180, 182, 183, 184, 185, 186, 187, 188, 189, 190, 191, 192, 195, 196, 198, 199, 200, 201, 202, 203, 205, 206, 207, 208, 209, 210, 211, 212, 213, 214, 215, 216, 217, 219, 220, 221, 223, 224, 225, 226, 227, 228, 229, 230, 232, 233, 235, 238, 239, 240, 243, 245, 247, 248, 249, 251, 252, 253, 255, 256, 257, 259, 260, 261, 263, 264, 266, 267, 268, 269, 270, 272, 273, 274, 275, 276, 278, 279, 281, 282, 283, 284, 285, 286, 287, 288, 289, 290, 292, 293, 294, 295, 296]
Linhas de Teste [4, 34, 38, 40, 45, 48, 49, 50, 60, 63, 68, 69, 73, 74, 77, 80, 89, 92, 99, 102, 106, 123, 125, 128, 136, 137, 142, 143, 146, 147, 148, 162, 164, 169, 173, 181, 193, 194, 197, 204, 218, 222, 231, 234, 236, 237, 241, 242, 244, 246, 250, 254, 258, 262, 265, 271, 277, 280, 291]
R2 de Treino = 78.84
R2 de Teste = 73.25

49 / 150  32.67 %
Tempo restante 0:00:12.629646

#################  Rodada 50 / 150  33.33 %
Parâmetros ('EV_CA', 'PRE_CA', 'TST_CA', 'saz_sin', 'saz_cos')
Linhas de Treino [0, 1, 4, 5, 6, 7, 8, 9, 10, 11, 12, 14, 15, 16, 17, 20, 21, 22, 24, 25, 26, 27, 28, 30, 31, 32, 33, 34, 35, 36, 38, 39, 40, 41, 42, 43, 45, 47, 48, 49, 50, 51, 52, 53, 55, 57, 58, 60, 61, 63, 64, 65, 66, 67, 68, 69, 71, 72, 73, 74, 76, 77, 78, 79, 80, 82, 83, 84, 85, 86, 87, 88, 89, 90, 91, 92, 94, 95, 96, 97, 98, 99, 100, 101, 102, 103, 104, 105, 106, 107, 109, 111, 113, 114, 119, 120, 121, 122, 123, 124, 125, 126, 127, 128, 129, 130, 132, 133, 134, 135, 136, 137, 138, 139, 140, 141, 142, 143, 146, 147, 148, 149, 150, 152, 154, 155, 156, 159, 162, 163, 164, 165, 166, 167, 168, 169, 170, 171, 173, 174, 175, 176, 177, 178, 179, 180, 181, 183, 184, 186, 188, 189, 190, 192, 193, 194, 195, 196, 197, 198, 199, 200, 203, 204, 205, 206, 207, 208, 209, 211, 212, 213, 214, 216, 217, 218, 221, 222, 223, 225, 230, 231, 232, 233, 234, 235, 236, 237, 238, 239, 240, 241, 242, 243, 244, 245, 246, 247, 248, 249, 250, 251, 254, 255, 256, 257, 258, 260, 261, 262, 263, 264, 265, 266, 267, 268, 269, 270, 271, 273, 274, 275, 276, 277, 278, 279, 280, 281, 282, 284, 287, 288, 289, 290, 291, 292, 295, 296]
Linhas de Teste [2, 3, 13, 18, 19, 23, 29, 37, 44, 46, 54, 56, 59, 62, 70, 75, 81, 93, 108, 110, 112, 115, 116, 117, 118, 131, 144, 145, 151, 153, 157, 158, 160, 161, 172, 182, 185, 187, 191, 201, 202, 210, 215, 219, 220, 224, 226, 227, 228, 229, 252, 253, 259, 272, 283, 285, 286, 293, 294]
R2 de Treino = 95.13
R2 de Teste = 94.83

50 / 150  33.33 %
Tempo restante 0:00:11.832500

#################  Rodada 49 / 150  32.67 %
Parâmetros ('EV_CE', 'PRE_CE', 'WAI_CE', 'saz_sin', 'saz_cos')
Linhas de Treino [0, 1, 2, 3, 5, 6, 7, 8, 9, 10, 11, 12, 13, 14, 15, 16, 17, 18, 19, 20, 21, 22, 23, 24, 25, 26, 27, 28, 29, 30, 31, 32, 33, 35, 36, 37, 39, 41, 42, 43, 44, 46, 47, 51, 52, 53, 54, 55, 56, 57, 58, 59, 61, 62, 64, 65, 66, 67, 70, 71, 72, 75, 76, 78, 79, 81, 82, 83, 84, 85, 86, 87, 88, 90, 91, 93, 94, 95, 96, 97, 98, 100, 101, 103, 104, 105, 107, 108, 109, 110, 111, 112, 113, 114, 115, 116, 117, 118, 119, 120, 121, 122, 124, 126, 127, 129, 130, 131, 132, 133, 134, 135, 138, 139, 140, 141, 144, 145, 149, 150, 151, 152, 153, 154, 155, 156, 157, 158, 159, 160, 161, 163, 165, 166, 167, 168, 170, 171, 172, 174, 175, 176, 177, 178, 179, 180, 182, 183, 184, 185, 186, 187, 188, 189, 190, 191, 192, 195, 196, 198, 199, 200, 201, 202, 203, 205, 206, 207, 208, 209, 210, 211, 212, 213, 214, 215, 216, 217, 219, 220, 221, 223, 224, 225, 226, 227, 228, 229, 230, 232, 233, 235, 238, 239, 240, 243, 245, 247, 248, 249, 251, 252, 253, 255, 256, 257, 259, 260, 261, 263, 264, 266, 267, 268, 269, 270, 272, 273, 274, 275, 276, 278, 279, 281, 282, 283, 284, 285, 286, 287, 288, 289, 290, 292, 293, 294, 295, 296]
Linhas de Teste [4, 34, 38, 40, 45, 48, 49, 50, 60, 63, 68, 69, 73, 74, 77, 80, 89, 92, 99, 102, 106, 123, 125, 128, 136, 137, 142, 143, 146, 147, 148, 162, 164, 169, 173, 181, 193, 194, 197, 204, 218, 222, 231, 234, 236, 237, 241, 242, 244, 246, 250, 254, 258, 262, 265, 271, 277, 280, 291]
R2 de Treino = 97.17
R2 de Teste = 96.59

49 / 150  32.67 %
Tempo restante 0:00:12.373207

#################  Rodada 51 / 150  34.0 %
Parâmetros ('EV_CA', 'PRE_CA', 'TST_CA', 'saz_sin', 'saz_cos')
Linhas de Treino [0, 1, 3, 5, 7, 8, 10, 11, 12, 13, 14, 15, 16, 18, 19, 20, 21, 24, 25, 26, 27, 28, 29, 33, 34, 37, 38, 39, 40, 41, 42, 44, 45, 46, 47, 48, 49, 50, 51, 52, 53, 54, 55, 56, 58, 59, 60, 61, 62, 63, 64, 65, 66, 67, 68, 70, 71, 72, 74, 75, 76, 77, 81, 82, 83, 84, 85, 86, 87, 88, 90, 91, 92, 93, 97, 98, 99, 100, 101, 103, 104, 106, 107, 109, 111, 112, 113, 114, 116, 117, 118, 119, 120, 121, 123, 124, 126, 127, 129, 130, 131, 132, 133, 134, 135, 136, 138, 139, 140, 141, 142, 143, 144, 145, 146, 147, 148, 149, 150, 152, 153, 155, 157, 158, 160, 161, 162, 163, 164, 165, 166, 167, 169, 170, 171, 172, 173, 174, 175, 176, 177, 178, 179, 180, 181, 183, 184, 185, 186, 188, 189, 190, 191, 192, 195, 196, 197, 198, 199, 200, 202, 203, 204, 205, 206, 207, 209, 210, 211, 212, 214, 215, 217, 219, 220, 222, 223, 224, 225, 226, 227, 228, 229, 231, 232, 233, 234, 235, 237, 238, 239, 240, 241, 242, 243, 245, 246, 247, 248, 249, 250, 251, 252, 254, 255, 256, 257, 258, 259, 261, 262, 264, 265, 266, 267, 268, 269, 270, 271, 272, 273, 275, 276, 278, 279, 280, 281, 282, 283, 284, 285, 287, 288, 289, 290, 291, 294]
Linhas de Teste [2, 4, 6, 9, 17, 22, 23, 30, 31, 32, 35, 36, 43, 57, 69, 73, 78, 79, 80, 89, 94, 95, 96, 102, 105, 108, 110, 115, 122, 125, 128, 137, 151, 154, 156, 159, 168, 182, 187, 193, 194, 201, 208, 213, 216, 218, 221, 230, 236, 244, 253, 260, 263, 274, 277, 286, 292, 293, 295, 296]
R2 de Treino = 95.21
R2 de Teste = 94.01

51 / 150  34.0 %
Tempo restante 0:00:11.655567

#################  Rodada 50 / 150  33.33 %
Parâmetros ('EV_MA', 'TST_MA', 'WAI_MA', 'saz_sin', 'saz_cos')
Linhas de Treino [0, 1, 4, 5, 6, 7, 8, 9, 10, 11, 12, 14, 15, 16, 17, 20, 21, 22, 24, 25, 26, 27, 28, 30, 31, 32, 33, 34, 35, 36, 38, 39, 40, 41, 42, 43, 45, 47, 48, 49, 50, 51, 52, 53, 55, 57, 58, 60, 61, 63, 64, 65, 66, 67, 68, 69, 71, 72, 73, 74, 76, 77, 78, 79, 80, 82, 83, 84, 85, 86, 87, 88, 89, 90, 91, 92, 94, 95, 96, 97, 98, 99, 100, 101, 102, 103, 104, 105, 106, 107, 109, 111, 113, 114, 119, 120, 121, 122, 123, 124, 125, 126, 127, 128, 129, 130, 132, 133, 134, 135, 136, 137, 138, 139, 140, 141, 142, 143, 146, 147, 148, 149, 150, 152, 154, 155, 156, 159, 162, 163, 164, 165, 166, 167, 168, 169, 170, 171, 173, 174, 175, 176, 177, 178, 179, 180, 181, 183, 184, 186, 188, 189, 190, 192, 193, 194, 195, 196, 197, 198, 199, 200, 203, 204, 205, 206, 207, 208, 209, 211, 212, 213, 214, 216, 217, 218, 221, 222, 223, 225, 230, 231, 232, 233, 234, 235, 236, 237, 238, 239, 240, 241, 242, 243, 244, 245, 246, 247, 248, 249, 250, 251, 254, 255, 256, 257, 258, 260, 261, 262, 263, 264, 265, 266, 267, 268, 269, 270, 271, 273, 274, 275, 276, 277, 278, 279, 280, 281, 282, 284, 287, 288, 289, 290, 291, 292, 295, 296]
Linhas de Teste [2, 3, 13, 18, 19, 23, 29, 37, 44, 46, 54, 56, 59, 62, 70, 75, 81, 93, 108, 110, 112, 115, 116, 117, 118, 131, 144, 145, 151, 153, 157, 158, 160, 161, 172, 182, 185, 187, 191, 201, 202, 210, 215, 219, 220, 224, 226, 227, 228, 229, 252, 253, 259, 272, 283, 285, 286, 293, 294]
R2 de Treino = 79.3
R2 de Teste = 74.44

50 / 150  33.33 %
Tempo restante 0:00:12.309400

#################  Rodada 50 / 150  33.33 %
Parâmetros ('EV_CE', 'PRE_CE', 'WAI_CE', 'saz_sin', 'saz_cos')
Linhas de Treino [0, 1, 4, 5, 6, 7, 8, 9, 10, 11, 12, 14, 15, 16, 17, 20, 21, 22, 24, 25, 26, 27, 28, 30, 31, 32, 33, 34, 35, 36, 38, 39, 40, 41, 42, 43, 45, 47, 48, 49, 50, 51, 52, 53, 55, 57, 58, 60, 61, 63, 64, 65, 66, 67, 68, 69, 71, 72, 73, 74, 76, 77, 78, 79, 80, 82, 83, 84, 85, 86, 87, 88, 89, 90, 91, 92, 94, 95, 96, 97, 98, 99, 100, 101, 102, 103, 104, 105, 106, 107, 109, 111, 113, 114, 119, 120, 121, 122, 123, 124, 125, 126, 127, 128, 129, 130, 132, 133, 134, 135, 136, 137, 138, 139, 140, 141, 142, 143, 146, 147, 148, 149, 150, 152, 154, 155, 156, 159, 162, 163, 164, 165, 166, 167, 168, 169, 170, 171, 173, 174, 175, 176, 177, 178, 179, 180, 181, 183, 184, 186, 188, 189, 190, 192, 193, 194, 195, 196, 197, 198, 199, 200, 203, 204, 205, 206, 207, 208, 209, 211, 212, 213, 214, 216, 217, 218, 221, 222, 223, 225, 230, 231, 232, 233, 234, 235, 236, 237, 238, 239, 240, 241, 242, 243, 244, 245, 246, 247, 248, 249, 250, 251, 254, 255, 256, 257, 258, 260, 261, 262, 263, 264, 265, 266, 267, 268, 269, 270, 271, 273, 274, 275, 276, 277, 278, 279, 280, 281, 282, 284, 287, 288, 289, 290, 291, 292, 295, 296]
Linhas de Teste [2, 3, 13, 18, 19, 23, 29, 37, 44, 46, 54, 56, 59, 62, 70, 75, 81, 93, 108, 110, 112, 115, 116, 117, 118, 131, 144, 145, 151, 153, 157, 158, 160, 161, 172, 182, 185, 187, 191, 201, 202, 210, 215, 219, 220, 224, 226, 227, 228, 229, 252, 253, 259, 272, 283, 285, 286, 293, 294]
R2 de Treino = 97.47
R2 de Teste = 96.82

50 / 150  33.33 %
Tempo restante 0:00:11.989200

#################  Rodada 52 / 150  34.67 %
Parâmetros ('EV_CA', 'PRE_CA', 'TST_CA', 'saz_sin', 'saz_cos')
Linhas de Treino [0, 1, 2, 3, 4, 6, 7, 8, 9, 10, 11, 13, 14, 15, 17, 18, 19, 20, 21, 22, 23, 24, 25, 27, 29, 30, 31, 32, 33, 34, 35, 36, 37, 38, 40, 43, 44, 45, 46, 47, 49, 51, 52, 56, 57, 58, 59, 60, 61, 62, 63, 64, 65, 66, 67, 68, 69, 70, 71, 72, 73, 74, 75, 76, 77, 78, 79, 80, 82, 83, 85, 86, 87, 88, 89, 90, 92, 94, 95, 96, 97, 98, 99, 100, 101, 102, 103, 104, 105, 107, 108, 109, 110, 112, 114, 115, 116, 118, 119, 120, 122, 123, 124, 125, 126, 127, 128, 130, 132, 133, 136, 137, 138, 141, 142, 144, 145, 146, 147, 149, 150, 151, 152, 153, 154, 155, 156, 157, 158, 159, 160, 161, 162, 163, 164, 165, 166, 167, 168, 169, 170, 172, 173, 174, 175, 176, 177, 178, 179, 180, 182, 185, 186, 187, 188, 189, 190, 192, 193, 194, 195, 197, 198, 199, 200, 201, 202, 203, 205, 206, 208, 209, 210, 211, 212, 213, 215, 216, 217, 218, 219, 221, 222, 223, 225, 226, 227, 228, 229, 230, 233, 235, 236, 237, 238, 243, 244, 245, 246, 247, 249, 251, 253, 254, 255, 259, 260, 261, 262, 263, 264, 268, 270, 271, 272, 273, 274, 275, 276, 277, 279, 280, 281, 282, 284, 285, 286, 287, 288, 289, 290, 291, 292, 293, 294, 295, 296]
Linhas de Teste [5, 12, 16, 26, 28, 39, 41, 42, 48, 50, 53, 54, 55, 81, 84, 91, 93, 106, 111, 113, 117, 121, 129, 131, 134, 135, 139, 140, 143, 148, 171, 181, 183, 184, 191, 196, 204, 207, 214, 220, 224, 231, 232, 234, 239, 240, 241, 242, 248, 250, 252, 256, 257, 258, 265, 266, 267, 269, 278, 283]
R2 de Treino = 95.24
R2 de Teste = 94.13

52 / 150  34.67 %
Tempo restante 0:00:11.474624

#################  Rodada 51 / 150  34.0 %
Parâmetros ('EV_MA', 'TST_MA', 'WAI_MA', 'saz_sin', 'saz_cos')
Linhas de Treino [0, 1, 3, 5, 7, 8, 10, 11, 12, 13, 14, 15, 16, 18, 19, 20, 21, 24, 25, 26, 27, 28, 29, 33, 34, 37, 38, 39, 40, 41, 42, 44, 45, 46, 47, 48, 49, 50, 51, 52, 53, 54, 55, 56, 58, 59, 60, 61, 62, 63, 64, 65, 66, 67, 68, 70, 71, 72, 74, 75, 76, 77, 81, 82, 83, 84, 85, 86, 87, 88, 90, 91, 92, 93, 97, 98, 99, 100, 101, 103, 104, 106, 107, 109, 111, 112, 113, 114, 116, 117, 118, 119, 120, 121, 123, 124, 126, 127, 129, 130, 131, 132, 133, 134, 135, 136, 138, 139, 140, 141, 142, 143, 144, 145, 146, 147, 148, 149, 150, 152, 153, 155, 157, 158, 160, 161, 162, 163, 164, 165, 166, 167, 169, 170, 171, 172, 173, 174, 175, 176, 177, 178, 179, 180, 181, 183, 184, 185, 186, 188, 189, 190, 191, 192, 195, 196, 197, 198, 199, 200, 202, 203, 204, 205, 206, 207, 209, 210, 211, 212, 214, 215, 217, 219, 220, 222, 223, 224, 225, 226, 227, 228, 229, 231, 232, 233, 234, 235, 237, 238, 239, 240, 241, 242, 243, 245, 246, 247, 248, 249, 250, 251, 252, 254, 255, 256, 257, 258, 259, 261, 262, 264, 265, 266, 267, 268, 269, 270, 271, 272, 273, 275, 276, 278, 279, 280, 281, 282, 283, 284, 285, 287, 288, 289, 290, 291, 294]
Linhas de Teste [2, 4, 6, 9, 17, 22, 23, 30, 31, 32, 35, 36, 43, 57, 69, 73, 78, 79, 80, 89, 94, 95, 96, 102, 105, 108, 110, 115, 122, 125, 128, 137, 151, 154, 156, 159, 168, 182, 187, 193, 194, 201, 208, 213, 216, 218, 221, 230, 236, 244, 253, 260, 263, 274, 277, 286, 292, 293, 295, 296]
R2 de Treino = 77.44
R2 de Teste = 74.43

51 / 150  34.0 %
Tempo restante 0:00:12.101265

#################  Rodada 51 / 150  34.0 %
Parâmetros ('EV_CE', 'PRE_CE', 'WAI_CE', 'saz_sin', 'saz_cos')
Linhas de Treino [0, 1, 3, 5, 7, 8, 10, 11, 12, 13, 14, 15, 16, 18, 19, 20, 21, 24, 25, 26, 27, 28, 29, 33, 34, 37, 38, 39, 40, 41, 42, 44, 45, 46, 47, 48, 49, 50, 51, 52, 53, 54, 55, 56, 58, 59, 60, 61, 62, 63, 64, 65, 66, 67, 68, 70, 71, 72, 74, 75, 76, 77, 81, 82, 83, 84, 85, 86, 87, 88, 90, 91, 92, 93, 97, 98, 99, 100, 101, 103, 104, 106, 107, 109, 111, 112, 113, 114, 116, 117, 118, 119, 120, 121, 123, 124, 126, 127, 129, 130, 131, 132, 133, 134, 135, 136, 138, 139, 140, 141, 142, 143, 144, 145, 146, 147, 148, 149, 150, 152, 153, 155, 157, 158, 160, 161, 162, 163, 164, 165, 166, 167, 169, 170, 171, 172, 173, 174, 175, 176, 177, 178, 179, 180, 181, 183, 184, 185, 186, 188, 189, 190, 191, 192, 195, 196, 197, 198, 199, 200, 202, 203, 204, 205, 206, 207, 209, 210, 211, 212, 214, 215, 217, 219, 220, 222, 223, 224, 225, 226, 227, 228, 229, 231, 232, 233, 234, 235, 237, 238, 239, 240, 241, 242, 243, 245, 246, 247, 248, 249, 250, 251, 252, 254, 255, 256, 257, 258, 259, 261, 262, 264, 265, 266, 267, 268, 269, 270, 271, 272, 273, 275, 276, 278, 279, 280, 281, 282, 283, 284, 285, 287, 288, 289, 290, 291, 294]
Linhas de Teste [2, 4, 6, 9, 17, 22, 23, 30, 31, 32, 35, 36, 43, 57, 69, 73, 78, 79, 80, 89, 94, 95, 96, 102, 105, 108, 110, 115, 122, 125, 128, 137, 151, 154, 156, 159, 168, 182, 187, 193, 194, 201, 208, 213, 216, 218, 221, 230, 236, 244, 253, 260, 263, 274, 277, 286, 292, 293, 295, 296]
R2 de Treino = 97.13
R2 de Teste = 97.14

51 / 150  34.0 %
Tempo restante 0:00:11.948607

#################  Rodada 53 / 150  35.33 %
Parâmetros ('EV_CA', 'PRE_CA', 'TST_CA', 'saz_sin', 'saz_cos')
Linhas de Treino [0, 2, 3, 4, 5, 6, 9, 12, 13, 16, 17, 18, 20, 22, 23, 24, 26, 27, 28, 29, 30, 31, 32, 33, 34, 35, 36, 37, 38, 39, 40, 41, 42, 43, 45, 46, 48, 50, 53, 54, 55, 56, 57, 58, 59, 62, 65, 66, 69, 70, 71, 72, 73, 74, 75, 76, 77, 78, 79, 80, 81, 82, 83, 84, 86, 87, 89, 90, 91, 93, 94, 95, 96, 97, 98, 99, 101, 102, 105, 106, 107, 108, 109, 110, 111, 112, 113, 114, 115, 116, 117, 118, 119, 121, 122, 123, 125, 127, 128, 129, 130, 131, 132, 133, 134, 135, 136, 137, 138, 139, 140, 141, 142, 143, 144, 146, 147, 148, 149, 150, 151, 152, 153, 154, 155, 156, 159, 161, 162, 166, 167, 168, 169, 171, 172, 175, 178, 179, 180, 181, 182, 183, 184, 185, 186, 187, 188, 189, 190, 191, 193, 194, 195, 196, 197, 199, 200, 201, 203, 204, 206, 207, 208, 209, 210, 211, 212, 213, 214, 215, 216, 217, 218, 220, 221, 222, 224, 225, 226, 227, 228, 229, 230, 231, 232, 234, 236, 237, 239, 240, 241, 242, 243, 244, 246, 247, 248, 249, 250, 252, 253, 254, 256, 257, 258, 259, 260, 261, 262, 263, 264, 265, 266, 267, 268, 269, 270, 271, 273, 274, 277, 278, 279, 280, 282, 283, 284, 286, 287, 288, 289, 290, 291, 292, 293, 294, 295, 296]
Linhas de Teste [1, 7, 8, 10, 11, 14, 15, 19, 21, 25, 44, 47, 49, 51, 52, 60, 61, 63, 64, 67, 68, 85, 88, 92, 100, 103, 104, 120, 124, 126, 145, 157, 158, 160, 163, 164, 165, 170, 173, 174, 176, 177, 192, 198, 202, 205, 219, 223, 233, 235, 238, 245, 251, 255, 272, 275, 276, 281, 285]
R2 de Treino = 95.33
R2 de Teste = 94.31

53 / 150  35.33 %
Tempo restante 0:00:11.508371

#################  Rodada 52 / 150  34.67 %
Parâmetros ('EV_MA', 'TST_MA', 'WAI_MA', 'saz_sin', 'saz_cos')
Linhas de Treino [0, 1, 2, 3, 4, 6, 7, 8, 9, 10, 11, 13, 14, 15, 17, 18, 19, 20, 21, 22, 23, 24, 25, 27, 29, 30, 31, 32, 33, 34, 35, 36, 37, 38, 40, 43, 44, 45, 46, 47, 49, 51, 52, 56, 57, 58, 59, 60, 61, 62, 63, 64, 65, 66, 67, 68, 69, 70, 71, 72, 73, 74, 75, 76, 77, 78, 79, 80, 82, 83, 85, 86, 87, 88, 89, 90, 92, 94, 95, 96, 97, 98, 99, 100, 101, 102, 103, 104, 105, 107, 108, 109, 110, 112, 114, 115, 116, 118, 119, 120, 122, 123, 124, 125, 126, 127, 128, 130, 132, 133, 136, 137, 138, 141, 142, 144, 145, 146, 147, 149, 150, 151, 152, 153, 154, 155, 156, 157, 158, 159, 160, 161, 162, 163, 164, 165, 166, 167, 168, 169, 170, 172, 173, 174, 175, 176, 177, 178, 179, 180, 182, 185, 186, 187, 188, 189, 190, 192, 193, 194, 195, 197, 198, 199, 200, 201, 202, 203, 205, 206, 208, 209, 210, 211, 212, 213, 215, 216, 217, 218, 219, 221, 222, 223, 225, 226, 227, 228, 229, 230, 233, 235, 236, 237, 238, 243, 244, 245, 246, 247, 249, 251, 253, 254, 255, 259, 260, 261, 262, 263, 264, 268, 270, 271, 272, 273, 274, 275, 276, 277, 279, 280, 281, 282, 284, 285, 286, 287, 288, 289, 290, 291, 292, 293, 294, 295, 296]
Linhas de Teste [5, 12, 16, 26, 28, 39, 41, 42, 48, 50, 53, 54, 55, 81, 84, 91, 93, 106, 111, 113, 117, 121, 129, 131, 134, 135, 139, 140, 143, 148, 171, 181, 183, 184, 191, 196, 204, 207, 214, 220, 224, 231, 232, 234, 239, 240, 241, 242, 248, 250, 252, 256, 257, 258, 265, 266, 267, 269, 278, 283]
R2 de Treino = 80.28
R2 de Teste = 67.15

52 / 150  34.67 %
Tempo restante 0:00:12.237750

#################  Rodada 52 / 150  34.67 %
Parâmetros ('EV_CE', 'PRE_CE', 'WAI_CE', 'saz_sin', 'saz_cos')
Linhas de Treino [0, 1, 2, 3, 4, 6, 7, 8, 9, 10, 11, 13, 14, 15, 17, 18, 19, 20, 21, 22, 23, 24, 25, 27, 29, 30, 31, 32, 33, 34, 35, 36, 37, 38, 40, 43, 44, 45, 46, 47, 49, 51, 52, 56, 57, 58, 59, 60, 61, 62, 63, 64, 65, 66, 67, 68, 69, 70, 71, 72, 73, 74, 75, 76, 77, 78, 79, 80, 82, 83, 85, 86, 87, 88, 89, 90, 92, 94, 95, 96, 97, 98, 99, 100, 101, 102, 103, 104, 105, 107, 108, 109, 110, 112, 114, 115, 116, 118, 119, 120, 122, 123, 124, 125, 126, 127, 128, 130, 132, 133, 136, 137, 138, 141, 142, 144, 145, 146, 147, 149, 150, 151, 152, 153, 154, 155, 156, 157, 158, 159, 160, 161, 162, 163, 164, 165, 166, 167, 168, 169, 170, 172, 173, 174, 175, 176, 177, 178, 179, 180, 182, 185, 186, 187, 188, 189, 190, 192, 193, 194, 195, 197, 198, 199, 200, 201, 202, 203, 205, 206, 208, 209, 210, 211, 212, 213, 215, 216, 217, 218, 219, 221, 222, 223, 225, 226, 227, 228, 229, 230, 233, 235, 236, 237, 238, 243, 244, 245, 246, 247, 249, 251, 253, 254, 255, 259, 260, 261, 262, 263, 264, 268, 270, 271, 272, 273, 274, 275, 276, 277, 279, 280, 281, 282, 284, 285, 286, 287, 288, 289, 290, 291, 292, 293, 294, 295, 296]
Linhas de Teste [5, 12, 16, 26, 28, 39, 41, 42, 48, 50, 53, 54, 55, 81, 84, 91, 93, 106, 111, 113, 117, 121, 129, 131, 134, 135, 139, 140, 143, 148, 171, 181, 183, 184, 191, 196, 204, 207, 214, 220, 224, 231, 232, 234, 239, 240, 241, 242, 248, 250, 252, 256, 257, 258, 265, 266, 267, 269, 278, 283]
R2 de Treino = 97.05
R2 de Teste = 97.94

52 / 150  34.67 %
Tempo restante 0:00:12.352116

#################  Rodada 54 / 150  36.0 %
Parâmetros ('EV_CA', 'PRE_CA', 'TST_CA', 'saz_sin', 'saz_cos')
Linhas de Treino [0, 1, 2, 3, 4, 5, 6, 7, 8, 9, 10, 11, 12, 14, 15, 16, 17, 19, 21, 22, 23, 24, 25, 26, 28, 30, 31, 32, 33, 35, 36, 39, 40, 41, 42, 43, 44, 46, 47, 48, 49, 50, 51, 52, 53, 54, 55, 57, 58, 59, 60, 61, 63, 64, 65, 66, 67, 68, 69, 73, 74, 75, 78, 79, 80, 81, 84, 85, 86, 88, 89, 91, 92, 93, 94, 95, 96, 100, 101, 102, 103, 104, 105, 106, 107, 108, 110, 111, 113, 115, 117, 120, 121, 122, 123, 124, 125, 126, 127, 128, 129, 130, 131, 132, 133, 134, 135, 137, 138, 139, 140, 143, 145, 147, 148, 149, 151, 152, 153, 154, 155, 156, 157, 158, 159, 160, 161, 162, 163, 164, 165, 166, 168, 170, 171, 173, 174, 175, 176, 177, 179, 181, 182, 183, 184, 185, 187, 188, 189, 190, 191, 192, 193, 194, 195, 196, 197, 198, 199, 200, 201, 202, 204, 205, 207, 208, 210, 211, 212, 213, 214, 215, 216, 217, 218, 219, 220, 221, 222, 223, 224, 225, 226, 230, 231, 232, 233, 234, 235, 236, 238, 239, 240, 241, 242, 244, 245, 246, 247, 248, 250, 251, 252, 253, 254, 255, 256, 257, 258, 259, 260, 263, 264, 265, 266, 267, 269, 270, 271, 272, 274, 275, 276, 277, 278, 280, 281, 282, 283, 285, 286, 287, 290, 291, 292, 293, 295, 296]
Linhas de Teste [13, 18, 20, 27, 29, 34, 37, 38, 45, 56, 62, 70, 71, 72, 76, 77, 82, 83, 87, 90, 97, 98, 99, 109, 112, 114, 116, 118, 119, 136, 141, 142, 144, 146, 150, 167, 169, 172, 178, 180, 186, 203, 206, 209, 227, 228, 229, 237, 243, 249, 261, 262, 268, 273, 279, 284, 288, 289, 294]
R2 de Treino = 94.81
R2 de Teste = 95.56

54 / 150  36.0 %
Tempo restante 0:00:11.418816

#################  Rodada 53 / 150  35.33 %
Parâmetros ('EV_MA', 'TST_MA', 'WAI_MA', 'saz_sin', 'saz_cos')
Linhas de Treino [0, 2, 3, 4, 5, 6, 9, 12, 13, 16, 17, 18, 20, 22, 23, 24, 26, 27, 28, 29, 30, 31, 32, 33, 34, 35, 36, 37, 38, 39, 40, 41, 42, 43, 45, 46, 48, 50, 53, 54, 55, 56, 57, 58, 59, 62, 65, 66, 69, 70, 71, 72, 73, 74, 75, 76, 77, 78, 79, 80, 81, 82, 83, 84, 86, 87, 89, 90, 91, 93, 94, 95, 96, 97, 98, 99, 101, 102, 105, 106, 107, 108, 109, 110, 111, 112, 113, 114, 115, 116, 117, 118, 119, 121, 122, 123, 125, 127, 128, 129, 130, 131, 132, 133, 134, 135, 136, 137, 138, 139, 140, 141, 142, 143, 144, 146, 147, 148, 149, 150, 151, 152, 153, 154, 155, 156, 159, 161, 162, 166, 167, 168, 169, 171, 172, 175, 178, 179, 180, 181, 182, 183, 184, 185, 186, 187, 188, 189, 190, 191, 193, 194, 195, 196, 197, 199, 200, 201, 203, 204, 206, 207, 208, 209, 210, 211, 212, 213, 214, 215, 216, 217, 218, 220, 221, 222, 224, 225, 226, 227, 228, 229, 230, 231, 232, 234, 236, 237, 239, 240, 241, 242, 243, 244, 246, 247, 248, 249, 250, 252, 253, 254, 256, 257, 258, 259, 260, 261, 262, 263, 264, 265, 266, 267, 268, 269, 270, 271, 273, 274, 277, 278, 279, 280, 282, 283, 284, 286, 287, 288, 289, 290, 291, 292, 293, 294, 295, 296]
Linhas de Teste [1, 7, 8, 10, 11, 14, 15, 19, 21, 25, 44, 47, 49, 51, 52, 60, 61, 63, 64, 67, 68, 85, 88, 92, 100, 103, 104, 120, 124, 126, 145, 157, 158, 160, 163, 164, 165, 170, 173, 174, 176, 177, 192, 198, 202, 205, 219, 223, 233, 235, 238, 245, 251, 255, 272, 275, 276, 281, 285]
R2 de Treino = 79.55
R2 de Teste = 67.69

53 / 150  35.33 %
Tempo restante 0:00:11.878232

#################  Rodada 53 / 150  35.33 %
Parâmetros ('EV_CE', 'PRE_CE', 'WAI_CE', 'saz_sin', 'saz_cos')
Linhas de Treino [0, 2, 3, 4, 5, 6, 9, 12, 13, 16, 17, 18, 20, 22, 23, 24, 26, 27, 28, 29, 30, 31, 32, 33, 34, 35, 36, 37, 38, 39, 40, 41, 42, 43, 45, 46, 48, 50, 53, 54, 55, 56, 57, 58, 59, 62, 65, 66, 69, 70, 71, 72, 73, 74, 75, 76, 77, 78, 79, 80, 81, 82, 83, 84, 86, 87, 89, 90, 91, 93, 94, 95, 96, 97, 98, 99, 101, 102, 105, 106, 107, 108, 109, 110, 111, 112, 113, 114, 115, 116, 117, 118, 119, 121, 122, 123, 125, 127, 128, 129, 130, 131, 132, 133, 134, 135, 136, 137, 138, 139, 140, 141, 142, 143, 144, 146, 147, 148, 149, 150, 151, 152, 153, 154, 155, 156, 159, 161, 162, 166, 167, 168, 169, 171, 172, 175, 178, 179, 180, 181, 182, 183, 184, 185, 186, 187, 188, 189, 190, 191, 193, 194, 195, 196, 197, 199, 200, 201, 203, 204, 206, 207, 208, 209, 210, 211, 212, 213, 214, 215, 216, 217, 218, 220, 221, 222, 224, 225, 226, 227, 228, 229, 230, 231, 232, 234, 236, 237, 239, 240, 241, 242, 243, 244, 246, 247, 248, 249, 250, 252, 253, 254, 256, 257, 258, 259, 260, 261, 262, 263, 264, 265, 266, 267, 268, 269, 270, 271, 273, 274, 277, 278, 279, 280, 282, 283, 284, 286, 287, 288, 289, 290, 291, 292, 293, 294, 295, 296]
Linhas de Teste [1, 7, 8, 10, 11, 14, 15, 19, 21, 25, 44, 47, 49, 51, 52, 60, 61, 63, 64, 67, 68, 85, 88, 92, 100, 103, 104, 120, 124, 126, 145, 157, 158, 160, 163, 164, 165, 170, 173, 174, 176, 177, 192, 198, 202, 205, 219, 223, 233, 235, 238, 245, 251, 255, 272, 275, 276, 281, 285]
R2 de Treino = 97.09
R2 de Teste = 96.62

53 / 150  35.33 %
Tempo restante 0:00:13.065318

#################  Rodada 55 / 150  36.67 %
Parâmetros ('EV_CA', 'PRE_CA', 'TST_CA', 'saz_sin', 'saz_cos')
Linhas de Treino [1, 2, 4, 5, 6, 7, 8, 9, 10, 11, 12, 13, 14, 15, 16, 17, 18, 19, 20, 21, 22, 23, 25, 26, 27, 28, 29, 30, 31, 32, 34, 35, 36, 37, 38, 39, 41, 42, 43, 44, 45, 47, 48, 49, 50, 51, 52, 53, 54, 55, 56, 57, 60, 61, 62, 63, 64, 67, 68, 69, 70, 71, 72, 73, 76, 77, 78, 79, 80, 81, 82, 83, 84, 85, 87, 88, 89, 90, 91, 92, 93, 94, 95, 96, 97, 98, 99, 100, 102, 103, 104, 105, 106, 108, 109, 110, 111, 112, 113, 114, 115, 116, 117, 118, 119, 120, 121, 122, 124, 125, 126, 128, 129, 131, 134, 135, 136, 137, 139, 140, 141, 142, 143, 144, 145, 146, 148, 150, 151, 154, 156, 157, 158, 159, 160, 163, 164, 165, 167, 168, 169, 170, 171, 172, 173, 174, 176, 177, 178, 180, 181, 182, 183, 184, 186, 187, 191, 192, 193, 194, 196, 198, 201, 202, 203, 204, 205, 206, 207, 208, 209, 213, 214, 216, 218, 219, 220, 221, 223, 224, 227, 228, 229, 230, 231, 232, 233, 234, 235, 236, 237, 238, 239, 240, 241, 242, 243, 244, 245, 248, 249, 250, 251, 252, 253, 255, 256, 257, 258, 260, 261, 262, 263, 265, 266, 267, 268, 269, 272, 273, 274, 275, 276, 277, 278, 279, 281, 283, 284, 285, 286, 288, 289, 292, 293, 294, 295, 296]
Linhas de Teste [0, 3, 24, 33, 40, 46, 58, 59, 65, 66, 74, 75, 86, 101, 107, 123, 127, 130, 132, 133, 138, 147, 149, 152, 153, 155, 161, 162, 166, 175, 179, 185, 188, 189, 190, 195, 197, 199, 200, 210, 211, 212, 215, 217, 222, 225, 226, 246, 247, 254, 259, 264, 270, 271, 280, 282, 287, 290, 291]
R2 de Treino = 95.24
R2 de Teste = 94.48

55 / 150  36.67 %
Tempo restante 0:00:11.096285

#################  Rodada 54 / 150  36.0 %
Parâmetros ('EV_MA', 'TST_MA', 'WAI_MA', 'saz_sin', 'saz_cos')
Linhas de Treino [0, 1, 2, 3, 4, 5, 6, 7, 8, 9, 10, 11, 12, 14, 15, 16, 17, 19, 21, 22, 23, 24, 25, 26, 28, 30, 31, 32, 33, 35, 36, 39, 40, 41, 42, 43, 44, 46, 47, 48, 49, 50, 51, 52, 53, 54, 55, 57, 58, 59, 60, 61, 63, 64, 65, 66, 67, 68, 69, 73, 74, 75, 78, 79, 80, 81, 84, 85, 86, 88, 89, 91, 92, 93, 94, 95, 96, 100, 101, 102, 103, 104, 105, 106, 107, 108, 110, 111, 113, 115, 117, 120, 121, 122, 123, 124, 125, 126, 127, 128, 129, 130, 131, 132, 133, 134, 135, 137, 138, 139, 140, 143, 145, 147, 148, 149, 151, 152, 153, 154, 155, 156, 157, 158, 159, 160, 161, 162, 163, 164, 165, 166, 168, 170, 171, 173, 174, 175, 176, 177, 179, 181, 182, 183, 184, 185, 187, 188, 189, 190, 191, 192, 193, 194, 195, 196, 197, 198, 199, 200, 201, 202, 204, 205, 207, 208, 210, 211, 212, 213, 214, 215, 216, 217, 218, 219, 220, 221, 222, 223, 224, 225, 226, 230, 231, 232, 233, 234, 235, 236, 238, 239, 240, 241, 242, 244, 245, 246, 247, 248, 250, 251, 252, 253, 254, 255, 256, 257, 258, 259, 260, 263, 264, 265, 266, 267, 269, 270, 271, 272, 274, 275, 276, 277, 278, 280, 281, 282, 283, 285, 286, 287, 290, 291, 292, 293, 295, 296]
Linhas de Teste [13, 18, 20, 27, 29, 34, 37, 38, 45, 56, 62, 70, 71, 72, 76, 77, 82, 83, 87, 90, 97, 98, 99, 109, 112, 114, 116, 118, 119, 136, 141, 142, 144, 146, 150, 167, 169, 172, 178, 180, 186, 203, 206, 209, 227, 228, 229, 237, 243, 249, 261, 262, 268, 273, 279, 284, 288, 289, 294]
R2 de Treino = 77.82
R2 de Teste = 78.78

54 / 150  36.0 %
Tempo restante 0:00:11.778240

#################  Rodada 54 / 150  36.0 %
Parâmetros ('EV_CE', 'PRE_CE', 'WAI_CE', 'saz_sin', 'saz_cos')
Linhas de Treino [0, 1, 2, 3, 4, 5, 6, 7, 8, 9, 10, 11, 12, 14, 15, 16, 17, 19, 21, 22, 23, 24, 25, 26, 28, 30, 31, 32, 33, 35, 36, 39, 40, 41, 42, 43, 44, 46, 47, 48, 49, 50, 51, 52, 53, 54, 55, 57, 58, 59, 60, 61, 63, 64, 65, 66, 67, 68, 69, 73, 74, 75, 78, 79, 80, 81, 84, 85, 86, 88, 89, 91, 92, 93, 94, 95, 96, 100, 101, 102, 103, 104, 105, 106, 107, 108, 110, 111, 113, 115, 117, 120, 121, 122, 123, 124, 125, 126, 127, 128, 129, 130, 131, 132, 133, 134, 135, 137, 138, 139, 140, 143, 145, 147, 148, 149, 151, 152, 153, 154, 155, 156, 157, 158, 159, 160, 161, 162, 163, 164, 165, 166, 168, 170, 171, 173, 174, 175, 176, 177, 179, 181, 182, 183, 184, 185, 187, 188, 189, 190, 191, 192, 193, 194, 195, 196, 197, 198, 199, 200, 201, 202, 204, 205, 207, 208, 210, 211, 212, 213, 214, 215, 216, 217, 218, 219, 220, 221, 222, 223, 224, 225, 226, 230, 231, 232, 233, 234, 235, 236, 238, 239, 240, 241, 242, 244, 245, 246, 247, 248, 250, 251, 252, 253, 254, 255, 256, 257, 258, 259, 260, 263, 264, 265, 266, 267, 269, 270, 271, 272, 274, 275, 276, 277, 278, 280, 281, 282, 283, 285, 286, 287, 290, 291, 292, 293, 295, 296]
Linhas de Teste [13, 18, 20, 27, 29, 34, 37, 38, 45, 56, 62, 70, 71, 72, 76, 77, 82, 83, 87, 90, 97, 98, 99, 109, 112, 114, 116, 118, 119, 136, 141, 142, 144, 146, 150, 167, 169, 172, 178, 180, 186, 203, 206, 209, 227, 228, 229, 237, 243, 249, 261, 262, 268, 273, 279, 284, 288, 289, 294]
R2 de Treino = 97.42
R2 de Teste = 96.06

54 / 150  36.0 %
Tempo restante 0:00:11.559936

#################  Rodada 56 / 150  37.33 %
Parâmetros ('EV_CA', 'PRE_CA', 'TST_CA', 'saz_sin', 'saz_cos')
Linhas de Treino [1, 3, 4, 5, 6, 7, 10, 11, 12, 14, 16, 17, 18, 19, 20, 21, 22, 23, 25, 26, 27, 28, 29, 30, 32, 33, 34, 35, 36, 37, 38, 40, 41, 43, 44, 45, 46, 47, 48, 49, 50, 51, 52, 53, 54, 55, 56, 58, 60, 61, 62, 63, 64, 66, 67, 68, 69, 71, 72, 74, 76, 77, 78, 80, 81, 82, 83, 84, 85, 86, 87, 90, 91, 92, 93, 95, 97, 98, 99, 100, 101, 102, 103, 104, 106, 107, 108, 110, 112, 113, 114, 115, 116, 117, 118, 119, 121, 122, 123, 124, 125, 126, 127, 128, 130, 131, 132, 133, 135, 136, 138, 140, 142, 143, 144, 145, 146, 147, 148, 149, 151, 153, 154, 155, 156, 157, 158, 159, 160, 161, 162, 164, 165, 166, 167, 169, 170, 171, 173, 174, 175, 176, 177, 179, 180, 181, 183, 184, 185, 186, 187, 188, 190, 192, 193, 194, 195, 196, 198, 200, 201, 203, 204, 205, 206, 208, 209, 210, 211, 212, 213, 214, 215, 216, 217, 218, 219, 220, 221, 222, 224, 225, 228, 229, 230, 231, 232, 234, 235, 236, 237, 238, 239, 240, 241, 244, 246, 247, 248, 249, 250, 252, 253, 254, 255, 256, 257, 258, 260, 261, 262, 263, 264, 265, 266, 267, 268, 269, 270, 271, 272, 274, 275, 276, 277, 279, 281, 282, 284, 285, 288, 289, 291, 292, 294, 295, 296]
Linhas de Teste [0, 2, 8, 9, 13, 15, 24, 31, 39, 42, 57, 59, 65, 70, 73, 75, 79, 88, 89, 94, 96, 105, 109, 111, 120, 129, 134, 137, 139, 141, 150, 152, 163, 168, 172, 178, 182, 189, 191, 197, 199, 202, 207, 223, 226, 227, 233, 242, 243, 245, 251, 259, 273, 278, 280, 283, 286, 287, 290, 293]
R2 de Treino = 95.32
R2 de Teste = 93.57

56 / 150  37.33 %
Tempo restante 0:00:10.880876

#################  Rodada 55 / 150  36.67 %
Parâmetros ('EV_MA', 'TST_MA', 'WAI_MA', 'saz_sin', 'saz_cos')
Linhas de Treino [1, 2, 4, 5, 6, 7, 8, 9, 10, 11, 12, 13, 14, 15, 16, 17, 18, 19, 20, 21, 22, 23, 25, 26, 27, 28, 29, 30, 31, 32, 34, 35, 36, 37, 38, 39, 41, 42, 43, 44, 45, 47, 48, 49, 50, 51, 52, 53, 54, 55, 56, 57, 60, 61, 62, 63, 64, 67, 68, 69, 70, 71, 72, 73, 76, 77, 78, 79, 80, 81, 82, 83, 84, 85, 87, 88, 89, 90, 91, 92, 93, 94, 95, 96, 97, 98, 99, 100, 102, 103, 104, 105, 106, 108, 109, 110, 111, 112, 113, 114, 115, 116, 117, 118, 119, 120, 121, 122, 124, 125, 126, 128, 129, 131, 134, 135, 136, 137, 139, 140, 141, 142, 143, 144, 145, 146, 148, 150, 151, 154, 156, 157, 158, 159, 160, 163, 164, 165, 167, 168, 169, 170, 171, 172, 173, 174, 176, 177, 178, 180, 181, 182, 183, 184, 186, 187, 191, 192, 193, 194, 196, 198, 201, 202, 203, 204, 205, 206, 207, 208, 209, 213, 214, 216, 218, 219, 220, 221, 223, 224, 227, 228, 229, 230, 231, 232, 233, 234, 235, 236, 237, 238, 239, 240, 241, 242, 243, 244, 245, 248, 249, 250, 251, 252, 253, 255, 256, 257, 258, 260, 261, 262, 263, 265, 266, 267, 268, 269, 272, 273, 274, 275, 276, 277, 278, 279, 281, 283, 284, 285, 286, 288, 289, 292, 293, 294, 295, 296]
Linhas de Teste [0, 3, 24, 33, 40, 46, 58, 59, 65, 66, 74, 75, 86, 101, 107, 123, 127, 130, 132, 133, 138, 147, 149, 152, 153, 155, 161, 162, 166, 175, 179, 185, 188, 189, 190, 195, 197, 199, 200, 210, 211, 212, 215, 217, 222, 225, 226, 246, 247, 254, 259, 264, 270, 271, 280, 282, 287, 290, 291]
R2 de Treino = 79.5
R2 de Teste = 72.8

55 / 150  36.67 %
Tempo restante 0:00:11.368650

#################  Rodada 55 / 150  36.67 %
Parâmetros ('EV_CE', 'PRE_CE', 'WAI_CE', 'saz_sin', 'saz_cos')
Linhas de Treino [1, 2, 4, 5, 6, 7, 8, 9, 10, 11, 12, 13, 14, 15, 16, 17, 18, 19, 20, 21, 22, 23, 25, 26, 27, 28, 29, 30, 31, 32, 34, 35, 36, 37, 38, 39, 41, 42, 43, 44, 45, 47, 48, 49, 50, 51, 52, 53, 54, 55, 56, 57, 60, 61, 62, 63, 64, 67, 68, 69, 70, 71, 72, 73, 76, 77, 78, 79, 80, 81, 82, 83, 84, 85, 87, 88, 89, 90, 91, 92, 93, 94, 95, 96, 97, 98, 99, 100, 102, 103, 104, 105, 106, 108, 109, 110, 111, 112, 113, 114, 115, 116, 117, 118, 119, 120, 121, 122, 124, 125, 126, 128, 129, 131, 134, 135, 136, 137, 139, 140, 141, 142, 143, 144, 145, 146, 148, 150, 151, 154, 156, 157, 158, 159, 160, 163, 164, 165, 167, 168, 169, 170, 171, 172, 173, 174, 176, 177, 178, 180, 181, 182, 183, 184, 186, 187, 191, 192, 193, 194, 196, 198, 201, 202, 203, 204, 205, 206, 207, 208, 209, 213, 214, 216, 218, 219, 220, 221, 223, 224, 227, 228, 229, 230, 231, 232, 233, 234, 235, 236, 237, 238, 239, 240, 241, 242, 243, 244, 245, 248, 249, 250, 251, 252, 253, 255, 256, 257, 258, 260, 261, 262, 263, 265, 266, 267, 268, 269, 272, 273, 274, 275, 276, 277, 278, 279, 281, 283, 284, 285, 286, 288, 289, 292, 293, 294, 295, 296]
Linhas de Teste [0, 3, 24, 33, 40, 46, 58, 59, 65, 66, 74, 75, 86, 101, 107, 123, 127, 130, 132, 133, 138, 147, 149, 152, 153, 155, 161, 162, 166, 175, 179, 185, 188, 189, 190, 195, 197, 199, 200, 210, 211, 212, 215, 217, 222, 225, 226, 246, 247, 254, 259, 264, 270, 271, 280, 282, 287, 290, 291]
R2 de Treino = 97.53
R2 de Teste = 95.56

55 / 150  36.67 %
Tempo restante 0:00:12.056165

#################  Rodada 57 / 150  38.0 %
Parâmetros ('EV_CA', 'PRE_CA', 'TST_CA', 'saz_sin', 'saz_cos')
Linhas de Treino [0, 1, 2, 3, 4, 5, 6, 7, 8, 9, 13, 15, 16, 17, 18, 20, 21, 22, 23, 24, 27, 28, 29, 30, 31, 33, 34, 35, 36, 37, 38, 39, 40, 41, 42, 43, 44, 46, 47, 48, 49, 50, 52, 55, 56, 57, 58, 59, 61, 62, 63, 64, 65, 66, 67, 68, 70, 72, 73, 74, 75, 76, 79, 80, 81, 83, 84, 85, 86, 87, 88, 89, 90, 91, 92, 94, 96, 97, 98, 99, 100, 102, 103, 104, 105, 106, 108, 109, 110, 111, 112, 115, 116, 117, 119, 120, 121, 122, 123, 124, 125, 126, 128, 129, 130, 131, 133, 134, 135, 137, 138, 139, 140, 141, 142, 144, 145, 147, 148, 150, 151, 152, 153, 154, 155, 156, 157, 158, 159, 160, 161, 162, 163, 164, 165, 166, 168, 169, 170, 171, 172, 173, 175, 177, 178, 179, 181, 182, 183, 184, 185, 186, 187, 188, 189, 190, 191, 192, 194, 195, 197, 199, 200, 201, 202, 203, 204, 205, 207, 208, 209, 211, 212, 213, 214, 215, 217, 218, 219, 220, 221, 222, 223, 224, 225, 226, 227, 228, 230, 233, 234, 236, 239, 241, 242, 243, 244, 245, 246, 248, 249, 250, 251, 254, 255, 257, 258, 259, 260, 262, 263, 264, 265, 266, 267, 268, 269, 270, 271, 273, 274, 275, 278, 280, 282, 283, 284, 285, 286, 287, 288, 289, 290, 292, 293, 295, 296]
Linhas de Teste [10, 11, 12, 14, 19, 25, 26, 32, 45, 51, 53, 54, 60, 69, 71, 77, 78, 82, 93, 95, 101, 107, 113, 114, 118, 127, 132, 136, 143, 146, 149, 167, 174, 176, 180, 193, 196, 198, 206, 210, 216, 229, 231, 232, 235, 237, 238, 240, 247, 252, 253, 256, 261, 272, 276, 277, 279, 281, 291, 294]
R2 de Treino = 95.13
R2 de Teste = 94.65

57 / 150  38.0 %
Tempo restante 0:00:10.837848

#################  Rodada 56 / 150  37.33 %
Parâmetros ('EV_MA', 'TST_MA', 'WAI_MA', 'saz_sin', 'saz_cos')
Linhas de Treino [1, 3, 4, 5, 6, 7, 10, 11, 12, 14, 16, 17, 18, 19, 20, 21, 22, 23, 25, 26, 27, 28, 29, 30, 32, 33, 34, 35, 36, 37, 38, 40, 41, 43, 44, 45, 46, 47, 48, 49, 50, 51, 52, 53, 54, 55, 56, 58, 60, 61, 62, 63, 64, 66, 67, 68, 69, 71, 72, 74, 76, 77, 78, 80, 81, 82, 83, 84, 85, 86, 87, 90, 91, 92, 93, 95, 97, 98, 99, 100, 101, 102, 103, 104, 106, 107, 108, 110, 112, 113, 114, 115, 116, 117, 118, 119, 121, 122, 123, 124, 125, 126, 127, 128, 130, 131, 132, 133, 135, 136, 138, 140, 142, 143, 144, 145, 146, 147, 148, 149, 151, 153, 154, 155, 156, 157, 158, 159, 160, 161, 162, 164, 165, 166, 167, 169, 170, 171, 173, 174, 175, 176, 177, 179, 180, 181, 183, 184, 185, 186, 187, 188, 190, 192, 193, 194, 195, 196, 198, 200, 201, 203, 204, 205, 206, 208, 209, 210, 211, 212, 213, 214, 215, 216, 217, 218, 219, 220, 221, 222, 224, 225, 228, 229, 230, 231, 232, 234, 235, 236, 237, 238, 239, 240, 241, 244, 246, 247, 248, 249, 250, 252, 253, 254, 255, 256, 257, 258, 260, 261, 262, 263, 264, 265, 266, 267, 268, 269, 270, 271, 272, 274, 275, 276, 277, 279, 281, 282, 284, 285, 288, 289, 291, 292, 294, 295, 296]
Linhas de Teste [0, 2, 8, 9, 13, 15, 24, 31, 39, 42, 57, 59, 65, 70, 73, 75, 79, 88, 89, 94, 96, 105, 109, 111, 120, 129, 134, 137, 139, 141, 150, 152, 163, 168, 172, 178, 182, 189, 191, 197, 199, 202, 207, 223, 226, 227, 233, 242, 243, 245, 251, 259, 273, 278, 280, 283, 286, 287, 290, 293]
R2 de Treino = 80.59
R2 de Teste = 65.32

56 / 150  37.33 %
Tempo restante 0:00:11.123208

#################  Rodada 56 / 150  37.33 %
Parâmetros ('EV_CE', 'PRE_CE', 'WAI_CE', 'saz_sin', 'saz_cos')
Linhas de Treino [1, 3, 4, 5, 6, 7, 10, 11, 12, 14, 16, 17, 18, 19, 20, 21, 22, 23, 25, 26, 27, 28, 29, 30, 32, 33, 34, 35, 36, 37, 38, 40, 41, 43, 44, 45, 46, 47, 48, 49, 50, 51, 52, 53, 54, 55, 56, 58, 60, 61, 62, 63, 64, 66, 67, 68, 69, 71, 72, 74, 76, 77, 78, 80, 81, 82, 83, 84, 85, 86, 87, 90, 91, 92, 93, 95, 97, 98, 99, 100, 101, 102, 103, 104, 106, 107, 108, 110, 112, 113, 114, 115, 116, 117, 118, 119, 121, 122, 123, 124, 125, 126, 127, 128, 130, 131, 132, 133, 135, 136, 138, 140, 142, 143, 144, 145, 146, 147, 148, 149, 151, 153, 154, 155, 156, 157, 158, 159, 160, 161, 162, 164, 165, 166, 167, 169, 170, 171, 173, 174, 175, 176, 177, 179, 180, 181, 183, 184, 185, 186, 187, 188, 190, 192, 193, 194, 195, 196, 198, 200, 201, 203, 204, 205, 206, 208, 209, 210, 211, 212, 213, 214, 215, 216, 217, 218, 219, 220, 221, 222, 224, 225, 228, 229, 230, 231, 232, 234, 235, 236, 237, 238, 239, 240, 241, 244, 246, 247, 248, 249, 250, 252, 253, 254, 255, 256, 257, 258, 260, 261, 262, 263, 264, 265, 266, 267, 268, 269, 270, 271, 272, 274, 275, 276, 277, 279, 281, 282, 284, 285, 288, 289, 291, 292, 294, 295, 296]
Linhas de Teste [0, 2, 8, 9, 13, 15, 24, 31, 39, 42, 57, 59, 65, 70, 73, 75, 79, 88, 89, 94, 96, 105, 109, 111, 120, 129, 134, 137, 139, 141, 150, 152, 163, 168, 172, 178, 182, 189, 191, 197, 199, 202, 207, 223, 226, 227, 233, 242, 243, 245, 251, 259, 273, 278, 280, 283, 286, 287, 290, 293]
R2 de Treino = 97.38
R2 de Teste = 95.97

56 / 150  37.33 %
Tempo restante 0:00:11.207620

#################  Rodada 58 / 150  38.67 %
Parâmetros ('EV_CA', 'PRE_CA', 'TST_CA', 'saz_sin', 'saz_cos')
Linhas de Treino [0, 1, 2, 3, 5, 6, 8, 9, 10, 11, 12, 13, 14, 15, 18, 19, 22, 24, 25, 26, 27, 29, 30, 31, 32, 33, 37, 38, 39, 40, 42, 44, 45, 46, 47, 48, 49, 50, 51, 53, 54, 55, 56, 57, 58, 59, 60, 61, 62, 63, 64, 65, 66, 68, 69, 70, 71, 72, 73, 74, 75, 77, 78, 79, 80, 82, 83, 87, 88, 89, 92, 93, 94, 95, 96, 98, 99, 101, 103, 104, 105, 106, 107, 108, 109, 111, 112, 113, 114, 115, 116, 117, 118, 119, 120, 121, 123, 124, 125, 126, 127, 129, 131, 132, 134, 135, 136, 137, 138, 139, 141, 142, 143, 145, 146, 147, 149, 150, 151, 152, 153, 154, 155, 156, 157, 159, 160, 161, 162, 163, 164, 165, 166, 167, 168, 169, 170, 171, 172, 173, 174, 175, 176, 177, 178, 180, 182, 183, 184, 186, 187, 189, 191, 192, 193, 194, 195, 196, 197, 198, 199, 200, 201, 202, 203, 206, 207, 209, 210, 212, 214, 216, 217, 218, 219, 222, 223, 226, 227, 229, 231, 232, 233, 234, 235, 237, 238, 239, 240, 241, 242, 243, 245, 247, 249, 250, 251, 252, 253, 254, 256, 257, 258, 259, 260, 261, 262, 263, 264, 265, 267, 268, 269, 271, 272, 273, 274, 275, 276, 277, 278, 279, 280, 281, 282, 283, 284, 286, 287, 288, 289, 290, 291, 292, 293, 294, 295, 296]
Linhas de Teste [4, 7, 16, 17, 20, 21, 23, 28, 34, 35, 36, 41, 43, 52, 67, 76, 81, 84, 85, 86, 90, 91, 97, 100, 102, 110, 122, 128, 130, 133, 140, 144, 148, 158, 179, 181, 185, 188, 190, 204, 205, 208, 211, 213, 215, 220, 221, 224, 225, 228, 230, 236, 244, 246, 248, 255, 266, 270, 285]
R2 de Treino = 94.84
R2 de Teste = 95.49

58 / 150  38.67 %
Tempo restante 0:00:10.568132

#################  Rodada 57 / 150  38.0 %
Parâmetros ('EV_MA', 'TST_MA', 'WAI_MA', 'saz_sin', 'saz_cos')
Linhas de Treino [0, 1, 2, 3, 4, 5, 6, 7, 8, 9, 13, 15, 16, 17, 18, 20, 21, 22, 23, 24, 27, 28, 29, 30, 31, 33, 34, 35, 36, 37, 38, 39, 40, 41, 42, 43, 44, 46, 47, 48, 49, 50, 52, 55, 56, 57, 58, 59, 61, 62, 63, 64, 65, 66, 67, 68, 70, 72, 73, 74, 75, 76, 79, 80, 81, 83, 84, 85, 86, 87, 88, 89, 90, 91, 92, 94, 96, 97, 98, 99, 100, 102, 103, 104, 105, 106, 108, 109, 110, 111, 112, 115, 116, 117, 119, 120, 121, 122, 123, 124, 125, 126, 128, 129, 130, 131, 133, 134, 135, 137, 138, 139, 140, 141, 142, 144, 145, 147, 148, 150, 151, 152, 153, 154, 155, 156, 157, 158, 159, 160, 161, 162, 163, 164, 165, 166, 168, 169, 170, 171, 172, 173, 175, 177, 178, 179, 181, 182, 183, 184, 185, 186, 187, 188, 189, 190, 191, 192, 194, 195, 197, 199, 200, 201, 202, 203, 204, 205, 207, 208, 209, 211, 212, 213, 214, 215, 217, 218, 219, 220, 221, 222, 223, 224, 225, 226, 227, 228, 230, 233, 234, 236, 239, 241, 242, 243, 244, 245, 246, 248, 249, 250, 251, 254, 255, 257, 258, 259, 260, 262, 263, 264, 265, 266, 267, 268, 269, 270, 271, 273, 274, 275, 278, 280, 282, 283, 284, 285, 286, 287, 288, 289, 290, 292, 293, 295, 296]
Linhas de Teste [10, 11, 12, 14, 19, 25, 26, 32, 45, 51, 53, 54, 60, 69, 71, 77, 78, 82, 93, 95, 101, 107, 113, 114, 118, 127, 132, 136, 143, 146, 149, 167, 174, 176, 180, 193, 196, 198, 206, 210, 216, 229, 231, 232, 235, 237, 238, 240, 247, 252, 253, 256, 261, 272, 276, 277, 279, 281, 291, 294]
R2 de Treino = 80.23
R2 de Teste = 70.86

57 / 150  38.0 %
Tempo restante 0:00:11.140749

#################  Rodada 57 / 150  38.0 %
Parâmetros ('EV_CE', 'PRE_CE', 'WAI_CE', 'saz_sin', 'saz_cos')
Linhas de Treino [0, 1, 2, 3, 4, 5, 6, 7, 8, 9, 13, 15, 16, 17, 18, 20, 21, 22, 23, 24, 27, 28, 29, 30, 31, 33, 34, 35, 36, 37, 38, 39, 40, 41, 42, 43, 44, 46, 47, 48, 49, 50, 52, 55, 56, 57, 58, 59, 61, 62, 63, 64, 65, 66, 67, 68, 70, 72, 73, 74, 75, 76, 79, 80, 81, 83, 84, 85, 86, 87, 88, 89, 90, 91, 92, 94, 96, 97, 98, 99, 100, 102, 103, 104, 105, 106, 108, 109, 110, 111, 112, 115, 116, 117, 119, 120, 121, 122, 123, 124, 125, 126, 128, 129, 130, 131, 133, 134, 135, 137, 138, 139, 140, 141, 142, 144, 145, 147, 148, 150, 151, 152, 153, 154, 155, 156, 157, 158, 159, 160, 161, 162, 163, 164, 165, 166, 168, 169, 170, 171, 172, 173, 175, 177, 178, 179, 181, 182, 183, 184, 185, 186, 187, 188, 189, 190, 191, 192, 194, 195, 197, 199, 200, 201, 202, 203, 204, 205, 207, 208, 209, 211, 212, 213, 214, 215, 217, 218, 219, 220, 221, 222, 223, 224, 225, 226, 227, 228, 230, 233, 234, 236, 239, 241, 242, 243, 244, 245, 246, 248, 249, 250, 251, 254, 255, 257, 258, 259, 260, 262, 263, 264, 265, 266, 267, 268, 269, 270, 271, 273, 274, 275, 278, 280, 282, 283, 284, 285, 286, 287, 288, 289, 290, 292, 293, 295, 296]
Linhas de Teste [10, 11, 12, 14, 19, 25, 26, 32, 45, 51, 53, 54, 60, 69, 71, 77, 78, 82, 93, 95, 101, 107, 113, 114, 118, 127, 132, 136, 143, 146, 149, 167, 174, 176, 180, 193, 196, 198, 206, 210, 216, 229, 231, 232, 235, 237, 238, 240, 247, 252, 253, 256, 261, 272, 276, 277, 279, 281, 291, 294]
R2 de Treino = 97.52
R2 de Teste = 95.41

57 / 150  38.0 %
Tempo restante 0:00:10.852077

#################  Rodada 59 / 150  39.33 %
Parâmetros ('EV_CA', 'PRE_CA', 'TST_CA', 'saz_sin', 'saz_cos')
Linhas de Treino [0, 1, 2, 4, 6, 7, 8, 9, 10, 11, 12, 13, 14, 15, 16, 17, 19, 20, 21, 22, 23, 24, 25, 26, 27, 28, 29, 31, 32, 33, 34, 35, 36, 38, 39, 40, 41, 42, 43, 45, 47, 48, 50, 51, 52, 53, 54, 56, 57, 59, 60, 61, 62, 65, 67, 69, 70, 71, 72, 73, 74, 75, 76, 77, 78, 79, 80, 81, 82, 83, 84, 85, 86, 88, 89, 90, 91, 92, 93, 94, 95, 96, 97, 98, 99, 100, 101, 102, 103, 104, 105, 106, 107, 109, 110, 111, 113, 114, 116, 117, 118, 120, 121, 122, 123, 126, 127, 128, 129, 130, 132, 133, 134, 136, 137, 139, 140, 141, 143, 144, 145, 146, 148, 149, 150, 151, 152, 154, 155, 158, 159, 160, 163, 164, 165, 166, 167, 168, 171, 172, 174, 176, 178, 179, 180, 181, 182, 183, 185, 187, 188, 189, 190, 191, 193, 194, 196, 197, 198, 199, 200, 201, 202, 204, 205, 206, 207, 208, 209, 210, 211, 212, 213, 215, 216, 220, 221, 222, 223, 224, 225, 226, 227, 228, 229, 230, 231, 232, 233, 234, 235, 236, 237, 238, 240, 242, 243, 244, 245, 246, 247, 248, 249, 250, 251, 252, 253, 255, 256, 257, 258, 259, 260, 261, 265, 266, 267, 270, 272, 273, 276, 277, 278, 279, 280, 281, 283, 284, 285, 286, 287, 288, 290, 291, 293, 294, 295, 296]
Linhas de Teste [3, 5, 18, 30, 37, 44, 46, 49, 55, 58, 63, 64, 66, 68, 87, 108, 112, 115, 119, 124, 125, 131, 135, 138, 142, 147, 153, 156, 157, 161, 162, 169, 170, 173, 175, 177, 184, 186, 192, 195, 203, 214, 217, 218, 219, 239, 241, 254, 262, 263, 264, 268, 269, 271, 274, 275, 282, 289, 292]
R2 de Treino = 95.2
R2 de Teste = 94.24

59 / 150  39.33 %
Tempo restante 0:00:10.328227

#################  Rodada 58 / 150  38.67 %
Parâmetros ('EV_MA', 'TST_MA', 'WAI_MA', 'saz_sin', 'saz_cos')
Linhas de Treino [0, 1, 2, 3, 5, 6, 8, 9, 10, 11, 12, 13, 14, 15, 18, 19, 22, 24, 25, 26, 27, 29, 30, 31, 32, 33, 37, 38, 39, 40, 42, 44, 45, 46, 47, 48, 49, 50, 51, 53, 54, 55, 56, 57, 58, 59, 60, 61, 62, 63, 64, 65, 66, 68, 69, 70, 71, 72, 73, 74, 75, 77, 78, 79, 80, 82, 83, 87, 88, 89, 92, 93, 94, 95, 96, 98, 99, 101, 103, 104, 105, 106, 107, 108, 109, 111, 112, 113, 114, 115, 116, 117, 118, 119, 120, 121, 123, 124, 125, 126, 127, 129, 131, 132, 134, 135, 136, 137, 138, 139, 141, 142, 143, 145, 146, 147, 149, 150, 151, 152, 153, 154, 155, 156, 157, 159, 160, 161, 162, 163, 164, 165, 166, 167, 168, 169, 170, 171, 172, 173, 174, 175, 176, 177, 178, 180, 182, 183, 184, 186, 187, 189, 191, 192, 193, 194, 195, 196, 197, 198, 199, 200, 201, 202, 203, 206, 207, 209, 210, 212, 214, 216, 217, 218, 219, 222, 223, 226, 227, 229, 231, 232, 233, 234, 235, 237, 238, 239, 240, 241, 242, 243, 245, 247, 249, 250, 251, 252, 253, 254, 256, 257, 258, 259, 260, 261, 262, 263, 264, 265, 267, 268, 269, 271, 272, 273, 274, 275, 276, 277, 278, 279, 280, 281, 282, 283, 284, 286, 287, 288, 289, 290, 291, 292, 293, 294, 295, 296]
Linhas de Teste [4, 7, 16, 17, 20, 21, 23, 28, 34, 35, 36, 41, 43, 52, 67, 76, 81, 84, 85, 86, 90, 91, 97, 100, 102, 110, 122, 128, 130, 133, 140, 144, 148, 158, 179, 181, 185, 188, 190, 204, 205, 208, 211, 213, 215, 220, 221, 224, 225, 228, 230, 236, 244, 246, 248, 255, 266, 270, 285]
R2 de Treino = 77.89
R2 de Teste = 75.98

58 / 150  38.67 %
Tempo restante 0:00:10.881300

#################  Rodada 58 / 150  38.67 %
Parâmetros ('EV_CE', 'PRE_CE', 'WAI_CE', 'saz_sin', 'saz_cos')
Linhas de Treino [0, 1, 2, 3, 5, 6, 8, 9, 10, 11, 12, 13, 14, 15, 18, 19, 22, 24, 25, 26, 27, 29, 30, 31, 32, 33, 37, 38, 39, 40, 42, 44, 45, 46, 47, 48, 49, 50, 51, 53, 54, 55, 56, 57, 58, 59, 60, 61, 62, 63, 64, 65, 66, 68, 69, 70, 71, 72, 73, 74, 75, 77, 78, 79, 80, 82, 83, 87, 88, 89, 92, 93, 94, 95, 96, 98, 99, 101, 103, 104, 105, 106, 107, 108, 109, 111, 112, 113, 114, 115, 116, 117, 118, 119, 120, 121, 123, 124, 125, 126, 127, 129, 131, 132, 134, 135, 136, 137, 138, 139, 141, 142, 143, 145, 146, 147, 149, 150, 151, 152, 153, 154, 155, 156, 157, 159, 160, 161, 162, 163, 164, 165, 166, 167, 168, 169, 170, 171, 172, 173, 174, 175, 176, 177, 178, 180, 182, 183, 184, 186, 187, 189, 191, 192, 193, 194, 195, 196, 197, 198, 199, 200, 201, 202, 203, 206, 207, 209, 210, 212, 214, 216, 217, 218, 219, 222, 223, 226, 227, 229, 231, 232, 233, 234, 235, 237, 238, 239, 240, 241, 242, 243, 245, 247, 249, 250, 251, 252, 253, 254, 256, 257, 258, 259, 260, 261, 262, 263, 264, 265, 267, 268, 269, 271, 272, 273, 274, 275, 276, 277, 278, 279, 280, 281, 282, 283, 284, 286, 287, 288, 289, 290, 291, 292, 293, 294, 295, 296]
Linhas de Teste [4, 7, 16, 17, 20, 21, 23, 28, 34, 35, 36, 41, 43, 52, 67, 76, 81, 84, 85, 86, 90, 91, 97, 100, 102, 110, 122, 128, 130, 133, 140, 144, 148, 158, 179, 181, 185, 188, 190, 204, 205, 208, 211, 213, 215, 220, 221, 224, 225, 228, 230, 236, 244, 246, 248, 255, 266, 270, 285]
R2 de Treino = 97.04
R2 de Teste = 97.4

58 / 150  38.67 %
Tempo restante 0:00:10.686536

#################  Rodada 60 / 150  40.0 %
Parâmetros ('EV_CA', 'PRE_CA', 'TST_CA', 'saz_sin', 'saz_cos')
Linhas de Treino [0, 2, 3, 4, 5, 7, 8, 9, 10, 11, 12, 13, 14, 15, 16, 17, 18, 19, 20, 21, 23, 24, 25, 26, 28, 30, 31, 32, 34, 35, 36, 37, 39, 41, 42, 43, 44, 45, 46, 49, 51, 52, 53, 54, 55, 57, 58, 59, 60, 63, 64, 65, 66, 67, 68, 69, 70, 71, 73, 75, 76, 77, 78, 79, 81, 82, 84, 85, 86, 87, 88, 89, 90, 91, 93, 94, 95, 96, 97, 100, 101, 102, 105, 107, 108, 109, 110, 111, 112, 113, 114, 115, 118, 119, 120, 122, 124, 125, 127, 128, 129, 130, 131, 132, 133, 134, 135, 136, 137, 138, 139, 140, 141, 142, 143, 144, 146, 147, 148, 149, 150, 152, 153, 156, 157, 158, 161, 162, 163, 167, 168, 169, 170, 172, 173, 174, 175, 176, 177, 178, 179, 180, 181, 182, 184, 185, 186, 188, 189, 190, 191, 192, 193, 195, 196, 197, 198, 199, 202, 203, 204, 205, 206, 207, 208, 210, 211, 213, 214, 215, 216, 217, 218, 219, 220, 221, 223, 224, 225, 226, 227, 228, 229, 230, 231, 232, 233, 235, 236, 237, 238, 239, 240, 241, 242, 243, 244, 245, 246, 247, 248, 251, 252, 253, 254, 255, 256, 259, 261, 262, 263, 264, 266, 268, 269, 270, 271, 272, 273, 274, 275, 276, 277, 278, 279, 280, 281, 282, 283, 285, 286, 287, 289, 290, 291, 292, 293, 294]
Linhas de Teste [1, 6, 22, 27, 29, 33, 38, 40, 47, 48, 50, 56, 61, 62, 72, 74, 80, 83, 92, 98, 99, 103, 104, 106, 116, 117, 121, 123, 126, 145, 151, 154, 155, 159, 160, 164, 165, 166, 171, 183, 187, 194, 200, 201, 209, 212, 222, 234, 249, 250, 257, 258, 260, 265, 267, 284, 288, 295, 296]
R2 de Treino = 95.58
R2 de Teste = 92.58

60 / 150  40.0 %
Tempo restante 0:00:10.258290

#################  Rodada 59 / 150  39.33 %
Parâmetros ('EV_MA', 'TST_MA', 'WAI_MA', 'saz_sin', 'saz_cos')
Linhas de Treino [0, 1, 2, 4, 6, 7, 8, 9, 10, 11, 12, 13, 14, 15, 16, 17, 19, 20, 21, 22, 23, 24, 25, 26, 27, 28, 29, 31, 32, 33, 34, 35, 36, 38, 39, 40, 41, 42, 43, 45, 47, 48, 50, 51, 52, 53, 54, 56, 57, 59, 60, 61, 62, 65, 67, 69, 70, 71, 72, 73, 74, 75, 76, 77, 78, 79, 80, 81, 82, 83, 84, 85, 86, 88, 89, 90, 91, 92, 93, 94, 95, 96, 97, 98, 99, 100, 101, 102, 103, 104, 105, 106, 107, 109, 110, 111, 113, 114, 116, 117, 118, 120, 121, 122, 123, 126, 127, 128, 129, 130, 132, 133, 134, 136, 137, 139, 140, 141, 143, 144, 145, 146, 148, 149, 150, 151, 152, 154, 155, 158, 159, 160, 163, 164, 165, 166, 167, 168, 171, 172, 174, 176, 178, 179, 180, 181, 182, 183, 185, 187, 188, 189, 190, 191, 193, 194, 196, 197, 198, 199, 200, 201, 202, 204, 205, 206, 207, 208, 209, 210, 211, 212, 213, 215, 216, 220, 221, 222, 223, 224, 225, 226, 227, 228, 229, 230, 231, 232, 233, 234, 235, 236, 237, 238, 240, 242, 243, 244, 245, 246, 247, 248, 249, 250, 251, 252, 253, 255, 256, 257, 258, 259, 260, 261, 265, 266, 267, 270, 272, 273, 276, 277, 278, 279, 280, 281, 283, 284, 285, 286, 287, 288, 290, 291, 293, 294, 295, 296]
Linhas de Teste [3, 5, 18, 30, 37, 44, 46, 49, 55, 58, 63, 64, 66, 68, 87, 108, 112, 115, 119, 124, 125, 131, 135, 138, 142, 147, 153, 156, 157, 161, 162, 169, 170, 173, 175, 177, 184, 186, 192, 195, 203, 214, 217, 218, 219, 239, 241, 254, 262, 263, 264, 268, 269, 271, 274, 275, 282, 289, 292]
R2 de Treino = 77.17
R2 de Teste = 80.28

59 / 150  39.33 %
Tempo restante 0:00:10.643087

#################  Rodada 59 / 150  39.33 %
Parâmetros ('EV_CE', 'PRE_CE', 'WAI_CE', 'saz_sin', 'saz_cos')
Linhas de Treino [0, 1, 2, 4, 6, 7, 8, 9, 10, 11, 12, 13, 14, 15, 16, 17, 19, 20, 21, 22, 23, 24, 25, 26, 27, 28, 29, 31, 32, 33, 34, 35, 36, 38, 39, 40, 41, 42, 43, 45, 47, 48, 50, 51, 52, 53, 54, 56, 57, 59, 60, 61, 62, 65, 67, 69, 70, 71, 72, 73, 74, 75, 76, 77, 78, 79, 80, 81, 82, 83, 84, 85, 86, 88, 89, 90, 91, 92, 93, 94, 95, 96, 97, 98, 99, 100, 101, 102, 103, 104, 105, 106, 107, 109, 110, 111, 113, 114, 116, 117, 118, 120, 121, 122, 123, 126, 127, 128, 129, 130, 132, 133, 134, 136, 137, 139, 140, 141, 143, 144, 145, 146, 148, 149, 150, 151, 152, 154, 155, 158, 159, 160, 163, 164, 165, 166, 167, 168, 171, 172, 174, 176, 178, 179, 180, 181, 182, 183, 185, 187, 188, 189, 190, 191, 193, 194, 196, 197, 198, 199, 200, 201, 202, 204, 205, 206, 207, 208, 209, 210, 211, 212, 213, 215, 216, 220, 221, 222, 223, 224, 225, 226, 227, 228, 229, 230, 231, 232, 233, 234, 235, 236, 237, 238, 240, 242, 243, 244, 245, 246, 247, 248, 249, 250, 251, 252, 253, 255, 256, 257, 258, 259, 260, 261, 265, 266, 267, 270, 272, 273, 276, 277, 278, 279, 280, 281, 283, 284, 285, 286, 287, 288, 290, 291, 293, 294, 295, 296]
Linhas de Teste [3, 5, 18, 30, 37, 44, 46, 49, 55, 58, 63, 64, 66, 68, 87, 108, 112, 115, 119, 124, 125, 131, 135, 138, 142, 147, 153, 156, 157, 161, 162, 169, 170, 173, 175, 177, 184, 186, 192, 195, 203, 214, 217, 218, 219, 239, 241, 254, 262, 263, 264, 268, 269, 271, 274, 275, 282, 289, 292]
R2 de Treino = 97.28
R2 de Teste = 96.58

59 / 150  39.33 %
Tempo restante 0:00:10.592309

#################  Rodada 61 / 150  40.67 %
Parâmetros ('EV_CA', 'PRE_CA', 'TST_CA', 'saz_sin', 'saz_cos')
Linhas de Treino [1, 2, 3, 5, 6, 7, 9, 10, 11, 12, 13, 15, 16, 17, 20, 21, 22, 23, 24, 26, 27, 28, 29, 30, 31, 32, 33, 34, 35, 36, 37, 39, 40, 41, 42, 43, 44, 45, 46, 47, 48, 49, 50, 51, 52, 53, 54, 55, 56, 57, 58, 59, 60, 63, 64, 65, 68, 69, 72, 73, 74, 75, 78, 79, 80, 81, 82, 83, 84, 85, 86, 87, 89, 91, 92, 93, 95, 96, 97, 98, 99, 100, 101, 102, 103, 104, 106, 107, 108, 110, 111, 112, 115, 116, 117, 118, 119, 120, 121, 122, 123, 124, 125, 126, 127, 129, 130, 132, 133, 134, 135, 136, 137, 138, 139, 140, 141, 142, 143, 144, 145, 146, 147, 148, 149, 150, 151, 153, 154, 155, 156, 157, 158, 159, 160, 161, 162, 164, 165, 167, 168, 170, 171, 173, 174, 175, 176, 177, 178, 179, 180, 181, 182, 183, 184, 185, 187, 188, 189, 190, 191, 192, 194, 195, 196, 199, 200, 201, 203, 204, 205, 208, 209, 210, 211, 213, 214, 215, 217, 218, 220, 221, 222, 225, 226, 228, 230, 231, 232, 233, 234, 236, 237, 238, 239, 240, 242, 243, 244, 247, 248, 249, 250, 251, 253, 257, 258, 259, 260, 261, 263, 264, 265, 266, 267, 268, 269, 270, 271, 272, 273, 275, 276, 277, 278, 279, 280, 281, 282, 283, 286, 289, 290, 291, 293, 294, 295]
Linhas de Teste [0, 4, 8, 14, 18, 19, 25, 38, 61, 62, 66, 67, 70, 71, 76, 77, 88, 90, 94, 105, 109, 113, 114, 128, 131, 152, 163, 166, 169, 172, 186, 193, 197, 198, 202, 206, 207, 212, 216, 219, 223, 224, 227, 229, 235, 241, 245, 246, 252, 254, 255, 256, 262, 274, 284, 285, 287, 288, 292, 296]
R2 de Treino = 95.11
R2 de Teste = 94.63

61 / 150  40.67 %
Tempo restante 0:00:10.359956

#################  Rodada 60 / 150  40.0 %
Parâmetros ('EV_MA', 'TST_MA', 'WAI_MA', 'saz_sin', 'saz_cos')
Linhas de Treino [0, 2, 3, 4, 5, 7, 8, 9, 10, 11, 12, 13, 14, 15, 16, 17, 18, 19, 20, 21, 23, 24, 25, 26, 28, 30, 31, 32, 34, 35, 36, 37, 39, 41, 42, 43, 44, 45, 46, 49, 51, 52, 53, 54, 55, 57, 58, 59, 60, 63, 64, 65, 66, 67, 68, 69, 70, 71, 73, 75, 76, 77, 78, 79, 81, 82, 84, 85, 86, 87, 88, 89, 90, 91, 93, 94, 95, 96, 97, 100, 101, 102, 105, 107, 108, 109, 110, 111, 112, 113, 114, 115, 118, 119, 120, 122, 124, 125, 127, 128, 129, 130, 131, 132, 133, 134, 135, 136, 137, 138, 139, 140, 141, 142, 143, 144, 146, 147, 148, 149, 150, 152, 153, 156, 157, 158, 161, 162, 163, 167, 168, 169, 170, 172, 173, 174, 175, 176, 177, 178, 179, 180, 181, 182, 184, 185, 186, 188, 189, 190, 191, 192, 193, 195, 196, 197, 198, 199, 202, 203, 204, 205, 206, 207, 208, 210, 211, 213, 214, 215, 216, 217, 218, 219, 220, 221, 223, 224, 225, 226, 227, 228, 229, 230, 231, 232, 233, 235, 236, 237, 238, 239, 240, 241, 242, 243, 244, 245, 246, 247, 248, 251, 252, 253, 254, 255, 256, 259, 261, 262, 263, 264, 266, 268, 269, 270, 271, 272, 273, 274, 275, 276, 277, 278, 279, 280, 281, 282, 283, 285, 286, 287, 289, 290, 291, 292, 293, 294]
Linhas de Teste [1, 6, 22, 27, 29, 33, 38, 40, 47, 48, 50, 56, 61, 62, 72, 74, 80, 83, 92, 98, 99, 103, 104, 106, 116, 117, 121, 123, 126, 145, 151, 154, 155, 159, 160, 164, 165, 166, 171, 183, 187, 194, 200, 201, 209, 212, 222, 234, 249, 250, 257, 258, 260, 265, 267, 284, 288, 295, 296]
R2 de Treino = 78.63
R2 de Teste = 73.44

60 / 150  40.0 %
Tempo restante 0:00:11.159550

#################  Rodada 60 / 150  40.0 %
Parâmetros ('EV_CE', 'PRE_CE', 'WAI_CE', 'saz_sin', 'saz_cos')
Linhas de Treino [0, 2, 3, 4, 5, 7, 8, 9, 10, 11, 12, 13, 14, 15, 16, 17, 18, 19, 20, 21, 23, 24, 25, 26, 28, 30, 31, 32, 34, 35, 36, 37, 39, 41, 42, 43, 44, 45, 46, 49, 51, 52, 53, 54, 55, 57, 58, 59, 60, 63, 64, 65, 66, 67, 68, 69, 70, 71, 73, 75, 76, 77, 78, 79, 81, 82, 84, 85, 86, 87, 88, 89, 90, 91, 93, 94, 95, 96, 97, 100, 101, 102, 105, 107, 108, 109, 110, 111, 112, 113, 114, 115, 118, 119, 120, 122, 124, 125, 127, 128, 129, 130, 131, 132, 133, 134, 135, 136, 137, 138, 139, 140, 141, 142, 143, 144, 146, 147, 148, 149, 150, 152, 153, 156, 157, 158, 161, 162, 163, 167, 168, 169, 170, 172, 173, 174, 175, 176, 177, 178, 179, 180, 181, 182, 184, 185, 186, 188, 189, 190, 191, 192, 193, 195, 196, 197, 198, 199, 202, 203, 204, 205, 206, 207, 208, 210, 211, 213, 214, 215, 216, 217, 218, 219, 220, 221, 223, 224, 225, 226, 227, 228, 229, 230, 231, 232, 233, 235, 236, 237, 238, 239, 240, 241, 242, 243, 244, 245, 246, 247, 248, 251, 252, 253, 254, 255, 256, 259, 261, 262, 263, 264, 266, 268, 269, 270, 271, 272, 273, 274, 275, 276, 277, 278, 279, 280, 281, 282, 283, 285, 286, 287, 289, 290, 291, 292, 293, 294]
Linhas de Teste [1, 6, 22, 27, 29, 33, 38, 40, 47, 48, 50, 56, 61, 62, 72, 74, 80, 83, 92, 98, 99, 103, 104, 106, 116, 117, 121, 123, 126, 145, 151, 154, 155, 159, 160, 164, 165, 166, 171, 183, 187, 194, 200, 201, 209, 212, 222, 234, 249, 250, 257, 258, 260, 265, 267, 284, 288, 295, 296]
R2 de Treino = 96.96
R2 de Teste = 97.31

60 / 150  40.0 %
Tempo restante 0:00:10.278990

#################  Rodada 62 / 150  41.33 %
Parâmetros ('EV_CA', 'PRE_CA', 'TST_CA', 'saz_sin', 'saz_cos')
Linhas de Treino [0, 2, 3, 4, 6, 7, 8, 9, 10, 11, 12, 13, 14, 15, 16, 17, 18, 19, 20, 21, 22, 23, 24, 25, 26, 27, 29, 30, 31, 33, 35, 36, 37, 38, 40, 41, 43, 46, 47, 48, 49, 50, 51, 52, 53, 54, 55, 56, 58, 59, 60, 61, 62, 63, 64, 65, 66, 67, 68, 69, 70, 71, 72, 73, 74, 76, 77, 78, 81, 82, 83, 86, 87, 88, 90, 92, 93, 94, 95, 97, 98, 99, 100, 102, 104, 105, 106, 107, 108, 109, 110, 111, 113, 114, 117, 118, 119, 120, 122, 123, 124, 126, 128, 129, 131, 133, 134, 136, 137, 138, 139, 140, 142, 143, 144, 145, 146, 147, 148, 149, 152, 153, 154, 155, 156, 157, 158, 159, 160, 161, 162, 163, 164, 166, 168, 169, 171, 172, 174, 176, 177, 178, 180, 181, 182, 183, 184, 185, 186, 187, 189, 190, 191, 192, 193, 195, 197, 198, 199, 202, 203, 204, 205, 206, 207, 208, 209, 211, 212, 213, 214, 215, 216, 217, 218, 219, 220, 222, 223, 224, 225, 226, 227, 229, 230, 231, 232, 233, 234, 235, 236, 237, 238, 241, 242, 244, 245, 246, 248, 249, 250, 252, 254, 255, 256, 257, 260, 261, 262, 263, 264, 265, 267, 268, 269, 270, 271, 272, 273, 274, 276, 277, 279, 282, 283, 284, 285, 286, 287, 288, 289, 290, 291, 292, 293, 295, 296]
Linhas de Teste [1, 5, 28, 32, 34, 39, 42, 44, 45, 57, 75, 79, 80, 84, 85, 89, 91, 96, 101, 103, 112, 115, 116, 121, 125, 127, 130, 132, 135, 141, 150, 151, 165, 167, 170, 173, 175, 179, 188, 194, 196, 200, 201, 210, 221, 228, 239, 240, 243, 247, 251, 253, 258, 259, 266, 275, 278, 280, 281, 294]
R2 de Treino = 95.79
R2 de Teste = 90.46

62 / 150  41.33 %
Tempo restante 0:00:09.789296

#################  Rodada 61 / 150  40.67 %
Parâmetros ('EV_MA', 'TST_MA', 'WAI_MA', 'saz_sin', 'saz_cos')
Linhas de Treino [1, 2, 3, 5, 6, 7, 9, 10, 11, 12, 13, 15, 16, 17, 20, 21, 22, 23, 24, 26, 27, 28, 29, 30, 31, 32, 33, 34, 35, 36, 37, 39, 40, 41, 42, 43, 44, 45, 46, 47, 48, 49, 50, 51, 52, 53, 54, 55, 56, 57, 58, 59, 60, 63, 64, 65, 68, 69, 72, 73, 74, 75, 78, 79, 80, 81, 82, 83, 84, 85, 86, 87, 89, 91, 92, 93, 95, 96, 97, 98, 99, 100, 101, 102, 103, 104, 106, 107, 108, 110, 111, 112, 115, 116, 117, 118, 119, 120, 121, 122, 123, 124, 125, 126, 127, 129, 130, 132, 133, 134, 135, 136, 137, 138, 139, 140, 141, 142, 143, 144, 145, 146, 147, 148, 149, 150, 151, 153, 154, 155, 156, 157, 158, 159, 160, 161, 162, 164, 165, 167, 168, 170, 171, 173, 174, 175, 176, 177, 178, 179, 180, 181, 182, 183, 184, 185, 187, 188, 189, 190, 191, 192, 194, 195, 196, 199, 200, 201, 203, 204, 205, 208, 209, 210, 211, 213, 214, 215, 217, 218, 220, 221, 222, 225, 226, 228, 230, 231, 232, 233, 234, 236, 237, 238, 239, 240, 242, 243, 244, 247, 248, 249, 250, 251, 253, 257, 258, 259, 260, 261, 263, 264, 265, 266, 267, 268, 269, 270, 271, 272, 273, 275, 276, 277, 278, 279, 280, 281, 282, 283, 286, 289, 290, 291, 293, 294, 295]
Linhas de Teste [0, 4, 8, 14, 18, 19, 25, 38, 61, 62, 66, 67, 70, 71, 76, 77, 88, 90, 94, 105, 109, 113, 114, 128, 131, 152, 163, 166, 169, 172, 186, 193, 197, 198, 202, 206, 207, 212, 216, 219, 223, 224, 227, 229, 235, 241, 245, 246, 252, 254, 255, 256, 262, 274, 284, 285, 287, 288, 292, 296]
R2 de Treino = 78.54
R2 de Teste = 76.43

61 / 150  40.67 %
Tempo restante 0:00:10.310739

#################  Rodada 61 / 150  40.67 %
Parâmetros ('EV_CE', 'PRE_CE', 'WAI_CE', 'saz_sin', 'saz_cos')
Linhas de Treino [1, 2, 3, 5, 6, 7, 9, 10, 11, 12, 13, 15, 16, 17, 20, 21, 22, 23, 24, 26, 27, 28, 29, 30, 31, 32, 33, 34, 35, 36, 37, 39, 40, 41, 42, 43, 44, 45, 46, 47, 48, 49, 50, 51, 52, 53, 54, 55, 56, 57, 58, 59, 60, 63, 64, 65, 68, 69, 72, 73, 74, 75, 78, 79, 80, 81, 82, 83, 84, 85, 86, 87, 89, 91, 92, 93, 95, 96, 97, 98, 99, 100, 101, 102, 103, 104, 106, 107, 108, 110, 111, 112, 115, 116, 117, 118, 119, 120, 121, 122, 123, 124, 125, 126, 127, 129, 130, 132, 133, 134, 135, 136, 137, 138, 139, 140, 141, 142, 143, 144, 145, 146, 147, 148, 149, 150, 151, 153, 154, 155, 156, 157, 158, 159, 160, 161, 162, 164, 165, 167, 168, 170, 171, 173, 174, 175, 176, 177, 178, 179, 180, 181, 182, 183, 184, 185, 187, 188, 189, 190, 191, 192, 194, 195, 196, 199, 200, 201, 203, 204, 205, 208, 209, 210, 211, 213, 214, 215, 217, 218, 220, 221, 222, 225, 226, 228, 230, 231, 232, 233, 234, 236, 237, 238, 239, 240, 242, 243, 244, 247, 248, 249, 250, 251, 253, 257, 258, 259, 260, 261, 263, 264, 265, 266, 267, 268, 269, 270, 271, 272, 273, 275, 276, 277, 278, 279, 280, 281, 282, 283, 286, 289, 290, 291, 293, 294, 295]
Linhas de Teste [0, 4, 8, 14, 18, 19, 25, 38, 61, 62, 66, 67, 70, 71, 76, 77, 88, 90, 94, 105, 109, 113, 114, 128, 131, 152, 163, 166, 169, 172, 186, 193, 197, 198, 202, 206, 207, 212, 216, 219, 223, 224, 227, 229, 235, 241, 245, 246, 252, 254, 255, 256, 262, 274, 284, 285, 287, 288, 292, 296]
R2 de Treino = 97.46
R2 de Teste = 95.77

61 / 150  40.67 %
Tempo restante 0:00:10.208389

#################  Rodada 63 / 150  42.0 %
Parâmetros ('EV_CA', 'PRE_CA', 'TST_CA', 'saz_sin', 'saz_cos')
Linhas de Treino [0, 1, 3, 4, 5, 7, 8, 9, 11, 12, 13, 14, 15, 17, 18, 19, 20, 21, 22, 25, 26, 28, 29, 30, 31, 32, 33, 34, 37, 38, 39, 42, 44, 45, 48, 49, 50, 51, 52, 53, 54, 55, 57, 58, 59, 60, 61, 62, 63, 64, 65, 66, 67, 68, 70, 71, 73, 74, 75, 76, 77, 78, 79, 80, 81, 82, 84, 85, 86, 87, 88, 89, 90, 91, 92, 94, 95, 96, 97, 99, 100, 101, 103, 104, 105, 106, 109, 110, 111, 112, 113, 114, 115, 116, 117, 118, 119, 120, 121, 122, 125, 126, 127, 128, 130, 131, 132, 133, 135, 136, 137, 138, 140, 141, 142, 143, 144, 146, 147, 148, 150, 151, 152, 153, 154, 155, 156, 157, 158, 159, 160, 161, 163, 164, 165, 166, 167, 168, 169, 170, 171, 172, 173, 174, 175, 176, 177, 178, 179, 182, 183, 184, 185, 186, 187, 188, 189, 190, 193, 194, 195, 196, 197, 198, 200, 201, 202, 203, 204, 205, 206, 207, 208, 209, 210, 212, 213, 214, 215, 216, 217, 218, 219, 220, 221, 222, 223, 224, 227, 228, 229, 230, 232, 233, 235, 239, 240, 241, 242, 243, 245, 246, 247, 249, 251, 252, 253, 254, 255, 256, 258, 259, 262, 266, 267, 268, 270, 271, 273, 274, 275, 276, 278, 280, 281, 282, 283, 284, 285, 286, 287, 288, 290, 291, 292, 294, 295, 296]
Linhas de Teste [2, 6, 10, 16, 23, 24, 27, 35, 36, 40, 41, 43, 46, 47, 56, 69, 72, 83, 93, 98, 102, 107, 108, 123, 124, 129, 134, 139, 145, 149, 162, 180, 181, 191, 192, 199, 211, 225, 226, 231, 234, 236, 237, 238, 244, 248, 250, 257, 260, 261, 263, 264, 265, 269, 272, 277, 279, 289, 293]
R2 de Treino = 95.05
R2 de Teste = 93.83

63 / 150  42.0 %
Tempo restante 0:00:09.745566

#################  Rodada 62 / 150  41.33 %
Parâmetros ('EV_MA', 'TST_MA', 'WAI_MA', 'saz_sin', 'saz_cos')
Linhas de Treino [0, 2, 3, 4, 6, 7, 8, 9, 10, 11, 12, 13, 14, 15, 16, 17, 18, 19, 20, 21, 22, 23, 24, 25, 26, 27, 29, 30, 31, 33, 35, 36, 37, 38, 40, 41, 43, 46, 47, 48, 49, 50, 51, 52, 53, 54, 55, 56, 58, 59, 60, 61, 62, 63, 64, 65, 66, 67, 68, 69, 70, 71, 72, 73, 74, 76, 77, 78, 81, 82, 83, 86, 87, 88, 90, 92, 93, 94, 95, 97, 98, 99, 100, 102, 104, 105, 106, 107, 108, 109, 110, 111, 113, 114, 117, 118, 119, 120, 122, 123, 124, 126, 128, 129, 131, 133, 134, 136, 137, 138, 139, 140, 142, 143, 144, 145, 146, 147, 148, 149, 152, 153, 154, 155, 156, 157, 158, 159, 160, 161, 162, 163, 164, 166, 168, 169, 171, 172, 174, 176, 177, 178, 180, 181, 182, 183, 184, 185, 186, 187, 189, 190, 191, 192, 193, 195, 197, 198, 199, 202, 203, 204, 205, 206, 207, 208, 209, 211, 212, 213, 214, 215, 216, 217, 218, 219, 220, 222, 223, 224, 225, 226, 227, 229, 230, 231, 232, 233, 234, 235, 236, 237, 238, 241, 242, 244, 245, 246, 248, 249, 250, 252, 254, 255, 256, 257, 260, 261, 262, 263, 264, 265, 267, 268, 269, 270, 271, 272, 273, 274, 276, 277, 279, 282, 283, 284, 285, 286, 287, 288, 289, 290, 291, 292, 293, 295, 296]
Linhas de Teste [1, 5, 28, 32, 34, 39, 42, 44, 45, 57, 75, 79, 80, 84, 85, 89, 91, 96, 101, 103, 112, 115, 116, 121, 125, 127, 130, 132, 135, 141, 150, 151, 165, 167, 170, 173, 175, 179, 188, 194, 196, 200, 201, 210, 221, 228, 239, 240, 243, 247, 251, 253, 258, 259, 266, 275, 278, 280, 281, 294]
R2 de Treino = 80.42
R2 de Teste = 67.35

62 / 150  41.33 %
Tempo restante 0:00:09.815256

#################  Rodada 62 / 150  41.33 %
Parâmetros ('EV_CE', 'PRE_CE', 'WAI_CE', 'saz_sin', 'saz_cos')
Linhas de Treino [0, 2, 3, 4, 6, 7, 8, 9, 10, 11, 12, 13, 14, 15, 16, 17, 18, 19, 20, 21, 22, 23, 24, 25, 26, 27, 29, 30, 31, 33, 35, 36, 37, 38, 40, 41, 43, 46, 47, 48, 49, 50, 51, 52, 53, 54, 55, 56, 58, 59, 60, 61, 62, 63, 64, 65, 66, 67, 68, 69, 70, 71, 72, 73, 74, 76, 77, 78, 81, 82, 83, 86, 87, 88, 90, 92, 93, 94, 95, 97, 98, 99, 100, 102, 104, 105, 106, 107, 108, 109, 110, 111, 113, 114, 117, 118, 119, 120, 122, 123, 124, 126, 128, 129, 131, 133, 134, 136, 137, 138, 139, 140, 142, 143, 144, 145, 146, 147, 148, 149, 152, 153, 154, 155, 156, 157, 158, 159, 160, 161, 162, 163, 164, 166, 168, 169, 171, 172, 174, 176, 177, 178, 180, 181, 182, 183, 184, 185, 186, 187, 189, 190, 191, 192, 193, 195, 197, 198, 199, 202, 203, 204, 205, 206, 207, 208, 209, 211, 212, 213, 214, 215, 216, 217, 218, 219, 220, 222, 223, 224, 225, 226, 227, 229, 230, 231, 232, 233, 234, 235, 236, 237, 238, 241, 242, 244, 245, 246, 248, 249, 250, 252, 254, 255, 256, 257, 260, 261, 262, 263, 264, 265, 267, 268, 269, 270, 271, 272, 273, 274, 276, 277, 279, 282, 283, 284, 285, 286, 287, 288, 289, 290, 291, 292, 293, 295, 296]
Linhas de Teste [1, 5, 28, 32, 34, 39, 42, 44, 45, 57, 75, 79, 80, 84, 85, 89, 91, 96, 101, 103, 112, 115, 116, 121, 125, 127, 130, 132, 135, 141, 150, 151, 165, 167, 170, 173, 175, 179, 188, 194, 196, 200, 201, 210, 221, 228, 239, 240, 243, 247, 251, 253, 258, 259, 266, 275, 278, 280, 281, 294]
R2 de Treino = 97.38
R2 de Teste = 96.04

62 / 150  41.33 %
Tempo restante 0:00:09.970400

#################  Rodada 64 / 150  42.67 %
Parâmetros ('EV_CA', 'PRE_CA', 'TST_CA', 'saz_sin', 'saz_cos')
Linhas de Treino [0, 1, 2, 3, 4, 5, 6, 7, 8, 9, 10, 11, 12, 13, 14, 15, 16, 18, 19, 20, 21, 22, 23, 24, 25, 26, 27, 28, 29, 30, 31, 32, 33, 34, 35, 36, 38, 39, 40, 41, 42, 43, 44, 45, 46, 47, 51, 52, 53, 54, 56, 57, 58, 60, 61, 62, 65, 66, 67, 69, 70, 71, 72, 73, 74, 75, 76, 77, 79, 80, 81, 82, 83, 84, 85, 88, 89, 90, 91, 93, 94, 96, 97, 98, 101, 102, 103, 104, 105, 107, 108, 109, 110, 112, 113, 114, 115, 116, 117, 118, 119, 121, 122, 123, 124, 125, 126, 127, 128, 129, 130, 131, 132, 134, 135, 139, 141, 143, 144, 145, 147, 149, 150, 151, 152, 157, 158, 159, 161, 162, 163, 165, 166, 167, 169, 170, 172, 173, 175, 177, 179, 180, 181, 182, 183, 186, 187, 188, 190, 191, 192, 193, 194, 196, 197, 198, 199, 200, 201, 202, 204, 205, 206, 207, 209, 210, 211, 212, 213, 214, 216, 219, 220, 221, 223, 224, 225, 226, 227, 228, 229, 230, 231, 232, 233, 234, 235, 236, 237, 238, 239, 240, 241, 243, 244, 245, 246, 247, 248, 250, 251, 252, 253, 254, 255, 256, 257, 258, 259, 260, 261, 262, 263, 264, 265, 266, 268, 269, 271, 272, 274, 275, 276, 277, 278, 279, 280, 281, 283, 284, 285, 287, 288, 289, 292, 293, 294, 296]
Linhas de Teste [17, 37, 48, 49, 50, 55, 59, 63, 64, 68, 78, 86, 87, 92, 95, 99, 100, 106, 111, 120, 133, 136, 137, 138, 140, 142, 146, 148, 153, 154, 155, 156, 160, 164, 168, 171, 174, 176, 178, 184, 185, 189, 195, 203, 208, 215, 217, 218, 222, 242, 249, 267, 270, 273, 282, 286, 290, 291, 295]
R2 de Treino = 95.14
R2 de Teste = 94.5

64 / 150  42.67 %
Tempo restante 0:00:09.654360

#################  Rodada 63 / 150  42.0 %
Parâmetros ('EV_MA', 'TST_MA', 'WAI_MA', 'saz_sin', 'saz_cos')
Linhas de Treino [0, 1, 3, 4, 5, 7, 8, 9, 11, 12, 13, 14, 15, 17, 18, 19, 20, 21, 22, 25, 26, 28, 29, 30, 31, 32, 33, 34, 37, 38, 39, 42, 44, 45, 48, 49, 50, 51, 52, 53, 54, 55, 57, 58, 59, 60, 61, 62, 63, 64, 65, 66, 67, 68, 70, 71, 73, 74, 75, 76, 77, 78, 79, 80, 81, 82, 84, 85, 86, 87, 88, 89, 90, 91, 92, 94, 95, 96, 97, 99, 100, 101, 103, 104, 105, 106, 109, 110, 111, 112, 113, 114, 115, 116, 117, 118, 119, 120, 121, 122, 125, 126, 127, 128, 130, 131, 132, 133, 135, 136, 137, 138, 140, 141, 142, 143, 144, 146, 147, 148, 150, 151, 152, 153, 154, 155, 156, 157, 158, 159, 160, 161, 163, 164, 165, 166, 167, 168, 169, 170, 171, 172, 173, 174, 175, 176, 177, 178, 179, 182, 183, 184, 185, 186, 187, 188, 189, 190, 193, 194, 195, 196, 197, 198, 200, 201, 202, 203, 204, 205, 206, 207, 208, 209, 210, 212, 213, 214, 215, 216, 217, 218, 219, 220, 221, 222, 223, 224, 227, 228, 229, 230, 232, 233, 235, 239, 240, 241, 242, 243, 245, 246, 247, 249, 251, 252, 253, 254, 255, 256, 258, 259, 262, 266, 267, 268, 270, 271, 273, 274, 275, 276, 278, 280, 281, 282, 283, 284, 285, 286, 287, 288, 290, 291, 292, 294, 295, 296]
Linhas de Teste [2, 6, 10, 16, 23, 24, 27, 35, 36, 40, 41, 43, 46, 47, 56, 69, 72, 83, 93, 98, 102, 107, 108, 123, 124, 129, 134, 139, 145, 149, 162, 180, 181, 191, 192, 199, 211, 225, 226, 231, 234, 236, 237, 238, 244, 248, 250, 257, 260, 261, 263, 264, 265, 269, 272, 277, 279, 289, 293]
R2 de Treino = 78.25
R2 de Teste = 80.53

63 / 150  42.0 %
Tempo restante 0:00:10.362744

#################  Rodada 63 / 150  42.0 %
Parâmetros ('EV_CE', 'PRE_CE', 'WAI_CE', 'saz_sin', 'saz_cos')
Linhas de Treino [0, 1, 3, 4, 5, 7, 8, 9, 11, 12, 13, 14, 15, 17, 18, 19, 20, 21, 22, 25, 26, 28, 29, 30, 31, 32, 33, 34, 37, 38, 39, 42, 44, 45, 48, 49, 50, 51, 52, 53, 54, 55, 57, 58, 59, 60, 61, 62, 63, 64, 65, 66, 67, 68, 70, 71, 73, 74, 75, 76, 77, 78, 79, 80, 81, 82, 84, 85, 86, 87, 88, 89, 90, 91, 92, 94, 95, 96, 97, 99, 100, 101, 103, 104, 105, 106, 109, 110, 111, 112, 113, 114, 115, 116, 117, 118, 119, 120, 121, 122, 125, 126, 127, 128, 130, 131, 132, 133, 135, 136, 137, 138, 140, 141, 142, 143, 144, 146, 147, 148, 150, 151, 152, 153, 154, 155, 156, 157, 158, 159, 160, 161, 163, 164, 165, 166, 167, 168, 169, 170, 171, 172, 173, 174, 175, 176, 177, 178, 179, 182, 183, 184, 185, 186, 187, 188, 189, 190, 193, 194, 195, 196, 197, 198, 200, 201, 202, 203, 204, 205, 206, 207, 208, 209, 210, 212, 213, 214, 215, 216, 217, 218, 219, 220, 221, 222, 223, 224, 227, 228, 229, 230, 232, 233, 235, 239, 240, 241, 242, 243, 245, 246, 247, 249, 251, 252, 253, 254, 255, 256, 258, 259, 262, 266, 267, 268, 270, 271, 273, 274, 275, 276, 278, 280, 281, 282, 283, 284, 285, 286, 287, 288, 290, 291, 292, 294, 295, 296]
Linhas de Teste [2, 6, 10, 16, 23, 24, 27, 35, 36, 40, 41, 43, 46, 47, 56, 69, 72, 83, 93, 98, 102, 107, 108, 123, 124, 129, 134, 139, 145, 149, 162, 180, 181, 191, 192, 199, 211, 225, 226, 231, 234, 236, 237, 238, 244, 248, 250, 257, 260, 261, 263, 264, 265, 269, 272, 277, 279, 289, 293]
R2 de Treino = 97.2
R2 de Teste = 97.01

63 / 150  42.0 %
Tempo restante 0:00:10.360482

#################  Rodada 65 / 150  43.33 %
Parâmetros ('EV_CA', 'PRE_CA', 'TST_CA', 'saz_sin', 'saz_cos')
Linhas de Treino [0, 1, 2, 4, 5, 6, 8, 10, 14, 16, 17, 18, 19, 23, 24, 25, 27, 28, 32, 34, 35, 36, 37, 38, 39, 40, 41, 42, 43, 44, 45, 46, 47, 48, 49, 50, 55, 56, 57, 59, 61, 62, 63, 64, 66, 67, 68, 69, 70, 71, 72, 75, 76, 77, 78, 79, 80, 83, 84, 85, 86, 87, 88, 89, 90, 91, 92, 93, 94, 95, 96, 98, 99, 100, 101, 102, 103, 105, 106, 107, 108, 109, 111, 112, 113, 114, 115, 116, 120, 121, 123, 124, 125, 127, 128, 129, 130, 131, 132, 133, 134, 135, 136, 137, 138, 139, 140, 141, 142, 145, 146, 148, 149, 150, 151, 152, 153, 154, 155, 156, 160, 162, 163, 164, 165, 166, 167, 168, 169, 170, 171, 172, 173, 174, 175, 176, 178, 179, 180, 181, 184, 185, 186, 188, 189, 191, 192, 193, 194, 195, 196, 197, 198, 199, 200, 201, 202, 203, 206, 207, 208, 210, 211, 212, 215, 216, 217, 218, 219, 221, 222, 223, 224, 225, 226, 227, 228, 229, 231, 234, 235, 236, 237, 238, 239, 240, 241, 242, 243, 244, 245, 246, 247, 248, 249, 250, 251, 252, 253, 254, 255, 256, 257, 258, 259, 260, 261, 262, 263, 264, 265, 266, 267, 269, 270, 272, 273, 274, 275, 277, 278, 279, 280, 281, 282, 284, 285, 286, 287, 288, 289, 290, 291, 292, 293, 294, 295, 296]
Linhas de Teste [3, 7, 9, 11, 12, 13, 15, 20, 21, 22, 26, 29, 30, 31, 33, 51, 52, 53, 54, 58, 60, 65, 73, 74, 81, 82, 97, 104, 110, 117, 118, 119, 122, 126, 143, 144, 147, 157, 158, 159, 161, 177, 182, 183, 187, 190, 204, 205, 209, 213, 214, 220, 230, 232, 233, 268, 271, 276, 283]
R2 de Treino = 94.91
R2 de Teste = 95.57

65 / 150  43.33 %
Tempo restante 0:00:09.837050

#################  Rodada 64 / 150  42.67 %
Parâmetros ('EV_MA', 'TST_MA', 'WAI_MA', 'saz_sin', 'saz_cos')
Linhas de Treino [0, 1, 2, 3, 4, 5, 6, 7, 8, 9, 10, 11, 12, 13, 14, 15, 16, 18, 19, 20, 21, 22, 23, 24, 25, 26, 27, 28, 29, 30, 31, 32, 33, 34, 35, 36, 38, 39, 40, 41, 42, 43, 44, 45, 46, 47, 51, 52, 53, 54, 56, 57, 58, 60, 61, 62, 65, 66, 67, 69, 70, 71, 72, 73, 74, 75, 76, 77, 79, 80, 81, 82, 83, 84, 85, 88, 89, 90, 91, 93, 94, 96, 97, 98, 101, 102, 103, 104, 105, 107, 108, 109, 110, 112, 113, 114, 115, 116, 117, 118, 119, 121, 122, 123, 124, 125, 126, 127, 128, 129, 130, 131, 132, 134, 135, 139, 141, 143, 144, 145, 147, 149, 150, 151, 152, 157, 158, 159, 161, 162, 163, 165, 166, 167, 169, 170, 172, 173, 175, 177, 179, 180, 181, 182, 183, 186, 187, 188, 190, 191, 192, 193, 194, 196, 197, 198, 199, 200, 201, 202, 204, 205, 206, 207, 209, 210, 211, 212, 213, 214, 216, 219, 220, 221, 223, 224, 225, 226, 227, 228, 229, 230, 231, 232, 233, 234, 235, 236, 237, 238, 239, 240, 241, 243, 244, 245, 246, 247, 248, 250, 251, 252, 253, 254, 255, 256, 257, 258, 259, 260, 261, 262, 263, 264, 265, 266, 268, 269, 271, 272, 274, 275, 276, 277, 278, 279, 280, 281, 283, 284, 285, 287, 288, 289, 292, 293, 294, 296]
Linhas de Teste [17, 37, 48, 49, 50, 55, 59, 63, 64, 68, 78, 86, 87, 92, 95, 99, 100, 106, 111, 120, 133, 136, 137, 138, 140, 142, 146, 148, 153, 154, 155, 156, 160, 164, 168, 171, 174, 176, 178, 184, 185, 189, 195, 203, 208, 215, 217, 218, 222, 242, 249, 267, 270, 273, 282, 286, 290, 291, 295]
R2 de Treino = 77.46
R2 de Teste = 74.39

64 / 150  42.67 %
Tempo restante 0:00:10.214306

#################  Rodada 64 / 150  42.67 %
Parâmetros ('EV_CE', 'PRE_CE', 'WAI_CE', 'saz_sin', 'saz_cos')
Linhas de Treino [0, 1, 2, 3, 4, 5, 6, 7, 8, 9, 10, 11, 12, 13, 14, 15, 16, 18, 19, 20, 21, 22, 23, 24, 25, 26, 27, 28, 29, 30, 31, 32, 33, 34, 35, 36, 38, 39, 40, 41, 42, 43, 44, 45, 46, 47, 51, 52, 53, 54, 56, 57, 58, 60, 61, 62, 65, 66, 67, 69, 70, 71, 72, 73, 74, 75, 76, 77, 79, 80, 81, 82, 83, 84, 85, 88, 89, 90, 91, 93, 94, 96, 97, 98, 101, 102, 103, 104, 105, 107, 108, 109, 110, 112, 113, 114, 115, 116, 117, 118, 119, 121, 122, 123, 124, 125, 126, 127, 128, 129, 130, 131, 132, 134, 135, 139, 141, 143, 144, 145, 147, 149, 150, 151, 152, 157, 158, 159, 161, 162, 163, 165, 166, 167, 169, 170, 172, 173, 175, 177, 179, 180, 181, 182, 183, 186, 187, 188, 190, 191, 192, 193, 194, 196, 197, 198, 199, 200, 201, 202, 204, 205, 206, 207, 209, 210, 211, 212, 213, 214, 216, 219, 220, 221, 223, 224, 225, 226, 227, 228, 229, 230, 231, 232, 233, 234, 235, 236, 237, 238, 239, 240, 241, 243, 244, 245, 246, 247, 248, 250, 251, 252, 253, 254, 255, 256, 257, 258, 259, 260, 261, 262, 263, 264, 265, 266, 268, 269, 271, 272, 274, 275, 276, 277, 278, 279, 280, 281, 283, 284, 285, 287, 288, 289, 292, 293, 294, 296]
Linhas de Teste [17, 37, 48, 49, 50, 55, 59, 63, 64, 68, 78, 86, 87, 92, 95, 99, 100, 106, 111, 120, 133, 136, 137, 138, 140, 142, 146, 148, 153, 154, 155, 156, 160, 164, 168, 171, 174, 176, 178, 184, 185, 189, 195, 203, 208, 215, 217, 218, 222, 242, 249, 267, 270, 273, 282, 286, 290, 291, 295]
R2 de Treino = 97.11
R2 de Teste = 97.53

64 / 150  42.67 %
Tempo restante 0:00:10.131660

#################  Rodada 66 / 150  44.0 %
Parâmetros ('EV_CA', 'PRE_CA', 'TST_CA', 'saz_sin', 'saz_cos')
Linhas de Treino [0, 2, 3, 5, 6, 7, 8, 9, 10, 12, 14, 15, 16, 17, 18, 20, 21, 22, 23, 24, 25, 26, 28, 29, 33, 35, 36, 37, 38, 39, 40, 42, 43, 45, 46, 47, 48, 49, 50, 52, 53, 54, 55, 56, 57, 58, 59, 60, 61, 62, 63, 64, 65, 66, 67, 68, 69, 70, 73, 75, 77, 79, 80, 81, 83, 84, 85, 86, 87, 88, 89, 90, 92, 93, 94, 95, 97, 98, 99, 100, 102, 103, 104, 105, 106, 107, 108, 110, 111, 112, 113, 114, 115, 116, 117, 119, 120, 121, 123, 124, 126, 128, 129, 131, 132, 133, 134, 136, 137, 138, 139, 140, 141, 142, 144, 145, 147, 148, 149, 150, 152, 153, 154, 155, 156, 157, 158, 159, 160, 161, 162, 163, 164, 166, 167, 168, 169, 170, 171, 172, 174, 175, 179, 180, 181, 183, 184, 185, 186, 187, 188, 189, 190, 191, 192, 193, 194, 195, 196, 198, 199, 200, 201, 202, 203, 204, 205, 207, 208, 209, 210, 212, 214, 216, 217, 218, 219, 220, 221, 222, 223, 224, 225, 227, 228, 230, 231, 233, 234, 236, 237, 238, 239, 240, 241, 242, 243, 244, 245, 250, 251, 253, 255, 256, 257, 259, 260, 261, 262, 263, 265, 266, 267, 268, 269, 271, 272, 273, 274, 275, 276, 277, 278, 280, 281, 283, 285, 286, 287, 288, 289, 290, 291, 292, 293, 295, 296]
Linhas de Teste [1, 4, 11, 13, 19, 27, 30, 31, 32, 34, 41, 44, 51, 71, 72, 74, 76, 78, 82, 91, 96, 101, 109, 118, 122, 125, 127, 130, 135, 143, 146, 151, 165, 173, 176, 177, 178, 182, 197, 206, 211, 213, 215, 226, 229, 232, 235, 246, 247, 248, 249, 252, 254, 258, 264, 270, 279, 282, 284, 294]
R2 de Treino = 94.86
R2 de Teste = 95.12

66 / 150  44.0 %
Tempo restante 0:00:09.620940

#################  Rodada 65 / 150  43.33 %
Parâmetros ('EV_MA', 'TST_MA', 'WAI_MA', 'saz_sin', 'saz_cos')
Linhas de Treino [0, 1, 2, 4, 5, 6, 8, 10, 14, 16, 17, 18, 19, 23, 24, 25, 27, 28, 32, 34, 35, 36, 37, 38, 39, 40, 41, 42, 43, 44, 45, 46, 47, 48, 49, 50, 55, 56, 57, 59, 61, 62, 63, 64, 66, 67, 68, 69, 70, 71, 72, 75, 76, 77, 78, 79, 80, 83, 84, 85, 86, 87, 88, 89, 90, 91, 92, 93, 94, 95, 96, 98, 99, 100, 101, 102, 103, 105, 106, 107, 108, 109, 111, 112, 113, 114, 115, 116, 120, 121, 123, 124, 125, 127, 128, 129, 130, 131, 132, 133, 134, 135, 136, 137, 138, 139, 140, 141, 142, 145, 146, 148, 149, 150, 151, 152, 153, 154, 155, 156, 160, 162, 163, 164, 165, 166, 167, 168, 169, 170, 171, 172, 173, 174, 175, 176, 178, 179, 180, 181, 184, 185, 186, 188, 189, 191, 192, 193, 194, 195, 196, 197, 198, 199, 200, 201, 202, 203, 206, 207, 208, 210, 211, 212, 215, 216, 217, 218, 219, 221, 222, 223, 224, 225, 226, 227, 228, 229, 231, 234, 235, 236, 237, 238, 239, 240, 241, 242, 243, 244, 245, 246, 247, 248, 249, 250, 251, 252, 253, 254, 255, 256, 257, 258, 259, 260, 261, 262, 263, 264, 265, 266, 267, 269, 270, 272, 273, 274, 275, 277, 278, 279, 280, 281, 282, 284, 285, 286, 287, 288, 289, 290, 291, 292, 293, 294, 295, 296]
Linhas de Teste [3, 7, 9, 11, 12, 13, 15, 20, 21, 22, 26, 29, 30, 31, 33, 51, 52, 53, 54, 58, 60, 65, 73, 74, 81, 82, 97, 104, 110, 117, 118, 119, 122, 126, 143, 144, 147, 157, 158, 159, 161, 177, 182, 183, 187, 190, 204, 205, 209, 213, 214, 220, 230, 232, 233, 268, 271, 276, 283]
R2 de Treino = 79.75
R2 de Teste = 71.46

65 / 150  43.33 %
Tempo restante 0:00:10.114745

#################  Rodada 65 / 150  43.33 %
Parâmetros ('EV_CE', 'PRE_CE', 'WAI_CE', 'saz_sin', 'saz_cos')
Linhas de Treino [0, 1, 2, 4, 5, 6, 8, 10, 14, 16, 17, 18, 19, 23, 24, 25, 27, 28, 32, 34, 35, 36, 37, 38, 39, 40, 41, 42, 43, 44, 45, 46, 47, 48, 49, 50, 55, 56, 57, 59, 61, 62, 63, 64, 66, 67, 68, 69, 70, 71, 72, 75, 76, 77, 78, 79, 80, 83, 84, 85, 86, 87, 88, 89, 90, 91, 92, 93, 94, 95, 96, 98, 99, 100, 101, 102, 103, 105, 106, 107, 108, 109, 111, 112, 113, 114, 115, 116, 120, 121, 123, 124, 125, 127, 128, 129, 130, 131, 132, 133, 134, 135, 136, 137, 138, 139, 140, 141, 142, 145, 146, 148, 149, 150, 151, 152, 153, 154, 155, 156, 160, 162, 163, 164, 165, 166, 167, 168, 169, 170, 171, 172, 173, 174, 175, 176, 178, 179, 180, 181, 184, 185, 186, 188, 189, 191, 192, 193, 194, 195, 196, 197, 198, 199, 200, 201, 202, 203, 206, 207, 208, 210, 211, 212, 215, 216, 217, 218, 219, 221, 222, 223, 224, 225, 226, 227, 228, 229, 231, 234, 235, 236, 237, 238, 239, 240, 241, 242, 243, 244, 245, 246, 247, 248, 249, 250, 251, 252, 253, 254, 255, 256, 257, 258, 259, 260, 261, 262, 263, 264, 265, 266, 267, 269, 270, 272, 273, 274, 275, 277, 278, 279, 280, 281, 282, 284, 285, 286, 287, 288, 289, 290, 291, 292, 293, 294, 295, 296]
Linhas de Teste [3, 7, 9, 11, 12, 13, 15, 20, 21, 22, 26, 29, 30, 31, 33, 51, 52, 53, 54, 58, 60, 65, 73, 74, 81, 82, 97, 104, 110, 117, 118, 119, 122, 126, 143, 144, 147, 157, 158, 159, 161, 177, 182, 183, 187, 190, 204, 205, 209, 213, 214, 220, 230, 232, 233, 268, 271, 276, 283]
R2 de Treino = 97.22
R2 de Teste = 97.37

65 / 150  43.33 %
Tempo restante 0:00:09.936585

#################  Rodada 67 / 150  44.67 %
Parâmetros ('EV_CA', 'PRE_CA', 'TST_CA', 'saz_sin', 'saz_cos')
Linhas de Treino [0, 1, 2, 4, 5, 7, 8, 9, 10, 11, 13, 14, 16, 17, 18, 19, 21, 22, 23, 25, 26, 27, 28, 30, 31, 32, 33, 34, 35, 36, 38, 39, 40, 41, 42, 43, 44, 45, 46, 47, 49, 51, 53, 54, 55, 57, 58, 60, 61, 64, 65, 66, 67, 69, 70, 71, 72, 73, 74, 75, 76, 77, 78, 79, 80, 81, 82, 83, 85, 86, 87, 88, 89, 90, 91, 92, 93, 95, 96, 97, 98, 100, 101, 102, 103, 104, 105, 106, 107, 108, 109, 110, 111, 112, 113, 114, 115, 116, 118, 120, 121, 122, 124, 125, 127, 128, 130, 131, 132, 133, 135, 136, 138, 140, 143, 144, 145, 146, 147, 148, 149, 151, 153, 154, 155, 157, 158, 159, 160, 161, 162, 164, 165, 166, 167, 168, 169, 170, 171, 172, 173, 175, 176, 177, 178, 180, 181, 182, 183, 186, 187, 188, 189, 190, 193, 194, 196, 197, 198, 199, 201, 203, 205, 206, 207, 208, 209, 210, 211, 212, 213, 214, 215, 217, 219, 220, 221, 222, 223, 225, 226, 227, 228, 229, 230, 232, 234, 235, 236, 237, 239, 241, 242, 243, 244, 246, 247, 248, 249, 250, 251, 252, 253, 254, 255, 256, 257, 258, 259, 260, 261, 262, 263, 264, 265, 266, 269, 270, 273, 274, 275, 276, 277, 278, 279, 281, 282, 284, 285, 286, 288, 289, 290, 292, 293, 294, 295]
Linhas de Teste [3, 6, 12, 15, 20, 24, 29, 37, 48, 50, 52, 56, 59, 62, 63, 68, 84, 94, 99, 117, 119, 123, 126, 129, 134, 137, 139, 141, 142, 150, 152, 156, 163, 174, 179, 184, 185, 191, 192, 195, 200, 202, 204, 216, 218, 224, 231, 233, 238, 240, 245, 267, 268, 271, 272, 280, 283, 287, 291, 296]
R2 de Treino = 95.31
R2 de Teste = 93.88

67 / 150  44.67 %
Tempo restante 0:00:09.590235

#################  Rodada 66 / 150  44.0 %
Parâmetros ('EV_MA', 'TST_MA', 'WAI_MA', 'saz_sin', 'saz_cos')
Linhas de Treino [0, 2, 3, 5, 6, 7, 8, 9, 10, 12, 14, 15, 16, 17, 18, 20, 21, 22, 23, 24, 25, 26, 28, 29, 33, 35, 36, 37, 38, 39, 40, 42, 43, 45, 46, 47, 48, 49, 50, 52, 53, 54, 55, 56, 57, 58, 59, 60, 61, 62, 63, 64, 65, 66, 67, 68, 69, 70, 73, 75, 77, 79, 80, 81, 83, 84, 85, 86, 87, 88, 89, 90, 92, 93, 94, 95, 97, 98, 99, 100, 102, 103, 104, 105, 106, 107, 108, 110, 111, 112, 113, 114, 115, 116, 117, 119, 120, 121, 123, 124, 126, 128, 129, 131, 132, 133, 134, 136, 137, 138, 139, 140, 141, 142, 144, 145, 147, 148, 149, 150, 152, 153, 154, 155, 156, 157, 158, 159, 160, 161, 162, 163, 164, 166, 167, 168, 169, 170, 171, 172, 174, 175, 179, 180, 181, 183, 184, 185, 186, 187, 188, 189, 190, 191, 192, 193, 194, 195, 196, 198, 199, 200, 201, 202, 203, 204, 205, 207, 208, 209, 210, 212, 214, 216, 217, 218, 219, 220, 221, 222, 223, 224, 225, 227, 228, 230, 231, 233, 234, 236, 237, 238, 239, 240, 241, 242, 243, 244, 245, 250, 251, 253, 255, 256, 257, 259, 260, 261, 262, 263, 265, 266, 267, 268, 269, 271, 272, 273, 274, 275, 276, 277, 278, 280, 281, 283, 285, 286, 287, 288, 289, 290, 291, 292, 293, 295, 296]
Linhas de Teste [1, 4, 11, 13, 19, 27, 30, 31, 32, 34, 41, 44, 51, 71, 72, 74, 76, 78, 82, 91, 96, 101, 109, 118, 122, 125, 127, 130, 135, 143, 146, 151, 165, 173, 176, 177, 178, 182, 197, 206, 211, 213, 215, 226, 229, 232, 235, 246, 247, 248, 249, 252, 254, 258, 264, 270, 279, 282, 284, 294]
R2 de Treino = 79.39
R2 de Teste = 70.67

66 / 150  44.0 %
Tempo restante 0:00:10.013724

#################  Rodada 66 / 150  44.0 %
Parâmetros ('EV_CE', 'PRE_CE', 'WAI_CE', 'saz_sin', 'saz_cos')
Linhas de Treino [0, 2, 3, 5, 6, 7, 8, 9, 10, 12, 14, 15, 16, 17, 18, 20, 21, 22, 23, 24, 25, 26, 28, 29, 33, 35, 36, 37, 38, 39, 40, 42, 43, 45, 46, 47, 48, 49, 50, 52, 53, 54, 55, 56, 57, 58, 59, 60, 61, 62, 63, 64, 65, 66, 67, 68, 69, 70, 73, 75, 77, 79, 80, 81, 83, 84, 85, 86, 87, 88, 89, 90, 92, 93, 94, 95, 97, 98, 99, 100, 102, 103, 104, 105, 106, 107, 108, 110, 111, 112, 113, 114, 115, 116, 117, 119, 120, 121, 123, 124, 126, 128, 129, 131, 132, 133, 134, 136, 137, 138, 139, 140, 141, 142, 144, 145, 147, 148, 149, 150, 152, 153, 154, 155, 156, 157, 158, 159, 160, 161, 162, 163, 164, 166, 167, 168, 169, 170, 171, 172, 174, 175, 179, 180, 181, 183, 184, 185, 186, 187, 188, 189, 190, 191, 192, 193, 194, 195, 196, 198, 199, 200, 201, 202, 203, 204, 205, 207, 208, 209, 210, 212, 214, 216, 217, 218, 219, 220, 221, 222, 223, 224, 225, 227, 228, 230, 231, 233, 234, 236, 237, 238, 239, 240, 241, 242, 243, 244, 245, 250, 251, 253, 255, 256, 257, 259, 260, 261, 262, 263, 265, 266, 267, 268, 269, 271, 272, 273, 274, 275, 276, 277, 278, 280, 281, 283, 285, 286, 287, 288, 289, 290, 291, 292, 293, 295, 296]
Linhas de Teste [1, 4, 11, 13, 19, 27, 30, 31, 32, 34, 41, 44, 51, 71, 72, 74, 76, 78, 82, 91, 96, 101, 109, 118, 122, 125, 127, 130, 135, 143, 146, 151, 165, 173, 176, 177, 178, 182, 197, 206, 211, 213, 215, 226, 229, 232, 235, 246, 247, 248, 249, 252, 254, 258, 264, 270, 279, 282, 284, 294]
R2 de Treino = 97.27
R2 de Teste = 96.46

66 / 150  44.0 %
Tempo restante 0:00:09.756180

#################  Rodada 68 / 150  45.33 %
Parâmetros ('EV_CA', 'PRE_CA', 'TST_CA', 'saz_sin', 'saz_cos')
Linhas de Treino [1, 2, 3, 4, 5, 6, 7, 8, 9, 10, 11, 12, 13, 14, 15, 16, 18, 19, 20, 21, 24, 27, 28, 29, 30, 31, 32, 33, 34, 35, 37, 38, 41, 42, 43, 44, 45, 47, 48, 49, 50, 51, 52, 53, 54, 56, 58, 59, 60, 61, 62, 63, 64, 65, 66, 67, 68, 69, 70, 71, 72, 73, 74, 76, 77, 78, 79, 80, 82, 83, 84, 85, 87, 88, 89, 90, 91, 92, 93, 94, 95, 96, 97, 98, 99, 100, 101, 102, 103, 105, 106, 107, 109, 112, 114, 116, 117, 118, 119, 120, 121, 122, 123, 124, 125, 126, 127, 128, 129, 130, 134, 135, 136, 137, 138, 139, 140, 141, 142, 143, 146, 147, 150, 151, 152, 153, 154, 155, 156, 159, 160, 161, 162, 163, 164, 165, 168, 169, 170, 172, 173, 174, 175, 176, 177, 178, 179, 181, 182, 183, 184, 185, 186, 191, 192, 193, 194, 195, 197, 199, 200, 201, 202, 203, 204, 205, 206, 208, 209, 211, 212, 213, 215, 216, 217, 218, 219, 220, 221, 222, 223, 224, 225, 226, 227, 228, 229, 231, 232, 233, 234, 235, 236, 237, 238, 239, 240, 242, 243, 244, 245, 246, 247, 248, 249, 251, 252, 254, 256, 258, 259, 261, 262, 264, 267, 268, 269, 270, 271, 272, 273, 275, 276, 277, 278, 279, 280, 281, 282, 283, 284, 286, 287, 289, 291, 294, 295, 296]
Linhas de Teste [0, 17, 22, 23, 25, 26, 36, 39, 40, 46, 55, 57, 75, 81, 86, 104, 108, 110, 111, 113, 115, 131, 132, 133, 144, 145, 148, 149, 157, 158, 166, 167, 171, 180, 187, 188, 189, 190, 196, 198, 207, 210, 214, 230, 241, 250, 253, 255, 257, 260, 263, 265, 266, 274, 285, 288, 290, 292, 293]
R2 de Treino = 95.36
R2 de Teste = 92.83

68 / 150  45.33 %
Tempo restante 0:00:09.339800

#################  Rodada 67 / 150  44.67 %
Parâmetros ('EV_MA', 'TST_MA', 'WAI_MA', 'saz_sin', 'saz_cos')
Linhas de Treino [0, 1, 2, 4, 5, 7, 8, 9, 10, 11, 13, 14, 16, 17, 18, 19, 21, 22, 23, 25, 26, 27, 28, 30, 31, 32, 33, 34, 35, 36, 38, 39, 40, 41, 42, 43, 44, 45, 46, 47, 49, 51, 53, 54, 55, 57, 58, 60, 61, 64, 65, 66, 67, 69, 70, 71, 72, 73, 74, 75, 76, 77, 78, 79, 80, 81, 82, 83, 85, 86, 87, 88, 89, 90, 91, 92, 93, 95, 96, 97, 98, 100, 101, 102, 103, 104, 105, 106, 107, 108, 109, 110, 111, 112, 113, 114, 115, 116, 118, 120, 121, 122, 124, 125, 127, 128, 130, 131, 132, 133, 135, 136, 138, 140, 143, 144, 145, 146, 147, 148, 149, 151, 153, 154, 155, 157, 158, 159, 160, 161, 162, 164, 165, 166, 167, 168, 169, 170, 171, 172, 173, 175, 176, 177, 178, 180, 181, 182, 183, 186, 187, 188, 189, 190, 193, 194, 196, 197, 198, 199, 201, 203, 205, 206, 207, 208, 209, 210, 211, 212, 213, 214, 215, 217, 219, 220, 221, 222, 223, 225, 226, 227, 228, 229, 230, 232, 234, 235, 236, 237, 239, 241, 242, 243, 244, 246, 247, 248, 249, 250, 251, 252, 253, 254, 255, 256, 257, 258, 259, 260, 261, 262, 263, 264, 265, 266, 269, 270, 273, 274, 275, 276, 277, 278, 279, 281, 282, 284, 285, 286, 288, 289, 290, 292, 293, 294, 295]
Linhas de Teste [3, 6, 12, 15, 20, 24, 29, 37, 48, 50, 52, 56, 59, 62, 63, 68, 84, 94, 99, 117, 119, 123, 126, 129, 134, 137, 139, 141, 142, 150, 152, 156, 163, 174, 179, 184, 185, 191, 192, 195, 200, 202, 204, 216, 218, 224, 231, 233, 238, 240, 245, 267, 268, 271, 272, 280, 283, 287, 291, 296]
R2 de Treino = 77.19
R2 de Teste = 80.25

67 / 150  44.67 %
Tempo restante 0:00:09.812592

#################  Rodada 67 / 150  44.67 %
Parâmetros ('EV_CE', 'PRE_CE', 'WAI_CE', 'saz_sin', 'saz_cos')
Linhas de Treino [0, 1, 2, 4, 5, 7, 8, 9, 10, 11, 13, 14, 16, 17, 18, 19, 21, 22, 23, 25, 26, 27, 28, 30, 31, 32, 33, 34, 35, 36, 38, 39, 40, 41, 42, 43, 44, 45, 46, 47, 49, 51, 53, 54, 55, 57, 58, 60, 61, 64, 65, 66, 67, 69, 70, 71, 72, 73, 74, 75, 76, 77, 78, 79, 80, 81, 82, 83, 85, 86, 87, 88, 89, 90, 91, 92, 93, 95, 96, 97, 98, 100, 101, 102, 103, 104, 105, 106, 107, 108, 109, 110, 111, 112, 113, 114, 115, 116, 118, 120, 121, 122, 124, 125, 127, 128, 130, 131, 132, 133, 135, 136, 138, 140, 143, 144, 145, 146, 147, 148, 149, 151, 153, 154, 155, 157, 158, 159, 160, 161, 162, 164, 165, 166, 167, 168, 169, 170, 171, 172, 173, 175, 176, 177, 178, 180, 181, 182, 183, 186, 187, 188, 189, 190, 193, 194, 196, 197, 198, 199, 201, 203, 205, 206, 207, 208, 209, 210, 211, 212, 213, 214, 215, 217, 219, 220, 221, 222, 223, 225, 226, 227, 228, 229, 230, 232, 234, 235, 236, 237, 239, 241, 242, 243, 244, 246, 247, 248, 249, 250, 251, 252, 253, 254, 255, 256, 257, 258, 259, 260, 261, 262, 263, 264, 265, 266, 269, 270, 273, 274, 275, 276, 277, 278, 279, 281, 282, 284, 285, 286, 288, 289, 290, 292, 293, 294, 295]
Linhas de Teste [3, 6, 12, 15, 20, 24, 29, 37, 48, 50, 52, 56, 59, 62, 63, 68, 84, 94, 99, 117, 119, 123, 126, 129, 134, 137, 139, 141, 142, 150, 152, 156, 163, 174, 179, 184, 185, 191, 192, 195, 200, 202, 204, 216, 218, 224, 231, 233, 238, 240, 245, 267, 268, 271, 272, 280, 283, 287, 291, 296]
R2 de Treino = 97.3
R2 de Teste = 96.61

67 / 150  44.67 %
Tempo restante 0:00:09.453783

#################  Rodada 69 / 150  46.0 %
Parâmetros ('EV_CA', 'PRE_CA', 'TST_CA', 'saz_sin', 'saz_cos')
Linhas de Treino [0, 1, 2, 3, 4, 5, 6, 7, 10, 11, 12, 13, 14, 15, 16, 17, 18, 19, 20, 22, 23, 24, 25, 26, 27, 28, 29, 30, 31, 32, 34, 36, 37, 39, 40, 41, 42, 44, 45, 46, 47, 48, 49, 50, 51, 52, 53, 55, 56, 57, 58, 59, 60, 61, 62, 63, 67, 68, 69, 71, 72, 74, 75, 76, 77, 78, 79, 81, 82, 84, 85, 86, 88, 89, 91, 92, 94, 95, 96, 97, 99, 101, 104, 105, 106, 107, 108, 109, 110, 111, 113, 114, 115, 117, 118, 119, 121, 122, 123, 124, 125, 126, 127, 129, 130, 131, 132, 133, 134, 135, 137, 138, 139, 140, 141, 142, 143, 144, 145, 146, 148, 149, 150, 151, 152, 153, 155, 156, 157, 158, 160, 161, 163, 165, 166, 167, 168, 171, 173, 174, 176, 177, 178, 179, 180, 182, 183, 184, 185, 186, 187, 188, 189, 190, 191, 192, 193, 195, 196, 197, 198, 200, 201, 202, 204, 206, 207, 208, 209, 210, 211, 213, 214, 215, 216, 218, 221, 222, 223, 224, 225, 226, 229, 230, 231, 232, 233, 234, 235, 238, 239, 240, 241, 243, 244, 245, 246, 247, 248, 249, 250, 251, 252, 253, 254, 255, 257, 258, 260, 263, 264, 265, 266, 267, 268, 270, 271, 272, 274, 275, 276, 277, 279, 280, 281, 282, 283, 284, 285, 287, 288, 290, 291, 292, 293, 294, 295, 296]
Linhas de Teste [8, 9, 21, 33, 35, 38, 43, 54, 64, 65, 66, 70, 73, 80, 83, 87, 90, 93, 98, 100, 102, 103, 112, 116, 120, 128, 136, 147, 154, 159, 162, 164, 169, 170, 172, 175, 181, 194, 199, 203, 205, 212, 217, 219, 220, 227, 228, 236, 237, 242, 256, 259, 261, 262, 269, 273, 278, 286, 289]
R2 de Treino = 94.8
R2 de Teste = 95.91

69 / 150  46.0 %
Tempo restante 0:00:09.143118

#################  Rodada 68 / 150  45.33 %
Parâmetros ('EV_MA', 'TST_MA', 'WAI_MA', 'saz_sin', 'saz_cos')
Linhas de Treino [1, 2, 3, 4, 5, 6, 7, 8, 9, 10, 11, 12, 13, 14, 15, 16, 18, 19, 20, 21, 24, 27, 28, 29, 30, 31, 32, 33, 34, 35, 37, 38, 41, 42, 43, 44, 45, 47, 48, 49, 50, 51, 52, 53, 54, 56, 58, 59, 60, 61, 62, 63, 64, 65, 66, 67, 68, 69, 70, 71, 72, 73, 74, 76, 77, 78, 79, 80, 82, 83, 84, 85, 87, 88, 89, 90, 91, 92, 93, 94, 95, 96, 97, 98, 99, 100, 101, 102, 103, 105, 106, 107, 109, 112, 114, 116, 117, 118, 119, 120, 121, 122, 123, 124, 125, 126, 127, 128, 129, 130, 134, 135, 136, 137, 138, 139, 140, 141, 142, 143, 146, 147, 150, 151, 152, 153, 154, 155, 156, 159, 160, 161, 162, 163, 164, 165, 168, 169, 170, 172, 173, 174, 175, 176, 177, 178, 179, 181, 182, 183, 184, 185, 186, 191, 192, 193, 194, 195, 197, 199, 200, 201, 202, 203, 204, 205, 206, 208, 209, 211, 212, 213, 215, 216, 217, 218, 219, 220, 221, 222, 223, 224, 225, 226, 227, 228, 229, 231, 232, 233, 234, 235, 236, 237, 238, 239, 240, 242, 243, 244, 245, 246, 247, 248, 249, 251, 252, 254, 256, 258, 259, 261, 262, 264, 267, 268, 269, 270, 271, 272, 273, 275, 276, 277, 278, 279, 280, 281, 282, 283, 284, 286, 287, 289, 291, 294, 295, 296]
Linhas de Teste [0, 17, 22, 23, 25, 26, 36, 39, 40, 46, 55, 57, 75, 81, 86, 104, 108, 110, 111, 113, 115, 131, 132, 133, 144, 145, 148, 149, 157, 158, 166, 167, 171, 180, 187, 188, 189, 190, 196, 198, 207, 210, 214, 230, 241, 250, 253, 255, 257, 260, 263, 265, 266, 274, 285, 288, 290, 292, 293]
R2 de Treino = 77.92
R2 de Teste = 80.13

68 / 150  45.33 %
Tempo restante 0:00:09.963164

#################  Rodada 68 / 150  45.33 %
Parâmetros ('EV_CE', 'PRE_CE', 'WAI_CE', 'saz_sin', 'saz_cos')
Linhas de Treino [1, 2, 3, 4, 5, 6, 7, 8, 9, 10, 11, 12, 13, 14, 15, 16, 18, 19, 20, 21, 24, 27, 28, 29, 30, 31, 32, 33, 34, 35, 37, 38, 41, 42, 43, 44, 45, 47, 48, 49, 50, 51, 52, 53, 54, 56, 58, 59, 60, 61, 62, 63, 64, 65, 66, 67, 68, 69, 70, 71, 72, 73, 74, 76, 77, 78, 79, 80, 82, 83, 84, 85, 87, 88, 89, 90, 91, 92, 93, 94, 95, 96, 97, 98, 99, 100, 101, 102, 103, 105, 106, 107, 109, 112, 114, 116, 117, 118, 119, 120, 121, 122, 123, 124, 125, 126, 127, 128, 129, 130, 134, 135, 136, 137, 138, 139, 140, 141, 142, 143, 146, 147, 150, 151, 152, 153, 154, 155, 156, 159, 160, 161, 162, 163, 164, 165, 168, 169, 170, 172, 173, 174, 175, 176, 177, 178, 179, 181, 182, 183, 184, 185, 186, 191, 192, 193, 194, 195, 197, 199, 200, 201, 202, 203, 204, 205, 206, 208, 209, 211, 212, 213, 215, 216, 217, 218, 219, 220, 221, 222, 223, 224, 225, 226, 227, 228, 229, 231, 232, 233, 234, 235, 236, 237, 238, 239, 240, 242, 243, 244, 245, 246, 247, 248, 249, 251, 252, 254, 256, 258, 259, 261, 262, 264, 267, 268, 269, 270, 271, 272, 273, 275, 276, 277, 278, 279, 280, 281, 282, 283, 284, 286, 287, 289, 291, 294, 295, 296]
Linhas de Teste [0, 17, 22, 23, 25, 26, 36, 39, 40, 46, 55, 57, 75, 81, 86, 104, 108, 110, 111, 113, 115, 131, 132, 133, 144, 145, 148, 149, 157, 158, 166, 167, 171, 180, 187, 188, 189, 190, 196, 198, 207, 210, 214, 230, 241, 250, 253, 255, 257, 260, 263, 265, 266, 274, 285, 288, 290, 292, 293]
R2 de Treino = 97.34
R2 de Teste = 96.77

68 / 150  45.33 %
Tempo restante 0:00:09.373584

#################  Rodada 70 / 150  46.67 %
Parâmetros ('EV_CA', 'PRE_CA', 'TST_CA', 'saz_sin', 'saz_cos')
Linhas de Treino [0, 1, 3, 4, 6, 8, 9, 11, 12, 13, 15, 17, 19, 20, 21, 22, 23, 24, 25, 26, 27, 29, 30, 31, 32, 33, 34, 35, 36, 37, 38, 39, 40, 41, 43, 44, 46, 48, 50, 51, 52, 54, 55, 56, 57, 59, 62, 63, 64, 65, 66, 68, 70, 71, 72, 73, 74, 75, 76, 78, 80, 81, 82, 83, 84, 86, 87, 90, 91, 93, 94, 96, 98, 99, 100, 101, 102, 103, 104, 108, 109, 110, 111, 112, 113, 115, 116, 117, 118, 119, 120, 122, 123, 125, 126, 127, 128, 129, 130, 131, 132, 133, 134, 135, 136, 137, 139, 141, 142, 143, 144, 145, 146, 147, 148, 149, 150, 151, 152, 154, 156, 157, 158, 159, 162, 163, 164, 165, 166, 167, 169, 170, 171, 172, 173, 174, 175, 176, 177, 178, 179, 180, 181, 182, 184, 185, 187, 188, 189, 190, 191, 192, 194, 195, 196, 197, 198, 199, 200, 202, 203, 204, 205, 206, 207, 210, 211, 212, 213, 214, 215, 216, 217, 218, 219, 220, 224, 226, 227, 228, 229, 230, 231, 232, 233, 235, 236, 237, 238, 240, 241, 242, 245, 246, 247, 248, 249, 250, 252, 253, 254, 255, 256, 257, 258, 259, 260, 261, 262, 263, 264, 265, 266, 267, 268, 269, 270, 271, 272, 273, 274, 278, 279, 280, 282, 283, 284, 285, 286, 287, 288, 289, 290, 291, 292, 293, 294, 296]
Linhas de Teste [2, 5, 7, 10, 14, 16, 18, 28, 42, 45, 47, 49, 53, 58, 60, 61, 67, 69, 77, 79, 85, 88, 89, 92, 95, 97, 105, 106, 107, 114, 121, 124, 138, 140, 153, 155, 160, 161, 168, 183, 186, 193, 201, 208, 209, 221, 222, 223, 225, 234, 239, 243, 244, 251, 275, 276, 277, 281, 295]
R2 de Treino = 95.55
R2 de Teste = 91.89

70 / 150  46.67 %
Tempo restante 0:00:09.015360

#################  Rodada 69 / 150  46.0 %
Parâmetros ('EV_CE', 'PRE_CE', 'WAI_CE', 'saz_sin', 'saz_cos')
Linhas de Treino [0, 1, 2, 3, 4, 5, 6, 7, 10, 11, 12, 13, 14, 15, 16, 17, 18, 19, 20, 22, 23, 24, 25, 26, 27, 28, 29, 30, 31, 32, 34, 36, 37, 39, 40, 41, 42, 44, 45, 46, 47, 48, 49, 50, 51, 52, 53, 55, 56, 57, 58, 59, 60, 61, 62, 63, 67, 68, 69, 71, 72, 74, 75, 76, 77, 78, 79, 81, 82, 84, 85, 86, 88, 89, 91, 92, 94, 95, 96, 97, 99, 101, 104, 105, 106, 107, 108, 109, 110, 111, 113, 114, 115, 117, 118, 119, 121, 122, 123, 124, 125, 126, 127, 129, 130, 131, 132, 133, 134, 135, 137, 138, 139, 140, 141, 142, 143, 144, 145, 146, 148, 149, 150, 151, 152, 153, 155, 156, 157, 158, 160, 161, 163, 165, 166, 167, 168, 171, 173, 174, 176, 177, 178, 179, 180, 182, 183, 184, 185, 186, 187, 188, 189, 190, 191, 192, 193, 195, 196, 197, 198, 200, 201, 202, 204, 206, 207, 208, 209, 210, 211, 213, 214, 215, 216, 218, 221, 222, 223, 224, 225, 226, 229, 230, 231, 232, 233, 234, 235, 238, 239, 240, 241, 243, 244, 245, 246, 247, 248, 249, 250, 251, 252, 253, 254, 255, 257, 258, 260, 263, 264, 265, 266, 267, 268, 270, 271, 272, 274, 275, 276, 277, 279, 280, 281, 282, 283, 284, 285, 287, 288, 290, 291, 292, 293, 294, 295, 296]
Linhas de Teste [8, 9, 21, 33, 35, 38, 43, 54, 64, 65, 66, 70, 73, 80, 83, 87, 90, 93, 98, 100, 102, 103, 112, 116, 120, 128, 136, 147, 154, 159, 162, 164, 169, 170, 172, 175, 181, 194, 199, 203, 205, 212, 217, 219, 220, 227, 228, 236, 237, 242, 256, 259, 261, 262, 269, 273, 278, 286, 289]
R2 de Treino = 97.14
R2 de Teste = 96.92

69 / 150  46.0 %
Tempo restante 0:00:09.163935

#################  Rodada 69 / 150  46.0 %
Parâmetros ('EV_MA', 'TST_MA', 'WAI_MA', 'saz_sin', 'saz_cos')
Linhas de Treino [0, 1, 2, 3, 4, 5, 6, 7, 10, 11, 12, 13, 14, 15, 16, 17, 18, 19, 20, 22, 23, 24, 25, 26, 27, 28, 29, 30, 31, 32, 34, 36, 37, 39, 40, 41, 42, 44, 45, 46, 47, 48, 49, 50, 51, 52, 53, 55, 56, 57, 58, 59, 60, 61, 62, 63, 67, 68, 69, 71, 72, 74, 75, 76, 77, 78, 79, 81, 82, 84, 85, 86, 88, 89, 91, 92, 94, 95, 96, 97, 99, 101, 104, 105, 106, 107, 108, 109, 110, 111, 113, 114, 115, 117, 118, 119, 121, 122, 123, 124, 125, 126, 127, 129, 130, 131, 132, 133, 134, 135, 137, 138, 139, 140, 141, 142, 143, 144, 145, 146, 148, 149, 150, 151, 152, 153, 155, 156, 157, 158, 160, 161, 163, 165, 166, 167, 168, 171, 173, 174, 176, 177, 178, 179, 180, 182, 183, 184, 185, 186, 187, 188, 189, 190, 191, 192, 193, 195, 196, 197, 198, 200, 201, 202, 204, 206, 207, 208, 209, 210, 211, 213, 214, 215, 216, 218, 221, 222, 223, 224, 225, 226, 229, 230, 231, 232, 233, 234, 235, 238, 239, 240, 241, 243, 244, 245, 246, 247, 248, 249, 250, 251, 252, 253, 254, 255, 257, 258, 260, 263, 264, 265, 266, 267, 268, 270, 271, 272, 274, 275, 276, 277, 279, 280, 281, 282, 283, 284, 285, 287, 288, 290, 291, 292, 293, 294, 295, 296]
Linhas de Teste [8, 9, 21, 33, 35, 38, 43, 54, 64, 65, 66, 70, 73, 80, 83, 87, 90, 93, 98, 100, 102, 103, 112, 116, 120, 128, 136, 147, 154, 159, 162, 164, 169, 170, 172, 175, 181, 194, 199, 203, 205, 212, 217, 219, 220, 227, 228, 236, 237, 242, 256, 259, 261, 262, 269, 273, 278, 286, 289]
R2 de Treino = 81.74
R2 de Teste = 59.63

69 / 150  46.0 %
Tempo restante 0:00:09.370566

#################  Rodada 71 / 150  47.33 %
Parâmetros ('EV_CA', 'PRE_CA', 'TST_CA', 'saz_sin', 'saz_cos')
Linhas de Treino [1, 2, 3, 4, 5, 6, 7, 8, 9, 11, 12, 13, 14, 15, 16, 17, 18, 19, 21, 22, 23, 24, 25, 26, 27, 28, 31, 32, 33, 34, 35, 36, 37, 38, 39, 40, 41, 42, 44, 45, 46, 47, 48, 49, 50, 51, 52, 53, 55, 56, 57, 58, 59, 60, 61, 62, 64, 65, 66, 67, 68, 69, 70, 72, 73, 74, 77, 78, 79, 81, 82, 83, 84, 88, 91, 92, 94, 95, 96, 97, 99, 102, 104, 105, 107, 110, 111, 112, 113, 115, 117, 120, 121, 122, 123, 125, 127, 128, 129, 130, 131, 132, 133, 134, 135, 136, 137, 139, 140, 145, 146, 147, 148, 149, 150, 151, 152, 153, 154, 155, 156, 157, 159, 160, 161, 163, 164, 165, 166, 167, 168, 169, 170, 172, 173, 174, 175, 176, 178, 179, 180, 181, 182, 183, 184, 186, 187, 188, 189, 190, 191, 192, 193, 195, 196, 197, 199, 200, 201, 203, 204, 205, 206, 207, 208, 209, 211, 212, 213, 214, 215, 216, 217, 218, 219, 220, 221, 222, 223, 224, 225, 226, 228, 229, 230, 231, 232, 233, 235, 236, 237, 238, 239, 241, 243, 244, 246, 247, 248, 249, 250, 251, 253, 254, 255, 256, 257, 258, 259, 261, 262, 263, 266, 267, 268, 269, 270, 271, 272, 273, 274, 275, 276, 278, 279, 280, 282, 283, 284, 286, 288, 289, 290, 293, 294, 295, 296]
Linhas de Teste [0, 10, 20, 29, 30, 43, 54, 63, 71, 75, 76, 80, 85, 86, 87, 89, 90, 93, 98, 100, 101, 103, 106, 108, 109, 114, 116, 118, 119, 124, 126, 138, 141, 142, 143, 144, 158, 162, 171, 177, 185, 194, 198, 202, 210, 227, 234, 240, 242, 245, 252, 260, 264, 265, 277, 281, 285, 287, 291, 292]
R2 de Treino = 95.26
R2 de Teste = 94.01

71 / 150  47.33 %
Tempo restante 0:00:09.000154

#################  Rodada 70 / 150  46.67 %
Parâmetros ('EV_CE', 'PRE_CE', 'WAI_CE', 'saz_sin', 'saz_cos')
Linhas de Treino [0, 1, 3, 4, 6, 8, 9, 11, 12, 13, 15, 17, 19, 20, 21, 22, 23, 24, 25, 26, 27, 29, 30, 31, 32, 33, 34, 35, 36, 37, 38, 39, 40, 41, 43, 44, 46, 48, 50, 51, 52, 54, 55, 56, 57, 59, 62, 63, 64, 65, 66, 68, 70, 71, 72, 73, 74, 75, 76, 78, 80, 81, 82, 83, 84, 86, 87, 90, 91, 93, 94, 96, 98, 99, 100, 101, 102, 103, 104, 108, 109, 110, 111, 112, 113, 115, 116, 117, 118, 119, 120, 122, 123, 125, 126, 127, 128, 129, 130, 131, 132, 133, 134, 135, 136, 137, 139, 141, 142, 143, 144, 145, 146, 147, 148, 149, 150, 151, 152, 154, 156, 157, 158, 159, 162, 163, 164, 165, 166, 167, 169, 170, 171, 172, 173, 174, 175, 176, 177, 178, 179, 180, 181, 182, 184, 185, 187, 188, 189, 190, 191, 192, 194, 195, 196, 197, 198, 199, 200, 202, 203, 204, 205, 206, 207, 210, 211, 212, 213, 214, 215, 216, 217, 218, 219, 220, 224, 226, 227, 228, 229, 230, 231, 232, 233, 235, 236, 237, 238, 240, 241, 242, 245, 246, 247, 248, 249, 250, 252, 253, 254, 255, 256, 257, 258, 259, 260, 261, 262, 263, 264, 265, 266, 267, 268, 269, 270, 271, 272, 273, 274, 278, 279, 280, 282, 283, 284, 285, 286, 287, 288, 289, 290, 291, 292, 293, 294, 296]
Linhas de Teste [2, 5, 7, 10, 14, 16, 18, 28, 42, 45, 47, 49, 53, 58, 60, 61, 67, 69, 77, 79, 85, 88, 89, 92, 95, 97, 105, 106, 107, 114, 121, 124, 138, 140, 153, 155, 160, 161, 168, 183, 186, 193, 201, 208, 209, 221, 222, 223, 225, 234, 239, 243, 244, 251, 275, 276, 277, 281, 295]
R2 de Treino = 97.27
R2 de Teste = 96.27

70 / 150  46.67 %
Tempo restante 0:00:08.822800

#################  Rodada 70 / 150  46.67 %
Parâmetros ('EV_MA', 'TST_MA', 'WAI_MA', 'saz_sin', 'saz_cos')
Linhas de Treino [0, 1, 3, 4, 6, 8, 9, 11, 12, 13, 15, 17, 19, 20, 21, 22, 23, 24, 25, 26, 27, 29, 30, 31, 32, 33, 34, 35, 36, 37, 38, 39, 40, 41, 43, 44, 46, 48, 50, 51, 52, 54, 55, 56, 57, 59, 62, 63, 64, 65, 66, 68, 70, 71, 72, 73, 74, 75, 76, 78, 80, 81, 82, 83, 84, 86, 87, 90, 91, 93, 94, 96, 98, 99, 100, 101, 102, 103, 104, 108, 109, 110, 111, 112, 113, 115, 116, 117, 118, 119, 120, 122, 123, 125, 126, 127, 128, 129, 130, 131, 132, 133, 134, 135, 136, 137, 139, 141, 142, 143, 144, 145, 146, 147, 148, 149, 150, 151, 152, 154, 156, 157, 158, 159, 162, 163, 164, 165, 166, 167, 169, 170, 171, 172, 173, 174, 175, 176, 177, 178, 179, 180, 181, 182, 184, 185, 187, 188, 189, 190, 191, 192, 194, 195, 196, 197, 198, 199, 200, 202, 203, 204, 205, 206, 207, 210, 211, 212, 213, 214, 215, 216, 217, 218, 219, 220, 224, 226, 227, 228, 229, 230, 231, 232, 233, 235, 236, 237, 238, 240, 241, 242, 245, 246, 247, 248, 249, 250, 252, 253, 254, 255, 256, 257, 258, 259, 260, 261, 262, 263, 264, 265, 266, 267, 268, 269, 270, 271, 272, 273, 274, 278, 279, 280, 282, 283, 284, 285, 286, 287, 288, 289, 290, 291, 292, 293, 294, 296]
Linhas de Teste [2, 5, 7, 10, 14, 16, 18, 28, 42, 45, 47, 49, 53, 58, 60, 61, 67, 69, 77, 79, 85, 88, 89, 92, 95, 97, 105, 106, 107, 114, 121, 124, 138, 140, 153, 155, 160, 161, 168, 183, 186, 193, 201, 208, 209, 221, 222, 223, 225, 234, 239, 243, 244, 251, 275, 276, 277, 281, 295]
R2 de Treino = 78.06
R2 de Teste = 75.86

70 / 150  46.67 %
Tempo restante 0:00:09.139840

#################  Rodada 72 / 150  48.0 %
Parâmetros ('EV_CA', 'PRE_CA', 'TST_CA', 'saz_sin', 'saz_cos')
Linhas de Treino [0, 1, 4, 5, 6, 9, 10, 11, 12, 13, 16, 18, 19, 20, 21, 23, 24, 26, 27, 28, 29, 30, 31, 32, 33, 34, 38, 40, 42, 43, 44, 45, 46, 47, 48, 49, 52, 53, 54, 56, 57, 58, 61, 62, 63, 64, 65, 66, 67, 68, 69, 70, 71, 72, 73, 75, 76, 77, 78, 79, 80, 81, 82, 83, 84, 85, 86, 87, 88, 89, 90, 93, 94, 95, 96, 97, 98, 99, 100, 101, 103, 104, 105, 106, 107, 108, 109, 110, 111, 112, 113, 114, 115, 116, 117, 118, 119, 122, 123, 124, 125, 126, 127, 128, 130, 133, 134, 135, 136, 138, 139, 140, 141, 142, 143, 144, 145, 146, 147, 148, 149, 150, 153, 155, 156, 157, 158, 159, 161, 162, 163, 164, 165, 166, 167, 168, 169, 170, 171, 173, 175, 176, 177, 178, 180, 181, 182, 185, 186, 188, 189, 190, 191, 192, 193, 194, 195, 196, 197, 198, 199, 200, 201, 202, 203, 204, 205, 207, 208, 209, 210, 213, 214, 215, 217, 218, 219, 220, 221, 223, 225, 226, 227, 228, 230, 232, 233, 234, 235, 236, 238, 239, 240, 242, 243, 245, 246, 247, 248, 249, 251, 252, 253, 254, 255, 256, 258, 259, 260, 263, 264, 265, 266, 267, 269, 270, 271, 272, 273, 274, 275, 276, 277, 278, 279, 281, 282, 283, 284, 285, 287, 288, 290, 291, 292, 293, 296]
Linhas de Teste [2, 3, 7, 8, 14, 15, 17, 22, 25, 35, 36, 37, 39, 41, 50, 51, 55, 59, 60, 74, 91, 92, 102, 120, 121, 129, 131, 132, 137, 151, 152, 154, 160, 172, 174, 179, 183, 184, 187, 206, 211, 212, 216, 222, 224, 229, 231, 237, 241, 244, 250, 257, 261, 262, 268, 280, 286, 289, 294, 295]
R2 de Treino = 94.93
R2 de Teste = 95.34

72 / 150  48.0 %
Tempo restante 0:00:08.696688

#################  Rodada 71 / 150  47.33 %
Parâmetros ('EV_CE', 'PRE_CE', 'WAI_CE', 'saz_sin', 'saz_cos')
Linhas de Treino [1, 2, 3, 4, 5, 6, 7, 8, 9, 11, 12, 13, 14, 15, 16, 17, 18, 19, 21, 22, 23, 24, 25, 26, 27, 28, 31, 32, 33, 34, 35, 36, 37, 38, 39, 40, 41, 42, 44, 45, 46, 47, 48, 49, 50, 51, 52, 53, 55, 56, 57, 58, 59, 60, 61, 62, 64, 65, 66, 67, 68, 69, 70, 72, 73, 74, 77, 78, 79, 81, 82, 83, 84, 88, 91, 92, 94, 95, 96, 97, 99, 102, 104, 105, 107, 110, 111, 112, 113, 115, 117, 120, 121, 122, 123, 125, 127, 128, 129, 130, 131, 132, 133, 134, 135, 136, 137, 139, 140, 145, 146, 147, 148, 149, 150, 151, 152, 153, 154, 155, 156, 157, 159, 160, 161, 163, 164, 165, 166, 167, 168, 169, 170, 172, 173, 174, 175, 176, 178, 179, 180, 181, 182, 183, 184, 186, 187, 188, 189, 190, 191, 192, 193, 195, 196, 197, 199, 200, 201, 203, 204, 205, 206, 207, 208, 209, 211, 212, 213, 214, 215, 216, 217, 218, 219, 220, 221, 222, 223, 224, 225, 226, 228, 229, 230, 231, 232, 233, 235, 236, 237, 238, 239, 241, 243, 244, 246, 247, 248, 249, 250, 251, 253, 254, 255, 256, 257, 258, 259, 261, 262, 263, 266, 267, 268, 269, 270, 271, 272, 273, 274, 275, 276, 278, 279, 280, 282, 283, 284, 286, 288, 289, 290, 293, 294, 295, 296]
Linhas de Teste [0, 10, 20, 29, 30, 43, 54, 63, 71, 75, 76, 80, 85, 86, 87, 89, 90, 93, 98, 100, 101, 103, 106, 108, 109, 114, 116, 118, 119, 124, 126, 138, 141, 142, 143, 144, 158, 162, 171, 177, 185, 194, 198, 202, 210, 227, 234, 240, 242, 245, 252, 260, 264, 265, 277, 281, 285, 287, 291, 292]
R2 de Treino = 97.27
R2 de Teste = 96.97

71 / 150  47.33 %
Tempo restante 0:00:08.654055

#################  Rodada 71 / 150  47.33 %
Parâmetros ('EV_MA', 'TST_MA', 'WAI_MA', 'saz_sin', 'saz_cos')
Linhas de Treino [1, 2, 3, 4, 5, 6, 7, 8, 9, 11, 12, 13, 14, 15, 16, 17, 18, 19, 21, 22, 23, 24, 25, 26, 27, 28, 31, 32, 33, 34, 35, 36, 37, 38, 39, 40, 41, 42, 44, 45, 46, 47, 48, 49, 50, 51, 52, 53, 55, 56, 57, 58, 59, 60, 61, 62, 64, 65, 66, 67, 68, 69, 70, 72, 73, 74, 77, 78, 79, 81, 82, 83, 84, 88, 91, 92, 94, 95, 96, 97, 99, 102, 104, 105, 107, 110, 111, 112, 113, 115, 117, 120, 121, 122, 123, 125, 127, 128, 129, 130, 131, 132, 133, 134, 135, 136, 137, 139, 140, 145, 146, 147, 148, 149, 150, 151, 152, 153, 154, 155, 156, 157, 159, 160, 161, 163, 164, 165, 166, 167, 168, 169, 170, 172, 173, 174, 175, 176, 178, 179, 180, 181, 182, 183, 184, 186, 187, 188, 189, 190, 191, 192, 193, 195, 196, 197, 199, 200, 201, 203, 204, 205, 206, 207, 208, 209, 211, 212, 213, 214, 215, 216, 217, 218, 219, 220, 221, 222, 223, 224, 225, 226, 228, 229, 230, 231, 232, 233, 235, 236, 237, 238, 239, 241, 243, 244, 246, 247, 248, 249, 250, 251, 253, 254, 255, 256, 257, 258, 259, 261, 262, 263, 266, 267, 268, 269, 270, 271, 272, 273, 274, 275, 276, 278, 279, 280, 282, 283, 284, 286, 288, 289, 290, 293, 294, 295, 296]
Linhas de Teste [0, 10, 20, 29, 30, 43, 54, 63, 71, 75, 76, 80, 85, 86, 87, 89, 90, 93, 98, 100, 101, 103, 106, 108, 109, 114, 116, 118, 119, 124, 126, 138, 141, 142, 143, 144, 158, 162, 171, 177, 185, 194, 198, 202, 210, 227, 234, 240, 242, 245, 252, 260, 264, 265, 277, 281, 285, 287, 291, 292]
R2 de Treino = 79.43
R2 de Teste = 74.92

71 / 150  47.33 %
Tempo restante 0:00:08.848237

#################  Rodada 73 / 150  48.67 %
Parâmetros ('EV_CA', 'PRE_CA', 'TST_CA', 'saz_sin', 'saz_cos')
Linhas de Treino [0, 1, 2, 3, 4, 5, 6, 7, 8, 9, 10, 11, 12, 13, 14, 15, 16, 17, 18, 19, 20, 21, 22, 23, 25, 28, 29, 30, 32, 34, 35, 36, 37, 38, 39, 40, 41, 42, 43, 46, 49, 50, 51, 52, 53, 54, 55, 56, 57, 58, 59, 60, 61, 62, 63, 65, 68, 70, 71, 73, 74, 75, 76, 77, 78, 79, 80, 81, 82, 83, 85, 86, 87, 88, 89, 90, 91, 92, 93, 94, 96, 97, 98, 100, 101, 102, 103, 104, 106, 107, 108, 109, 111, 112, 113, 114, 116, 117, 118, 119, 120, 121, 122, 123, 124, 125, 126, 127, 129, 130, 131, 132, 134, 135, 137, 138, 139, 140, 141, 142, 143, 144, 146, 147, 150, 151, 152, 153, 154, 155, 156, 158, 160, 161, 162, 165, 166, 167, 168, 170, 171, 172, 174, 176, 177, 178, 179, 181, 182, 183, 184, 185, 187, 188, 192, 193, 194, 195, 196, 198, 201, 202, 203, 204, 205, 206, 208, 209, 210, 211, 212, 213, 214, 215, 216, 217, 218, 219, 220, 221, 222, 223, 224, 225, 226, 227, 228, 229, 231, 232, 234, 235, 237, 238, 239, 240, 241, 242, 244, 245, 246, 248, 250, 251, 252, 254, 255, 257, 258, 259, 260, 261, 262, 264, 265, 267, 268, 269, 274, 275, 277, 278, 279, 280, 281, 282, 283, 284, 285, 286, 287, 288, 289, 291, 292, 294, 295, 296]
Linhas de Teste [24, 26, 27, 31, 33, 44, 45, 47, 48, 64, 66, 67, 69, 72, 84, 95, 99, 105, 110, 115, 128, 133, 136, 145, 148, 149, 157, 159, 163, 164, 169, 173, 175, 180, 186, 189, 190, 191, 197, 199, 200, 207, 230, 233, 236, 243, 247, 249, 253, 256, 263, 266, 270, 271, 272, 273, 276, 290, 293]
R2 de Treino = 95.53
R2 de Teste = 92.13

73 / 150  48.67 %
Tempo restante 0:00:08.662115

#################  Rodada 72 / 150  48.0 %
Parâmetros ('EV_CE', 'PRE_CE', 'WAI_CE', 'saz_sin', 'saz_cos')
Linhas de Treino [0, 1, 4, 5, 6, 9, 10, 11, 12, 13, 16, 18, 19, 20, 21, 23, 24, 26, 27, 28, 29, 30, 31, 32, 33, 34, 38, 40, 42, 43, 44, 45, 46, 47, 48, 49, 52, 53, 54, 56, 57, 58, 61, 62, 63, 64, 65, 66, 67, 68, 69, 70, 71, 72, 73, 75, 76, 77, 78, 79, 80, 81, 82, 83, 84, 85, 86, 87, 88, 89, 90, 93, 94, 95, 96, 97, 98, 99, 100, 101, 103, 104, 105, 106, 107, 108, 109, 110, 111, 112, 113, 114, 115, 116, 117, 118, 119, 122, 123, 124, 125, 126, 127, 128, 130, 133, 134, 135, 136, 138, 139, 140, 141, 142, 143, 144, 145, 146, 147, 148, 149, 150, 153, 155, 156, 157, 158, 159, 161, 162, 163, 164, 165, 166, 167, 168, 169, 170, 171, 173, 175, 176, 177, 178, 180, 181, 182, 185, 186, 188, 189, 190, 191, 192, 193, 194, 195, 196, 197, 198, 199, 200, 201, 202, 203, 204, 205, 207, 208, 209, 210, 213, 214, 215, 217, 218, 219, 220, 221, 223, 225, 226, 227, 228, 230, 232, 233, 234, 235, 236, 238, 239, 240, 242, 243, 245, 246, 247, 248, 249, 251, 252, 253, 254, 255, 256, 258, 259, 260, 263, 264, 265, 266, 267, 269, 270, 271, 272, 273, 274, 275, 276, 277, 278, 279, 281, 282, 283, 284, 285, 287, 288, 290, 291, 292, 293, 296]
Linhas de Teste [2, 3, 7, 8, 14, 15, 17, 22, 25, 35, 36, 37, 39, 41, 50, 51, 55, 59, 60, 74, 91, 92, 102, 120, 121, 129, 131, 132, 137, 151, 152, 154, 160, 172, 174, 179, 183, 184, 187, 206, 211, 212, 216, 222, 224, 229, 231, 237, 241, 244, 250, 257, 261, 262, 268, 280, 286, 289, 294, 295]
R2 de Treino = 97.21
R2 de Teste = 96.9

72 / 150  48.0 %
Tempo restante 0:00:09.112506

#################  Rodada 72 / 150  48.0 %
Parâmetros ('EV_MA', 'TST_MA', 'WAI_MA', 'saz_sin', 'saz_cos')
Linhas de Treino [0, 1, 4, 5, 6, 9, 10, 11, 12, 13, 16, 18, 19, 20, 21, 23, 24, 26, 27, 28, 29, 30, 31, 32, 33, 34, 38, 40, 42, 43, 44, 45, 46, 47, 48, 49, 52, 53, 54, 56, 57, 58, 61, 62, 63, 64, 65, 66, 67, 68, 69, 70, 71, 72, 73, 75, 76, 77, 78, 79, 80, 81, 82, 83, 84, 85, 86, 87, 88, 89, 90, 93, 94, 95, 96, 97, 98, 99, 100, 101, 103, 104, 105, 106, 107, 108, 109, 110, 111, 112, 113, 114, 115, 116, 117, 118, 119, 122, 123, 124, 125, 126, 127, 128, 130, 133, 134, 135, 136, 138, 139, 140, 141, 142, 143, 144, 145, 146, 147, 148, 149, 150, 153, 155, 156, 157, 158, 159, 161, 162, 163, 164, 165, 166, 167, 168, 169, 170, 171, 173, 175, 176, 177, 178, 180, 181, 182, 185, 186, 188, 189, 190, 191, 192, 193, 194, 195, 196, 197, 198, 199, 200, 201, 202, 203, 204, 205, 207, 208, 209, 210, 213, 214, 215, 217, 218, 219, 220, 221, 223, 225, 226, 227, 228, 230, 232, 233, 234, 235, 236, 238, 239, 240, 242, 243, 245, 246, 247, 248, 249, 251, 252, 253, 254, 255, 256, 258, 259, 260, 263, 264, 265, 266, 267, 269, 270, 271, 272, 273, 274, 275, 276, 277, 278, 279, 281, 282, 283, 284, 285, 287, 288, 290, 291, 292, 293, 296]
Linhas de Teste [2, 3, 7, 8, 14, 15, 17, 22, 25, 35, 36, 37, 39, 41, 50, 51, 55, 59, 60, 74, 91, 92, 102, 120, 121, 129, 131, 132, 137, 151, 152, 154, 160, 172, 174, 179, 183, 184, 187, 206, 211, 212, 216, 222, 224, 229, 231, 237, 241, 244, 250, 257, 261, 262, 268, 280, 286, 289, 294, 295]
R2 de Treino = 76.48
R2 de Teste = 82.81

72 / 150  48.0 %
Tempo restante 0:00:09.230442

#################  Rodada 74 / 150  49.33 %
Parâmetros ('EV_CA', 'PRE_CA', 'TST_CA', 'saz_sin', 'saz_cos')
Linhas de Treino [0, 1, 2, 3, 4, 6, 7, 8, 10, 11, 12, 14, 15, 17, 18, 20, 21, 22, 24, 25, 26, 27, 29, 30, 31, 32, 33, 35, 36, 37, 39, 41, 42, 43, 44, 45, 46, 47, 48, 49, 50, 51, 52, 54, 55, 56, 58, 59, 60, 61, 63, 64, 66, 67, 68, 69, 71, 72, 74, 75, 76, 77, 79, 80, 82, 83, 84, 85, 86, 87, 88, 89, 90, 91, 92, 93, 94, 95, 96, 98, 99, 100, 101, 102, 103, 105, 106, 108, 109, 110, 111, 112, 113, 114, 115, 116, 117, 118, 119, 120, 121, 122, 123, 124, 125, 126, 128, 129, 131, 132, 133, 136, 137, 138, 139, 140, 141, 142, 143, 144, 145, 146, 147, 148, 149, 150, 151, 152, 154, 157, 158, 159, 160, 161, 162, 163, 164, 166, 167, 169, 171, 172, 173, 174, 175, 177, 178, 179, 180, 181, 183, 184, 185, 186, 187, 188, 189, 190, 191, 192, 193, 194, 195, 196, 197, 198, 199, 200, 202, 203, 205, 206, 207, 209, 210, 211, 212, 213, 215, 216, 221, 222, 224, 227, 229, 230, 231, 232, 233, 234, 236, 237, 239, 240, 241, 242, 243, 244, 245, 246, 247, 249, 250, 252, 253, 255, 256, 257, 260, 261, 262, 263, 264, 265, 266, 268, 269, 270, 271, 272, 273, 276, 277, 280, 281, 282, 285, 286, 287, 288, 289, 290, 291, 292, 293, 294, 295, 296]
Linhas de Teste [5, 9, 13, 16, 19, 23, 28, 34, 38, 40, 53, 57, 62, 65, 70, 73, 78, 81, 97, 104, 107, 127, 130, 134, 135, 153, 155, 156, 165, 168, 170, 176, 182, 201, 204, 208, 214, 217, 218, 219, 220, 223, 225, 226, 228, 235, 238, 248, 251, 254, 258, 259, 267, 274, 275, 278, 279, 283, 284]
R2 de Treino = 94.85
R2 de Teste = 95.56

74 / 150  49.33 %
Tempo restante 0:00:08.754972

#################  Rodada 73 / 150  48.67 %
Parâmetros ('EV_CE', 'PRE_CE', 'WAI_CE', 'saz_sin', 'saz_cos')
Linhas de Treino [0, 1, 2, 3, 4, 5, 6, 7, 8, 9, 10, 11, 12, 13, 14, 15, 16, 17, 18, 19, 20, 21, 22, 23, 25, 28, 29, 30, 32, 34, 35, 36, 37, 38, 39, 40, 41, 42, 43, 46, 49, 50, 51, 52, 53, 54, 55, 56, 57, 58, 59, 60, 61, 62, 63, 65, 68, 70, 71, 73, 74, 75, 76, 77, 78, 79, 80, 81, 82, 83, 85, 86, 87, 88, 89, 90, 91, 92, 93, 94, 96, 97, 98, 100, 101, 102, 103, 104, 106, 107, 108, 109, 111, 112, 113, 114, 116, 117, 118, 119, 120, 121, 122, 123, 124, 125, 126, 127, 129, 130, 131, 132, 134, 135, 137, 138, 139, 140, 141, 142, 143, 144, 146, 147, 150, 151, 152, 153, 154, 155, 156, 158, 160, 161, 162, 165, 166, 167, 168, 170, 171, 172, 174, 176, 177, 178, 179, 181, 182, 183, 184, 185, 187, 188, 192, 193, 194, 195, 196, 198, 201, 202, 203, 204, 205, 206, 208, 209, 210, 211, 212, 213, 214, 215, 216, 217, 218, 219, 220, 221, 222, 223, 224, 225, 226, 227, 228, 229, 231, 232, 234, 235, 237, 238, 239, 240, 241, 242, 244, 245, 246, 248, 250, 251, 252, 254, 255, 257, 258, 259, 260, 261, 262, 264, 265, 267, 268, 269, 274, 275, 277, 278, 279, 280, 281, 282, 283, 284, 285, 286, 287, 288, 289, 291, 292, 294, 295, 296]
Linhas de Teste [24, 26, 27, 31, 33, 44, 45, 47, 48, 64, 66, 67, 69, 72, 84, 95, 99, 105, 110, 115, 128, 133, 136, 145, 148, 149, 157, 159, 163, 164, 169, 173, 175, 180, 186, 189, 190, 191, 197, 199, 200, 207, 230, 233, 236, 243, 247, 249, 253, 256, 263, 266, 270, 271, 272, 273, 276, 290, 293]
R2 de Treino = 97.38
R2 de Teste = 96.17

73 / 150  48.67 %
Tempo restante 0:00:08.936081

#################  Rodada 73 / 150  48.67 %
Parâmetros ('EV_MA', 'TST_MA', 'WAI_MA', 'saz_sin', 'saz_cos')
Linhas de Treino [0, 1, 2, 3, 4, 5, 6, 7, 8, 9, 10, 11, 12, 13, 14, 15, 16, 17, 18, 19, 20, 21, 22, 23, 25, 28, 29, 30, 32, 34, 35, 36, 37, 38, 39, 40, 41, 42, 43, 46, 49, 50, 51, 52, 53, 54, 55, 56, 57, 58, 59, 60, 61, 62, 63, 65, 68, 70, 71, 73, 74, 75, 76, 77, 78, 79, 80, 81, 82, 83, 85, 86, 87, 88, 89, 90, 91, 92, 93, 94, 96, 97, 98, 100, 101, 102, 103, 104, 106, 107, 108, 109, 111, 112, 113, 114, 116, 117, 118, 119, 120, 121, 122, 123, 124, 125, 126, 127, 129, 130, 131, 132, 134, 135, 137, 138, 139, 140, 141, 142, 143, 144, 146, 147, 150, 151, 152, 153, 154, 155, 156, 158, 160, 161, 162, 165, 166, 167, 168, 170, 171, 172, 174, 176, 177, 178, 179, 181, 182, 183, 184, 185, 187, 188, 192, 193, 194, 195, 196, 198, 201, 202, 203, 204, 205, 206, 208, 209, 210, 211, 212, 213, 214, 215, 216, 217, 218, 219, 220, 221, 222, 223, 224, 225, 226, 227, 228, 229, 231, 232, 234, 235, 237, 238, 239, 240, 241, 242, 244, 245, 246, 248, 250, 251, 252, 254, 255, 257, 258, 259, 260, 261, 262, 264, 265, 267, 268, 269, 274, 275, 277, 278, 279, 280, 281, 282, 283, 284, 285, 286, 287, 288, 289, 291, 292, 294, 295, 296]
Linhas de Teste [24, 26, 27, 31, 33, 44, 45, 47, 48, 64, 66, 67, 69, 72, 84, 95, 99, 105, 110, 115, 128, 133, 136, 145, 148, 149, 157, 159, 163, 164, 169, 173, 175, 180, 186, 189, 190, 191, 197, 199, 200, 207, 230, 233, 236, 243, 247, 249, 253, 256, 263, 266, 270, 271, 272, 273, 276, 290, 293]
R2 de Treino = 80.02
R2 de Teste = 72.82

73 / 150  48.67 %
Tempo restante 0:00:09.228065

#################  Rodada 75 / 150  50.0 %
Parâmetros ('EV_CA', 'PRE_CA', 'TST_CA', 'saz_sin', 'saz_cos')
Linhas de Treino [0, 2, 3, 5, 7, 8, 9, 10, 13, 14, 15, 16, 17, 19, 20, 22, 23, 24, 25, 26, 27, 28, 29, 30, 31, 33, 34, 35, 36, 37, 38, 39, 40, 41, 43, 44, 45, 47, 48, 50, 51, 53, 54, 55, 57, 59, 60, 62, 63, 64, 65, 66, 67, 69, 70, 71, 72, 73, 74, 75, 76, 78, 80, 81, 84, 85, 86, 87, 89, 90, 91, 92, 93, 95, 97, 98, 99, 100, 101, 102, 103, 104, 105, 106, 107, 108, 109, 110, 114, 115, 116, 118, 119, 120, 121, 124, 126, 127, 128, 129, 130, 131, 132, 133, 134, 135, 136, 137, 138, 141, 142, 143, 144, 145, 148, 149, 151, 152, 153, 154, 155, 156, 157, 158, 159, 160, 162, 163, 164, 165, 168, 169, 170, 171, 172, 173, 174, 175, 176, 177, 179, 180, 182, 183, 184, 185, 186, 187, 189, 190, 191, 194, 197, 198, 199, 200, 201, 202, 204, 206, 207, 208, 210, 211, 212, 214, 216, 217, 218, 219, 220, 222, 223, 224, 225, 226, 227, 228, 229, 230, 231, 233, 234, 235, 236, 237, 238, 240, 241, 242, 243, 244, 245, 247, 248, 249, 250, 251, 252, 253, 254, 256, 257, 258, 259, 260, 261, 262, 263, 264, 265, 266, 267, 268, 270, 271, 272, 273, 274, 275, 276, 277, 278, 279, 280, 281, 283, 284, 285, 286, 287, 289, 290, 291, 292, 293, 294, 295]
Linhas de Teste [1, 4, 6, 11, 12, 18, 21, 32, 42, 46, 49, 52, 56, 58, 61, 68, 77, 79, 82, 83, 88, 94, 96, 111, 112, 113, 117, 122, 123, 125, 139, 140, 146, 147, 150, 161, 166, 167, 178, 181, 188, 192, 193, 195, 196, 203, 205, 209, 213, 215, 221, 232, 239, 246, 255, 269, 282, 288, 296]
R2 de Treino = 95.53
R2 de Teste = 92.56

75 / 150  50.0 %
Tempo restante 0:00:08.662275

#################  Rodada 74 / 150  49.33 %
Parâmetros ('EV_CE', 'PRE_CE', 'WAI_CE', 'saz_sin', 'saz_cos')
Linhas de Treino [0, 1, 2, 3, 4, 6, 7, 8, 10, 11, 12, 14, 15, 17, 18, 20, 21, 22, 24, 25, 26, 27, 29, 30, 31, 32, 33, 35, 36, 37, 39, 41, 42, 43, 44, 45, 46, 47, 48, 49, 50, 51, 52, 54, 55, 56, 58, 59, 60, 61, 63, 64, 66, 67, 68, 69, 71, 72, 74, 75, 76, 77, 79, 80, 82, 83, 84, 85, 86, 87, 88, 89, 90, 91, 92, 93, 94, 95, 96, 98, 99, 100, 101, 102, 103, 105, 106, 108, 109, 110, 111, 112, 113, 114, 115, 116, 117, 118, 119, 120, 121, 122, 123, 124, 125, 126, 128, 129, 131, 132, 133, 136, 137, 138, 139, 140, 141, 142, 143, 144, 145, 146, 147, 148, 149, 150, 151, 152, 154, 157, 158, 159, 160, 161, 162, 163, 164, 166, 167, 169, 171, 172, 173, 174, 175, 177, 178, 179, 180, 181, 183, 184, 185, 186, 187, 188, 189, 190, 191, 192, 193, 194, 195, 196, 197, 198, 199, 200, 202, 203, 205, 206, 207, 209, 210, 211, 212, 213, 215, 216, 221, 222, 224, 227, 229, 230, 231, 232, 233, 234, 236, 237, 239, 240, 241, 242, 243, 244, 245, 246, 247, 249, 250, 252, 253, 255, 256, 257, 260, 261, 262, 263, 264, 265, 266, 268, 269, 270, 271, 272, 273, 276, 277, 280, 281, 282, 285, 286, 287, 288, 289, 290, 291, 292, 293, 294, 295, 296]
Linhas de Teste [5, 9, 13, 16, 19, 23, 28, 34, 38, 40, 53, 57, 62, 65, 70, 73, 78, 81, 97, 104, 107, 127, 130, 134, 135, 153, 155, 156, 165, 168, 170, 176, 182, 201, 204, 208, 214, 217, 218, 219, 220, 223, 225, 226, 228, 235, 238, 248, 251, 254, 258, 259, 267, 274, 275, 278, 279, 283, 284]
R2 de Treino = 97.03
R2 de Teste = 97.46

74 / 150  49.33 %
Tempo restante 0:00:08.827856

#################  Rodada 74 / 150  49.33 %
Parâmetros ('EV_MA', 'TST_MA', 'WAI_MA', 'saz_sin', 'saz_cos')
Linhas de Treino [0, 1, 2, 3, 4, 6, 7, 8, 10, 11, 12, 14, 15, 17, 18, 20, 21, 22, 24, 25, 26, 27, 29, 30, 31, 32, 33, 35, 36, 37, 39, 41, 42, 43, 44, 45, 46, 47, 48, 49, 50, 51, 52, 54, 55, 56, 58, 59, 60, 61, 63, 64, 66, 67, 68, 69, 71, 72, 74, 75, 76, 77, 79, 80, 82, 83, 84, 85, 86, 87, 88, 89, 90, 91, 92, 93, 94, 95, 96, 98, 99, 100, 101, 102, 103, 105, 106, 108, 109, 110, 111, 112, 113, 114, 115, 116, 117, 118, 119, 120, 121, 122, 123, 124, 125, 126, 128, 129, 131, 132, 133, 136, 137, 138, 139, 140, 141, 142, 143, 144, 145, 146, 147, 148, 149, 150, 151, 152, 154, 157, 158, 159, 160, 161, 162, 163, 164, 166, 167, 169, 171, 172, 173, 174, 175, 177, 178, 179, 180, 181, 183, 184, 185, 186, 187, 188, 189, 190, 191, 192, 193, 194, 195, 196, 197, 198, 199, 200, 202, 203, 205, 206, 207, 209, 210, 211, 212, 213, 215, 216, 221, 222, 224, 227, 229, 230, 231, 232, 233, 234, 236, 237, 239, 240, 241, 242, 243, 244, 245, 246, 247, 249, 250, 252, 253, 255, 256, 257, 260, 261, 262, 263, 264, 265, 266, 268, 269, 270, 271, 272, 273, 276, 277, 280, 281, 282, 285, 286, 287, 288, 289, 290, 291, 292, 293, 294, 295, 296]
Linhas de Teste [5, 9, 13, 16, 19, 23, 28, 34, 38, 40, 53, 57, 62, 65, 70, 73, 78, 81, 97, 104, 107, 127, 130, 134, 135, 153, 155, 156, 165, 168, 170, 176, 182, 201, 204, 208, 214, 217, 218, 219, 220, 223, 225, 226, 228, 235, 238, 248, 251, 254, 258, 259, 267, 274, 275, 278, 279, 283, 284]
R2 de Treino = 79.42
R2 de Teste = 73.94

74 / 150  49.33 %
Tempo restante 0:00:09.076072

#################  Rodada 76 / 150  50.67 %
Parâmetros ('EV_CA', 'PRE_CA', 'TST_CA', 'saz_sin', 'saz_cos')
Linhas de Treino [1, 2, 5, 6, 7, 8, 9, 10, 11, 12, 14, 15, 16, 17, 18, 19, 20, 21, 24, 25, 27, 28, 29, 30, 31, 32, 34, 35, 38, 39, 41, 43, 44, 45, 46, 47, 48, 49, 50, 52, 53, 54, 55, 56, 57, 58, 59, 60, 61, 63, 64, 65, 66, 68, 70, 71, 72, 73, 74, 75, 76, 78, 79, 80, 81, 82, 84, 85, 86, 87, 88, 90, 91, 92, 93, 95, 96, 97, 98, 99, 100, 102, 103, 105, 106, 107, 108, 109, 110, 111, 112, 113, 114, 115, 116, 117, 118, 119, 121, 122, 123, 124, 125, 126, 127, 128, 129, 130, 131, 133, 135, 136, 137, 138, 139, 140, 141, 142, 143, 145, 146, 147, 149, 150, 151, 152, 153, 154, 155, 156, 158, 159, 161, 162, 163, 164, 165, 166, 167, 168, 169, 170, 172, 174, 175, 176, 177, 178, 179, 180, 181, 182, 183, 185, 186, 188, 189, 190, 192, 193, 194, 196, 197, 198, 200, 201, 202, 203, 204, 205, 206, 207, 208, 209, 210, 211, 212, 213, 215, 216, 218, 219, 221, 222, 224, 225, 227, 229, 231, 232, 233, 234, 235, 236, 238, 239, 240, 242, 243, 244, 245, 246, 249, 250, 253, 254, 255, 256, 257, 258, 259, 260, 262, 263, 266, 269, 270, 271, 272, 274, 275, 276, 277, 278, 279, 280, 281, 282, 283, 284, 285, 287, 288, 289, 290, 292, 294]
Linhas de Teste [0, 3, 4, 13, 22, 23, 26, 33, 36, 37, 40, 42, 51, 62, 67, 69, 77, 83, 89, 94, 101, 104, 120, 132, 134, 144, 148, 157, 160, 171, 173, 184, 187, 191, 195, 199, 214, 217, 220, 223, 226, 228, 230, 237, 241, 247, 248, 251, 252, 261, 264, 265, 267, 268, 273, 286, 291, 293, 295, 296]
R2 de Treino = 95.1
R2 de Teste = 94.78

76 / 150  50.67 %
Tempo restante 0:00:08.526650

#################  Rodada 75 / 150  50.0 %
Parâmetros ('EV_CE', 'PRE_CE', 'WAI_CE', 'saz_sin', 'saz_cos')
Linhas de Treino [0, 2, 3, 5, 7, 8, 9, 10, 13, 14, 15, 16, 17, 19, 20, 22, 23, 24, 25, 26, 27, 28, 29, 30, 31, 33, 34, 35, 36, 37, 38, 39, 40, 41, 43, 44, 45, 47, 48, 50, 51, 53, 54, 55, 57, 59, 60, 62, 63, 64, 65, 66, 67, 69, 70, 71, 72, 73, 74, 75, 76, 78, 80, 81, 84, 85, 86, 87, 89, 90, 91, 92, 93, 95, 97, 98, 99, 100, 101, 102, 103, 104, 105, 106, 107, 108, 109, 110, 114, 115, 116, 118, 119, 120, 121, 124, 126, 127, 128, 129, 130, 131, 132, 133, 134, 135, 136, 137, 138, 141, 142, 143, 144, 145, 148, 149, 151, 152, 153, 154, 155, 156, 157, 158, 159, 160, 162, 163, 164, 165, 168, 169, 170, 171, 172, 173, 174, 175, 176, 177, 179, 180, 182, 183, 184, 185, 186, 187, 189, 190, 191, 194, 197, 198, 199, 200, 201, 202, 204, 206, 207, 208, 210, 211, 212, 214, 216, 217, 218, 219, 220, 222, 223, 224, 225, 226, 227, 228, 229, 230, 231, 233, 234, 235, 236, 237, 238, 240, 241, 242, 243, 244, 245, 247, 248, 249, 250, 251, 252, 253, 254, 256, 257, 258, 259, 260, 261, 262, 263, 264, 265, 266, 267, 268, 270, 271, 272, 273, 274, 275, 276, 277, 278, 279, 280, 281, 283, 284, 285, 286, 287, 289, 290, 291, 292, 293, 294, 295]
Linhas de Teste [1, 4, 6, 11, 12, 18, 21, 32, 42, 46, 49, 52, 56, 58, 61, 68, 77, 79, 82, 83, 88, 94, 96, 111, 112, 113, 117, 122, 123, 125, 139, 140, 146, 147, 150, 161, 166, 167, 178, 181, 188, 192, 193, 195, 196, 203, 205, 209, 213, 215, 221, 232, 239, 246, 255, 269, 282, 288, 296]
R2 de Treino = 97.33
R2 de Teste = 96.31

75 / 150  50.0 %
Tempo restante 0:00:08.543475

#################  Rodada 75 / 150  50.0 %
Parâmetros ('EV_MA', 'TST_MA', 'WAI_MA', 'saz_sin', 'saz_cos')
Linhas de Treino [0, 2, 3, 5, 7, 8, 9, 10, 13, 14, 15, 16, 17, 19, 20, 22, 23, 24, 25, 26, 27, 28, 29, 30, 31, 33, 34, 35, 36, 37, 38, 39, 40, 41, 43, 44, 45, 47, 48, 50, 51, 53, 54, 55, 57, 59, 60, 62, 63, 64, 65, 66, 67, 69, 70, 71, 72, 73, 74, 75, 76, 78, 80, 81, 84, 85, 86, 87, 89, 90, 91, 92, 93, 95, 97, 98, 99, 100, 101, 102, 103, 104, 105, 106, 107, 108, 109, 110, 114, 115, 116, 118, 119, 120, 121, 124, 126, 127, 128, 129, 130, 131, 132, 133, 134, 135, 136, 137, 138, 141, 142, 143, 144, 145, 148, 149, 151, 152, 153, 154, 155, 156, 157, 158, 159, 160, 162, 163, 164, 165, 168, 169, 170, 171, 172, 173, 174, 175, 176, 177, 179, 180, 182, 183, 184, 185, 186, 187, 189, 190, 191, 194, 197, 198, 199, 200, 201, 202, 204, 206, 207, 208, 210, 211, 212, 214, 216, 217, 218, 219, 220, 222, 223, 224, 225, 226, 227, 228, 229, 230, 231, 233, 234, 235, 236, 237, 238, 240, 241, 242, 243, 244, 245, 247, 248, 249, 250, 251, 252, 253, 254, 256, 257, 258, 259, 260, 261, 262, 263, 264, 265, 266, 267, 268, 270, 271, 272, 273, 274, 275, 276, 277, 278, 279, 280, 281, 283, 284, 285, 286, 287, 289, 290, 291, 292, 293, 294, 295]
Linhas de Teste [1, 4, 6, 11, 12, 18, 21, 32, 42, 46, 49, 52, 56, 58, 61, 68, 77, 79, 82, 83, 88, 94, 96, 111, 112, 113, 117, 122, 123, 125, 139, 140, 146, 147, 150, 161, 166, 167, 178, 181, 188, 192, 193, 195, 196, 203, 205, 209, 213, 215, 221, 232, 239, 246, 255, 269, 282, 288, 296]
R2 de Treino = 79.14
R2 de Teste = 69.0

75 / 150  50.0 %
Tempo restante 0:00:08.947275

#################  Rodada 77 / 150  51.33 %
Parâmetros ('EV_CA', 'PRE_CA', 'TST_CA', 'saz_sin', 'saz_cos')
Linhas de Treino [0, 1, 2, 3, 4, 5, 6, 8, 10, 12, 13, 14, 16, 17, 18, 19, 21, 22, 23, 24, 25, 26, 27, 28, 29, 30, 31, 32, 33, 34, 35, 36, 37, 38, 39, 40, 42, 44, 45, 46, 47, 48, 51, 52, 53, 54, 55, 56, 57, 58, 59, 60, 61, 62, 63, 64, 65, 66, 67, 68, 69, 70, 71, 72, 73, 74, 75, 76, 77, 78, 79, 81, 82, 83, 84, 85, 86, 87, 89, 90, 91, 92, 93, 94, 95, 96, 97, 101, 102, 103, 104, 106, 107, 108, 109, 111, 114, 115, 116, 117, 119, 120, 121, 122, 123, 125, 126, 127, 128, 130, 131, 132, 133, 134, 135, 136, 137, 138, 140, 142, 143, 144, 145, 146, 148, 149, 150, 151, 152, 153, 155, 156, 157, 159, 160, 161, 162, 163, 164, 165, 166, 167, 168, 170, 171, 172, 173, 174, 175, 176, 177, 184, 187, 189, 190, 191, 192, 193, 194, 195, 197, 199, 200, 201, 202, 204, 205, 206, 207, 208, 209, 211, 212, 213, 214, 215, 217, 218, 220, 223, 224, 225, 226, 228, 229, 230, 231, 232, 233, 234, 235, 236, 237, 238, 239, 241, 242, 243, 245, 246, 247, 248, 251, 252, 254, 255, 258, 259, 260, 261, 262, 264, 265, 266, 267, 268, 269, 270, 271, 273, 274, 275, 279, 281, 282, 283, 284, 285, 286, 288, 289, 291, 292, 293, 294, 295, 296]
Linhas de Teste [7, 9, 11, 15, 20, 41, 43, 49, 50, 80, 88, 98, 99, 100, 105, 110, 112, 113, 118, 124, 129, 139, 141, 147, 154, 158, 169, 178, 179, 180, 181, 182, 183, 185, 186, 188, 196, 198, 203, 210, 216, 219, 221, 222, 227, 240, 244, 249, 250, 253, 256, 257, 263, 272, 276, 277, 278, 280, 287, 290]
R2 de Treino = 95.18
R2 de Teste = 94.06

77 / 150  51.33 %
Tempo restante 0:00:08.296158

#################  Rodada 76 / 150  50.67 %
Parâmetros ('EV_CE', 'PRE_CE', 'WAI_CE', 'saz_sin', 'saz_cos')
Linhas de Treino [1, 2, 5, 6, 7, 8, 9, 10, 11, 12, 14, 15, 16, 17, 18, 19, 20, 21, 24, 25, 27, 28, 29, 30, 31, 32, 34, 35, 38, 39, 41, 43, 44, 45, 46, 47, 48, 49, 50, 52, 53, 54, 55, 56, 57, 58, 59, 60, 61, 63, 64, 65, 66, 68, 70, 71, 72, 73, 74, 75, 76, 78, 79, 80, 81, 82, 84, 85, 86, 87, 88, 90, 91, 92, 93, 95, 96, 97, 98, 99, 100, 102, 103, 105, 106, 107, 108, 109, 110, 111, 112, 113, 114, 115, 116, 117, 118, 119, 121, 122, 123, 124, 125, 126, 127, 128, 129, 130, 131, 133, 135, 136, 137, 138, 139, 140, 141, 142, 143, 145, 146, 147, 149, 150, 151, 152, 153, 154, 155, 156, 158, 159, 161, 162, 163, 164, 165, 166, 167, 168, 169, 170, 172, 174, 175, 176, 177, 178, 179, 180, 181, 182, 183, 185, 186, 188, 189, 190, 192, 193, 194, 196, 197, 198, 200, 201, 202, 203, 204, 205, 206, 207, 208, 209, 210, 211, 212, 213, 215, 216, 218, 219, 221, 222, 224, 225, 227, 229, 231, 232, 233, 234, 235, 236, 238, 239, 240, 242, 243, 244, 245, 246, 249, 250, 253, 254, 255, 256, 257, 258, 259, 260, 262, 263, 266, 269, 270, 271, 272, 274, 275, 276, 277, 278, 279, 280, 281, 282, 283, 284, 285, 287, 288, 289, 290, 292, 294]
Linhas de Teste [0, 3, 4, 13, 22, 23, 26, 33, 36, 37, 40, 42, 51, 62, 67, 69, 77, 83, 89, 94, 101, 104, 120, 132, 134, 144, 148, 157, 160, 171, 173, 184, 187, 191, 195, 199, 214, 217, 220, 223, 226, 228, 230, 237, 241, 247, 248, 251, 252, 261, 264, 265, 267, 268, 273, 286, 291, 293, 295, 296]
R2 de Treino = 97.12
R2 de Teste = 97.15

76 / 150  50.67 %
Tempo restante 0:00:08.633580

#################  Rodada 76 / 150  50.67 %
Parâmetros ('EV_MA', 'TST_MA', 'WAI_MA', 'saz_sin', 'saz_cos')
Linhas de Treino [1, 2, 5, 6, 7, 8, 9, 10, 11, 12, 14, 15, 16, 17, 18, 19, 20, 21, 24, 25, 27, 28, 29, 30, 31, 32, 34, 35, 38, 39, 41, 43, 44, 45, 46, 47, 48, 49, 50, 52, 53, 54, 55, 56, 57, 58, 59, 60, 61, 63, 64, 65, 66, 68, 70, 71, 72, 73, 74, 75, 76, 78, 79, 80, 81, 82, 84, 85, 86, 87, 88, 90, 91, 92, 93, 95, 96, 97, 98, 99, 100, 102, 103, 105, 106, 107, 108, 109, 110, 111, 112, 113, 114, 115, 116, 117, 118, 119, 121, 122, 123, 124, 125, 126, 127, 128, 129, 130, 131, 133, 135, 136, 137, 138, 139, 140, 141, 142, 143, 145, 146, 147, 149, 150, 151, 152, 153, 154, 155, 156, 158, 159, 161, 162, 163, 164, 165, 166, 167, 168, 169, 170, 172, 174, 175, 176, 177, 178, 179, 180, 181, 182, 183, 185, 186, 188, 189, 190, 192, 193, 194, 196, 197, 198, 200, 201, 202, 203, 204, 205, 206, 207, 208, 209, 210, 211, 212, 213, 215, 216, 218, 219, 221, 222, 224, 225, 227, 229, 231, 232, 233, 234, 235, 236, 238, 239, 240, 242, 243, 244, 245, 246, 249, 250, 253, 254, 255, 256, 257, 258, 259, 260, 262, 263, 266, 269, 270, 271, 272, 274, 275, 276, 277, 278, 279, 280, 281, 282, 283, 284, 285, 287, 288, 289, 290, 292, 294]
Linhas de Teste [0, 3, 4, 13, 22, 23, 26, 33, 36, 37, 40, 42, 51, 62, 67, 69, 77, 83, 89, 94, 101, 104, 120, 132, 134, 144, 148, 157, 160, 171, 173, 184, 187, 191, 195, 199, 214, 217, 220, 223, 226, 228, 230, 237, 241, 247, 248, 251, 252, 261, 264, 265, 267, 268, 273, 286, 291, 293, 295, 296]
R2 de Treino = 77.33
R2 de Teste = 77.46

76 / 150  50.67 %
Tempo restante 0:00:08.773958

#################  Rodada 78 / 150  52.0 %
Parâmetros ('EV_CA', 'PRE_CA', 'TST_CA', 'saz_sin', 'saz_cos')
Linhas de Treino [0, 3, 4, 5, 6, 7, 9, 10, 11, 12, 13, 15, 16, 17, 18, 20, 22, 23, 24, 25, 26, 27, 28, 31, 32, 33, 34, 35, 36, 37, 38, 40, 41, 42, 43, 44, 45, 46, 47, 48, 49, 50, 51, 52, 53, 54, 57, 60, 61, 62, 63, 67, 68, 69, 70, 71, 72, 73, 75, 77, 80, 83, 84, 86, 87, 88, 89, 92, 93, 94, 96, 97, 98, 99, 100, 101, 102, 103, 104, 105, 106, 107, 108, 109, 110, 111, 112, 113, 114, 116, 117, 118, 120, 121, 123, 124, 125, 126, 127, 128, 129, 130, 132, 133, 134, 136, 137, 139, 140, 141, 142, 143, 144, 146, 147, 148, 149, 151, 154, 155, 156, 157, 158, 159, 160, 161, 163, 164, 166, 167, 169, 170, 171, 173, 174, 175, 176, 177, 178, 179, 180, 181, 182, 183, 184, 185, 186, 187, 188, 189, 190, 191, 192, 194, 195, 196, 198, 199, 200, 201, 202, 203, 204, 205, 206, 207, 208, 210, 212, 213, 214, 216, 217, 219, 220, 221, 222, 223, 224, 225, 226, 227, 228, 229, 230, 231, 233, 234, 237, 238, 239, 240, 241, 244, 245, 246, 247, 248, 249, 250, 251, 252, 253, 254, 256, 257, 259, 260, 261, 262, 263, 264, 265, 267, 268, 270, 272, 273, 274, 275, 276, 277, 278, 280, 281, 282, 283, 284, 285, 286, 287, 289, 290, 291, 292, 293, 295, 296]
Linhas de Teste [1, 2, 8, 14, 19, 21, 29, 30, 39, 55, 56, 58, 59, 64, 65, 66, 74, 76, 78, 79, 81, 82, 85, 90, 91, 95, 115, 119, 122, 131, 135, 138, 145, 150, 152, 153, 162, 165, 168, 172, 193, 197, 209, 211, 215, 218, 232, 235, 236, 242, 243, 255, 258, 266, 269, 271, 279, 288, 294]
R2 de Treino = 95.45
R2 de Teste = 93.15

78 / 150  52.0 %
Tempo restante 0:00:08.154792

#################  Rodada 77 / 150  51.33 %
Parâmetros ('EV_CE', 'PRE_CE', 'WAI_CE', 'saz_sin', 'saz_cos')
Linhas de Treino [0, 1, 2, 3, 4, 5, 6, 8, 10, 12, 13, 14, 16, 17, 18, 19, 21, 22, 23, 24, 25, 26, 27, 28, 29, 30, 31, 32, 33, 34, 35, 36, 37, 38, 39, 40, 42, 44, 45, 46, 47, 48, 51, 52, 53, 54, 55, 56, 57, 58, 59, 60, 61, 62, 63, 64, 65, 66, 67, 68, 69, 70, 71, 72, 73, 74, 75, 76, 77, 78, 79, 81, 82, 83, 84, 85, 86, 87, 89, 90, 91, 92, 93, 94, 95, 96, 97, 101, 102, 103, 104, 106, 107, 108, 109, 111, 114, 115, 116, 117, 119, 120, 121, 122, 123, 125, 126, 127, 128, 130, 131, 132, 133, 134, 135, 136, 137, 138, 140, 142, 143, 144, 145, 146, 148, 149, 150, 151, 152, 153, 155, 156, 157, 159, 160, 161, 162, 163, 164, 165, 166, 167, 168, 170, 171, 172, 173, 174, 175, 176, 177, 184, 187, 189, 190, 191, 192, 193, 194, 195, 197, 199, 200, 201, 202, 204, 205, 206, 207, 208, 209, 211, 212, 213, 214, 215, 217, 218, 220, 223, 224, 225, 226, 228, 229, 230, 231, 232, 233, 234, 235, 236, 237, 238, 239, 241, 242, 243, 245, 246, 247, 248, 251, 252, 254, 255, 258, 259, 260, 261, 262, 264, 265, 266, 267, 268, 269, 270, 271, 273, 274, 275, 279, 281, 282, 283, 284, 285, 286, 288, 289, 291, 292, 293, 294, 295, 296]
Linhas de Teste [7, 9, 11, 15, 20, 41, 43, 49, 50, 80, 88, 98, 99, 100, 105, 110, 112, 113, 118, 124, 129, 139, 141, 147, 154, 158, 169, 178, 179, 180, 181, 182, 183, 185, 186, 188, 196, 198, 203, 210, 216, 219, 221, 222, 227, 240, 244, 249, 250, 253, 256, 257, 263, 272, 276, 277, 278, 280, 287, 290]
R2 de Treino = 97.49
R2 de Teste = 95.52

77 / 150  51.33 %
Tempo restante 0:00:08.183446

#################  Rodada 79 / 150  52.67 %
Parâmetros ('EV_CA', 'PRE_CA', 'TST_CA', 'saz_sin', 'saz_cos')
Linhas de Treino [0, 1, 2, 3, 4, 5, 7, 8, 9, 10, 11, 13, 14, 15, 17, 19, 20, 21, 22, 23, 26, 27, 29, 30, 31, 33, 34, 35, 36, 37, 38, 39, 40, 41, 42, 43, 44, 45, 46, 49, 50, 51, 54, 55, 56, 58, 59, 62, 64, 65, 66, 67, 69, 74, 75, 76, 77, 78, 79, 80, 81, 82, 83, 84, 85, 86, 88, 89, 90, 91, 93, 94, 95, 96, 98, 99, 100, 101, 103, 104, 105, 107, 108, 109, 110, 111, 112, 113, 114, 115, 117, 118, 119, 120, 121, 122, 124, 125, 126, 129, 131, 132, 133, 134, 135, 136, 137, 138, 139, 140, 141, 142, 144, 145, 146, 147, 148, 149, 150, 151, 152, 153, 154, 155, 157, 158, 159, 160, 161, 162, 163, 164, 165, 166, 168, 169, 171, 172, 173, 176, 178, 179, 180, 181, 182, 183, 184, 185, 186, 187, 188, 191, 193, 195, 196, 197, 198, 199, 200, 203, 205, 208, 209, 210, 211, 212, 213, 214, 215, 216, 217, 218, 219, 220, 221, 222, 223, 226, 227, 228, 230, 232, 233, 234, 235, 236, 237, 238, 240, 241, 242, 243, 244, 245, 246, 247, 248, 249, 250, 251, 252, 253, 255, 256, 257, 258, 260, 261, 262, 263, 264, 265, 266, 267, 268, 269, 270, 271, 272, 273, 276, 277, 278, 279, 280, 281, 282, 283, 284, 286, 287, 288, 290, 291, 293, 294, 295, 296]
Linhas de Teste [6, 12, 16, 18, 24, 25, 28, 32, 47, 48, 52, 53, 57, 60, 61, 63, 68, 70, 71, 72, 73, 87, 92, 97, 102, 106, 116, 123, 127, 128, 130, 143, 156, 167, 170, 174, 175, 177, 189, 190, 192, 194, 201, 202, 204, 206, 207, 224, 225, 229, 231, 239, 254, 259, 274, 275, 285, 289, 292]
R2 de Treino = 95.08
R2 de Teste = 94.88

79 / 150  52.67 %
Tempo restante 0:00:07.931268

#################  Rodada 77 / 150  51.33 %
Parâmetros ('EV_MA', 'TST_MA', 'WAI_MA', 'saz_sin', 'saz_cos')
Linhas de Treino [0, 1, 2, 3, 4, 5, 6, 8, 10, 12, 13, 14, 16, 17, 18, 19, 21, 22, 23, 24, 25, 26, 27, 28, 29, 30, 31, 32, 33, 34, 35, 36, 37, 38, 39, 40, 42, 44, 45, 46, 47, 48, 51, 52, 53, 54, 55, 56, 57, 58, 59, 60, 61, 62, 63, 64, 65, 66, 67, 68, 69, 70, 71, 72, 73, 74, 75, 76, 77, 78, 79, 81, 82, 83, 84, 85, 86, 87, 89, 90, 91, 92, 93, 94, 95, 96, 97, 101, 102, 103, 104, 106, 107, 108, 109, 111, 114, 115, 116, 117, 119, 120, 121, 122, 123, 125, 126, 127, 128, 130, 131, 132, 133, 134, 135, 136, 137, 138, 140, 142, 143, 144, 145, 146, 148, 149, 150, 151, 152, 153, 155, 156, 157, 159, 160, 161, 162, 163, 164, 165, 166, 167, 168, 170, 171, 172, 173, 174, 175, 176, 177, 184, 187, 189, 190, 191, 192, 193, 194, 195, 197, 199, 200, 201, 202, 204, 205, 206, 207, 208, 209, 211, 212, 213, 214, 215, 217, 218, 220, 223, 224, 225, 226, 228, 229, 230, 231, 232, 233, 234, 235, 236, 237, 238, 239, 241, 242, 243, 245, 246, 247, 248, 251, 252, 254, 255, 258, 259, 260, 261, 262, 264, 265, 266, 267, 268, 269, 270, 271, 273, 274, 275, 279, 281, 282, 283, 284, 285, 286, 288, 289, 291, 292, 293, 294, 295, 296]
Linhas de Teste [7, 9, 11, 15, 20, 41, 43, 49, 50, 80, 88, 98, 99, 100, 105, 110, 112, 113, 118, 124, 129, 139, 141, 147, 154, 158, 169, 178, 179, 180, 181, 182, 183, 185, 186, 188, 196, 198, 203, 210, 216, 219, 221, 222, 227, 240, 244, 249, 250, 253, 256, 257, 263, 272, 276, 277, 278, 280, 287, 290]
R2 de Treino = 79.72
R2 de Teste = 65.25

77 / 150  51.33 %
Tempo restante 0:00:08.450480

#################  Rodada 78 / 150  52.0 %
Parâmetros ('EV_CE', 'PRE_CE', 'WAI_CE', 'saz_sin', 'saz_cos')
Linhas de Treino [0, 3, 4, 5, 6, 7, 9, 10, 11, 12, 13, 15, 16, 17, 18, 20, 22, 23, 24, 25, 26, 27, 28, 31, 32, 33, 34, 35, 36, 37, 38, 40, 41, 42, 43, 44, 45, 46, 47, 48, 49, 50, 51, 52, 53, 54, 57, 60, 61, 62, 63, 67, 68, 69, 70, 71, 72, 73, 75, 77, 80, 83, 84, 86, 87, 88, 89, 92, 93, 94, 96, 97, 98, 99, 100, 101, 102, 103, 104, 105, 106, 107, 108, 109, 110, 111, 112, 113, 114, 116, 117, 118, 120, 121, 123, 124, 125, 126, 127, 128, 129, 130, 132, 133, 134, 136, 137, 139, 140, 141, 142, 143, 144, 146, 147, 148, 149, 151, 154, 155, 156, 157, 158, 159, 160, 161, 163, 164, 166, 167, 169, 170, 171, 173, 174, 175, 176, 177, 178, 179, 180, 181, 182, 183, 184, 185, 186, 187, 188, 189, 190, 191, 192, 194, 195, 196, 198, 199, 200, 201, 202, 203, 204, 205, 206, 207, 208, 210, 212, 213, 214, 216, 217, 219, 220, 221, 222, 223, 224, 225, 226, 227, 228, 229, 230, 231, 233, 234, 237, 238, 239, 240, 241, 244, 245, 246, 247, 248, 249, 250, 251, 252, 253, 254, 256, 257, 259, 260, 261, 262, 263, 264, 265, 267, 268, 270, 272, 273, 274, 275, 276, 277, 278, 280, 281, 282, 283, 284, 285, 286, 287, 289, 290, 291, 292, 293, 295, 296]
Linhas de Teste [1, 2, 8, 14, 19, 21, 29, 30, 39, 55, 56, 58, 59, 64, 65, 66, 74, 76, 78, 79, 81, 82, 85, 90, 91, 95, 115, 119, 122, 131, 135, 138, 145, 150, 152, 153, 162, 165, 168, 172, 193, 197, 209, 211, 215, 218, 232, 235, 236, 242, 243, 255, 258, 266, 269, 271, 279, 288, 294]
R2 de Treino = 97.3
R2 de Teste = 96.95

78 / 150  52.0 %
Tempo restante 0:00:07.961184

#################  Rodada 80 / 150  53.33 %
Parâmetros ('EV_CA', 'PRE_CA', 'TST_CA', 'saz_sin', 'saz_cos')
Linhas de Treino [0, 1, 2, 3, 4, 6, 7, 8, 9, 11, 12, 13, 14, 15, 16, 18, 19, 20, 21, 22, 23, 24, 25, 26, 28, 29, 30, 32, 33, 36, 37, 39, 40, 41, 42, 43, 47, 48, 49, 50, 51, 52, 53, 55, 56, 57, 58, 59, 60, 61, 62, 63, 64, 65, 66, 67, 68, 69, 70, 71, 72, 73, 74, 76, 77, 78, 79, 80, 81, 82, 83, 85, 87, 88, 89, 90, 91, 92, 94, 95, 97, 98, 99, 100, 101, 102, 104, 105, 106, 110, 112, 113, 115, 116, 118, 119, 120, 122, 123, 124, 127, 128, 129, 130, 131, 132, 134, 135, 138, 139, 141, 143, 144, 145, 147, 148, 150, 152, 153, 154, 156, 157, 158, 160, 162, 165, 167, 168, 169, 170, 171, 172, 173, 174, 175, 177, 178, 179, 180, 181, 182, 183, 184, 185, 186, 187, 188, 189, 190, 191, 192, 193, 194, 195, 196, 197, 198, 199, 201, 202, 203, 204, 206, 207, 209, 210, 211, 214, 215, 216, 217, 218, 219, 220, 221, 222, 223, 224, 225, 226, 227, 228, 229, 230, 231, 232, 235, 236, 237, 239, 240, 241, 242, 243, 244, 247, 248, 249, 250, 251, 252, 253, 254, 255, 256, 257, 258, 259, 261, 263, 264, 265, 266, 267, 268, 269, 271, 272, 273, 274, 275, 276, 277, 278, 279, 280, 285, 286, 287, 288, 289, 290, 291, 292, 293, 294, 295, 296]
Linhas de Teste [5, 10, 17, 27, 31, 34, 35, 38, 44, 45, 46, 54, 75, 84, 86, 93, 96, 103, 107, 108, 109, 111, 114, 117, 121, 125, 126, 133, 136, 137, 140, 142, 146, 149, 151, 155, 159, 161, 163, 164, 166, 176, 200, 205, 208, 212, 213, 233, 234, 238, 245, 246, 260, 262, 270, 281, 282, 283, 284]
R2 de Treino = 95.1
R2 de Teste = 94.89

80 / 150  53.33 %
Tempo restante 0:00:07.760340

#################  Rodada 78 / 150  52.0 %
Parâmetros ('EV_MA', 'TST_MA', 'WAI_MA', 'saz_sin', 'saz_cos')
Linhas de Treino [0, 3, 4, 5, 6, 7, 9, 10, 11, 12, 13, 15, 16, 17, 18, 20, 22, 23, 24, 25, 26, 27, 28, 31, 32, 33, 34, 35, 36, 37, 38, 40, 41, 42, 43, 44, 45, 46, 47, 48, 49, 50, 51, 52, 53, 54, 57, 60, 61, 62, 63, 67, 68, 69, 70, 71, 72, 73, 75, 77, 80, 83, 84, 86, 87, 88, 89, 92, 93, 94, 96, 97, 98, 99, 100, 101, 102, 103, 104, 105, 106, 107, 108, 109, 110, 111, 112, 113, 114, 116, 117, 118, 120, 121, 123, 124, 125, 126, 127, 128, 129, 130, 132, 133, 134, 136, 137, 139, 140, 141, 142, 143, 144, 146, 147, 148, 149, 151, 154, 155, 156, 157, 158, 159, 160, 161, 163, 164, 166, 167, 169, 170, 171, 173, 174, 175, 176, 177, 178, 179, 180, 181, 182, 183, 184, 185, 186, 187, 188, 189, 190, 191, 192, 194, 195, 196, 198, 199, 200, 201, 202, 203, 204, 205, 206, 207, 208, 210, 212, 213, 214, 216, 217, 219, 220, 221, 222, 223, 224, 225, 226, 227, 228, 229, 230, 231, 233, 234, 237, 238, 239, 240, 241, 244, 245, 246, 247, 248, 249, 250, 251, 252, 253, 254, 256, 257, 259, 260, 261, 262, 263, 264, 265, 267, 268, 270, 272, 273, 274, 275, 276, 277, 278, 280, 281, 282, 283, 284, 285, 286, 287, 289, 290, 291, 292, 293, 295, 296]
Linhas de Teste [1, 2, 8, 14, 19, 21, 29, 30, 39, 55, 56, 58, 59, 64, 65, 66, 74, 76, 78, 79, 81, 82, 85, 90, 91, 95, 115, 119, 122, 131, 135, 138, 145, 150, 152, 153, 162, 165, 168, 172, 193, 197, 209, 211, 215, 218, 232, 235, 236, 242, 243, 255, 258, 266, 269, 271, 279, 288, 294]
R2 de Treino = 79.54
R2 de Teste = 71.76

78 / 150  52.0 %
Tempo restante 0:00:08.213904

#################  Rodada 79 / 150  52.67 %
Parâmetros ('EV_CE', 'PRE_CE', 'WAI_CE', 'saz_sin', 'saz_cos')
Linhas de Treino [0, 1, 2, 3, 4, 5, 7, 8, 9, 10, 11, 13, 14, 15, 17, 19, 20, 21, 22, 23, 26, 27, 29, 30, 31, 33, 34, 35, 36, 37, 38, 39, 40, 41, 42, 43, 44, 45, 46, 49, 50, 51, 54, 55, 56, 58, 59, 62, 64, 65, 66, 67, 69, 74, 75, 76, 77, 78, 79, 80, 81, 82, 83, 84, 85, 86, 88, 89, 90, 91, 93, 94, 95, 96, 98, 99, 100, 101, 103, 104, 105, 107, 108, 109, 110, 111, 112, 113, 114, 115, 117, 118, 119, 120, 121, 122, 124, 125, 126, 129, 131, 132, 133, 134, 135, 136, 137, 138, 139, 140, 141, 142, 144, 145, 146, 147, 148, 149, 150, 151, 152, 153, 154, 155, 157, 158, 159, 160, 161, 162, 163, 164, 165, 166, 168, 169, 171, 172, 173, 176, 178, 179, 180, 181, 182, 183, 184, 185, 186, 187, 188, 191, 193, 195, 196, 197, 198, 199, 200, 203, 205, 208, 209, 210, 211, 212, 213, 214, 215, 216, 217, 218, 219, 220, 221, 222, 223, 226, 227, 228, 230, 232, 233, 234, 235, 236, 237, 238, 240, 241, 242, 243, 244, 245, 246, 247, 248, 249, 250, 251, 252, 253, 255, 256, 257, 258, 260, 261, 262, 263, 264, 265, 266, 267, 268, 269, 270, 271, 272, 273, 276, 277, 278, 279, 280, 281, 282, 283, 284, 286, 287, 288, 290, 291, 293, 294, 295, 296]
Linhas de Teste [6, 12, 16, 18, 24, 25, 28, 32, 47, 48, 52, 53, 57, 60, 61, 63, 68, 70, 71, 72, 73, 87, 92, 97, 102, 106, 116, 123, 127, 128, 130, 143, 156, 167, 170, 174, 175, 177, 189, 190, 192, 194, 201, 202, 204, 206, 207, 224, 225, 229, 231, 239, 254, 259, 274, 275, 285, 289, 292]
R2 de Treino = 97.23
R2 de Teste = 96.81

79 / 150  52.67 %
Tempo restante 0:00:08.002623

#################  Rodada 81 / 150  54.0 %
Parâmetros ('EV_CA', 'PRE_CA', 'TST_CA', 'saz_sin', 'saz_cos')
Linhas de Treino [1, 2, 3, 6, 7, 8, 9, 10, 11, 12, 13, 14, 16, 17, 18, 19, 20, 21, 22, 23, 24, 25, 26, 27, 28, 30, 31, 33, 35, 36, 37, 38, 39, 41, 42, 43, 44, 45, 47, 48, 49, 50, 51, 52, 54, 55, 56, 57, 58, 59, 60, 61, 62, 63, 64, 65, 66, 67, 68, 70, 71, 72, 73, 74, 76, 79, 81, 82, 83, 84, 85, 86, 87, 88, 89, 90, 92, 93, 94, 95, 97, 100, 101, 103, 106, 107, 109, 110, 111, 112, 113, 114, 115, 116, 117, 118, 119, 120, 122, 123, 124, 125, 126, 127, 128, 130, 131, 132, 137, 138, 139, 140, 141, 142, 143, 144, 145, 147, 148, 149, 150, 151, 152, 153, 154, 155, 156, 157, 159, 160, 162, 163, 165, 166, 167, 168, 169, 170, 171, 173, 174, 175, 176, 177, 178, 179, 181, 182, 183, 184, 185, 186, 187, 188, 190, 191, 192, 193, 194, 195, 196, 197, 198, 199, 201, 202, 203, 204, 205, 206, 207, 208, 209, 210, 211, 212, 213, 214, 215, 217, 218, 219, 220, 221, 222, 223, 225, 227, 228, 229, 230, 231, 232, 233, 234, 235, 236, 238, 241, 242, 243, 244, 245, 246, 247, 248, 249, 251, 252, 255, 256, 257, 258, 259, 260, 261, 266, 267, 268, 271, 272, 273, 275, 276, 278, 279, 280, 281, 283, 284, 285, 286, 287, 291, 294, 295, 296]
Linhas de Teste [0, 4, 5, 15, 29, 32, 34, 40, 46, 53, 69, 75, 77, 78, 80, 91, 96, 98, 99, 102, 104, 105, 108, 121, 129, 133, 134, 135, 136, 146, 158, 161, 164, 172, 180, 189, 200, 216, 224, 226, 237, 239, 240, 250, 253, 254, 262, 263, 264, 265, 269, 270, 274, 277, 282, 288, 289, 290, 292, 293]
R2 de Treino = 95.32
R2 de Teste = 93.3

81 / 150  54.0 %
Tempo restante 0:00:07.673559

#################  Rodada 79 / 150  52.67 %
Parâmetros ('EV_MA', 'TST_MA', 'WAI_MA', 'saz_sin', 'saz_cos')
Linhas de Treino [0, 1, 2, 3, 4, 5, 7, 8, 9, 10, 11, 13, 14, 15, 17, 19, 20, 21, 22, 23, 26, 27, 29, 30, 31, 33, 34, 35, 36, 37, 38, 39, 40, 41, 42, 43, 44, 45, 46, 49, 50, 51, 54, 55, 56, 58, 59, 62, 64, 65, 66, 67, 69, 74, 75, 76, 77, 78, 79, 80, 81, 82, 83, 84, 85, 86, 88, 89, 90, 91, 93, 94, 95, 96, 98, 99, 100, 101, 103, 104, 105, 107, 108, 109, 110, 111, 112, 113, 114, 115, 117, 118, 119, 120, 121, 122, 124, 125, 126, 129, 131, 132, 133, 134, 135, 136, 137, 138, 139, 140, 141, 142, 144, 145, 146, 147, 148, 149, 150, 151, 152, 153, 154, 155, 157, 158, 159, 160, 161, 162, 163, 164, 165, 166, 168, 169, 171, 172, 173, 176, 178, 179, 180, 181, 182, 183, 184, 185, 186, 187, 188, 191, 193, 195, 196, 197, 198, 199, 200, 203, 205, 208, 209, 210, 211, 212, 213, 214, 215, 216, 217, 218, 219, 220, 221, 222, 223, 226, 227, 228, 230, 232, 233, 234, 235, 236, 237, 238, 240, 241, 242, 243, 244, 245, 246, 247, 248, 249, 250, 251, 252, 253, 255, 256, 257, 258, 260, 261, 262, 263, 264, 265, 266, 267, 268, 269, 270, 271, 272, 273, 276, 277, 278, 279, 280, 281, 282, 283, 284, 286, 287, 288, 290, 291, 293, 294, 295, 296]
Linhas de Teste [6, 12, 16, 18, 24, 25, 28, 32, 47, 48, 52, 53, 57, 60, 61, 63, 68, 70, 71, 72, 73, 87, 92, 97, 102, 106, 116, 123, 127, 128, 130, 143, 156, 167, 170, 174, 175, 177, 189, 190, 192, 194, 201, 202, 204, 206, 207, 224, 225, 229, 231, 239, 254, 259, 274, 275, 285, 289, 292]
R2 de Treino = 78.1
R2 de Teste = 75.98

79 / 150  52.67 %
Tempo restante 0:00:08.295214

#################  Rodada 80 / 150  53.33 %
Parâmetros ('EV_CE', 'PRE_CE', 'WAI_CE', 'saz_sin', 'saz_cos')
Linhas de Treino [0, 1, 2, 3, 4, 6, 7, 8, 9, 11, 12, 13, 14, 15, 16, 18, 19, 20, 21, 22, 23, 24, 25, 26, 28, 29, 30, 32, 33, 36, 37, 39, 40, 41, 42, 43, 47, 48, 49, 50, 51, 52, 53, 55, 56, 57, 58, 59, 60, 61, 62, 63, 64, 65, 66, 67, 68, 69, 70, 71, 72, 73, 74, 76, 77, 78, 79, 80, 81, 82, 83, 85, 87, 88, 89, 90, 91, 92, 94, 95, 97, 98, 99, 100, 101, 102, 104, 105, 106, 110, 112, 113, 115, 116, 118, 119, 120, 122, 123, 124, 127, 128, 129, 130, 131, 132, 134, 135, 138, 139, 141, 143, 144, 145, 147, 148, 150, 152, 153, 154, 156, 157, 158, 160, 162, 165, 167, 168, 169, 170, 171, 172, 173, 174, 175, 177, 178, 179, 180, 181, 182, 183, 184, 185, 186, 187, 188, 189, 190, 191, 192, 193, 194, 195, 196, 197, 198, 199, 201, 202, 203, 204, 206, 207, 209, 210, 211, 214, 215, 216, 217, 218, 219, 220, 221, 222, 223, 224, 225, 226, 227, 228, 229, 230, 231, 232, 235, 236, 237, 239, 240, 241, 242, 243, 244, 247, 248, 249, 250, 251, 252, 253, 254, 255, 256, 257, 258, 259, 261, 263, 264, 265, 266, 267, 268, 269, 271, 272, 273, 274, 275, 276, 277, 278, 279, 280, 285, 286, 287, 288, 289, 290, 291, 292, 293, 294, 295, 296]
Linhas de Teste [5, 10, 17, 27, 31, 34, 35, 38, 44, 45, 46, 54, 75, 84, 86, 93, 96, 103, 107, 108, 109, 111, 114, 117, 121, 125, 126, 133, 136, 137, 140, 142, 146, 149, 151, 155, 159, 161, 163, 164, 166, 176, 200, 205, 208, 212, 213, 233, 234, 238, 245, 246, 260, 262, 270, 281, 282, 283, 284]
R2 de Treino = 97.19
R2 de Teste = 96.9

80 / 150  53.33 %
Tempo restante 0:00:07.846020

#################  Rodada 82 / 150  54.67 %
Parâmetros ('EV_CA', 'PRE_CA', 'TST_CA', 'saz_sin', 'saz_cos')
Linhas de Treino [0, 2, 3, 4, 5, 6, 7, 10, 11, 12, 13, 14, 15, 16, 18, 19, 20, 22, 24, 25, 26, 27, 28, 29, 31, 32, 33, 34, 35, 36, 37, 39, 40, 41, 42, 44, 46, 47, 49, 50, 51, 52, 53, 54, 55, 56, 57, 58, 60, 61, 63, 64, 65, 67, 69, 70, 71, 72, 73, 74, 75, 77, 78, 80, 82, 83, 85, 86, 87, 88, 89, 90, 91, 92, 93, 94, 96, 97, 98, 99, 101, 102, 103, 104, 105, 107, 108, 109, 111, 112, 113, 115, 116, 117, 118, 119, 120, 121, 123, 124, 125, 126, 127, 129, 130, 131, 132, 133, 134, 135, 136, 137, 138, 139, 141, 142, 143, 145, 146, 147, 148, 149, 150, 152, 154, 155, 156, 157, 158, 160, 161, 162, 164, 165, 166, 167, 168, 169, 170, 171, 172, 173, 174, 175, 176, 177, 180, 181, 182, 183, 185, 186, 187, 188, 189, 190, 191, 192, 193, 194, 195, 196, 197, 200, 201, 202, 203, 206, 207, 209, 210, 211, 213, 214, 216, 217, 218, 219, 221, 222, 224, 225, 226, 227, 228, 230, 231, 233, 234, 236, 237, 238, 239, 240, 241, 243, 245, 247, 248, 250, 251, 252, 253, 254, 255, 256, 257, 258, 261, 262, 263, 264, 265, 266, 267, 268, 269, 270, 272, 273, 274, 275, 277, 278, 280, 282, 284, 285, 286, 287, 288, 289, 290, 292, 293, 295, 296]
Linhas de Teste [1, 8, 9, 17, 21, 23, 30, 38, 43, 45, 48, 59, 62, 66, 68, 76, 79, 81, 84, 95, 100, 106, 110, 114, 122, 128, 140, 144, 151, 153, 159, 163, 178, 179, 184, 198, 199, 204, 205, 208, 212, 215, 220, 223, 229, 232, 235, 242, 244, 246, 249, 259, 260, 271, 276, 279, 281, 283, 291, 294]
R2 de Treino = 95.35
R2 de Teste = 92.97

82 / 150  54.67 %
Tempo restante 0:00:07.606684

#################  Rodada 80 / 150  53.33 %
Parâmetros ('EV_MA', 'TST_MA', 'WAI_MA', 'saz_sin', 'saz_cos')
Linhas de Treino [0, 1, 2, 3, 4, 6, 7, 8, 9, 11, 12, 13, 14, 15, 16, 18, 19, 20, 21, 22, 23, 24, 25, 26, 28, 29, 30, 32, 33, 36, 37, 39, 40, 41, 42, 43, 47, 48, 49, 50, 51, 52, 53, 55, 56, 57, 58, 59, 60, 61, 62, 63, 64, 65, 66, 67, 68, 69, 70, 71, 72, 73, 74, 76, 77, 78, 79, 80, 81, 82, 83, 85, 87, 88, 89, 90, 91, 92, 94, 95, 97, 98, 99, 100, 101, 102, 104, 105, 106, 110, 112, 113, 115, 116, 118, 119, 120, 122, 123, 124, 127, 128, 129, 130, 131, 132, 134, 135, 138, 139, 141, 143, 144, 145, 147, 148, 150, 152, 153, 154, 156, 157, 158, 160, 162, 165, 167, 168, 169, 170, 171, 172, 173, 174, 175, 177, 178, 179, 180, 181, 182, 183, 184, 185, 186, 187, 188, 189, 190, 191, 192, 193, 194, 195, 196, 197, 198, 199, 201, 202, 203, 204, 206, 207, 209, 210, 211, 214, 215, 216, 217, 218, 219, 220, 221, 222, 223, 224, 225, 226, 227, 228, 229, 230, 231, 232, 235, 236, 237, 239, 240, 241, 242, 243, 244, 247, 248, 249, 250, 251, 252, 253, 254, 255, 256, 257, 258, 259, 261, 263, 264, 265, 266, 267, 268, 269, 271, 272, 273, 274, 275, 276, 277, 278, 279, 280, 285, 286, 287, 288, 289, 290, 291, 292, 293, 294, 295, 296]
Linhas de Teste [5, 10, 17, 27, 31, 34, 35, 38, 44, 45, 46, 54, 75, 84, 86, 93, 96, 103, 107, 108, 109, 111, 114, 117, 121, 125, 126, 133, 136, 137, 140, 142, 146, 149, 151, 155, 159, 161, 163, 164, 166, 176, 200, 205, 208, 212, 213, 233, 234, 238, 245, 246, 260, 262, 270, 281, 282, 283, 284]
R2 de Treino = 79.3
R2 de Teste = 74.29

80 / 150  53.33 %
Tempo restante 0:00:08.352890

#################  Rodada 81 / 150  54.0 %
Parâmetros ('EV_CE', 'PRE_CE', 'WAI_CE', 'saz_sin', 'saz_cos')
Linhas de Treino [1, 2, 3, 6, 7, 8, 9, 10, 11, 12, 13, 14, 16, 17, 18, 19, 20, 21, 22, 23, 24, 25, 26, 27, 28, 30, 31, 33, 35, 36, 37, 38, 39, 41, 42, 43, 44, 45, 47, 48, 49, 50, 51, 52, 54, 55, 56, 57, 58, 59, 60, 61, 62, 63, 64, 65, 66, 67, 68, 70, 71, 72, 73, 74, 76, 79, 81, 82, 83, 84, 85, 86, 87, 88, 89, 90, 92, 93, 94, 95, 97, 100, 101, 103, 106, 107, 109, 110, 111, 112, 113, 114, 115, 116, 117, 118, 119, 120, 122, 123, 124, 125, 126, 127, 128, 130, 131, 132, 137, 138, 139, 140, 141, 142, 143, 144, 145, 147, 148, 149, 150, 151, 152, 153, 154, 155, 156, 157, 159, 160, 162, 163, 165, 166, 167, 168, 169, 170, 171, 173, 174, 175, 176, 177, 178, 179, 181, 182, 183, 184, 185, 186, 187, 188, 190, 191, 192, 193, 194, 195, 196, 197, 198, 199, 201, 202, 203, 204, 205, 206, 207, 208, 209, 210, 211, 212, 213, 214, 215, 217, 218, 219, 220, 221, 222, 223, 225, 227, 228, 229, 230, 231, 232, 233, 234, 235, 236, 238, 241, 242, 243, 244, 245, 246, 247, 248, 249, 251, 252, 255, 256, 257, 258, 259, 260, 261, 266, 267, 268, 271, 272, 273, 275, 276, 278, 279, 280, 281, 283, 284, 285, 286, 287, 291, 294, 295, 296]
Linhas de Teste [0, 4, 5, 15, 29, 32, 34, 40, 46, 53, 69, 75, 77, 78, 80, 91, 96, 98, 99, 102, 104, 105, 108, 121, 129, 133, 134, 135, 136, 146, 158, 161, 164, 172, 180, 189, 200, 216, 224, 226, 237, 239, 240, 250, 253, 254, 262, 263, 264, 265, 269, 270, 274, 277, 282, 288, 289, 290, 292, 293]
R2 de Treino = 97.32
R2 de Teste = 96.37

81 / 150  54.0 %
Tempo restante 0:00:07.808316

#################  Rodada 83 / 150  55.33 %
Parâmetros ('EV_CA', 'PRE_CA', 'TST_CA', 'saz_sin', 'saz_cos')
Linhas de Treino [0, 1, 2, 3, 4, 5, 8, 9, 11, 12, 13, 15, 17, 18, 19, 20, 21, 23, 24, 26, 27, 28, 29, 30, 31, 32, 34, 35, 36, 37, 38, 39, 40, 42, 43, 45, 46, 47, 48, 49, 50, 53, 54, 58, 59, 60, 62, 63, 64, 65, 66, 67, 68, 69, 70, 73, 74, 75, 76, 77, 78, 79, 80, 81, 82, 84, 85, 86, 88, 89, 90, 91, 92, 93, 95, 96, 98, 99, 100, 102, 103, 104, 105, 106, 108, 109, 110, 111, 112, 113, 114, 117, 118, 119, 121, 122, 124, 128, 129, 130, 131, 132, 133, 134, 135, 136, 137, 138, 139, 140, 141, 142, 144, 145, 146, 147, 148, 149, 151, 152, 153, 154, 155, 158, 159, 160, 161, 162, 163, 164, 165, 168, 169, 170, 171, 172, 173, 174, 175, 176, 177, 178, 179, 180, 181, 182, 183, 184, 186, 187, 188, 189, 190, 192, 196, 198, 199, 200, 201, 202, 203, 204, 205, 206, 207, 208, 209, 210, 211, 212, 214, 215, 216, 217, 220, 221, 223, 224, 226, 229, 231, 232, 234, 235, 237, 238, 239, 240, 241, 242, 244, 245, 246, 248, 249, 250, 251, 252, 253, 254, 255, 258, 259, 260, 261, 262, 263, 264, 265, 267, 268, 269, 270, 271, 272, 274, 275, 276, 277, 278, 279, 280, 281, 282, 283, 284, 285, 286, 287, 288, 289, 290, 291, 292, 293, 294, 295, 296]
Linhas de Teste [6, 7, 10, 14, 16, 22, 25, 33, 41, 44, 51, 52, 55, 56, 57, 61, 71, 72, 83, 87, 94, 97, 101, 107, 115, 116, 120, 123, 125, 126, 127, 143, 150, 156, 157, 166, 167, 185, 191, 193, 194, 195, 197, 213, 218, 219, 222, 225, 227, 228, 230, 233, 236, 243, 247, 256, 257, 266, 273]
R2 de Treino = 95.34
R2 de Teste = 93.9

83 / 150  55.33 %
Tempo restante 0:00:07.509628

#################  Rodada 81 / 150  54.0 %
Parâmetros ('EV_MA', 'TST_MA', 'WAI_MA', 'saz_sin', 'saz_cos')
Linhas de Treino [1, 2, 3, 6, 7, 8, 9, 10, 11, 12, 13, 14, 16, 17, 18, 19, 20, 21, 22, 23, 24, 25, 26, 27, 28, 30, 31, 33, 35, 36, 37, 38, 39, 41, 42, 43, 44, 45, 47, 48, 49, 50, 51, 52, 54, 55, 56, 57, 58, 59, 60, 61, 62, 63, 64, 65, 66, 67, 68, 70, 71, 72, 73, 74, 76, 79, 81, 82, 83, 84, 85, 86, 87, 88, 89, 90, 92, 93, 94, 95, 97, 100, 101, 103, 106, 107, 109, 110, 111, 112, 113, 114, 115, 116, 117, 118, 119, 120, 122, 123, 124, 125, 126, 127, 128, 130, 131, 132, 137, 138, 139, 140, 141, 142, 143, 144, 145, 147, 148, 149, 150, 151, 152, 153, 154, 155, 156, 157, 159, 160, 162, 163, 165, 166, 167, 168, 169, 170, 171, 173, 174, 175, 176, 177, 178, 179, 181, 182, 183, 184, 185, 186, 187, 188, 190, 191, 192, 193, 194, 195, 196, 197, 198, 199, 201, 202, 203, 204, 205, 206, 207, 208, 209, 210, 211, 212, 213, 214, 215, 217, 218, 219, 220, 221, 222, 223, 225, 227, 228, 229, 230, 231, 232, 233, 234, 235, 236, 238, 241, 242, 243, 244, 245, 246, 247, 248, 249, 251, 252, 255, 256, 257, 258, 259, 260, 261, 266, 267, 268, 271, 272, 273, 275, 276, 278, 279, 280, 281, 283, 284, 285, 286, 287, 291, 294, 295, 296]
Linhas de Teste [0, 4, 5, 15, 29, 32, 34, 40, 46, 53, 69, 75, 77, 78, 80, 91, 96, 98, 99, 102, 104, 105, 108, 121, 129, 133, 134, 135, 136, 146, 158, 161, 164, 172, 180, 189, 200, 216, 224, 226, 237, 239, 240, 250, 253, 254, 262, 263, 264, 265, 269, 270, 274, 277, 282, 288, 289, 290, 292, 293]
R2 de Treino = 78.44
R2 de Teste = 78.98

81 / 150  54.0 %
Tempo restante 0:00:08.253711

#################  Rodada 82 / 150  54.67 %
Parâmetros ('EV_CE', 'PRE_CE', 'WAI_CE', 'saz_sin', 'saz_cos')
Linhas de Treino [0, 2, 3, 4, 5, 6, 7, 10, 11, 12, 13, 14, 15, 16, 18, 19, 20, 22, 24, 25, 26, 27, 28, 29, 31, 32, 33, 34, 35, 36, 37, 39, 40, 41, 42, 44, 46, 47, 49, 50, 51, 52, 53, 54, 55, 56, 57, 58, 60, 61, 63, 64, 65, 67, 69, 70, 71, 72, 73, 74, 75, 77, 78, 80, 82, 83, 85, 86, 87, 88, 89, 90, 91, 92, 93, 94, 96, 97, 98, 99, 101, 102, 103, 104, 105, 107, 108, 109, 111, 112, 113, 115, 116, 117, 118, 119, 120, 121, 123, 124, 125, 126, 127, 129, 130, 131, 132, 133, 134, 135, 136, 137, 138, 139, 141, 142, 143, 145, 146, 147, 148, 149, 150, 152, 154, 155, 156, 157, 158, 160, 161, 162, 164, 165, 166, 167, 168, 169, 170, 171, 172, 173, 174, 175, 176, 177, 180, 181, 182, 183, 185, 186, 187, 188, 189, 190, 191, 192, 193, 194, 195, 196, 197, 200, 201, 202, 203, 206, 207, 209, 210, 211, 213, 214, 216, 217, 218, 219, 221, 222, 224, 225, 226, 227, 228, 230, 231, 233, 234, 236, 237, 238, 239, 240, 241, 243, 245, 247, 248, 250, 251, 252, 253, 254, 255, 256, 257, 258, 261, 262, 263, 264, 265, 266, 267, 268, 269, 270, 272, 273, 274, 275, 277, 278, 280, 282, 284, 285, 286, 287, 288, 289, 290, 292, 293, 295, 296]
Linhas de Teste [1, 8, 9, 17, 21, 23, 30, 38, 43, 45, 48, 59, 62, 66, 68, 76, 79, 81, 84, 95, 100, 106, 110, 114, 122, 128, 140, 144, 151, 153, 159, 163, 178, 179, 184, 198, 199, 204, 205, 208, 212, 215, 220, 223, 229, 232, 235, 242, 244, 246, 249, 259, 260, 271, 276, 279, 281, 283, 291, 294]
R2 de Treino = 97.27
R2 de Teste = 96.55

82 / 150  54.67 %
Tempo restante 0:00:07.833872

#################  Rodada 84 / 150  56.0 %
Parâmetros ('EV_CA', 'PRE_CA', 'TST_CA', 'saz_sin', 'saz_cos')
Linhas de Treino [0, 1, 2, 4, 5, 6, 7, 8, 9, 10, 11, 13, 14, 15, 16, 17, 18, 21, 22, 23, 24, 25, 26, 27, 28, 29, 30, 32, 33, 34, 37, 38, 40, 41, 43, 44, 45, 46, 47, 48, 49, 50, 51, 52, 53, 55, 56, 57, 58, 59, 60, 61, 62, 66, 67, 68, 69, 71, 72, 73, 75, 76, 77, 78, 79, 80, 81, 83, 84, 85, 87, 90, 91, 94, 95, 96, 97, 98, 99, 100, 101, 102, 104, 105, 106, 107, 108, 109, 110, 112, 113, 114, 115, 116, 120, 121, 122, 123, 124, 125, 126, 127, 128, 129, 131, 132, 133, 134, 135, 136, 137, 138, 139, 140, 142, 143, 144, 146, 148, 150, 151, 152, 153, 156, 157, 158, 159, 161, 162, 163, 164, 165, 166, 167, 169, 170, 172, 175, 178, 179, 180, 181, 182, 184, 185, 186, 189, 190, 191, 193, 194, 195, 196, 197, 198, 199, 200, 202, 204, 205, 206, 207, 208, 210, 211, 212, 213, 215, 216, 218, 219, 220, 222, 223, 224, 225, 226, 227, 228, 229, 230, 232, 233, 234, 235, 236, 237, 239, 240, 242, 243, 244, 245, 246, 247, 249, 250, 252, 253, 254, 255, 256, 257, 259, 260, 261, 262, 263, 264, 265, 266, 267, 268, 269, 270, 271, 272, 273, 274, 275, 276, 277, 278, 279, 280, 281, 282, 283, 286, 287, 288, 289, 290, 291, 292, 293, 294, 295]
Linhas de Teste [3, 12, 19, 20, 31, 35, 36, 39, 42, 54, 63, 64, 65, 70, 74, 82, 86, 88, 89, 92, 93, 103, 111, 117, 118, 119, 130, 141, 145, 147, 149, 154, 155, 160, 168, 171, 173, 174, 176, 177, 183, 187, 188, 192, 201, 203, 209, 214, 217, 221, 231, 238, 241, 248, 251, 258, 284, 285, 296]
R2 de Treino = 94.59
R2 de Teste = 96.57

84 / 150  56.0 %
Tempo restante 0:00:07.370814

#################  Rodada 82 / 150  54.67 %
Parâmetros ('EV_MA', 'TST_MA', 'WAI_MA', 'saz_sin', 'saz_cos')
Linhas de Treino [0, 2, 3, 4, 5, 6, 7, 10, 11, 12, 13, 14, 15, 16, 18, 19, 20, 22, 24, 25, 26, 27, 28, 29, 31, 32, 33, 34, 35, 36, 37, 39, 40, 41, 42, 44, 46, 47, 49, 50, 51, 52, 53, 54, 55, 56, 57, 58, 60, 61, 63, 64, 65, 67, 69, 70, 71, 72, 73, 74, 75, 77, 78, 80, 82, 83, 85, 86, 87, 88, 89, 90, 91, 92, 93, 94, 96, 97, 98, 99, 101, 102, 103, 104, 105, 107, 108, 109, 111, 112, 113, 115, 116, 117, 118, 119, 120, 121, 123, 124, 125, 126, 127, 129, 130, 131, 132, 133, 134, 135, 136, 137, 138, 139, 141, 142, 143, 145, 146, 147, 148, 149, 150, 152, 154, 155, 156, 157, 158, 160, 161, 162, 164, 165, 166, 167, 168, 169, 170, 171, 172, 173, 174, 175, 176, 177, 180, 181, 182, 183, 185, 186, 187, 188, 189, 190, 191, 192, 193, 194, 195, 196, 197, 200, 201, 202, 203, 206, 207, 209, 210, 211, 213, 214, 216, 217, 218, 219, 221, 222, 224, 225, 226, 227, 228, 230, 231, 233, 234, 236, 237, 238, 239, 240, 241, 243, 245, 247, 248, 250, 251, 252, 253, 254, 255, 256, 257, 258, 261, 262, 263, 264, 265, 266, 267, 268, 269, 270, 272, 273, 274, 275, 277, 278, 280, 282, 284, 285, 286, 287, 288, 289, 290, 292, 293, 295, 296]
Linhas de Teste [1, 8, 9, 17, 21, 23, 30, 38, 43, 45, 48, 59, 62, 66, 68, 76, 79, 81, 84, 95, 100, 106, 110, 114, 122, 128, 140, 144, 151, 153, 159, 163, 178, 179, 184, 198, 199, 204, 205, 208, 212, 215, 220, 223, 229, 232, 235, 242, 244, 246, 249, 259, 260, 271, 276, 279, 281, 283, 291, 294]
R2 de Treino = 78.64
R2 de Teste = 71.1

82 / 150  54.67 %
Tempo restante 0:00:07.915676

#################  Rodada 83 / 150  55.33 %
Parâmetros ('EV_CE', 'PRE_CE', 'WAI_CE', 'saz_sin', 'saz_cos')
Linhas de Treino [0, 1, 2, 3, 4, 5, 8, 9, 11, 12, 13, 15, 17, 18, 19, 20, 21, 23, 24, 26, 27, 28, 29, 30, 31, 32, 34, 35, 36, 37, 38, 39, 40, 42, 43, 45, 46, 47, 48, 49, 50, 53, 54, 58, 59, 60, 62, 63, 64, 65, 66, 67, 68, 69, 70, 73, 74, 75, 76, 77, 78, 79, 80, 81, 82, 84, 85, 86, 88, 89, 90, 91, 92, 93, 95, 96, 98, 99, 100, 102, 103, 104, 105, 106, 108, 109, 110, 111, 112, 113, 114, 117, 118, 119, 121, 122, 124, 128, 129, 130, 131, 132, 133, 134, 135, 136, 137, 138, 139, 140, 141, 142, 144, 145, 146, 147, 148, 149, 151, 152, 153, 154, 155, 158, 159, 160, 161, 162, 163, 164, 165, 168, 169, 170, 171, 172, 173, 174, 175, 176, 177, 178, 179, 180, 181, 182, 183, 184, 186, 187, 188, 189, 190, 192, 196, 198, 199, 200, 201, 202, 203, 204, 205, 206, 207, 208, 209, 210, 211, 212, 214, 215, 216, 217, 220, 221, 223, 224, 226, 229, 231, 232, 234, 235, 237, 238, 239, 240, 241, 242, 244, 245, 246, 248, 249, 250, 251, 252, 253, 254, 255, 258, 259, 260, 261, 262, 263, 264, 265, 267, 268, 269, 270, 271, 272, 274, 275, 276, 277, 278, 279, 280, 281, 282, 283, 284, 285, 286, 287, 288, 289, 290, 291, 292, 293, 294, 295, 296]
Linhas de Teste [6, 7, 10, 14, 16, 22, 25, 33, 41, 44, 51, 52, 55, 56, 57, 61, 71, 72, 83, 87, 94, 97, 101, 107, 115, 116, 120, 123, 125, 126, 127, 143, 150, 156, 157, 166, 167, 185, 191, 193, 194, 195, 197, 213, 218, 219, 222, 225, 227, 228, 230, 233, 236, 243, 247, 256, 257, 266, 273]
R2 de Treino = 97.27
R2 de Teste = 96.99

83 / 150  55.33 %
Tempo restante 0:00:08.104856

#################  Rodada 85 / 150  56.67 %
Parâmetros ('EV_CA', 'PRE_CA', 'TST_CA', 'saz_sin', 'saz_cos')
Linhas de Treino [0, 1, 3, 4, 5, 6, 7, 8, 9, 10, 12, 14, 15, 16, 17, 19, 20, 21, 22, 23, 25, 29, 30, 31, 32, 33, 34, 35, 36, 38, 39, 40, 41, 42, 43, 44, 45, 46, 48, 51, 52, 53, 54, 55, 56, 57, 59, 61, 62, 63, 64, 65, 66, 68, 69, 70, 71, 72, 74, 75, 76, 77, 78, 79, 80, 81, 82, 83, 84, 86, 87, 88, 89, 91, 92, 93, 94, 95, 96, 97, 98, 99, 100, 101, 102, 103, 104, 105, 106, 107, 108, 110, 111, 114, 115, 116, 117, 118, 119, 120, 121, 122, 123, 125, 126, 127, 128, 129, 130, 133, 134, 135, 136, 140, 141, 143, 144, 145, 146, 147, 149, 150, 151, 153, 154, 155, 156, 157, 158, 159, 160, 161, 163, 164, 166, 167, 168, 171, 172, 173, 174, 176, 177, 178, 179, 180, 183, 184, 185, 187, 188, 189, 191, 192, 193, 194, 195, 197, 198, 199, 200, 201, 203, 204, 205, 208, 209, 212, 213, 214, 215, 216, 217, 218, 219, 220, 221, 222, 223, 224, 225, 226, 227, 228, 229, 230, 231, 232, 233, 235, 236, 237, 238, 239, 240, 241, 242, 243, 244, 246, 247, 248, 249, 250, 251, 253, 254, 256, 257, 258, 259, 260, 262, 263, 264, 265, 266, 269, 270, 271, 273, 274, 276, 277, 279, 281, 282, 283, 284, 285, 288, 289, 290, 291, 292, 293, 294, 296]
Linhas de Teste [2, 11, 13, 18, 24, 26, 27, 28, 37, 47, 49, 50, 58, 60, 67, 73, 85, 90, 109, 112, 113, 124, 131, 132, 137, 138, 139, 142, 148, 152, 162, 165, 169, 170, 175, 181, 182, 186, 190, 196, 202, 206, 207, 210, 211, 234, 245, 252, 255, 261, 267, 268, 272, 275, 278, 280, 286, 287, 295]
R2 de Treino = 95.35
R2 de Teste = 93.76

85 / 150  56.67 %
Tempo restante 0:00:07.215455

#################  Rodada 83 / 150  55.33 %
Parâmetros ('EV_MA', 'TST_MA', 'WAI_MA', 'saz_sin', 'saz_cos')
Linhas de Treino [0, 1, 2, 3, 4, 5, 8, 9, 11, 12, 13, 15, 17, 18, 19, 20, 21, 23, 24, 26, 27, 28, 29, 30, 31, 32, 34, 35, 36, 37, 38, 39, 40, 42, 43, 45, 46, 47, 48, 49, 50, 53, 54, 58, 59, 60, 62, 63, 64, 65, 66, 67, 68, 69, 70, 73, 74, 75, 76, 77, 78, 79, 80, 81, 82, 84, 85, 86, 88, 89, 90, 91, 92, 93, 95, 96, 98, 99, 100, 102, 103, 104, 105, 106, 108, 109, 110, 111, 112, 113, 114, 117, 118, 119, 121, 122, 124, 128, 129, 130, 131, 132, 133, 134, 135, 136, 137, 138, 139, 140, 141, 142, 144, 145, 146, 147, 148, 149, 151, 152, 153, 154, 155, 158, 159, 160, 161, 162, 163, 164, 165, 168, 169, 170, 171, 172, 173, 174, 175, 176, 177, 178, 179, 180, 181, 182, 183, 184, 186, 187, 188, 189, 190, 192, 196, 198, 199, 200, 201, 202, 203, 204, 205, 206, 207, 208, 209, 210, 211, 212, 214, 215, 216, 217, 220, 221, 223, 224, 226, 229, 231, 232, 234, 235, 237, 238, 239, 240, 241, 242, 244, 245, 246, 248, 249, 250, 251, 252, 253, 254, 255, 258, 259, 260, 261, 262, 263, 264, 265, 267, 268, 269, 270, 271, 272, 274, 275, 276, 277, 278, 279, 280, 281, 282, 283, 284, 285, 286, 287, 288, 289, 290, 291, 292, 293, 294, 295, 296]
Linhas de Teste [6, 7, 10, 14, 16, 22, 25, 33, 41, 44, 51, 52, 55, 56, 57, 61, 71, 72, 83, 87, 94, 97, 101, 107, 115, 116, 120, 123, 125, 126, 127, 143, 150, 156, 157, 166, 167, 185, 191, 193, 194, 195, 197, 213, 218, 219, 222, 225, 227, 228, 230, 233, 236, 243, 247, 256, 257, 266, 273]
R2 de Treino = 77.8
R2 de Teste = 77.44

83 / 150  55.33 %
Tempo restante 0:00:08.245556

#################  Rodada 84 / 150  56.0 %
Parâmetros ('EV_CE', 'PRE_CE', 'WAI_CE', 'saz_sin', 'saz_cos')
Linhas de Treino [0, 1, 2, 4, 5, 6, 7, 8, 9, 10, 11, 13, 14, 15, 16, 17, 18, 21, 22, 23, 24, 25, 26, 27, 28, 29, 30, 32, 33, 34, 37, 38, 40, 41, 43, 44, 45, 46, 47, 48, 49, 50, 51, 52, 53, 55, 56, 57, 58, 59, 60, 61, 62, 66, 67, 68, 69, 71, 72, 73, 75, 76, 77, 78, 79, 80, 81, 83, 84, 85, 87, 90, 91, 94, 95, 96, 97, 98, 99, 100, 101, 102, 104, 105, 106, 107, 108, 109, 110, 112, 113, 114, 115, 116, 120, 121, 122, 123, 124, 125, 126, 127, 128, 129, 131, 132, 133, 134, 135, 136, 137, 138, 139, 140, 142, 143, 144, 146, 148, 150, 151, 152, 153, 156, 157, 158, 159, 161, 162, 163, 164, 165, 166, 167, 169, 170, 172, 175, 178, 179, 180, 181, 182, 184, 185, 186, 189, 190, 191, 193, 194, 195, 196, 197, 198, 199, 200, 202, 204, 205, 206, 207, 208, 210, 211, 212, 213, 215, 216, 218, 219, 220, 222, 223, 224, 225, 226, 227, 228, 229, 230, 232, 233, 234, 235, 236, 237, 239, 240, 242, 243, 244, 245, 246, 247, 249, 250, 252, 253, 254, 255, 256, 257, 259, 260, 261, 262, 263, 264, 265, 266, 267, 268, 269, 270, 271, 272, 273, 274, 275, 276, 277, 278, 279, 280, 281, 282, 283, 286, 287, 288, 289, 290, 291, 292, 293, 294, 295]
Linhas de Teste [3, 12, 19, 20, 31, 35, 36, 39, 42, 54, 63, 64, 65, 70, 74, 82, 86, 88, 89, 92, 93, 103, 111, 117, 118, 119, 130, 141, 145, 147, 149, 154, 155, 160, 168, 171, 173, 174, 176, 177, 183, 187, 188, 192, 201, 203, 209, 214, 217, 221, 231, 238, 241, 248, 251, 258, 284, 285, 296]
R2 de Treino = 96.76
R2 de Teste = 97.2

84 / 150  56.0 %
Tempo restante 0:00:07.939140

#################  Rodada 86 / 150  57.33 %
Parâmetros ('EV_CA', 'PRE_CA', 'TST_CA', 'saz_sin', 'saz_cos')
Linhas de Treino [0, 1, 2, 4, 5, 8, 9, 10, 11, 12, 14, 16, 17, 20, 22, 24, 25, 26, 27, 29, 30, 31, 33, 36, 37, 38, 39, 41, 42, 43, 44, 45, 46, 47, 48, 50, 51, 52, 53, 54, 55, 56, 57, 58, 59, 60, 61, 62, 63, 64, 65, 66, 67, 68, 69, 71, 72, 74, 75, 77, 78, 80, 82, 83, 84, 85, 86, 87, 88, 90, 91, 93, 94, 95, 96, 97, 98, 101, 102, 103, 104, 106, 107, 108, 109, 110, 111, 112, 113, 114, 115, 116, 117, 118, 120, 121, 123, 125, 126, 127, 128, 129, 130, 131, 133, 134, 135, 136, 138, 139, 140, 141, 142, 143, 144, 145, 146, 147, 148, 149, 150, 151, 152, 154, 155, 156, 157, 158, 159, 160, 162, 163, 164, 166, 167, 168, 169, 170, 171, 172, 173, 174, 175, 176, 177, 178, 179, 181, 184, 185, 186, 187, 188, 189, 190, 191, 192, 193, 194, 195, 196, 199, 200, 201, 202, 204, 205, 206, 207, 208, 209, 210, 211, 212, 214, 216, 218, 219, 220, 221, 222, 223, 224, 225, 226, 227, 228, 229, 231, 232, 233, 234, 235, 237, 238, 242, 245, 246, 249, 250, 251, 252, 253, 254, 256, 257, 258, 260, 261, 262, 263, 265, 267, 268, 269, 270, 272, 273, 274, 275, 277, 278, 279, 280, 282, 283, 286, 287, 288, 289, 290, 291, 292, 293, 294, 295, 296]
Linhas de Teste [3, 6, 7, 13, 15, 18, 19, 21, 23, 28, 32, 34, 35, 40, 49, 70, 73, 76, 79, 81, 89, 92, 99, 100, 105, 119, 122, 124, 132, 137, 153, 161, 165, 180, 182, 183, 197, 198, 203, 213, 215, 217, 230, 236, 239, 240, 241, 243, 244, 247, 248, 255, 259, 264, 266, 271, 276, 281, 284, 285]
R2 de Treino = 95.12
R2 de Teste = 94.62

86 / 150  57.33 %
Tempo restante 0:00:07.230016

#################  Rodada 84 / 150  56.0 %
Parâmetros ('EV_MA', 'TST_MA', 'WAI_MA', 'saz_sin', 'saz_cos')
Linhas de Treino [0, 1, 2, 4, 5, 6, 7, 8, 9, 10, 11, 13, 14, 15, 16, 17, 18, 21, 22, 23, 24, 25, 26, 27, 28, 29, 30, 32, 33, 34, 37, 38, 40, 41, 43, 44, 45, 46, 47, 48, 49, 50, 51, 52, 53, 55, 56, 57, 58, 59, 60, 61, 62, 66, 67, 68, 69, 71, 72, 73, 75, 76, 77, 78, 79, 80, 81, 83, 84, 85, 87, 90, 91, 94, 95, 96, 97, 98, 99, 100, 101, 102, 104, 105, 106, 107, 108, 109, 110, 112, 113, 114, 115, 116, 120, 121, 122, 123, 124, 125, 126, 127, 128, 129, 131, 132, 133, 134, 135, 136, 137, 138, 139, 140, 142, 143, 144, 146, 148, 150, 151, 152, 153, 156, 157, 158, 159, 161, 162, 163, 164, 165, 166, 167, 169, 170, 172, 175, 178, 179, 180, 181, 182, 184, 185, 186, 189, 190, 191, 193, 194, 195, 196, 197, 198, 199, 200, 202, 204, 205, 206, 207, 208, 210, 211, 212, 213, 215, 216, 218, 219, 220, 222, 223, 224, 225, 226, 227, 228, 229, 230, 232, 233, 234, 235, 236, 237, 239, 240, 242, 243, 244, 245, 246, 247, 249, 250, 252, 253, 254, 255, 256, 257, 259, 260, 261, 262, 263, 264, 265, 266, 267, 268, 269, 270, 271, 272, 273, 274, 275, 276, 277, 278, 279, 280, 281, 282, 283, 286, 287, 288, 289, 290, 291, 292, 293, 294, 295]
Linhas de Teste [3, 12, 19, 20, 31, 35, 36, 39, 42, 54, 63, 64, 65, 70, 74, 82, 86, 88, 89, 92, 93, 103, 111, 117, 118, 119, 130, 141, 145, 147, 149, 154, 155, 160, 168, 171, 173, 174, 176, 177, 183, 187, 188, 192, 201, 203, 209, 214, 217, 221, 231, 238, 241, 248, 251, 258, 284, 285, 296]
R2 de Treino = 78.21
R2 de Teste = 77.42

84 / 150  56.0 %
Tempo restante 0:00:07.951152

#################  Rodada 87 / 150  58.0 %
Parâmetros ('EV_CA', 'PRE_CA', 'TST_CA', 'saz_sin', 'saz_cos')
Linhas de Treino [0, 1, 2, 3, 4, 5, 6, 7, 8, 9, 11, 12, 13, 14, 15, 16, 18, 19, 20, 21, 23, 24, 25, 26, 27, 28, 29, 30, 31, 32, 33, 34, 35, 36, 37, 39, 40, 41, 42, 43, 44, 47, 48, 49, 51, 52, 53, 54, 55, 56, 57, 62, 64, 65, 66, 67, 70, 71, 72, 73, 74, 75, 76, 79, 80, 81, 82, 83, 84, 85, 86, 87, 88, 89, 92, 93, 94, 95, 96, 97, 98, 99, 100, 101, 102, 103, 104, 105, 106, 107, 108, 110, 111, 112, 113, 114, 115, 117, 118, 119, 121, 122, 124, 126, 127, 128, 131, 132, 133, 135, 136, 137, 138, 139, 141, 142, 143, 144, 145, 146, 148, 150, 153, 154, 155, 157, 159, 160, 161, 163, 164, 165, 166, 167, 170, 171, 172, 173, 176, 177, 179, 180, 181, 182, 183, 184, 185, 186, 188, 189, 191, 193, 197, 198, 199, 200, 201, 203, 204, 205, 207, 208, 209, 210, 211, 212, 213, 214, 215, 217, 218, 219, 220, 222, 224, 226, 227, 228, 229, 230, 232, 233, 234, 235, 236, 237, 238, 239, 240, 241, 242, 243, 244, 245, 247, 248, 249, 251, 253, 254, 255, 257, 258, 259, 260, 261, 262, 263, 264, 265, 266, 268, 269, 270, 271, 272, 273, 274, 275, 276, 278, 279, 281, 283, 284, 285, 286, 287, 288, 289, 290, 291, 292, 293, 294, 295, 296]
Linhas de Teste [10, 17, 22, 38, 45, 46, 50, 58, 59, 60, 61, 63, 68, 69, 77, 78, 90, 91, 109, 116, 120, 123, 125, 129, 130, 134, 140, 147, 149, 151, 152, 156, 158, 162, 168, 169, 174, 175, 178, 187, 190, 192, 194, 195, 196, 202, 206, 216, 221, 223, 225, 231, 246, 250, 252, 256, 267, 277, 280, 282]
R2 de Treino = 94.95
R2 de Teste = 95.24

87 / 150  58.0 %
Tempo restante 0:00:07.408044

#################  Rodada 85 / 150  56.67 %
Parâmetros ('EV_CE', 'PRE_CE', 'WAI_CE', 'saz_sin', 'saz_cos')
Linhas de Treino [0, 1, 3, 4, 5, 6, 7, 8, 9, 10, 12, 14, 15, 16, 17, 19, 20, 21, 22, 23, 25, 29, 30, 31, 32, 33, 34, 35, 36, 38, 39, 40, 41, 42, 43, 44, 45, 46, 48, 51, 52, 53, 54, 55, 56, 57, 59, 61, 62, 63, 64, 65, 66, 68, 69, 70, 71, 72, 74, 75, 76, 77, 78, 79, 80, 81, 82, 83, 84, 86, 87, 88, 89, 91, 92, 93, 94, 95, 96, 97, 98, 99, 100, 101, 102, 103, 104, 105, 106, 107, 108, 110, 111, 114, 115, 116, 117, 118, 119, 120, 121, 122, 123, 125, 126, 127, 128, 129, 130, 133, 134, 135, 136, 140, 141, 143, 144, 145, 146, 147, 149, 150, 151, 153, 154, 155, 156, 157, 158, 159, 160, 161, 163, 164, 166, 167, 168, 171, 172, 173, 174, 176, 177, 178, 179, 180, 183, 184, 185, 187, 188, 189, 191, 192, 193, 194, 195, 197, 198, 199, 200, 201, 203, 204, 205, 208, 209, 212, 213, 214, 215, 216, 217, 218, 219, 220, 221, 222, 223, 224, 225, 226, 227, 228, 229, 230, 231, 232, 233, 235, 236, 237, 238, 239, 240, 241, 242, 243, 244, 246, 247, 248, 249, 250, 251, 253, 254, 256, 257, 258, 259, 260, 262, 263, 264, 265, 266, 269, 270, 271, 273, 274, 276, 277, 279, 281, 282, 283, 284, 285, 288, 289, 290, 291, 292, 293, 294, 296]
Linhas de Teste [2, 11, 13, 18, 24, 26, 27, 28, 37, 47, 49, 50, 58, 60, 67, 73, 85, 90, 109, 112, 113, 124, 131, 132, 137, 138, 139, 142, 148, 152, 162, 165, 169, 170, 175, 181, 182, 186, 190, 196, 202, 206, 207, 210, 211, 234, 245, 252, 255, 261, 267, 268, 272, 275, 278, 280, 286, 287, 295]
R2 de Treino = 97.5
R2 de Teste = 95.68

85 / 150  56.67 %
Tempo restante 0:00:08.145345

#################  Rodada 85 / 150  56.67 %
Parâmetros ('EV_MA', 'TST_MA', 'WAI_MA', 'saz_sin', 'saz_cos')
Linhas de Treino [0, 1, 3, 4, 5, 6, 7, 8, 9, 10, 12, 14, 15, 16, 17, 19, 20, 21, 22, 23, 25, 29, 30, 31, 32, 33, 34, 35, 36, 38, 39, 40, 41, 42, 43, 44, 45, 46, 48, 51, 52, 53, 54, 55, 56, 57, 59, 61, 62, 63, 64, 65, 66, 68, 69, 70, 71, 72, 74, 75, 76, 77, 78, 79, 80, 81, 82, 83, 84, 86, 87, 88, 89, 91, 92, 93, 94, 95, 96, 97, 98, 99, 100, 101, 102, 103, 104, 105, 106, 107, 108, 110, 111, 114, 115, 116, 117, 118, 119, 120, 121, 122, 123, 125, 126, 127, 128, 129, 130, 133, 134, 135, 136, 140, 141, 143, 144, 145, 146, 147, 149, 150, 151, 153, 154, 155, 156, 157, 158, 159, 160, 161, 163, 164, 166, 167, 168, 171, 172, 173, 174, 176, 177, 178, 179, 180, 183, 184, 185, 187, 188, 189, 191, 192, 193, 194, 195, 197, 198, 199, 200, 201, 203, 204, 205, 208, 209, 212, 213, 214, 215, 216, 217, 218, 219, 220, 221, 222, 223, 224, 225, 226, 227, 228, 229, 230, 231, 232, 233, 235, 236, 237, 238, 239, 240, 241, 242, 243, 244, 246, 247, 248, 249, 250, 251, 253, 254, 256, 257, 258, 259, 260, 262, 263, 264, 265, 266, 269, 270, 271, 273, 274, 276, 277, 279, 281, 282, 283, 284, 285, 288, 289, 290, 291, 292, 293, 294, 296]
Linhas de Teste [2, 11, 13, 18, 24, 26, 27, 28, 37, 47, 49, 50, 58, 60, 67, 73, 85, 90, 109, 112, 113, 124, 131, 132, 137, 138, 139, 142, 148, 152, 162, 165, 169, 170, 175, 181, 182, 186, 190, 196, 202, 206, 207, 210, 211, 234, 245, 252, 255, 261, 267, 268, 272, 275, 278, 280, 286, 287, 295]
R2 de Treino = 80.88
R2 de Teste = 65.03

85 / 150  56.67 %
Tempo restante 0:00:09.496695

#################  Rodada 88 / 150  58.67 %
Parâmetros ('EV_CA', 'PRE_CA', 'TST_CA', 'saz_sin', 'saz_cos')
Linhas de Treino [0, 1, 3, 5, 6, 7, 8, 10, 11, 12, 13, 14, 15, 16, 17, 18, 19, 21, 22, 23, 27, 28, 31, 32, 34, 35, 38, 40, 41, 43, 44, 45, 46, 48, 49, 50, 51, 52, 53, 54, 55, 56, 57, 58, 59, 60, 61, 62, 63, 64, 68, 69, 70, 71, 73, 74, 76, 77, 78, 79, 80, 81, 82, 83, 84, 85, 87, 89, 90, 91, 92, 93, 94, 95, 97, 99, 100, 101, 102, 103, 105, 106, 107, 108, 109, 110, 111, 113, 114, 115, 116, 119, 120, 122, 123, 124, 125, 126, 127, 129, 130, 132, 133, 134, 135, 136, 137, 138, 139, 140, 142, 146, 147, 148, 149, 150, 151, 152, 153, 154, 155, 156, 157, 158, 159, 160, 161, 162, 164, 165, 167, 168, 169, 170, 173, 174, 175, 176, 177, 178, 179, 180, 181, 182, 183, 184, 186, 187, 188, 189, 190, 191, 192, 193, 194, 195, 196, 197, 198, 200, 201, 202, 203, 204, 205, 206, 207, 209, 210, 211, 212, 213, 214, 215, 216, 217, 218, 220, 221, 222, 223, 224, 225, 226, 228, 229, 230, 231, 236, 237, 239, 240, 241, 243, 244, 245, 246, 247, 248, 249, 250, 252, 253, 254, 255, 256, 258, 259, 260, 261, 263, 264, 266, 267, 268, 270, 271, 272, 274, 275, 276, 277, 278, 280, 281, 282, 284, 285, 286, 288, 289, 290, 291, 292, 293, 294, 295, 296]
Linhas de Teste [2, 4, 9, 20, 24, 25, 26, 29, 30, 33, 36, 37, 39, 42, 47, 65, 66, 67, 72, 75, 86, 88, 96, 98, 104, 112, 117, 118, 121, 128, 131, 141, 143, 144, 145, 163, 166, 171, 172, 185, 199, 208, 219, 227, 232, 233, 234, 235, 238, 242, 251, 257, 262, 265, 269, 273, 279, 283, 287]
R2 de Treino = 95.44
R2 de Teste = 93.07

88 / 150  58.67 %
Tempo restante 0:00:07.067442

#################  Rodada 86 / 150  57.33 %
Parâmetros ('EV_CE', 'PRE_CE', 'WAI_CE', 'saz_sin', 'saz_cos')
Linhas de Treino [0, 1, 2, 4, 5, 8, 9, 10, 11, 12, 14, 16, 17, 20, 22, 24, 25, 26, 27, 29, 30, 31, 33, 36, 37, 38, 39, 41, 42, 43, 44, 45, 46, 47, 48, 50, 51, 52, 53, 54, 55, 56, 57, 58, 59, 60, 61, 62, 63, 64, 65, 66, 67, 68, 69, 71, 72, 74, 75, 77, 78, 80, 82, 83, 84, 85, 86, 87, 88, 90, 91, 93, 94, 95, 96, 97, 98, 101, 102, 103, 104, 106, 107, 108, 109, 110, 111, 112, 113, 114, 115, 116, 117, 118, 120, 121, 123, 125, 126, 127, 128, 129, 130, 131, 133, 134, 135, 136, 138, 139, 140, 141, 142, 143, 144, 145, 146, 147, 148, 149, 150, 151, 152, 154, 155, 156, 157, 158, 159, 160, 162, 163, 164, 166, 167, 168, 169, 170, 171, 172, 173, 174, 175, 176, 177, 178, 179, 181, 184, 185, 186, 187, 188, 189, 190, 191, 192, 193, 194, 195, 196, 199, 200, 201, 202, 204, 205, 206, 207, 208, 209, 210, 211, 212, 214, 216, 218, 219, 220, 221, 222, 223, 224, 225, 226, 227, 228, 229, 231, 232, 233, 234, 235, 237, 238, 242, 245, 246, 249, 250, 251, 252, 253, 254, 256, 257, 258, 260, 261, 262, 263, 265, 267, 268, 269, 270, 272, 273, 274, 275, 277, 278, 279, 280, 282, 283, 286, 287, 288, 289, 290, 291, 292, 293, 294, 295, 296]
Linhas de Teste [3, 6, 7, 13, 15, 18, 19, 21, 23, 28, 32, 34, 35, 40, 49, 70, 73, 76, 79, 81, 89, 92, 99, 100, 105, 119, 122, 124, 132, 137, 153, 161, 165, 180, 182, 183, 197, 198, 203, 213, 215, 217, 230, 236, 239, 240, 241, 243, 244, 247, 248, 255, 259, 264, 266, 271, 276, 281, 284, 285]
R2 de Treino = 97.29
R2 de Teste = 96.37

86 / 150  57.33 %
Tempo restante 0:00:07.875520

#################  Rodada 86 / 150  57.33 %
Parâmetros ('EV_MA', 'TST_MA', 'WAI_MA', 'saz_sin', 'saz_cos')
Linhas de Treino [0, 1, 2, 4, 5, 8, 9, 10, 11, 12, 14, 16, 17, 20, 22, 24, 25, 26, 27, 29, 30, 31, 33, 36, 37, 38, 39, 41, 42, 43, 44, 45, 46, 47, 48, 50, 51, 52, 53, 54, 55, 56, 57, 58, 59, 60, 61, 62, 63, 64, 65, 66, 67, 68, 69, 71, 72, 74, 75, 77, 78, 80, 82, 83, 84, 85, 86, 87, 88, 90, 91, 93, 94, 95, 96, 97, 98, 101, 102, 103, 104, 106, 107, 108, 109, 110, 111, 112, 113, 114, 115, 116, 117, 118, 120, 121, 123, 125, 126, 127, 128, 129, 130, 131, 133, 134, 135, 136, 138, 139, 140, 141, 142, 143, 144, 145, 146, 147, 148, 149, 150, 151, 152, 154, 155, 156, 157, 158, 159, 160, 162, 163, 164, 166, 167, 168, 169, 170, 171, 172, 173, 174, 175, 176, 177, 178, 179, 181, 184, 185, 186, 187, 188, 189, 190, 191, 192, 193, 194, 195, 196, 199, 200, 201, 202, 204, 205, 206, 207, 208, 209, 210, 211, 212, 214, 216, 218, 219, 220, 221, 222, 223, 224, 225, 226, 227, 228, 229, 231, 232, 233, 234, 235, 237, 238, 242, 245, 246, 249, 250, 251, 252, 253, 254, 256, 257, 258, 260, 261, 262, 263, 265, 267, 268, 269, 270, 272, 273, 274, 275, 277, 278, 279, 280, 282, 283, 286, 287, 288, 289, 290, 291, 292, 293, 294, 295, 296]
Linhas de Teste [3, 6, 7, 13, 15, 18, 19, 21, 23, 28, 32, 34, 35, 40, 49, 70, 73, 76, 79, 81, 89, 92, 99, 100, 105, 119, 122, 124, 132, 137, 153, 161, 165, 180, 182, 183, 197, 198, 203, 213, 215, 217, 230, 236, 239, 240, 241, 243, 244, 247, 248, 255, 259, 264, 266, 271, 276, 281, 284, 285]
R2 de Treino = 77.25
R2 de Teste = 78.93

86 / 150  57.33 %
Tempo restante 0:00:07.562816

#################  Rodada 89 / 150  59.33 %
Parâmetros ('EV_CA', 'PRE_CA', 'TST_CA', 'saz_sin', 'saz_cos')
Linhas de Treino [1, 2, 3, 4, 6, 7, 9, 10, 12, 13, 15, 17, 18, 19, 20, 21, 22, 23, 24, 25, 26, 28, 29, 30, 32, 33, 34, 35, 36, 37, 38, 39, 40, 42, 44, 45, 46, 47, 49, 50, 51, 52, 54, 56, 57, 58, 59, 60, 61, 63, 65, 66, 67, 68, 69, 70, 72, 73, 75, 76, 77, 78, 79, 80, 81, 83, 86, 88, 89, 90, 91, 92, 93, 95, 96, 98, 99, 100, 104, 105, 107, 108, 109, 110, 111, 112, 113, 115, 116, 117, 118, 119, 120, 121, 122, 123, 124, 125, 126, 127, 128, 129, 130, 131, 132, 134, 137, 140, 141, 142, 143, 144, 145, 147, 148, 149, 151, 152, 153, 155, 156, 157, 158, 160, 161, 162, 163, 165, 166, 167, 168, 169, 170, 171, 172, 173, 174, 175, 176, 178, 179, 180, 182, 183, 185, 186, 187, 188, 189, 190, 192, 194, 195, 196, 197, 198, 199, 200, 201, 202, 203, 204, 206, 208, 209, 210, 212, 213, 214, 215, 216, 217, 218, 219, 220, 221, 222, 223, 225, 227, 228, 230, 231, 232, 233, 234, 235, 236, 237, 238, 239, 240, 241, 242, 243, 244, 245, 246, 247, 248, 249, 250, 251, 252, 253, 254, 255, 256, 257, 259, 261, 262, 263, 264, 265, 266, 267, 268, 269, 271, 272, 273, 275, 276, 277, 279, 280, 281, 282, 283, 284, 285, 286, 287, 288, 291, 292, 295]
Linhas de Teste [0, 5, 8, 11, 14, 16, 27, 31, 41, 43, 48, 53, 55, 62, 64, 71, 74, 82, 84, 85, 87, 94, 97, 101, 102, 103, 106, 114, 133, 135, 136, 138, 139, 146, 150, 154, 159, 164, 177, 181, 184, 191, 193, 205, 207, 211, 224, 226, 229, 258, 260, 270, 274, 278, 289, 290, 293, 294, 296]
R2 de Treino = 94.88
R2 de Teste = 95.51

89 / 150  59.33 %
Tempo restante 0:00:07.039400

#################  Rodada 87 / 150  58.0 %
Parâmetros ('EV_CE', 'PRE_CE', 'WAI_CE', 'saz_sin', 'saz_cos')
Linhas de Treino [0, 1, 2, 3, 4, 5, 6, 7, 8, 9, 11, 12, 13, 14, 15, 16, 18, 19, 20, 21, 23, 24, 25, 26, 27, 28, 29, 30, 31, 32, 33, 34, 35, 36, 37, 39, 40, 41, 42, 43, 44, 47, 48, 49, 51, 52, 53, 54, 55, 56, 57, 62, 64, 65, 66, 67, 70, 71, 72, 73, 74, 75, 76, 79, 80, 81, 82, 83, 84, 85, 86, 87, 88, 89, 92, 93, 94, 95, 96, 97, 98, 99, 100, 101, 102, 103, 104, 105, 106, 107, 108, 110, 111, 112, 113, 114, 115, 117, 118, 119, 121, 122, 124, 126, 127, 128, 131, 132, 133, 135, 136, 137, 138, 139, 141, 142, 143, 144, 145, 146, 148, 150, 153, 154, 155, 157, 159, 160, 161, 163, 164, 165, 166, 167, 170, 171, 172, 173, 176, 177, 179, 180, 181, 182, 183, 184, 185, 186, 188, 189, 191, 193, 197, 198, 199, 200, 201, 203, 204, 205, 207, 208, 209, 210, 211, 212, 213, 214, 215, 217, 218, 219, 220, 222, 224, 226, 227, 228, 229, 230, 232, 233, 234, 235, 236, 237, 238, 239, 240, 241, 242, 243, 244, 245, 247, 248, 249, 251, 253, 254, 255, 257, 258, 259, 260, 261, 262, 263, 264, 265, 266, 268, 269, 270, 271, 272, 273, 274, 275, 276, 278, 279, 281, 283, 284, 285, 286, 287, 288, 289, 290, 291, 292, 293, 294, 295, 296]
Linhas de Teste [10, 17, 22, 38, 45, 46, 50, 58, 59, 60, 61, 63, 68, 69, 77, 78, 90, 91, 109, 116, 120, 123, 125, 129, 130, 134, 140, 147, 149, 151, 152, 156, 158, 162, 168, 169, 174, 175, 178, 187, 190, 192, 194, 195, 196, 202, 206, 216, 221, 223, 225, 231, 246, 250, 252, 256, 267, 277, 280, 282]
R2 de Treino = 97.32
R2 de Teste = 96.65

87 / 150  58.0 %
Tempo restante 0:00:07.581735

#################  Rodada 87 / 150  58.0 %
Parâmetros ('EV_MA', 'TST_MA', 'WAI_MA', 'saz_sin', 'saz_cos')
Linhas de Treino [0, 1, 2, 3, 4, 5, 6, 7, 8, 9, 11, 12, 13, 14, 15, 16, 18, 19, 20, 21, 23, 24, 25, 26, 27, 28, 29, 30, 31, 32, 33, 34, 35, 36, 37, 39, 40, 41, 42, 43, 44, 47, 48, 49, 51, 52, 53, 54, 55, 56, 57, 62, 64, 65, 66, 67, 70, 71, 72, 73, 74, 75, 76, 79, 80, 81, 82, 83, 84, 85, 86, 87, 88, 89, 92, 93, 94, 95, 96, 97, 98, 99, 100, 101, 102, 103, 104, 105, 106, 107, 108, 110, 111, 112, 113, 114, 115, 117, 118, 119, 121, 122, 124, 126, 127, 128, 131, 132, 133, 135, 136, 137, 138, 139, 141, 142, 143, 144, 145, 146, 148, 150, 153, 154, 155, 157, 159, 160, 161, 163, 164, 165, 166, 167, 170, 171, 172, 173, 176, 177, 179, 180, 181, 182, 183, 184, 185, 186, 188, 189, 191, 193, 197, 198, 199, 200, 201, 203, 204, 205, 207, 208, 209, 210, 211, 212, 213, 214, 215, 217, 218, 219, 220, 222, 224, 226, 227, 228, 229, 230, 232, 233, 234, 235, 236, 237, 238, 239, 240, 241, 242, 243, 244, 245, 247, 248, 249, 251, 253, 254, 255, 257, 258, 259, 260, 261, 262, 263, 264, 265, 266, 268, 269, 270, 271, 272, 273, 274, 275, 276, 278, 279, 281, 283, 284, 285, 286, 287, 288, 289, 290, 291, 292, 293, 294, 295, 296]
Linhas de Teste [10, 17, 22, 38, 45, 46, 50, 58, 59, 60, 61, 63, 68, 69, 77, 78, 90, 91, 109, 116, 120, 123, 125, 129, 130, 134, 140, 147, 149, 151, 152, 156, 158, 162, 168, 169, 174, 175, 178, 187, 190, 192, 194, 195, 196, 202, 206, 216, 221, 223, 225, 231, 246, 250, 252, 256, 267, 277, 280, 282]
R2 de Treino = 79.84
R2 de Teste = 67.6

87 / 150  58.0 %
Tempo restante 0:00:07.381710

#################  Rodada 90 / 150  60.0 %
Parâmetros ('EV_CA', 'PRE_CA', 'TST_CA', 'saz_sin', 'saz_cos')
Linhas de Treino [0, 2, 3, 4, 5, 6, 7, 8, 9, 10, 11, 13, 14, 15, 16, 17, 18, 19, 20, 21, 22, 23, 24, 25, 26, 27, 28, 29, 30, 31, 32, 33, 34, 35, 36, 37, 38, 39, 40, 41, 42, 43, 45, 46, 47, 48, 49, 50, 53, 55, 58, 59, 60, 61, 62, 63, 64, 65, 66, 67, 68, 69, 70, 71, 72, 73, 74, 75, 76, 77, 78, 79, 81, 82, 84, 85, 86, 87, 88, 89, 90, 91, 92, 94, 96, 97, 98, 99, 100, 101, 102, 103, 104, 105, 106, 109, 112, 114, 116, 117, 118, 119, 120, 121, 122, 123, 124, 125, 128, 129, 130, 131, 132, 133, 134, 135, 136, 137, 138, 139, 140, 141, 143, 144, 145, 146, 147, 149, 150, 151, 152, 153, 154, 156, 158, 159, 161, 162, 163, 164, 165, 166, 168, 169, 171, 172, 174, 175, 177, 178, 180, 181, 182, 183, 184, 185, 187, 190, 191, 192, 193, 194, 195, 196, 197, 198, 199, 202, 203, 205, 206, 207, 208, 211, 213, 215, 216, 217, 219, 221, 223, 224, 225, 226, 227, 229, 230, 231, 232, 233, 234, 235, 236, 238, 239, 240, 241, 242, 243, 244, 246, 247, 248, 250, 251, 252, 255, 256, 257, 258, 259, 260, 262, 264, 265, 266, 267, 269, 270, 271, 273, 274, 276, 277, 278, 279, 280, 281, 282, 283, 284, 285, 287, 289, 290, 293, 294, 296]
Linhas de Teste [1, 12, 44, 51, 52, 54, 56, 57, 80, 83, 93, 95, 107, 108, 110, 111, 113, 115, 126, 127, 142, 148, 155, 157, 160, 167, 170, 173, 176, 179, 186, 188, 189, 200, 201, 204, 209, 210, 212, 214, 218, 220, 222, 228, 237, 245, 249, 253, 254, 261, 263, 268, 272, 275, 286, 288, 291, 292, 295]
R2 de Treino = 95.5
R2 de Teste = 93.31

90 / 150  60.0 %
Tempo restante 0:00:06.717120

#################  Rodada 88 / 150  58.67 %
Parâmetros ('EV_CE', 'PRE_CE', 'WAI_CE', 'saz_sin', 'saz_cos')
Linhas de Treino [0, 1, 3, 5, 6, 7, 8, 10, 11, 12, 13, 14, 15, 16, 17, 18, 19, 21, 22, 23, 27, 28, 31, 32, 34, 35, 38, 40, 41, 43, 44, 45, 46, 48, 49, 50, 51, 52, 53, 54, 55, 56, 57, 58, 59, 60, 61, 62, 63, 64, 68, 69, 70, 71, 73, 74, 76, 77, 78, 79, 80, 81, 82, 83, 84, 85, 87, 89, 90, 91, 92, 93, 94, 95, 97, 99, 100, 101, 102, 103, 105, 106, 107, 108, 109, 110, 111, 113, 114, 115, 116, 119, 120, 122, 123, 124, 125, 126, 127, 129, 130, 132, 133, 134, 135, 136, 137, 138, 139, 140, 142, 146, 147, 148, 149, 150, 151, 152, 153, 154, 155, 156, 157, 158, 159, 160, 161, 162, 164, 165, 167, 168, 169, 170, 173, 174, 175, 176, 177, 178, 179, 180, 181, 182, 183, 184, 186, 187, 188, 189, 190, 191, 192, 193, 194, 195, 196, 197, 198, 200, 201, 202, 203, 204, 205, 206, 207, 209, 210, 211, 212, 213, 214, 215, 216, 217, 218, 220, 221, 222, 223, 224, 225, 226, 228, 229, 230, 231, 236, 237, 239, 240, 241, 243, 244, 245, 246, 247, 248, 249, 250, 252, 253, 254, 255, 256, 258, 259, 260, 261, 263, 264, 266, 267, 268, 270, 271, 272, 274, 275, 276, 277, 278, 280, 281, 282, 284, 285, 286, 288, 289, 290, 291, 292, 293, 294, 295, 296]
Linhas de Teste [2, 4, 9, 20, 24, 25, 26, 29, 30, 33, 36, 37, 39, 42, 47, 65, 66, 67, 72, 75, 86, 88, 96, 98, 104, 112, 117, 118, 121, 128, 131, 141, 143, 144, 145, 163, 166, 171, 172, 185, 199, 208, 219, 227, 232, 233, 234, 235, 238, 242, 251, 257, 262, 265, 269, 273, 279, 283, 287]
R2 de Treino = 97.42
R2 de Teste = 96.02

88 / 150  58.67 %
Tempo restante 0:00:07.453082

#################  Rodada 88 / 150  58.67 %
Parâmetros ('EV_MA', 'TST_MA', 'WAI_MA', 'saz_sin', 'saz_cos')
Linhas de Treino [0, 1, 3, 5, 6, 7, 8, 10, 11, 12, 13, 14, 15, 16, 17, 18, 19, 21, 22, 23, 27, 28, 31, 32, 34, 35, 38, 40, 41, 43, 44, 45, 46, 48, 49, 50, 51, 52, 53, 54, 55, 56, 57, 58, 59, 60, 61, 62, 63, 64, 68, 69, 70, 71, 73, 74, 76, 77, 78, 79, 80, 81, 82, 83, 84, 85, 87, 89, 90, 91, 92, 93, 94, 95, 97, 99, 100, 101, 102, 103, 105, 106, 107, 108, 109, 110, 111, 113, 114, 115, 116, 119, 120, 122, 123, 124, 125, 126, 127, 129, 130, 132, 133, 134, 135, 136, 137, 138, 139, 140, 142, 146, 147, 148, 149, 150, 151, 152, 153, 154, 155, 156, 157, 158, 159, 160, 161, 162, 164, 165, 167, 168, 169, 170, 173, 174, 175, 176, 177, 178, 179, 180, 181, 182, 183, 184, 186, 187, 188, 189, 190, 191, 192, 193, 194, 195, 196, 197, 198, 200, 201, 202, 203, 204, 205, 206, 207, 209, 210, 211, 212, 213, 214, 215, 216, 217, 218, 220, 221, 222, 223, 224, 225, 226, 228, 229, 230, 231, 236, 237, 239, 240, 241, 243, 244, 245, 246, 247, 248, 249, 250, 252, 253, 254, 255, 256, 258, 259, 260, 261, 263, 264, 266, 267, 268, 270, 271, 272, 274, 275, 276, 277, 278, 280, 281, 282, 284, 285, 286, 288, 289, 290, 291, 292, 293, 294, 295, 296]
Linhas de Teste [2, 4, 9, 20, 24, 25, 26, 29, 30, 33, 36, 37, 39, 42, 47, 65, 66, 67, 72, 75, 86, 88, 96, 98, 104, 112, 117, 118, 121, 128, 131, 141, 143, 144, 145, 163, 166, 171, 172, 185, 199, 208, 219, 227, 232, 233, 234, 235, 238, 242, 251, 257, 262, 265, 269, 273, 279, 283, 287]
R2 de Treino = 77.89
R2 de Teste = 79.91

88 / 150  58.67 %
Tempo restante 0:00:07.285372

#################  Rodada 91 / 150  60.67 %
Parâmetros ('EV_CA', 'PRE_CA', 'TST_CA', 'saz_sin', 'saz_cos')
Linhas de Treino [1, 2, 3, 4, 5, 6, 7, 8, 9, 10, 11, 12, 13, 14, 15, 16, 17, 18, 19, 20, 21, 22, 24, 25, 26, 27, 28, 29, 31, 33, 34, 35, 36, 40, 41, 42, 43, 44, 45, 46, 47, 49, 51, 53, 54, 56, 57, 58, 59, 61, 62, 63, 64, 66, 68, 69, 70, 71, 72, 73, 74, 75, 76, 77, 78, 79, 80, 82, 84, 86, 89, 91, 92, 93, 94, 95, 97, 98, 99, 100, 102, 103, 105, 107, 108, 109, 110, 111, 112, 113, 114, 115, 116, 117, 118, 119, 120, 121, 122, 123, 124, 125, 126, 127, 129, 131, 132, 133, 134, 135, 136, 137, 138, 140, 143, 144, 145, 147, 148, 149, 150, 151, 152, 153, 155, 156, 158, 159, 160, 162, 163, 164, 165, 166, 167, 169, 170, 171, 172, 173, 174, 175, 176, 177, 178, 181, 183, 184, 185, 186, 187, 189, 190, 191, 192, 193, 194, 195, 196, 197, 200, 201, 202, 204, 206, 207, 208, 209, 210, 211, 212, 213, 214, 215, 216, 217, 219, 220, 222, 223, 224, 226, 227, 228, 229, 230, 231, 232, 233, 234, 236, 237, 238, 239, 240, 241, 242, 243, 245, 247, 248, 249, 250, 251, 252, 254, 255, 257, 258, 259, 260, 261, 263, 264, 266, 268, 269, 271, 272, 274, 275, 277, 279, 280, 281, 282, 283, 284, 285, 286, 287, 289, 290, 291, 292, 293, 294]
Linhas de Teste [0, 23, 30, 32, 37, 38, 39, 48, 50, 52, 55, 60, 65, 67, 81, 83, 85, 87, 88, 90, 96, 101, 104, 106, 128, 130, 139, 141, 142, 146, 154, 157, 161, 168, 179, 180, 182, 188, 198, 199, 203, 205, 218, 221, 225, 235, 244, 246, 253, 256, 262, 265, 267, 270, 273, 276, 278, 288, 295, 296]
R2 de Treino = 94.77
R2 de Teste = 95.45

91 / 150  60.67 %
Tempo restante 0:00:06.505694

#################  Rodada 89 / 150  59.33 %
Parâmetros ('EV_CE', 'PRE_CE', 'WAI_CE', 'saz_sin', 'saz_cos')
Linhas de Treino [1, 2, 3, 4, 6, 7, 9, 10, 12, 13, 15, 17, 18, 19, 20, 21, 22, 23, 24, 25, 26, 28, 29, 30, 32, 33, 34, 35, 36, 37, 38, 39, 40, 42, 44, 45, 46, 47, 49, 50, 51, 52, 54, 56, 57, 58, 59, 60, 61, 63, 65, 66, 67, 68, 69, 70, 72, 73, 75, 76, 77, 78, 79, 80, 81, 83, 86, 88, 89, 90, 91, 92, 93, 95, 96, 98, 99, 100, 104, 105, 107, 108, 109, 110, 111, 112, 113, 115, 116, 117, 118, 119, 120, 121, 122, 123, 124, 125, 126, 127, 128, 129, 130, 131, 132, 134, 137, 140, 141, 142, 143, 144, 145, 147, 148, 149, 151, 152, 153, 155, 156, 157, 158, 160, 161, 162, 163, 165, 166, 167, 168, 169, 170, 171, 172, 173, 174, 175, 176, 178, 179, 180, 182, 183, 185, 186, 187, 188, 189, 190, 192, 194, 195, 196, 197, 198, 199, 200, 201, 202, 203, 204, 206, 208, 209, 210, 212, 213, 214, 215, 216, 217, 218, 219, 220, 221, 222, 223, 225, 227, 228, 230, 231, 232, 233, 234, 235, 236, 237, 238, 239, 240, 241, 242, 243, 244, 245, 246, 247, 248, 249, 250, 251, 252, 253, 254, 255, 256, 257, 259, 261, 262, 263, 264, 265, 266, 267, 268, 269, 271, 272, 273, 275, 276, 277, 279, 280, 281, 282, 283, 284, 285, 286, 287, 288, 291, 292, 295]
Linhas de Teste [0, 5, 8, 11, 14, 16, 27, 31, 41, 43, 48, 53, 55, 62, 64, 71, 74, 82, 84, 85, 87, 94, 97, 101, 102, 103, 106, 114, 133, 135, 136, 138, 139, 146, 150, 154, 159, 164, 177, 181, 184, 191, 193, 205, 207, 211, 224, 226, 229, 258, 260, 270, 274, 278, 289, 290, 293, 294, 296]
R2 de Treino = 97.13
R2 de Teste = 97.17

89 / 150  59.33 %
Tempo restante 0:00:07.287914

#################  Rodada 89 / 150  59.33 %
Parâmetros ('EV_MA', 'TST_MA', 'WAI_MA', 'saz_sin', 'saz_cos')
Linhas de Treino [1, 2, 3, 4, 6, 7, 9, 10, 12, 13, 15, 17, 18, 19, 20, 21, 22, 23, 24, 25, 26, 28, 29, 30, 32, 33, 34, 35, 36, 37, 38, 39, 40, 42, 44, 45, 46, 47, 49, 50, 51, 52, 54, 56, 57, 58, 59, 60, 61, 63, 65, 66, 67, 68, 69, 70, 72, 73, 75, 76, 77, 78, 79, 80, 81, 83, 86, 88, 89, 90, 91, 92, 93, 95, 96, 98, 99, 100, 104, 105, 107, 108, 109, 110, 111, 112, 113, 115, 116, 117, 118, 119, 120, 121, 122, 123, 124, 125, 126, 127, 128, 129, 130, 131, 132, 134, 137, 140, 141, 142, 143, 144, 145, 147, 148, 149, 151, 152, 153, 155, 156, 157, 158, 160, 161, 162, 163, 165, 166, 167, 168, 169, 170, 171, 172, 173, 174, 175, 176, 178, 179, 180, 182, 183, 185, 186, 187, 188, 189, 190, 192, 194, 195, 196, 197, 198, 199, 200, 201, 202, 203, 204, 206, 208, 209, 210, 212, 213, 214, 215, 216, 217, 218, 219, 220, 221, 222, 223, 225, 227, 228, 230, 231, 232, 233, 234, 235, 236, 237, 238, 239, 240, 241, 242, 243, 244, 245, 246, 247, 248, 249, 250, 251, 252, 253, 254, 255, 256, 257, 259, 261, 262, 263, 264, 265, 266, 267, 268, 269, 271, 272, 273, 275, 276, 277, 279, 280, 281, 282, 283, 284, 285, 286, 287, 288, 291, 292, 295]
Linhas de Teste [0, 5, 8, 11, 14, 16, 27, 31, 41, 43, 48, 53, 55, 62, 64, 71, 74, 82, 84, 85, 87, 94, 97, 101, 102, 103, 106, 114, 133, 135, 136, 138, 139, 146, 150, 154, 159, 164, 177, 181, 184, 191, 193, 205, 207, 211, 224, 226, 229, 258, 260, 270, 274, 278, 289, 290, 293, 294, 296]
R2 de Treino = 80.66
R2 de Teste = 66.92

89 / 150  59.33 %
Tempo restante 0:00:07.287853

#################  Rodada 92 / 150  61.33 %
Parâmetros ('EV_CA', 'PRE_CA', 'TST_CA', 'saz_sin', 'saz_cos')
Linhas de Treino [0, 1, 2, 3, 4, 5, 6, 9, 10, 11, 12, 13, 14, 15, 16, 17, 18, 19, 21, 22, 23, 24, 25, 26, 29, 30, 31, 32, 34, 37, 38, 39, 40, 41, 42, 43, 44, 45, 46, 47, 48, 49, 50, 52, 53, 55, 56, 57, 58, 59, 60, 62, 63, 64, 65, 66, 67, 68, 70, 71, 72, 73, 74, 75, 76, 77, 78, 80, 81, 82, 83, 84, 85, 86, 87, 88, 89, 90, 92, 93, 95, 96, 97, 98, 99, 101, 102, 103, 104, 105, 106, 107, 110, 111, 112, 113, 115, 116, 118, 119, 120, 121, 122, 123, 124, 125, 126, 127, 128, 129, 130, 131, 132, 133, 134, 135, 136, 138, 139, 140, 141, 142, 144, 145, 146, 148, 149, 150, 154, 155, 157, 158, 159, 160, 161, 162, 163, 166, 167, 168, 170, 172, 173, 174, 175, 179, 180, 182, 183, 184, 186, 187, 188, 189, 190, 191, 192, 193, 194, 195, 196, 197, 198, 199, 200, 201, 203, 204, 205, 207, 211, 214, 215, 216, 218, 219, 220, 221, 224, 225, 226, 227, 229, 230, 231, 233, 234, 235, 236, 237, 238, 239, 241, 242, 244, 245, 246, 247, 248, 249, 250, 251, 252, 253, 254, 256, 258, 259, 261, 262, 263, 265, 266, 267, 268, 269, 270, 271, 272, 273, 276, 277, 278, 279, 280, 282, 283, 285, 286, 287, 288, 290, 291, 292, 293, 295, 296]
Linhas de Teste [7, 8, 20, 27, 28, 33, 35, 36, 51, 54, 61, 69, 79, 91, 94, 100, 108, 109, 114, 117, 137, 143, 147, 151, 152, 153, 156, 164, 165, 169, 171, 176, 177, 178, 181, 185, 202, 206, 208, 209, 210, 212, 213, 217, 222, 223, 228, 232, 240, 243, 255, 257, 260, 264, 274, 275, 281, 284, 289, 294]
R2 de Treino = 94.56
R2 de Teste = 95.59

92 / 150  61.33 %
Tempo restante 0:00:06.454994

#################  Rodada 90 / 150  60.0 %
Parâmetros ('EV_CE', 'PRE_CE', 'WAI_CE', 'saz_sin', 'saz_cos')
Linhas de Treino [0, 2, 3, 4, 5, 6, 7, 8, 9, 10, 11, 13, 14, 15, 16, 17, 18, 19, 20, 21, 22, 23, 24, 25, 26, 27, 28, 29, 30, 31, 32, 33, 34, 35, 36, 37, 38, 39, 40, 41, 42, 43, 45, 46, 47, 48, 49, 50, 53, 55, 58, 59, 60, 61, 62, 63, 64, 65, 66, 67, 68, 69, 70, 71, 72, 73, 74, 75, 76, 77, 78, 79, 81, 82, 84, 85, 86, 87, 88, 89, 90, 91, 92, 94, 96, 97, 98, 99, 100, 101, 102, 103, 104, 105, 106, 109, 112, 114, 116, 117, 118, 119, 120, 121, 122, 123, 124, 125, 128, 129, 130, 131, 132, 133, 134, 135, 136, 137, 138, 139, 140, 141, 143, 144, 145, 146, 147, 149, 150, 151, 152, 153, 154, 156, 158, 159, 161, 162, 163, 164, 165, 166, 168, 169, 171, 172, 174, 175, 177, 178, 180, 181, 182, 183, 184, 185, 187, 190, 191, 192, 193, 194, 195, 196, 197, 198, 199, 202, 203, 205, 206, 207, 208, 211, 213, 215, 216, 217, 219, 221, 223, 224, 225, 226, 227, 229, 230, 231, 232, 233, 234, 235, 236, 238, 239, 240, 241, 242, 243, 244, 246, 247, 248, 250, 251, 252, 255, 256, 257, 258, 259, 260, 262, 264, 265, 266, 267, 269, 270, 271, 273, 274, 276, 277, 278, 279, 280, 281, 282, 283, 284, 285, 287, 289, 290, 293, 294, 296]
Linhas de Teste [1, 12, 44, 51, 52, 54, 56, 57, 80, 83, 93, 95, 107, 108, 110, 111, 113, 115, 126, 127, 142, 148, 155, 157, 160, 167, 170, 173, 176, 179, 186, 188, 189, 200, 201, 204, 209, 210, 212, 214, 218, 220, 222, 228, 237, 245, 249, 253, 254, 261, 263, 268, 272, 275, 286, 288, 291, 292, 295]
R2 de Treino = 97.08
R2 de Teste = 97.38

90 / 150  60.0 %
Tempo restante 0:00:07.089780

#################  Rodada 90 / 150  60.0 %
Parâmetros ('EV_MA', 'TST_MA', 'WAI_MA', 'saz_sin', 'saz_cos')
Linhas de Treino [0, 2, 3, 4, 5, 6, 7, 8, 9, 10, 11, 13, 14, 15, 16, 17, 18, 19, 20, 21, 22, 23, 24, 25, 26, 27, 28, 29, 30, 31, 32, 33, 34, 35, 36, 37, 38, 39, 40, 41, 42, 43, 45, 46, 47, 48, 49, 50, 53, 55, 58, 59, 60, 61, 62, 63, 64, 65, 66, 67, 68, 69, 70, 71, 72, 73, 74, 75, 76, 77, 78, 79, 81, 82, 84, 85, 86, 87, 88, 89, 90, 91, 92, 94, 96, 97, 98, 99, 100, 101, 102, 103, 104, 105, 106, 109, 112, 114, 116, 117, 118, 119, 120, 121, 122, 123, 124, 125, 128, 129, 130, 131, 132, 133, 134, 135, 136, 137, 138, 139, 140, 141, 143, 144, 145, 146, 147, 149, 150, 151, 152, 153, 154, 156, 158, 159, 161, 162, 163, 164, 165, 166, 168, 169, 171, 172, 174, 175, 177, 178, 180, 181, 182, 183, 184, 185, 187, 190, 191, 192, 193, 194, 195, 196, 197, 198, 199, 202, 203, 205, 206, 207, 208, 211, 213, 215, 216, 217, 219, 221, 223, 224, 225, 226, 227, 229, 230, 231, 232, 233, 234, 235, 236, 238, 239, 240, 241, 242, 243, 244, 246, 247, 248, 250, 251, 252, 255, 256, 257, 258, 259, 260, 262, 264, 265, 266, 267, 269, 270, 271, 273, 274, 276, 277, 278, 279, 280, 281, 282, 283, 284, 285, 287, 289, 290, 293, 294, 296]
Linhas de Teste [1, 12, 44, 51, 52, 54, 56, 57, 80, 83, 93, 95, 107, 108, 110, 111, 113, 115, 126, 127, 142, 148, 155, 157, 160, 167, 170, 173, 176, 179, 186, 188, 189, 200, 201, 204, 209, 210, 212, 214, 218, 220, 222, 228, 237, 245, 249, 253, 254, 261, 263, 268, 272, 275, 286, 288, 291, 292, 295]
R2 de Treino = 79.03
R2 de Teste = 73.8

90 / 150  60.0 %
Tempo restante 0:00:06.650340

#################  Rodada 93 / 150  62.0 %
Parâmetros ('EV_CA', 'PRE_CA', 'TST_CA', 'saz_sin', 'saz_cos')
Linhas de Treino [0, 2, 3, 4, 5, 7, 8, 10, 12, 13, 14, 17, 18, 19, 20, 21, 22, 23, 25, 27, 28, 29, 30, 31, 32, 33, 34, 35, 36, 37, 38, 39, 40, 42, 43, 44, 48, 49, 50, 51, 52, 54, 55, 56, 58, 59, 60, 61, 62, 64, 65, 66, 67, 69, 70, 72, 75, 79, 80, 81, 82, 83, 85, 86, 87, 88, 90, 91, 92, 93, 94, 95, 96, 97, 99, 100, 101, 102, 104, 105, 106, 107, 108, 109, 111, 112, 113, 114, 116, 117, 119, 121, 122, 124, 125, 127, 128, 130, 131, 132, 133, 135, 136, 137, 138, 139, 140, 141, 142, 143, 144, 145, 146, 147, 149, 150, 151, 152, 153, 154, 156, 157, 158, 159, 161, 162, 163, 164, 165, 166, 167, 168, 169, 170, 171, 172, 176, 177, 178, 179, 180, 181, 182, 183, 185, 186, 188, 189, 190, 192, 193, 195, 196, 197, 198, 199, 200, 201, 202, 203, 205, 206, 207, 208, 209, 210, 211, 212, 213, 214, 216, 217, 218, 219, 220, 221, 222, 223, 224, 225, 226, 228, 229, 231, 232, 233, 235, 236, 238, 240, 241, 243, 244, 245, 246, 247, 248, 249, 251, 253, 254, 255, 256, 257, 258, 259, 260, 261, 262, 263, 264, 265, 266, 267, 268, 269, 270, 272, 273, 274, 275, 276, 277, 278, 279, 281, 282, 284, 285, 287, 288, 289, 290, 291, 293, 294, 295, 296]
Linhas de Teste [1, 6, 9, 11, 15, 16, 24, 26, 41, 45, 46, 47, 53, 57, 63, 68, 71, 73, 74, 76, 77, 78, 84, 89, 98, 103, 110, 115, 118, 120, 123, 126, 129, 134, 148, 155, 160, 173, 174, 175, 184, 187, 191, 194, 204, 215, 227, 230, 234, 237, 239, 242, 250, 252, 271, 280, 283, 286, 292]
R2 de Treino = 96.07
R2 de Teste = 88.39

93 / 150  62.0 %
Tempo restante 0:00:06.142605

#################  Rodada 91 / 150  60.67 %
Parâmetros ('EV_CE', 'PRE_CE', 'WAI_CE', 'saz_sin', 'saz_cos')
Linhas de Treino [1, 2, 3, 4, 5, 6, 7, 8, 9, 10, 11, 12, 13, 14, 15, 16, 17, 18, 19, 20, 21, 22, 24, 25, 26, 27, 28, 29, 31, 33, 34, 35, 36, 40, 41, 42, 43, 44, 45, 46, 47, 49, 51, 53, 54, 56, 57, 58, 59, 61, 62, 63, 64, 66, 68, 69, 70, 71, 72, 73, 74, 75, 76, 77, 78, 79, 80, 82, 84, 86, 89, 91, 92, 93, 94, 95, 97, 98, 99, 100, 102, 103, 105, 107, 108, 109, 110, 111, 112, 113, 114, 115, 116, 117, 118, 119, 120, 121, 122, 123, 124, 125, 126, 127, 129, 131, 132, 133, 134, 135, 136, 137, 138, 140, 143, 144, 145, 147, 148, 149, 150, 151, 152, 153, 155, 156, 158, 159, 160, 162, 163, 164, 165, 166, 167, 169, 170, 171, 172, 173, 174, 175, 176, 177, 178, 181, 183, 184, 185, 186, 187, 189, 190, 191, 192, 193, 194, 195, 196, 197, 200, 201, 202, 204, 206, 207, 208, 209, 210, 211, 212, 213, 214, 215, 216, 217, 219, 220, 222, 223, 224, 226, 227, 228, 229, 230, 231, 232, 233, 234, 236, 237, 238, 239, 240, 241, 242, 243, 245, 247, 248, 249, 250, 251, 252, 254, 255, 257, 258, 259, 260, 261, 263, 264, 266, 268, 269, 271, 272, 274, 275, 277, 279, 280, 281, 282, 283, 284, 285, 286, 287, 289, 290, 291, 292, 293, 294]
Linhas de Teste [0, 23, 30, 32, 37, 38, 39, 48, 50, 52, 55, 60, 65, 67, 81, 83, 85, 87, 88, 90, 96, 101, 104, 106, 128, 130, 139, 141, 142, 146, 154, 157, 161, 168, 179, 180, 182, 188, 198, 199, 203, 205, 218, 221, 225, 235, 244, 246, 253, 256, 262, 265, 267, 270, 273, 276, 278, 288, 295, 296]
R2 de Treino = 97.34
R2 de Teste = 96.72

91 / 150  60.67 %
Tempo restante 0:00:06.844354

#################  Rodada 91 / 150  60.67 %
Parâmetros ('EV_MA', 'TST_MA', 'WAI_MA', 'saz_sin', 'saz_cos')
Linhas de Treino [1, 2, 3, 4, 5, 6, 7, 8, 9, 10, 11, 12, 13, 14, 15, 16, 17, 18, 19, 20, 21, 22, 24, 25, 26, 27, 28, 29, 31, 33, 34, 35, 36, 40, 41, 42, 43, 44, 45, 46, 47, 49, 51, 53, 54, 56, 57, 58, 59, 61, 62, 63, 64, 66, 68, 69, 70, 71, 72, 73, 74, 75, 76, 77, 78, 79, 80, 82, 84, 86, 89, 91, 92, 93, 94, 95, 97, 98, 99, 100, 102, 103, 105, 107, 108, 109, 110, 111, 112, 113, 114, 115, 116, 117, 118, 119, 120, 121, 122, 123, 124, 125, 126, 127, 129, 131, 132, 133, 134, 135, 136, 137, 138, 140, 143, 144, 145, 147, 148, 149, 150, 151, 152, 153, 155, 156, 158, 159, 160, 162, 163, 164, 165, 166, 167, 169, 170, 171, 172, 173, 174, 175, 176, 177, 178, 181, 183, 184, 185, 186, 187, 189, 190, 191, 192, 193, 194, 195, 196, 197, 200, 201, 202, 204, 206, 207, 208, 209, 210, 211, 212, 213, 214, 215, 216, 217, 219, 220, 222, 223, 224, 226, 227, 228, 229, 230, 231, 232, 233, 234, 236, 237, 238, 239, 240, 241, 242, 243, 245, 247, 248, 249, 250, 251, 252, 254, 255, 257, 258, 259, 260, 261, 263, 264, 266, 268, 269, 271, 272, 274, 275, 277, 279, 280, 281, 282, 283, 284, 285, 286, 287, 289, 290, 291, 292, 293, 294]
Linhas de Teste [0, 23, 30, 32, 37, 38, 39, 48, 50, 52, 55, 60, 65, 67, 81, 83, 85, 87, 88, 90, 96, 101, 104, 106, 128, 130, 139, 141, 142, 146, 154, 157, 161, 168, 179, 180, 182, 188, 198, 199, 203, 205, 218, 221, 225, 235, 244, 246, 253, 256, 262, 265, 267, 270, 273, 276, 278, 288, 295, 296]
R2 de Treino = 76.73
R2 de Teste = 78.32

91 / 150  60.67 %
Tempo restante 0:00:06.988845

#################  Rodada 94 / 150  62.67 %
Parâmetros ('EV_CA', 'PRE_CA', 'TST_CA', 'saz_sin', 'saz_cos')
Linhas de Treino [0, 1, 4, 6, 7, 8, 9, 11, 12, 13, 15, 16, 18, 19, 20, 23, 24, 25, 26, 27, 28, 29, 30, 32, 33, 35, 36, 37, 38, 39, 41, 43, 44, 45, 46, 47, 48, 49, 50, 51, 52, 53, 54, 55, 56, 57, 58, 59, 60, 61, 62, 63, 64, 65, 67, 68, 69, 70, 71, 73, 74, 76, 77, 78, 79, 81, 83, 84, 85, 87, 88, 89, 90, 91, 94, 96, 97, 98, 99, 100, 101, 102, 103, 104, 106, 108, 109, 110, 113, 114, 115, 116, 117, 118, 120, 121, 123, 124, 125, 126, 127, 128, 129, 130, 134, 135, 137, 139, 140, 141, 142, 143, 144, 145, 146, 147, 148, 151, 152, 153, 154, 155, 156, 157, 158, 160, 161, 162, 163, 164, 165, 166, 168, 169, 170, 171, 173, 174, 175, 176, 177, 178, 179, 180, 181, 182, 184, 185, 186, 187, 188, 189, 191, 193, 194, 196, 197, 198, 199, 200, 201, 202, 203, 204, 205, 206, 207, 208, 209, 210, 212, 213, 215, 217, 218, 219, 220, 221, 222, 223, 225, 226, 227, 228, 229, 230, 232, 233, 234, 235, 236, 237, 238, 239, 240, 241, 242, 243, 244, 245, 246, 248, 250, 252, 253, 255, 256, 257, 258, 260, 261, 262, 264, 265, 267, 269, 270, 271, 272, 273, 274, 275, 276, 278, 280, 281, 282, 283, 284, 285, 286, 288, 289, 290, 292, 294, 295, 296]
Linhas de Teste [2, 3, 5, 10, 14, 17, 21, 22, 31, 34, 40, 42, 66, 72, 75, 80, 82, 86, 92, 93, 95, 105, 107, 111, 112, 119, 122, 131, 132, 133, 136, 138, 149, 150, 159, 167, 172, 183, 190, 192, 195, 211, 214, 216, 224, 231, 247, 249, 251, 254, 259, 263, 266, 268, 277, 279, 287, 291, 293]
R2 de Treino = 95.63
R2 de Teste = 92.02

94 / 150  62.67 %
Tempo restante 0:00:06.230112

#################  Rodada 92 / 150  61.33 %
Parâmetros ('EV_CE', 'PRE_CE', 'WAI_CE', 'saz_sin', 'saz_cos')
Linhas de Treino [0, 1, 2, 3, 4, 5, 6, 9, 10, 11, 12, 13, 14, 15, 16, 17, 18, 19, 21, 22, 23, 24, 25, 26, 29, 30, 31, 32, 34, 37, 38, 39, 40, 41, 42, 43, 44, 45, 46, 47, 48, 49, 50, 52, 53, 55, 56, 57, 58, 59, 60, 62, 63, 64, 65, 66, 67, 68, 70, 71, 72, 73, 74, 75, 76, 77, 78, 80, 81, 82, 83, 84, 85, 86, 87, 88, 89, 90, 92, 93, 95, 96, 97, 98, 99, 101, 102, 103, 104, 105, 106, 107, 110, 111, 112, 113, 115, 116, 118, 119, 120, 121, 122, 123, 124, 125, 126, 127, 128, 129, 130, 131, 132, 133, 134, 135, 136, 138, 139, 140, 141, 142, 144, 145, 146, 148, 149, 150, 154, 155, 157, 158, 159, 160, 161, 162, 163, 166, 167, 168, 170, 172, 173, 174, 175, 179, 180, 182, 183, 184, 186, 187, 188, 189, 190, 191, 192, 193, 194, 195, 196, 197, 198, 199, 200, 201, 203, 204, 205, 207, 211, 214, 215, 216, 218, 219, 220, 221, 224, 225, 226, 227, 229, 230, 231, 233, 234, 235, 236, 237, 238, 239, 241, 242, 244, 245, 246, 247, 248, 249, 250, 251, 252, 253, 254, 256, 258, 259, 261, 262, 263, 265, 266, 267, 268, 269, 270, 271, 272, 273, 276, 277, 278, 279, 280, 282, 283, 285, 286, 287, 288, 290, 291, 292, 293, 295, 296]
Linhas de Teste [7, 8, 20, 27, 28, 33, 35, 36, 51, 54, 61, 69, 79, 91, 94, 100, 108, 109, 114, 117, 137, 143, 147, 151, 152, 153, 156, 164, 165, 169, 171, 176, 177, 178, 181, 185, 202, 206, 208, 209, 210, 212, 213, 217, 222, 223, 228, 232, 240, 243, 255, 257, 260, 264, 274, 275, 281, 284, 289, 294]
R2 de Treino = 97.04
R2 de Teste = 97.23

92 / 150  61.33 %
Tempo restante 0:00:06.883440

#################  Rodada 95 / 150  63.33 %
Parâmetros ('EV_CA', 'PRE_CA', 'TST_CA', 'saz_sin', 'saz_cos')
Linhas de Treino [0, 1, 2, 3, 5, 6, 7, 8, 9, 10, 11, 14, 15, 16, 17, 20, 21, 22, 23, 24, 26, 27, 28, 30, 31, 32, 33, 34, 35, 36, 37, 38, 39, 40, 41, 42, 45, 46, 47, 48, 50, 51, 52, 53, 54, 55, 57, 60, 61, 63, 65, 66, 67, 68, 69, 71, 72, 73, 74, 75, 76, 77, 78, 79, 80, 81, 82, 83, 84, 85, 86, 87, 88, 89, 90, 91, 92, 93, 94, 95, 96, 98, 100, 101, 103, 104, 105, 106, 107, 108, 109, 110, 111, 112, 114, 115, 117, 118, 119, 120, 122, 123, 126, 128, 129, 130, 131, 132, 133, 134, 136, 137, 138, 139, 141, 142, 143, 146, 147, 148, 149, 150, 151, 152, 153, 154, 155, 156, 157, 159, 160, 161, 164, 165, 167, 168, 169, 171, 172, 173, 174, 175, 176, 177, 178, 179, 180, 181, 182, 183, 184, 185, 187, 188, 190, 191, 192, 194, 195, 198, 199, 202, 203, 204, 205, 206, 208, 209, 210, 211, 212, 213, 214, 215, 216, 217, 218, 221, 222, 223, 224, 225, 227, 228, 230, 231, 232, 234, 235, 237, 239, 240, 242, 243, 244, 246, 247, 249, 250, 251, 252, 253, 254, 255, 256, 257, 259, 260, 262, 263, 264, 265, 266, 267, 268, 270, 271, 273, 274, 275, 276, 277, 278, 279, 280, 281, 283, 284, 286, 287, 288, 289, 291, 292, 293, 294, 295, 296]
Linhas de Teste [4, 12, 13, 18, 19, 25, 29, 43, 44, 49, 56, 58, 59, 62, 64, 70, 97, 99, 102, 113, 116, 121, 124, 125, 127, 135, 140, 144, 145, 158, 162, 163, 166, 170, 186, 189, 193, 196, 197, 200, 201, 207, 219, 220, 226, 229, 233, 236, 238, 241, 245, 248, 258, 261, 269, 272, 282, 285, 290]
R2 de Treino = 94.9
R2 de Teste = 95.68

95 / 150  63.33 %
Tempo restante 0:00:06.181780

#################  Rodada 92 / 150  61.33 %
Parâmetros ('EV_MA', 'TST_MA', 'WAI_MA', 'saz_sin', 'saz_cos')
Linhas de Treino [0, 1, 2, 3, 4, 5, 6, 9, 10, 11, 12, 13, 14, 15, 16, 17, 18, 19, 21, 22, 23, 24, 25, 26, 29, 30, 31, 32, 34, 37, 38, 39, 40, 41, 42, 43, 44, 45, 46, 47, 48, 49, 50, 52, 53, 55, 56, 57, 58, 59, 60, 62, 63, 64, 65, 66, 67, 68, 70, 71, 72, 73, 74, 75, 76, 77, 78, 80, 81, 82, 83, 84, 85, 86, 87, 88, 89, 90, 92, 93, 95, 96, 97, 98, 99, 101, 102, 103, 104, 105, 106, 107, 110, 111, 112, 113, 115, 116, 118, 119, 120, 121, 122, 123, 124, 125, 126, 127, 128, 129, 130, 131, 132, 133, 134, 135, 136, 138, 139, 140, 141, 142, 144, 145, 146, 148, 149, 150, 154, 155, 157, 158, 159, 160, 161, 162, 163, 166, 167, 168, 170, 172, 173, 174, 175, 179, 180, 182, 183, 184, 186, 187, 188, 189, 190, 191, 192, 193, 194, 195, 196, 197, 198, 199, 200, 201, 203, 204, 205, 207, 211, 214, 215, 216, 218, 219, 220, 221, 224, 225, 226, 227, 229, 230, 231, 233, 234, 235, 236, 237, 238, 239, 241, 242, 244, 245, 246, 247, 248, 249, 250, 251, 252, 253, 254, 256, 258, 259, 261, 262, 263, 265, 266, 267, 268, 269, 270, 271, 272, 273, 276, 277, 278, 279, 280, 282, 283, 285, 286, 287, 288, 290, 291, 292, 293, 295, 296]
Linhas de Teste [7, 8, 20, 27, 28, 33, 35, 36, 51, 54, 61, 69, 79, 91, 94, 100, 108, 109, 114, 117, 137, 143, 147, 151, 152, 153, 156, 164, 165, 169, 171, 176, 177, 178, 181, 185, 202, 206, 208, 209, 210, 212, 213, 217, 222, 223, 228, 232, 240, 243, 255, 257, 260, 264, 274, 275, 281, 284, 289, 294]
R2 de Treino = 75.45
R2 de Teste = 80.05

92 / 150  61.33 %
Tempo restante 0:00:06.734438

#################  Rodada 93 / 150  62.0 %
Parâmetros ('EV_CE', 'PRE_CE', 'WAI_CE', 'saz_sin', 'saz_cos')
Linhas de Treino [0, 2, 3, 4, 5, 7, 8, 10, 12, 13, 14, 17, 18, 19, 20, 21, 22, 23, 25, 27, 28, 29, 30, 31, 32, 33, 34, 35, 36, 37, 38, 39, 40, 42, 43, 44, 48, 49, 50, 51, 52, 54, 55, 56, 58, 59, 60, 61, 62, 64, 65, 66, 67, 69, 70, 72, 75, 79, 80, 81, 82, 83, 85, 86, 87, 88, 90, 91, 92, 93, 94, 95, 96, 97, 99, 100, 101, 102, 104, 105, 106, 107, 108, 109, 111, 112, 113, 114, 116, 117, 119, 121, 122, 124, 125, 127, 128, 130, 131, 132, 133, 135, 136, 137, 138, 139, 140, 141, 142, 143, 144, 145, 146, 147, 149, 150, 151, 152, 153, 154, 156, 157, 158, 159, 161, 162, 163, 164, 165, 166, 167, 168, 169, 170, 171, 172, 176, 177, 178, 179, 180, 181, 182, 183, 185, 186, 188, 189, 190, 192, 193, 195, 196, 197, 198, 199, 200, 201, 202, 203, 205, 206, 207, 208, 209, 210, 211, 212, 213, 214, 216, 217, 218, 219, 220, 221, 222, 223, 224, 225, 226, 228, 229, 231, 232, 233, 235, 236, 238, 240, 241, 243, 244, 245, 246, 247, 248, 249, 251, 253, 254, 255, 256, 257, 258, 259, 260, 261, 262, 263, 264, 265, 266, 267, 268, 269, 270, 272, 273, 274, 275, 276, 277, 278, 279, 281, 282, 284, 285, 287, 288, 289, 290, 291, 293, 294, 295, 296]
Linhas de Teste [1, 6, 9, 11, 15, 16, 24, 26, 41, 45, 46, 47, 53, 57, 63, 68, 71, 73, 74, 76, 77, 78, 84, 89, 98, 103, 110, 115, 118, 120, 123, 126, 129, 134, 148, 155, 160, 173, 174, 175, 184, 187, 191, 194, 204, 215, 227, 230, 234, 237, 239, 242, 250, 252, 271, 280, 283, 286, 292]
R2 de Treino = 97.42
R2 de Teste = 95.7

93 / 150  62.0 %
Tempo restante 0:00:06.883149

#################  Rodada 96 / 150  64.0 %
Parâmetros ('EV_CA', 'PRE_CA', 'TST_CA', 'saz_sin', 'saz_cos')
Linhas de Treino [2, 3, 4, 5, 7, 8, 9, 10, 11, 12, 14, 15, 16, 17, 18, 19, 21, 22, 23, 25, 26, 27, 28, 29, 30, 31, 32, 34, 35, 37, 38, 40, 41, 42, 43, 44, 45, 46, 50, 51, 52, 53, 54, 55, 56, 57, 58, 59, 60, 63, 64, 65, 68, 69, 71, 72, 74, 75, 76, 77, 78, 79, 80, 82, 83, 85, 86, 87, 88, 89, 90, 91, 92, 94, 95, 96, 97, 98, 99, 100, 101, 102, 103, 105, 107, 108, 109, 110, 111, 112, 114, 115, 116, 117, 119, 120, 121, 122, 123, 124, 126, 127, 128, 129, 132, 133, 134, 135, 137, 138, 139, 140, 141, 142, 143, 144, 145, 147, 148, 149, 150, 151, 152, 153, 154, 155, 156, 157, 158, 159, 160, 161, 162, 163, 164, 165, 166, 167, 168, 170, 171, 172, 173, 174, 175, 176, 178, 179, 180, 181, 183, 184, 186, 187, 188, 190, 191, 192, 193, 194, 195, 196, 197, 198, 199, 200, 205, 206, 207, 208, 210, 211, 212, 213, 214, 215, 217, 218, 219, 220, 222, 224, 225, 226, 227, 229, 232, 233, 234, 235, 236, 237, 238, 240, 241, 242, 245, 246, 247, 249, 250, 252, 253, 254, 259, 260, 261, 262, 263, 264, 265, 266, 267, 268, 269, 270, 271, 272, 275, 277, 279, 280, 281, 282, 283, 284, 285, 286, 287, 288, 289, 290, 292, 293, 294, 295, 296]
Linhas de Teste [0, 1, 6, 13, 20, 24, 33, 36, 39, 47, 48, 49, 61, 62, 66, 67, 70, 73, 81, 84, 93, 104, 106, 113, 118, 125, 130, 131, 136, 146, 169, 177, 182, 185, 189, 201, 202, 203, 204, 209, 216, 221, 223, 228, 230, 231, 239, 243, 244, 248, 251, 255, 256, 257, 258, 273, 274, 276, 278, 291]
R2 de Treino = 95.6
R2 de Teste = 91.88

96 / 150  64.0 %
Tempo restante 0:00:06.044274

#################  Rodada 93 / 150  62.0 %
Parâmetros ('EV_MA', 'TST_MA', 'WAI_MA', 'saz_sin', 'saz_cos')
Linhas de Treino [0, 2, 3, 4, 5, 7, 8, 10, 12, 13, 14, 17, 18, 19, 20, 21, 22, 23, 25, 27, 28, 29, 30, 31, 32, 33, 34, 35, 36, 37, 38, 39, 40, 42, 43, 44, 48, 49, 50, 51, 52, 54, 55, 56, 58, 59, 60, 61, 62, 64, 65, 66, 67, 69, 70, 72, 75, 79, 80, 81, 82, 83, 85, 86, 87, 88, 90, 91, 92, 93, 94, 95, 96, 97, 99, 100, 101, 102, 104, 105, 106, 107, 108, 109, 111, 112, 113, 114, 116, 117, 119, 121, 122, 124, 125, 127, 128, 130, 131, 132, 133, 135, 136, 137, 138, 139, 140, 141, 142, 143, 144, 145, 146, 147, 149, 150, 151, 152, 153, 154, 156, 157, 158, 159, 161, 162, 163, 164, 165, 166, 167, 168, 169, 170, 171, 172, 176, 177, 178, 179, 180, 181, 182, 183, 185, 186, 188, 189, 190, 192, 193, 195, 196, 197, 198, 199, 200, 201, 202, 203, 205, 206, 207, 208, 209, 210, 211, 212, 213, 214, 216, 217, 218, 219, 220, 221, 222, 223, 224, 225, 226, 228, 229, 231, 232, 233, 235, 236, 238, 240, 241, 243, 244, 245, 246, 247, 248, 249, 251, 253, 254, 255, 256, 257, 258, 259, 260, 261, 262, 263, 264, 265, 266, 267, 268, 269, 270, 272, 273, 274, 275, 276, 277, 278, 279, 281, 282, 284, 285, 287, 288, 289, 290, 291, 293, 294, 295, 296]
Linhas de Teste [1, 6, 9, 11, 15, 16, 24, 26, 41, 45, 46, 47, 53, 57, 63, 68, 71, 73, 74, 76, 77, 78, 84, 89, 98, 103, 110, 115, 118, 120, 123, 126, 129, 134, 148, 155, 160, 173, 174, 175, 184, 187, 191, 194, 204, 215, 227, 230, 234, 237, 239, 242, 250, 252, 271, 280, 283, 286, 292]
R2 de Treino = 79.74
R2 de Teste = 73.08

93 / 150  62.0 %
Tempo restante 0:00:06.847866

#################  Rodada 94 / 150  62.67 %
Parâmetros ('EV_CE', 'PRE_CE', 'WAI_CE', 'saz_sin', 'saz_cos')
Linhas de Treino [0, 1, 4, 6, 7, 8, 9, 11, 12, 13, 15, 16, 18, 19, 20, 23, 24, 25, 26, 27, 28, 29, 30, 32, 33, 35, 36, 37, 38, 39, 41, 43, 44, 45, 46, 47, 48, 49, 50, 51, 52, 53, 54, 55, 56, 57, 58, 59, 60, 61, 62, 63, 64, 65, 67, 68, 69, 70, 71, 73, 74, 76, 77, 78, 79, 81, 83, 84, 85, 87, 88, 89, 90, 91, 94, 96, 97, 98, 99, 100, 101, 102, 103, 104, 106, 108, 109, 110, 113, 114, 115, 116, 117, 118, 120, 121, 123, 124, 125, 126, 127, 128, 129, 130, 134, 135, 137, 139, 140, 141, 142, 143, 144, 145, 146, 147, 148, 151, 152, 153, 154, 155, 156, 157, 158, 160, 161, 162, 163, 164, 165, 166, 168, 169, 170, 171, 173, 174, 175, 176, 177, 178, 179, 180, 181, 182, 184, 185, 186, 187, 188, 189, 191, 193, 194, 196, 197, 198, 199, 200, 201, 202, 203, 204, 205, 206, 207, 208, 209, 210, 212, 213, 215, 217, 218, 219, 220, 221, 222, 223, 225, 226, 227, 228, 229, 230, 232, 233, 234, 235, 236, 237, 238, 239, 240, 241, 242, 243, 244, 245, 246, 248, 250, 252, 253, 255, 256, 257, 258, 260, 261, 262, 264, 265, 267, 269, 270, 271, 272, 273, 274, 275, 276, 278, 280, 281, 282, 283, 284, 285, 286, 288, 289, 290, 292, 294, 295, 296]
Linhas de Teste [2, 3, 5, 10, 14, 17, 21, 22, 31, 34, 40, 42, 66, 72, 75, 80, 82, 86, 92, 93, 95, 105, 107, 111, 112, 119, 122, 131, 132, 133, 136, 138, 149, 150, 159, 167, 172, 183, 190, 192, 195, 211, 214, 216, 224, 231, 247, 249, 251, 254, 259, 263, 266, 268, 277, 279, 287, 291, 293]
R2 de Treino = 97.46
R2 de Teste = 95.39

94 / 150  62.67 %
Tempo restante 0:00:06.641992

#################  Rodada 97 / 150  64.67 %
Parâmetros ('EV_CA', 'PRE_CA', 'TST_CA', 'saz_sin', 'saz_cos')
Linhas de Treino [0, 1, 2, 4, 6, 7, 9, 11, 13, 14, 15, 16, 17, 18, 19, 20, 21, 23, 24, 26, 28, 29, 30, 31, 32, 33, 34, 35, 36, 37, 38, 39, 40, 41, 42, 43, 45, 46, 47, 48, 49, 50, 53, 56, 57, 59, 60, 61, 62, 64, 65, 66, 67, 68, 69, 70, 71, 72, 73, 74, 75, 77, 78, 79, 80, 81, 82, 83, 84, 86, 87, 88, 90, 93, 94, 95, 96, 97, 98, 99, 100, 102, 103, 104, 105, 106, 107, 108, 109, 110, 111, 113, 115, 118, 122, 123, 124, 125, 126, 127, 128, 129, 130, 131, 132, 136, 137, 139, 140, 141, 143, 144, 145, 146, 147, 148, 149, 150, 151, 152, 154, 155, 156, 158, 159, 160, 161, 163, 164, 165, 168, 169, 170, 171, 172, 175, 177, 178, 180, 181, 182, 183, 184, 185, 186, 187, 188, 189, 191, 192, 193, 194, 195, 196, 197, 198, 200, 201, 202, 203, 204, 205, 206, 207, 208, 209, 210, 211, 212, 213, 214, 215, 216, 219, 221, 222, 223, 224, 225, 227, 228, 229, 230, 231, 233, 234, 235, 236, 237, 238, 239, 240, 241, 242, 243, 244, 245, 246, 247, 248, 249, 251, 252, 254, 255, 256, 257, 258, 259, 261, 262, 264, 265, 267, 268, 271, 273, 274, 275, 276, 277, 278, 279, 280, 281, 282, 283, 284, 285, 288, 289, 290, 291, 292, 293, 294, 296]
Linhas de Teste [3, 5, 8, 10, 12, 22, 25, 27, 44, 51, 52, 54, 55, 58, 63, 76, 85, 89, 91, 92, 101, 112, 114, 116, 117, 119, 120, 121, 133, 134, 135, 138, 142, 153, 157, 162, 166, 167, 173, 174, 176, 179, 190, 199, 217, 218, 220, 226, 232, 250, 253, 260, 263, 266, 269, 270, 272, 286, 287, 295]
R2 de Treino = 95.35
R2 de Teste = 93.7

97 / 150  64.67 %
Tempo restante 0:00:05.793271

#################  Rodada 94 / 150  62.67 %
Parâmetros ('EV_MA', 'TST_MA', 'WAI_MA', 'saz_sin', 'saz_cos')
Linhas de Treino [0, 1, 4, 6, 7, 8, 9, 11, 12, 13, 15, 16, 18, 19, 20, 23, 24, 25, 26, 27, 28, 29, 30, 32, 33, 35, 36, 37, 38, 39, 41, 43, 44, 45, 46, 47, 48, 49, 50, 51, 52, 53, 54, 55, 56, 57, 58, 59, 60, 61, 62, 63, 64, 65, 67, 68, 69, 70, 71, 73, 74, 76, 77, 78, 79, 81, 83, 84, 85, 87, 88, 89, 90, 91, 94, 96, 97, 98, 99, 100, 101, 102, 103, 104, 106, 108, 109, 110, 113, 114, 115, 116, 117, 118, 120, 121, 123, 124, 125, 126, 127, 128, 129, 130, 134, 135, 137, 139, 140, 141, 142, 143, 144, 145, 146, 147, 148, 151, 152, 153, 154, 155, 156, 157, 158, 160, 161, 162, 163, 164, 165, 166, 168, 169, 170, 171, 173, 174, 175, 176, 177, 178, 179, 180, 181, 182, 184, 185, 186, 187, 188, 189, 191, 193, 194, 196, 197, 198, 199, 200, 201, 202, 203, 204, 205, 206, 207, 208, 209, 210, 212, 213, 215, 217, 218, 219, 220, 221, 222, 223, 225, 226, 227, 228, 229, 230, 232, 233, 234, 235, 236, 237, 238, 239, 240, 241, 242, 243, 244, 245, 246, 248, 250, 252, 253, 255, 256, 257, 258, 260, 261, 262, 264, 265, 267, 269, 270, 271, 272, 273, 274, 275, 276, 278, 280, 281, 282, 283, 284, 285, 286, 288, 289, 290, 292, 294, 295, 296]
Linhas de Teste [2, 3, 5, 10, 14, 17, 21, 22, 31, 34, 40, 42, 66, 72, 75, 80, 82, 86, 92, 93, 95, 105, 107, 111, 112, 119, 122, 131, 132, 133, 136, 138, 149, 150, 159, 167, 172, 183, 190, 192, 195, 211, 214, 216, 224, 231, 247, 249, 251, 254, 259, 263, 266, 268, 277, 279, 287, 291, 293]
R2 de Treino = 81.0
R2 de Teste = 61.95

94 / 150  62.67 %
Tempo restante 0:00:06.461448

#################  Rodada 95 / 150  63.33 %
Parâmetros ('EV_CE', 'PRE_CE', 'WAI_CE', 'saz_sin', 'saz_cos')
Linhas de Treino [0, 1, 2, 3, 5, 6, 7, 8, 9, 10, 11, 14, 15, 16, 17, 20, 21, 22, 23, 24, 26, 27, 28, 30, 31, 32, 33, 34, 35, 36, 37, 38, 39, 40, 41, 42, 45, 46, 47, 48, 50, 51, 52, 53, 54, 55, 57, 60, 61, 63, 65, 66, 67, 68, 69, 71, 72, 73, 74, 75, 76, 77, 78, 79, 80, 81, 82, 83, 84, 85, 86, 87, 88, 89, 90, 91, 92, 93, 94, 95, 96, 98, 100, 101, 103, 104, 105, 106, 107, 108, 109, 110, 111, 112, 114, 115, 117, 118, 119, 120, 122, 123, 126, 128, 129, 130, 131, 132, 133, 134, 136, 137, 138, 139, 141, 142, 143, 146, 147, 148, 149, 150, 151, 152, 153, 154, 155, 156, 157, 159, 160, 161, 164, 165, 167, 168, 169, 171, 172, 173, 174, 175, 176, 177, 178, 179, 180, 181, 182, 183, 184, 185, 187, 188, 190, 191, 192, 194, 195, 198, 199, 202, 203, 204, 205, 206, 208, 209, 210, 211, 212, 213, 214, 215, 216, 217, 218, 221, 222, 223, 224, 225, 227, 228, 230, 231, 232, 234, 235, 237, 239, 240, 242, 243, 244, 246, 247, 249, 250, 251, 252, 253, 254, 255, 256, 257, 259, 260, 262, 263, 264, 265, 266, 267, 268, 270, 271, 273, 274, 275, 276, 277, 278, 279, 280, 281, 283, 284, 286, 287, 288, 289, 291, 292, 293, 294, 295, 296]
Linhas de Teste [4, 12, 13, 18, 19, 25, 29, 43, 44, 49, 56, 58, 59, 62, 64, 70, 97, 99, 102, 113, 116, 121, 124, 125, 127, 135, 140, 144, 145, 158, 162, 163, 166, 170, 186, 189, 193, 196, 197, 200, 201, 207, 219, 220, 226, 229, 233, 236, 238, 241, 245, 248, 258, 261, 269, 272, 282, 285, 290]
R2 de Treino = 97.05
R2 de Teste = 97.27

95 / 150  63.33 %
Tempo restante 0:00:06.328960

#################  Rodada 98 / 150  65.33 %
Parâmetros ('EV_CA', 'PRE_CA', 'TST_CA', 'saz_sin', 'saz_cos')
Linhas de Treino [0, 1, 3, 5, 6, 8, 9, 10, 11, 12, 13, 14, 17, 18, 19, 20, 21, 22, 23, 24, 25, 27, 28, 29, 31, 33, 35, 36, 37, 38, 39, 40, 41, 43, 44, 45, 46, 47, 48, 49, 51, 52, 54, 55, 56, 57, 58, 59, 60, 61, 62, 63, 64, 65, 66, 67, 70, 72, 73, 75, 76, 77, 79, 80, 81, 83, 84, 85, 86, 88, 89, 91, 92, 93, 95, 99, 100, 101, 102, 103, 104, 105, 106, 107, 108, 109, 112, 113, 114, 116, 117, 118, 119, 120, 121, 122, 123, 124, 125, 126, 127, 129, 130, 131, 133, 134, 135, 136, 137, 138, 139, 141, 142, 143, 144, 145, 146, 147, 148, 149, 150, 151, 153, 154, 155, 157, 158, 159, 160, 161, 162, 163, 165, 166, 167, 168, 169, 170, 172, 173, 174, 175, 176, 177, 178, 179, 180, 181, 182, 183, 184, 185, 186, 188, 189, 190, 193, 194, 197, 198, 199, 200, 201, 202, 203, 204, 205, 207, 209, 213, 214, 215, 216, 217, 218, 220, 221, 222, 223, 224, 225, 226, 228, 229, 230, 231, 232, 235, 236, 237, 239, 240, 241, 243, 244, 245, 247, 248, 250, 251, 253, 255, 256, 257, 258, 259, 260, 261, 263, 264, 265, 266, 268, 269, 270, 271, 272, 273, 274, 275, 276, 277, 278, 279, 280, 281, 282, 283, 284, 285, 286, 287, 289, 291, 292, 293, 295, 296]
Linhas de Teste [2, 4, 7, 15, 16, 26, 30, 32, 34, 42, 50, 53, 68, 69, 71, 74, 78, 82, 87, 90, 94, 96, 97, 98, 110, 111, 115, 128, 132, 140, 152, 156, 164, 171, 187, 191, 192, 195, 196, 206, 208, 210, 211, 212, 219, 227, 233, 234, 238, 242, 246, 249, 252, 254, 262, 267, 288, 290, 294]
R2 de Treino = 94.87
R2 de Teste = 95.94

98 / 150  65.33 %
Tempo restante 0:00:05.657236

#################  Rodada 95 / 150  63.33 %
Parâmetros ('EV_MA', 'TST_MA', 'WAI_MA', 'saz_sin', 'saz_cos')
Linhas de Treino [0, 1, 2, 3, 5, 6, 7, 8, 9, 10, 11, 14, 15, 16, 17, 20, 21, 22, 23, 24, 26, 27, 28, 30, 31, 32, 33, 34, 35, 36, 37, 38, 39, 40, 41, 42, 45, 46, 47, 48, 50, 51, 52, 53, 54, 55, 57, 60, 61, 63, 65, 66, 67, 68, 69, 71, 72, 73, 74, 75, 76, 77, 78, 79, 80, 81, 82, 83, 84, 85, 86, 87, 88, 89, 90, 91, 92, 93, 94, 95, 96, 98, 100, 101, 103, 104, 105, 106, 107, 108, 109, 110, 111, 112, 114, 115, 117, 118, 119, 120, 122, 123, 126, 128, 129, 130, 131, 132, 133, 134, 136, 137, 138, 139, 141, 142, 143, 146, 147, 148, 149, 150, 151, 152, 153, 154, 155, 156, 157, 159, 160, 161, 164, 165, 167, 168, 169, 171, 172, 173, 174, 175, 176, 177, 178, 179, 180, 181, 182, 183, 184, 185, 187, 188, 190, 191, 192, 194, 195, 198, 199, 202, 203, 204, 205, 206, 208, 209, 210, 211, 212, 213, 214, 215, 216, 217, 218, 221, 222, 223, 224, 225, 227, 228, 230, 231, 232, 234, 235, 237, 239, 240, 242, 243, 244, 246, 247, 249, 250, 251, 252, 253, 254, 255, 256, 257, 259, 260, 262, 263, 264, 265, 266, 267, 268, 270, 271, 273, 274, 275, 276, 277, 278, 279, 280, 281, 283, 284, 286, 287, 288, 289, 291, 292, 293, 294, 295, 296]
Linhas de Teste [4, 12, 13, 18, 19, 25, 29, 43, 44, 49, 56, 58, 59, 62, 64, 70, 97, 99, 102, 113, 116, 121, 124, 125, 127, 135, 140, 144, 145, 158, 162, 163, 166, 170, 186, 189, 193, 196, 197, 200, 201, 207, 219, 220, 226, 229, 233, 236, 238, 241, 245, 248, 258, 261, 269, 272, 282, 285, 290]
R2 de Treino = 80.37
R2 de Teste = 68.39

95 / 150  63.33 %
Tempo restante 0:00:06.437860

#################  Rodada 96 / 150  64.0 %
Parâmetros ('EV_CE', 'PRE_CE', 'WAI_CE', 'saz_sin', 'saz_cos')
Linhas de Treino [2, 3, 4, 5, 7, 8, 9, 10, 11, 12, 14, 15, 16, 17, 18, 19, 21, 22, 23, 25, 26, 27, 28, 29, 30, 31, 32, 34, 35, 37, 38, 40, 41, 42, 43, 44, 45, 46, 50, 51, 52, 53, 54, 55, 56, 57, 58, 59, 60, 63, 64, 65, 68, 69, 71, 72, 74, 75, 76, 77, 78, 79, 80, 82, 83, 85, 86, 87, 88, 89, 90, 91, 92, 94, 95, 96, 97, 98, 99, 100, 101, 102, 103, 105, 107, 108, 109, 110, 111, 112, 114, 115, 116, 117, 119, 120, 121, 122, 123, 124, 126, 127, 128, 129, 132, 133, 134, 135, 137, 138, 139, 140, 141, 142, 143, 144, 145, 147, 148, 149, 150, 151, 152, 153, 154, 155, 156, 157, 158, 159, 160, 161, 162, 163, 164, 165, 166, 167, 168, 170, 171, 172, 173, 174, 175, 176, 178, 179, 180, 181, 183, 184, 186, 187, 188, 190, 191, 192, 193, 194, 195, 196, 197, 198, 199, 200, 205, 206, 207, 208, 210, 211, 212, 213, 214, 215, 217, 218, 219, 220, 222, 224, 225, 226, 227, 229, 232, 233, 234, 235, 236, 237, 238, 240, 241, 242, 245, 246, 247, 249, 250, 252, 253, 254, 259, 260, 261, 262, 263, 264, 265, 266, 267, 268, 269, 270, 271, 272, 275, 277, 279, 280, 281, 282, 283, 284, 285, 286, 287, 288, 289, 290, 292, 293, 294, 295, 296]
Linhas de Teste [0, 1, 6, 13, 20, 24, 33, 36, 39, 47, 48, 49, 61, 62, 66, 67, 70, 73, 81, 84, 93, 104, 106, 113, 118, 125, 130, 131, 136, 146, 169, 177, 182, 185, 189, 201, 202, 203, 204, 209, 216, 221, 223, 228, 230, 231, 239, 243, 244, 248, 251, 255, 256, 257, 258, 273, 274, 276, 278, 291]
R2 de Treino = 97.26
R2 de Teste = 96.82

96 / 150  64.0 %
Tempo restante 0:00:06.701292

#################  Rodada 99 / 150  66.0 %
Parâmetros ('EV_CA', 'PRE_CA', 'TST_CA', 'saz_sin', 'saz_cos')
Linhas de Treino [0, 1, 2, 3, 4, 5, 6, 7, 8, 9, 10, 11, 12, 13, 15, 16, 18, 19, 20, 21, 22, 24, 25, 26, 27, 28, 29, 30, 32, 33, 34, 36, 38, 39, 40, 41, 42, 44, 46, 47, 48, 49, 50, 51, 52, 53, 54, 55, 56, 58, 59, 61, 62, 63, 64, 65, 66, 67, 68, 69, 70, 71, 72, 73, 74, 75, 76, 77, 78, 81, 82, 83, 84, 85, 87, 88, 89, 90, 91, 92, 93, 94, 95, 96, 97, 98, 101, 104, 105, 106, 107, 110, 111, 112, 113, 114, 115, 116, 117, 118, 119, 120, 121, 123, 125, 128, 129, 130, 131, 132, 133, 134, 135, 136, 138, 140, 142, 143, 146, 151, 152, 153, 154, 156, 157, 158, 159, 161, 162, 163, 164, 165, 166, 167, 169, 170, 171, 173, 174, 175, 176, 177, 178, 179, 180, 181, 182, 184, 185, 187, 189, 190, 191, 192, 193, 194, 195, 196, 198, 199, 200, 201, 202, 203, 204, 206, 207, 208, 209, 210, 211, 212, 216, 217, 218, 219, 220, 221, 223, 224, 225, 226, 227, 228, 230, 231, 232, 233, 234, 236, 238, 239, 241, 242, 243, 244, 245, 246, 248, 249, 250, 251, 252, 253, 254, 255, 256, 257, 258, 259, 260, 262, 263, 265, 266, 267, 269, 270, 271, 272, 273, 274, 276, 278, 279, 281, 282, 284, 285, 286, 287, 288, 290, 291, 293, 294, 295, 296]
Linhas de Teste [14, 17, 23, 31, 35, 37, 43, 45, 57, 60, 79, 80, 86, 99, 100, 102, 103, 108, 109, 122, 124, 126, 127, 137, 139, 141, 144, 145, 147, 148, 149, 150, 155, 160, 168, 172, 183, 186, 188, 197, 205, 213, 214, 215, 222, 229, 235, 237, 240, 247, 261, 264, 268, 275, 277, 280, 283, 289, 292]
R2 de Treino = 95.07
R2 de Teste = 95.11

99 / 150  66.0 %
Tempo restante 0:00:05.957463

#################  Rodada 96 / 150  64.0 %
Parâmetros ('EV_MA', 'TST_MA', 'WAI_MA', 'saz_sin', 'saz_cos')
Linhas de Treino [2, 3, 4, 5, 7, 8, 9, 10, 11, 12, 14, 15, 16, 17, 18, 19, 21, 22, 23, 25, 26, 27, 28, 29, 30, 31, 32, 34, 35, 37, 38, 40, 41, 42, 43, 44, 45, 46, 50, 51, 52, 53, 54, 55, 56, 57, 58, 59, 60, 63, 64, 65, 68, 69, 71, 72, 74, 75, 76, 77, 78, 79, 80, 82, 83, 85, 86, 87, 88, 89, 90, 91, 92, 94, 95, 96, 97, 98, 99, 100, 101, 102, 103, 105, 107, 108, 109, 110, 111, 112, 114, 115, 116, 117, 119, 120, 121, 122, 123, 124, 126, 127, 128, 129, 132, 133, 134, 135, 137, 138, 139, 140, 141, 142, 143, 144, 145, 147, 148, 149, 150, 151, 152, 153, 154, 155, 156, 157, 158, 159, 160, 161, 162, 163, 164, 165, 166, 167, 168, 170, 171, 172, 173, 174, 175, 176, 178, 179, 180, 181, 183, 184, 186, 187, 188, 190, 191, 192, 193, 194, 195, 196, 197, 198, 199, 200, 205, 206, 207, 208, 210, 211, 212, 213, 214, 215, 217, 218, 219, 220, 222, 224, 225, 226, 227, 229, 232, 233, 234, 235, 236, 237, 238, 240, 241, 242, 245, 246, 247, 249, 250, 252, 253, 254, 259, 260, 261, 262, 263, 264, 265, 266, 267, 268, 269, 270, 271, 272, 275, 277, 279, 280, 281, 282, 283, 284, 285, 286, 287, 288, 289, 290, 292, 293, 294, 295, 296]
Linhas de Teste [0, 1, 6, 13, 20, 24, 33, 36, 39, 47, 48, 49, 61, 62, 66, 67, 70, 73, 81, 84, 93, 104, 106, 113, 118, 125, 130, 131, 136, 146, 169, 177, 182, 185, 189, 201, 202, 203, 204, 209, 216, 221, 223, 228, 230, 231, 239, 243, 244, 248, 251, 255, 256, 257, 258, 273, 274, 276, 278, 291]
R2 de Treino = 80.2
R2 de Teste = 68.09

96 / 150  64.0 %
Tempo restante 0:00:06.595290

#################  Rodada 97 / 150  64.67 %
Parâmetros ('EV_CE', 'PRE_CE', 'WAI_CE', 'saz_sin', 'saz_cos')
Linhas de Treino [0, 1, 2, 4, 6, 7, 9, 11, 13, 14, 15, 16, 17, 18, 19, 20, 21, 23, 24, 26, 28, 29, 30, 31, 32, 33, 34, 35, 36, 37, 38, 39, 40, 41, 42, 43, 45, 46, 47, 48, 49, 50, 53, 56, 57, 59, 60, 61, 62, 64, 65, 66, 67, 68, 69, 70, 71, 72, 73, 74, 75, 77, 78, 79, 80, 81, 82, 83, 84, 86, 87, 88, 90, 93, 94, 95, 96, 97, 98, 99, 100, 102, 103, 104, 105, 106, 107, 108, 109, 110, 111, 113, 115, 118, 122, 123, 124, 125, 126, 127, 128, 129, 130, 131, 132, 136, 137, 139, 140, 141, 143, 144, 145, 146, 147, 148, 149, 150, 151, 152, 154, 155, 156, 158, 159, 160, 161, 163, 164, 165, 168, 169, 170, 171, 172, 175, 177, 178, 180, 181, 182, 183, 184, 185, 186, 187, 188, 189, 191, 192, 193, 194, 195, 196, 197, 198, 200, 201, 202, 203, 204, 205, 206, 207, 208, 209, 210, 211, 212, 213, 214, 215, 216, 219, 221, 222, 223, 224, 225, 227, 228, 229, 230, 231, 233, 234, 235, 236, 237, 238, 239, 240, 241, 242, 243, 244, 245, 246, 247, 248, 249, 251, 252, 254, 255, 256, 257, 258, 259, 261, 262, 264, 265, 267, 268, 271, 273, 274, 275, 276, 277, 278, 279, 280, 281, 282, 283, 284, 285, 288, 289, 290, 291, 292, 293, 294, 296]
Linhas de Teste [3, 5, 8, 10, 12, 22, 25, 27, 44, 51, 52, 54, 55, 58, 63, 76, 85, 89, 91, 92, 101, 112, 114, 116, 117, 119, 120, 121, 133, 134, 135, 138, 142, 153, 157, 162, 166, 167, 173, 174, 176, 179, 190, 199, 217, 218, 220, 226, 232, 250, 253, 260, 263, 266, 269, 270, 272, 286, 287, 295]
R2 de Treino = 97.37
R2 de Teste = 96.14

97 / 150  64.67 %
Tempo restante 0:00:06.596857

#################  Rodada 100 / 150  66.67 %
Parâmetros ('EV_CA', 'PRE_CA', 'TST_CA', 'saz_sin', 'saz_cos')
Linhas de Treino [0, 1, 2, 3, 4, 5, 6, 7, 8, 10, 12, 13, 14, 15, 16, 17, 20, 22, 23, 24, 25, 26, 27, 30, 31, 32, 33, 34, 35, 36, 37, 39, 42, 43, 44, 45, 47, 48, 49, 50, 51, 52, 53, 54, 55, 57, 58, 60, 61, 62, 63, 66, 67, 68, 69, 70, 71, 73, 74, 76, 78, 79, 80, 81, 82, 84, 85, 86, 87, 89, 90, 91, 92, 93, 94, 96, 97, 98, 99, 100, 101, 102, 103, 104, 106, 108, 109, 110, 111, 112, 113, 114, 115, 116, 117, 118, 119, 120, 121, 122, 124, 125, 126, 127, 128, 130, 131, 132, 133, 134, 135, 136, 137, 138, 139, 140, 141, 142, 144, 145, 146, 147, 148, 149, 150, 152, 153, 155, 156, 157, 160, 162, 164, 166, 167, 168, 169, 171, 172, 173, 174, 176, 177, 179, 182, 183, 185, 186, 187, 188, 189, 190, 191, 192, 195, 196, 197, 199, 201, 202, 203, 204, 205, 206, 208, 209, 210, 211, 212, 213, 214, 215, 216, 217, 218, 219, 220, 221, 222, 223, 226, 227, 228, 229, 230, 231, 232, 233, 234, 235, 237, 238, 239, 240, 242, 243, 244, 246, 247, 248, 249, 250, 251, 252, 253, 254, 255, 256, 257, 258, 260, 261, 262, 263, 264, 266, 267, 268, 269, 270, 272, 273, 274, 275, 276, 277, 278, 280, 283, 286, 287, 288, 289, 290, 291, 292, 294, 295]
Linhas de Teste [9, 11, 18, 19, 21, 28, 29, 38, 40, 41, 46, 56, 59, 64, 65, 72, 75, 77, 83, 88, 95, 105, 107, 123, 129, 143, 151, 154, 158, 159, 161, 163, 165, 170, 175, 178, 180, 181, 184, 193, 194, 198, 200, 207, 224, 225, 236, 241, 245, 259, 265, 271, 279, 281, 282, 284, 285, 293, 296]
R2 de Treino = 95.29
R2 de Teste = 93.78

100 / 150  66.67 %
Tempo restante 0:00:05.766200

#################  Rodada 97 / 150  64.67 %
Parâmetros ('EV_MA', 'TST_MA', 'WAI_MA', 'saz_sin', 'saz_cos')
Linhas de Treino [0, 1, 2, 4, 6, 7, 9, 11, 13, 14, 15, 16, 17, 18, 19, 20, 21, 23, 24, 26, 28, 29, 30, 31, 32, 33, 34, 35, 36, 37, 38, 39, 40, 41, 42, 43, 45, 46, 47, 48, 49, 50, 53, 56, 57, 59, 60, 61, 62, 64, 65, 66, 67, 68, 69, 70, 71, 72, 73, 74, 75, 77, 78, 79, 80, 81, 82, 83, 84, 86, 87, 88, 90, 93, 94, 95, 96, 97, 98, 99, 100, 102, 103, 104, 105, 106, 107, 108, 109, 110, 111, 113, 115, 118, 122, 123, 124, 125, 126, 127, 128, 129, 130, 131, 132, 136, 137, 139, 140, 141, 143, 144, 145, 146, 147, 148, 149, 150, 151, 152, 154, 155, 156, 158, 159, 160, 161, 163, 164, 165, 168, 169, 170, 171, 172, 175, 177, 178, 180, 181, 182, 183, 184, 185, 186, 187, 188, 189, 191, 192, 193, 194, 195, 196, 197, 198, 200, 201, 202, 203, 204, 205, 206, 207, 208, 209, 210, 211, 212, 213, 214, 215, 216, 219, 221, 222, 223, 224, 225, 227, 228, 229, 230, 231, 233, 234, 235, 236, 237, 238, 239, 240, 241, 242, 243, 244, 245, 246, 247, 248, 249, 251, 252, 254, 255, 256, 257, 258, 259, 261, 262, 264, 265, 267, 268, 271, 273, 274, 275, 276, 277, 278, 279, 280, 281, 282, 283, 284, 285, 288, 289, 290, 291, 292, 293, 294, 296]
Linhas de Teste [3, 5, 8, 10, 12, 22, 25, 27, 44, 51, 52, 54, 55, 58, 63, 76, 85, 89, 91, 92, 101, 112, 114, 116, 117, 119, 120, 121, 133, 134, 135, 138, 142, 153, 157, 162, 166, 167, 173, 174, 176, 179, 190, 199, 217, 218, 220, 226, 232, 250, 253, 260, 263, 266, 269, 270, 272, 286, 287, 295]
R2 de Treino = 79.97
R2 de Teste = 67.77

97 / 150  64.67 %
Tempo restante 0:00:06.583183

#################  Rodada 98 / 150  65.33 %
Parâmetros ('EV_CE', 'PRE_CE', 'WAI_CE', 'saz_sin', 'saz_cos')
Linhas de Treino [0, 1, 3, 5, 6, 8, 9, 10, 11, 12, 13, 14, 17, 18, 19, 20, 21, 22, 23, 24, 25, 27, 28, 29, 31, 33, 35, 36, 37, 38, 39, 40, 41, 43, 44, 45, 46, 47, 48, 49, 51, 52, 54, 55, 56, 57, 58, 59, 60, 61, 62, 63, 64, 65, 66, 67, 70, 72, 73, 75, 76, 77, 79, 80, 81, 83, 84, 85, 86, 88, 89, 91, 92, 93, 95, 99, 100, 101, 102, 103, 104, 105, 106, 107, 108, 109, 112, 113, 114, 116, 117, 118, 119, 120, 121, 122, 123, 124, 125, 126, 127, 129, 130, 131, 133, 134, 135, 136, 137, 138, 139, 141, 142, 143, 144, 145, 146, 147, 148, 149, 150, 151, 153, 154, 155, 157, 158, 159, 160, 161, 162, 163, 165, 166, 167, 168, 169, 170, 172, 173, 174, 175, 176, 177, 178, 179, 180, 181, 182, 183, 184, 185, 186, 188, 189, 190, 193, 194, 197, 198, 199, 200, 201, 202, 203, 204, 205, 207, 209, 213, 214, 215, 216, 217, 218, 220, 221, 222, 223, 224, 225, 226, 228, 229, 230, 231, 232, 235, 236, 237, 239, 240, 241, 243, 244, 245, 247, 248, 250, 251, 253, 255, 256, 257, 258, 259, 260, 261, 263, 264, 265, 266, 268, 269, 270, 271, 272, 273, 274, 275, 276, 277, 278, 279, 280, 281, 282, 283, 284, 285, 286, 287, 289, 291, 292, 293, 295, 296]
Linhas de Teste [2, 4, 7, 15, 16, 26, 30, 32, 34, 42, 50, 53, 68, 69, 71, 74, 78, 82, 87, 90, 94, 96, 97, 98, 110, 111, 115, 128, 132, 140, 152, 156, 164, 171, 187, 191, 192, 195, 196, 206, 208, 210, 211, 212, 219, 227, 233, 234, 238, 242, 246, 249, 252, 254, 262, 267, 288, 290, 294]
R2 de Treino = 97.13
R2 de Teste = 97.61

98 / 150  65.33 %
Tempo restante 0:00:06.322784

#################  Rodada 101 / 150  67.33 %
Parâmetros ('EV_CA', 'PRE_CA', 'TST_CA', 'saz_sin', 'saz_cos')
Linhas de Treino [0, 1, 2, 3, 5, 7, 8, 9, 10, 11, 12, 14, 15, 16, 17, 18, 19, 21, 22, 23, 24, 25, 26, 27, 28, 29, 30, 31, 32, 34, 35, 37, 38, 40, 41, 42, 43, 44, 45, 46, 47, 49, 50, 52, 54, 55, 56, 58, 59, 61, 62, 65, 66, 67, 68, 69, 70, 71, 73, 75, 76, 77, 79, 80, 82, 83, 84, 85, 86, 88, 89, 91, 92, 93, 94, 97, 98, 100, 101, 102, 103, 104, 105, 106, 107, 109, 110, 111, 112, 113, 116, 117, 118, 119, 121, 122, 126, 127, 128, 130, 131, 133, 134, 135, 136, 137, 138, 139, 141, 142, 143, 145, 146, 147, 148, 149, 150, 151, 152, 154, 155, 156, 157, 159, 160, 161, 162, 163, 164, 165, 166, 167, 168, 169, 170, 171, 172, 173, 174, 175, 176, 177, 179, 180, 181, 183, 184, 185, 186, 187, 188, 189, 191, 192, 194, 195, 196, 197, 198, 199, 200, 201, 202, 203, 204, 206, 207, 209, 210, 212, 214, 216, 217, 219, 220, 221, 222, 223, 224, 225, 227, 228, 229, 230, 232, 234, 235, 236, 237, 238, 241, 242, 243, 244, 245, 247, 248, 249, 250, 251, 252, 254, 255, 256, 257, 258, 259, 260, 262, 263, 264, 265, 266, 268, 270, 271, 272, 273, 274, 275, 276, 277, 279, 280, 281, 282, 283, 284, 285, 286, 287, 290, 291, 292, 293, 294, 295]
Linhas de Teste [4, 6, 13, 20, 33, 36, 39, 48, 51, 53, 57, 60, 63, 64, 72, 74, 78, 81, 87, 90, 95, 96, 99, 108, 114, 115, 120, 123, 124, 125, 129, 132, 140, 144, 153, 158, 178, 182, 190, 193, 205, 208, 211, 213, 215, 218, 226, 231, 233, 239, 240, 246, 253, 261, 267, 269, 278, 288, 289, 296]
R2 de Treino = 94.84
R2 de Teste = 95.1

101 / 150  67.33 %
Tempo restante 0:00:05.611627

#################  Rodada 98 / 150  65.33 %
Parâmetros ('EV_MA', 'TST_MA', 'WAI_MA', 'saz_sin', 'saz_cos')
Linhas de Treino [0, 1, 3, 5, 6, 8, 9, 10, 11, 12, 13, 14, 17, 18, 19, 20, 21, 22, 23, 24, 25, 27, 28, 29, 31, 33, 35, 36, 37, 38, 39, 40, 41, 43, 44, 45, 46, 47, 48, 49, 51, 52, 54, 55, 56, 57, 58, 59, 60, 61, 62, 63, 64, 65, 66, 67, 70, 72, 73, 75, 76, 77, 79, 80, 81, 83, 84, 85, 86, 88, 89, 91, 92, 93, 95, 99, 100, 101, 102, 103, 104, 105, 106, 107, 108, 109, 112, 113, 114, 116, 117, 118, 119, 120, 121, 122, 123, 124, 125, 126, 127, 129, 130, 131, 133, 134, 135, 136, 137, 138, 139, 141, 142, 143, 144, 145, 146, 147, 148, 149, 150, 151, 153, 154, 155, 157, 158, 159, 160, 161, 162, 163, 165, 166, 167, 168, 169, 170, 172, 173, 174, 175, 176, 177, 178, 179, 180, 181, 182, 183, 184, 185, 186, 188, 189, 190, 193, 194, 197, 198, 199, 200, 201, 202, 203, 204, 205, 207, 209, 213, 214, 215, 216, 217, 218, 220, 221, 222, 223, 224, 225, 226, 228, 229, 230, 231, 232, 235, 236, 237, 239, 240, 241, 243, 244, 245, 247, 248, 250, 251, 253, 255, 256, 257, 258, 259, 260, 261, 263, 264, 265, 266, 268, 269, 270, 271, 272, 273, 274, 275, 276, 277, 278, 279, 280, 281, 282, 283, 284, 285, 286, 287, 289, 291, 292, 293, 295, 296]
Linhas de Teste [2, 4, 7, 15, 16, 26, 30, 32, 34, 42, 50, 53, 68, 69, 71, 74, 78, 82, 87, 90, 94, 96, 97, 98, 110, 111, 115, 128, 132, 140, 152, 156, 164, 171, 187, 191, 192, 195, 196, 206, 208, 210, 211, 212, 219, 227, 233, 234, 238, 242, 246, 249, 252, 254, 262, 267, 288, 290, 294]
R2 de Treino = 77.41
R2 de Teste = 81.13

98 / 150  65.33 %
Tempo restante 0:00:06.258928

#################  Rodada 102 / 150  68.0 %
Parâmetros ('EV_CA', 'PRE_CA', 'TST_CA', 'saz_sin', 'saz_cos')
Linhas de Treino [0, 1, 2, 3, 4, 5, 6, 7, 8, 9, 10, 11, 13, 14, 15, 16, 17, 18, 20, 21, 24, 28, 29, 30, 31, 32, 33, 34, 36, 37, 38, 39, 41, 43, 44, 46, 48, 51, 52, 53, 54, 57, 59, 60, 63, 64, 65, 66, 67, 69, 70, 71, 72, 73, 74, 75, 76, 77, 78, 79, 81, 82, 83, 84, 85, 86, 87, 89, 90, 91, 92, 93, 94, 95, 96, 97, 99, 100, 101, 106, 107, 108, 109, 110, 112, 114, 115, 116, 117, 118, 120, 121, 122, 123, 124, 125, 126, 129, 130, 131, 132, 133, 134, 135, 136, 137, 138, 139, 140, 141, 143, 144, 145, 146, 148, 149, 151, 152, 153, 154, 155, 156, 157, 158, 159, 160, 163, 164, 165, 166, 167, 168, 169, 170, 171, 172, 175, 176, 177, 178, 179, 180, 181, 182, 184, 185, 186, 187, 188, 189, 190, 191, 192, 193, 194, 195, 196, 198, 199, 200, 201, 202, 203, 204, 205, 208, 209, 211, 212, 213, 214, 215, 216, 217, 218, 219, 220, 221, 222, 224, 226, 228, 229, 231, 232, 233, 234, 235, 236, 237, 239, 240, 241, 242, 243, 244, 246, 247, 248, 249, 250, 251, 252, 253, 254, 256, 257, 259, 261, 263, 264, 265, 266, 267, 268, 269, 270, 271, 273, 274, 275, 277, 278, 279, 280, 281, 283, 284, 285, 286, 287, 288, 289, 290, 291, 292, 296]
Linhas de Teste [12, 19, 22, 23, 25, 26, 27, 35, 40, 42, 45, 47, 49, 50, 55, 56, 58, 61, 62, 68, 80, 88, 98, 102, 103, 104, 105, 111, 113, 119, 127, 128, 142, 147, 150, 161, 162, 173, 174, 183, 197, 206, 207, 210, 223, 225, 227, 230, 238, 245, 255, 258, 260, 262, 272, 276, 282, 293, 294, 295]
R2 de Treino = 94.94
R2 de Teste = 96.19

102 / 150  68.0 %
Tempo restante 0:00:05.567568

#################  Rodada 99 / 150  66.0 %
Parâmetros ('EV_CE', 'PRE_CE', 'WAI_CE', 'saz_sin', 'saz_cos')
Linhas de Treino [0, 1, 2, 3, 4, 5, 6, 7, 8, 9, 10, 11, 12, 13, 15, 16, 18, 19, 20, 21, 22, 24, 25, 26, 27, 28, 29, 30, 32, 33, 34, 36, 38, 39, 40, 41, 42, 44, 46, 47, 48, 49, 50, 51, 52, 53, 54, 55, 56, 58, 59, 61, 62, 63, 64, 65, 66, 67, 68, 69, 70, 71, 72, 73, 74, 75, 76, 77, 78, 81, 82, 83, 84, 85, 87, 88, 89, 90, 91, 92, 93, 94, 95, 96, 97, 98, 101, 104, 105, 106, 107, 110, 111, 112, 113, 114, 115, 116, 117, 118, 119, 120, 121, 123, 125, 128, 129, 130, 131, 132, 133, 134, 135, 136, 138, 140, 142, 143, 146, 151, 152, 153, 154, 156, 157, 158, 159, 161, 162, 163, 164, 165, 166, 167, 169, 170, 171, 173, 174, 175, 176, 177, 178, 179, 180, 181, 182, 184, 185, 187, 189, 190, 191, 192, 193, 194, 195, 196, 198, 199, 200, 201, 202, 203, 204, 206, 207, 208, 209, 210, 211, 212, 216, 217, 218, 219, 220, 221, 223, 224, 225, 226, 227, 228, 230, 231, 232, 233, 234, 236, 238, 239, 241, 242, 243, 244, 245, 246, 248, 249, 250, 251, 252, 253, 254, 255, 256, 257, 258, 259, 260, 262, 263, 265, 266, 267, 269, 270, 271, 272, 273, 274, 276, 278, 279, 281, 282, 284, 285, 286, 287, 288, 290, 291, 293, 294, 295, 296]
Linhas de Teste [14, 17, 23, 31, 35, 37, 43, 45, 57, 60, 79, 80, 86, 99, 100, 102, 103, 108, 109, 122, 124, 126, 127, 137, 139, 141, 144, 145, 147, 148, 149, 150, 155, 160, 168, 172, 183, 186, 188, 197, 205, 213, 214, 215, 222, 229, 235, 237, 240, 247, 261, 264, 268, 275, 277, 280, 283, 289, 292]
R2 de Treino = 97.27
R2 de Teste = 96.93

99 / 150  66.0 %
Tempo restante 0:00:06.257547

#################  Rodada 99 / 150  66.0 %
Parâmetros ('EV_MA', 'TST_MA', 'WAI_MA', 'saz_sin', 'saz_cos')
Linhas de Treino [0, 1, 2, 3, 4, 5, 6, 7, 8, 9, 10, 11, 12, 13, 15, 16, 18, 19, 20, 21, 22, 24, 25, 26, 27, 28, 29, 30, 32, 33, 34, 36, 38, 39, 40, 41, 42, 44, 46, 47, 48, 49, 50, 51, 52, 53, 54, 55, 56, 58, 59, 61, 62, 63, 64, 65, 66, 67, 68, 69, 70, 71, 72, 73, 74, 75, 76, 77, 78, 81, 82, 83, 84, 85, 87, 88, 89, 90, 91, 92, 93, 94, 95, 96, 97, 98, 101, 104, 105, 106, 107, 110, 111, 112, 113, 114, 115, 116, 117, 118, 119, 120, 121, 123, 125, 128, 129, 130, 131, 132, 133, 134, 135, 136, 138, 140, 142, 143, 146, 151, 152, 153, 154, 156, 157, 158, 159, 161, 162, 163, 164, 165, 166, 167, 169, 170, 171, 173, 174, 175, 176, 177, 178, 179, 180, 181, 182, 184, 185, 187, 189, 190, 191, 192, 193, 194, 195, 196, 198, 199, 200, 201, 202, 203, 204, 206, 207, 208, 209, 210, 211, 212, 216, 217, 218, 219, 220, 221, 223, 224, 225, 226, 227, 228, 230, 231, 232, 233, 234, 236, 238, 239, 241, 242, 243, 244, 245, 246, 248, 249, 250, 251, 252, 253, 254, 255, 256, 257, 258, 259, 260, 262, 263, 265, 266, 267, 269, 270, 271, 272, 273, 274, 276, 278, 279, 281, 282, 284, 285, 286, 287, 288, 290, 291, 293, 294, 295, 296]
Linhas de Teste [14, 17, 23, 31, 35, 37, 43, 45, 57, 60, 79, 80, 86, 99, 100, 102, 103, 108, 109, 122, 124, 126, 127, 137, 139, 141, 144, 145, 147, 148, 149, 150, 155, 160, 168, 172, 183, 186, 188, 197, 205, 213, 214, 215, 222, 229, 235, 237, 240, 247, 261, 264, 268, 275, 277, 280, 283, 289, 292]
R2 de Treino = 77.04
R2 de Teste = 82.06

99 / 150  66.0 %
Tempo restante 0:00:06.240258

#################  Rodada 103 / 150  68.67 %
Parâmetros ('EV_CA', 'PRE_CA', 'TST_CA', 'saz_sin', 'saz_cos')
Linhas de Treino [0, 1, 2, 3, 4, 6, 7, 10, 11, 12, 13, 14, 15, 16, 17, 18, 19, 20, 21, 22, 23, 24, 25, 26, 27, 28, 29, 30, 31, 32, 33, 35, 36, 38, 39, 40, 42, 43, 45, 46, 47, 48, 49, 50, 51, 53, 54, 55, 56, 57, 58, 60, 61, 62, 63, 64, 65, 67, 68, 69, 70, 72, 74, 75, 78, 80, 81, 84, 85, 86, 87, 88, 89, 90, 92, 93, 94, 95, 96, 97, 98, 99, 100, 102, 103, 104, 105, 107, 108, 111, 112, 113, 114, 115, 116, 117, 119, 120, 121, 122, 123, 124, 125, 126, 127, 128, 129, 131, 132, 133, 134, 136, 137, 140, 141, 142, 143, 144, 145, 147, 148, 150, 151, 153, 154, 155, 157, 158, 160, 161, 162, 164, 165, 166, 168, 169, 170, 171, 173, 174, 177, 178, 179, 180, 181, 182, 183, 184, 185, 186, 187, 188, 189, 190, 193, 195, 197, 198, 199, 200, 201, 202, 205, 206, 207, 208, 209, 210, 211, 212, 213, 215, 217, 218, 219, 221, 223, 224, 225, 226, 227, 228, 229, 230, 231, 232, 233, 235, 236, 237, 238, 239, 240, 243, 244, 245, 246, 248, 249, 250, 252, 253, 254, 255, 256, 257, 258, 259, 260, 261, 262, 263, 266, 267, 268, 269, 270, 271, 272, 275, 276, 277, 278, 279, 282, 284, 285, 286, 287, 288, 289, 290, 291, 292, 293, 294, 295, 296]
Linhas de Teste [5, 8, 9, 34, 37, 41, 44, 52, 59, 66, 71, 73, 76, 77, 79, 82, 83, 91, 101, 106, 109, 110, 118, 130, 135, 138, 139, 146, 149, 152, 156, 159, 163, 167, 172, 175, 176, 191, 192, 194, 196, 203, 204, 214, 216, 220, 222, 234, 241, 242, 247, 251, 264, 265, 273, 274, 280, 281, 283]
R2 de Treino = 95.03
R2 de Teste = 94.59

103 / 150  68.67 %
Tempo restante 0:00:05.382299

#################  Rodada 100 / 150  66.67 %
Parâmetros ('EV_CE', 'PRE_CE', 'WAI_CE', 'saz_sin', 'saz_cos')
Linhas de Treino [0, 1, 2, 3, 4, 5, 6, 7, 8, 10, 12, 13, 14, 15, 16, 17, 20, 22, 23, 24, 25, 26, 27, 30, 31, 32, 33, 34, 35, 36, 37, 39, 42, 43, 44, 45, 47, 48, 49, 50, 51, 52, 53, 54, 55, 57, 58, 60, 61, 62, 63, 66, 67, 68, 69, 70, 71, 73, 74, 76, 78, 79, 80, 81, 82, 84, 85, 86, 87, 89, 90, 91, 92, 93, 94, 96, 97, 98, 99, 100, 101, 102, 103, 104, 106, 108, 109, 110, 111, 112, 113, 114, 115, 116, 117, 118, 119, 120, 121, 122, 124, 125, 126, 127, 128, 130, 131, 132, 133, 134, 135, 136, 137, 138, 139, 140, 141, 142, 144, 145, 146, 147, 148, 149, 150, 152, 153, 155, 156, 157, 160, 162, 164, 166, 167, 168, 169, 171, 172, 173, 174, 176, 177, 179, 182, 183, 185, 186, 187, 188, 189, 190, 191, 192, 195, 196, 197, 199, 201, 202, 203, 204, 205, 206, 208, 209, 210, 211, 212, 213, 214, 215, 216, 217, 218, 219, 220, 221, 222, 223, 226, 227, 228, 229, 230, 231, 232, 233, 234, 235, 237, 238, 239, 240, 242, 243, 244, 246, 247, 248, 249, 250, 251, 252, 253, 254, 255, 256, 257, 258, 260, 261, 262, 263, 264, 266, 267, 268, 269, 270, 272, 273, 274, 275, 276, 277, 278, 280, 283, 286, 287, 288, 289, 290, 291, 292, 294, 295]
Linhas de Teste [9, 11, 18, 19, 21, 28, 29, 38, 40, 41, 46, 56, 59, 64, 65, 72, 75, 77, 83, 88, 95, 105, 107, 123, 129, 143, 151, 154, 158, 159, 161, 163, 165, 170, 175, 178, 180, 181, 184, 193, 194, 198, 200, 207, 224, 225, 236, 241, 245, 259, 265, 271, 279, 281, 282, 284, 285, 293, 296]
R2 de Treino = 97.24
R2 de Teste = 96.67

100 / 150  66.67 %
Tempo restante 0:00:05.948800

#################  Rodada 100 / 150  66.67 %
Parâmetros ('EV_MA', 'TST_MA', 'WAI_MA', 'saz_sin', 'saz_cos')
Linhas de Treino [0, 1, 2, 3, 4, 5, 6, 7, 8, 10, 12, 13, 14, 15, 16, 17, 20, 22, 23, 24, 25, 26, 27, 30, 31, 32, 33, 34, 35, 36, 37, 39, 42, 43, 44, 45, 47, 48, 49, 50, 51, 52, 53, 54, 55, 57, 58, 60, 61, 62, 63, 66, 67, 68, 69, 70, 71, 73, 74, 76, 78, 79, 80, 81, 82, 84, 85, 86, 87, 89, 90, 91, 92, 93, 94, 96, 97, 98, 99, 100, 101, 102, 103, 104, 106, 108, 109, 110, 111, 112, 113, 114, 115, 116, 117, 118, 119, 120, 121, 122, 124, 125, 126, 127, 128, 130, 131, 132, 133, 134, 135, 136, 137, 138, 139, 140, 141, 142, 144, 145, 146, 147, 148, 149, 150, 152, 153, 155, 156, 157, 160, 162, 164, 166, 167, 168, 169, 171, 172, 173, 174, 176, 177, 179, 182, 183, 185, 186, 187, 188, 189, 190, 191, 192, 195, 196, 197, 199, 201, 202, 203, 204, 205, 206, 208, 209, 210, 211, 212, 213, 214, 215, 216, 217, 218, 219, 220, 221, 222, 223, 226, 227, 228, 229, 230, 231, 232, 233, 234, 235, 237, 238, 239, 240, 242, 243, 244, 246, 247, 248, 249, 250, 251, 252, 253, 254, 255, 256, 257, 258, 260, 261, 262, 263, 264, 266, 267, 268, 269, 270, 272, 273, 274, 275, 276, 277, 278, 280, 283, 286, 287, 288, 289, 290, 291, 292, 294, 295]
Linhas de Teste [9, 11, 18, 19, 21, 28, 29, 38, 40, 41, 46, 56, 59, 64, 65, 72, 75, 77, 83, 88, 95, 105, 107, 123, 129, 143, 151, 154, 158, 159, 161, 163, 165, 170, 175, 178, 180, 181, 184, 193, 194, 198, 200, 207, 224, 225, 236, 241, 245, 259, 265, 271, 279, 281, 282, 284, 285, 293, 296]
R2 de Treino = 79.59
R2 de Teste = 74.3

100 / 150  66.67 %
Tempo restante 0:00:06.058950

#################  Rodada 104 / 150  69.33 %
Parâmetros ('EV_CA', 'PRE_CA', 'TST_CA', 'saz_sin', 'saz_cos')
Linhas de Treino [0, 3, 4, 5, 6, 7, 8, 9, 12, 13, 15, 16, 17, 18, 19, 20, 22, 23, 25, 26, 27, 29, 30, 31, 33, 34, 35, 36, 37, 38, 39, 40, 41, 42, 43, 44, 45, 46, 47, 48, 49, 50, 51, 52, 53, 55, 56, 57, 58, 59, 60, 61, 62, 63, 64, 65, 66, 68, 69, 70, 71, 72, 73, 74, 76, 77, 78, 79, 80, 81, 82, 83, 85, 86, 87, 88, 89, 90, 91, 95, 96, 98, 99, 101, 102, 103, 104, 105, 106, 107, 108, 109, 110, 111, 113, 114, 115, 118, 119, 120, 122, 123, 124, 125, 126, 127, 128, 129, 130, 131, 132, 133, 135, 137, 138, 139, 140, 142, 144, 145, 146, 147, 149, 150, 151, 152, 153, 155, 156, 157, 158, 159, 160, 161, 162, 163, 167, 168, 172, 173, 174, 175, 176, 177, 178, 180, 182, 183, 185, 186, 187, 188, 190, 191, 192, 193, 194, 196, 197, 198, 199, 202, 203, 204, 205, 206, 207, 208, 209, 210, 211, 213, 214, 215, 216, 217, 218, 220, 221, 222, 223, 225, 226, 227, 229, 230, 231, 233, 234, 235, 236, 238, 239, 240, 241, 242, 243, 245, 246, 247, 248, 250, 251, 252, 253, 254, 255, 256, 258, 259, 260, 261, 262, 264, 265, 266, 267, 269, 272, 273, 274, 276, 278, 279, 280, 281, 282, 283, 284, 285, 287, 288, 289, 291, 293, 294, 295, 296]
Linhas de Teste [1, 2, 10, 11, 14, 21, 24, 28, 32, 54, 67, 75, 84, 92, 93, 94, 97, 100, 112, 116, 117, 121, 134, 136, 141, 143, 148, 154, 164, 165, 166, 169, 170, 171, 179, 181, 184, 189, 195, 200, 201, 212, 219, 224, 228, 232, 237, 244, 249, 257, 263, 268, 270, 271, 275, 277, 286, 290, 292]
R2 de Treino = 95.54
R2 de Teste = 92.84

104 / 150  69.33 %
Tempo restante 0:00:05.159820

#################  Rodada 101 / 150  67.33 %
Parâmetros ('EV_CE', 'PRE_CE', 'WAI_CE', 'saz_sin', 'saz_cos')
Linhas de Treino [0, 1, 2, 3, 5, 7, 8, 9, 10, 11, 12, 14, 15, 16, 17, 18, 19, 21, 22, 23, 24, 25, 26, 27, 28, 29, 30, 31, 32, 34, 35, 37, 38, 40, 41, 42, 43, 44, 45, 46, 47, 49, 50, 52, 54, 55, 56, 58, 59, 61, 62, 65, 66, 67, 68, 69, 70, 71, 73, 75, 76, 77, 79, 80, 82, 83, 84, 85, 86, 88, 89, 91, 92, 93, 94, 97, 98, 100, 101, 102, 103, 104, 105, 106, 107, 109, 110, 111, 112, 113, 116, 117, 118, 119, 121, 122, 126, 127, 128, 130, 131, 133, 134, 135, 136, 137, 138, 139, 141, 142, 143, 145, 146, 147, 148, 149, 150, 151, 152, 154, 155, 156, 157, 159, 160, 161, 162, 163, 164, 165, 166, 167, 168, 169, 170, 171, 172, 173, 174, 175, 176, 177, 179, 180, 181, 183, 184, 185, 186, 187, 188, 189, 191, 192, 194, 195, 196, 197, 198, 199, 200, 201, 202, 203, 204, 206, 207, 209, 210, 212, 214, 216, 217, 219, 220, 221, 222, 223, 224, 225, 227, 228, 229, 230, 232, 234, 235, 236, 237, 238, 241, 242, 243, 244, 245, 247, 248, 249, 250, 251, 252, 254, 255, 256, 257, 258, 259, 260, 262, 263, 264, 265, 266, 268, 270, 271, 272, 273, 274, 275, 276, 277, 279, 280, 281, 282, 283, 284, 285, 286, 287, 290, 291, 292, 293, 294, 295]
Linhas de Teste [4, 6, 13, 20, 33, 36, 39, 48, 51, 53, 57, 60, 63, 64, 72, 74, 78, 81, 87, 90, 95, 96, 99, 108, 114, 115, 120, 123, 124, 125, 129, 132, 140, 144, 153, 158, 178, 182, 190, 193, 205, 208, 211, 213, 215, 218, 226, 231, 233, 239, 240, 246, 253, 261, 267, 269, 278, 288, 289, 296]
R2 de Treino = 97.14
R2 de Teste = 97.57

101 / 150  67.33 %
Tempo restante 0:00:05.982361

#################  Rodada 101 / 150  67.33 %
Parâmetros ('EV_MA', 'TST_MA', 'WAI_MA', 'saz_sin', 'saz_cos')
Linhas de Treino [0, 1, 2, 3, 5, 7, 8, 9, 10, 11, 12, 14, 15, 16, 17, 18, 19, 21, 22, 23, 24, 25, 26, 27, 28, 29, 30, 31, 32, 34, 35, 37, 38, 40, 41, 42, 43, 44, 45, 46, 47, 49, 50, 52, 54, 55, 56, 58, 59, 61, 62, 65, 66, 67, 68, 69, 70, 71, 73, 75, 76, 77, 79, 80, 82, 83, 84, 85, 86, 88, 89, 91, 92, 93, 94, 97, 98, 100, 101, 102, 103, 104, 105, 106, 107, 109, 110, 111, 112, 113, 116, 117, 118, 119, 121, 122, 126, 127, 128, 130, 131, 133, 134, 135, 136, 137, 138, 139, 141, 142, 143, 145, 146, 147, 148, 149, 150, 151, 152, 154, 155, 156, 157, 159, 160, 161, 162, 163, 164, 165, 166, 167, 168, 169, 170, 171, 172, 173, 174, 175, 176, 177, 179, 180, 181, 183, 184, 185, 186, 187, 188, 189, 191, 192, 194, 195, 196, 197, 198, 199, 200, 201, 202, 203, 204, 206, 207, 209, 210, 212, 214, 216, 217, 219, 220, 221, 222, 223, 224, 225, 227, 228, 229, 230, 232, 234, 235, 236, 237, 238, 241, 242, 243, 244, 245, 247, 248, 249, 250, 251, 252, 254, 255, 256, 257, 258, 259, 260, 262, 263, 264, 265, 266, 268, 270, 271, 272, 273, 274, 275, 276, 277, 279, 280, 281, 282, 283, 284, 285, 286, 287, 290, 291, 292, 293, 294, 295]
Linhas de Teste [4, 6, 13, 20, 33, 36, 39, 48, 51, 53, 57, 60, 63, 64, 72, 74, 78, 81, 87, 90, 95, 96, 99, 108, 114, 115, 120, 123, 124, 125, 129, 132, 140, 144, 153, 158, 178, 182, 190, 193, 205, 208, 211, 213, 215, 218, 226, 231, 233, 239, 240, 246, 253, 261, 267, 269, 278, 288, 289, 296]
R2 de Treino = 78.77
R2 de Teste = 72.87

101 / 150  67.33 %
Tempo restante 0:00:05.839183

#################  Rodada 105 / 150  70.0 %
Parâmetros ('EV_CA', 'PRE_CA', 'TST_CA', 'saz_sin', 'saz_cos')
Linhas de Treino [1, 2, 4, 5, 6, 8, 9, 10, 11, 12, 13, 14, 19, 20, 21, 22, 23, 24, 25, 26, 27, 28, 32, 33, 34, 35, 36, 37, 39, 40, 41, 42, 44, 45, 47, 48, 49, 50, 51, 52, 53, 54, 55, 56, 57, 58, 59, 60, 61, 62, 63, 64, 66, 67, 68, 71, 72, 73, 74, 75, 76, 77, 78, 79, 80, 81, 82, 83, 84, 87, 88, 90, 91, 92, 93, 94, 95, 96, 97, 98, 99, 100, 101, 102, 103, 104, 105, 106, 108, 109, 110, 111, 112, 113, 114, 115, 116, 117, 118, 119, 120, 121, 123, 124, 125, 127, 128, 129, 130, 132, 134, 135, 136, 138, 139, 140, 141, 142, 143, 144, 146, 147, 148, 149, 150, 152, 153, 154, 156, 158, 159, 161, 162, 163, 164, 165, 166, 167, 169, 170, 171, 172, 173, 174, 175, 176, 178, 179, 181, 182, 183, 184, 189, 190, 191, 192, 193, 194, 195, 196, 197, 200, 201, 203, 204, 205, 206, 207, 208, 210, 211, 212, 213, 214, 215, 216, 218, 219, 220, 222, 223, 224, 225, 226, 227, 228, 230, 231, 232, 233, 234, 237, 238, 239, 240, 241, 242, 244, 245, 246, 247, 249, 251, 253, 255, 257, 258, 260, 261, 262, 263, 264, 265, 267, 268, 269, 270, 271, 272, 273, 274, 275, 276, 277, 278, 280, 281, 282, 283, 286, 288, 289, 290, 292, 293, 294, 295, 296]
Linhas de Teste [0, 3, 7, 15, 16, 17, 18, 29, 30, 31, 38, 43, 46, 65, 69, 70, 85, 86, 89, 107, 122, 126, 131, 133, 137, 145, 151, 155, 157, 160, 168, 177, 180, 185, 186, 187, 188, 198, 199, 202, 209, 217, 221, 229, 235, 236, 243, 248, 250, 252, 254, 256, 259, 266, 279, 284, 285, 287, 291]
R2 de Treino = 95.63
R2 de Teste = 92.27

105 / 150  70.0 %
Tempo restante 0:00:05.108445

#################  Rodada 102 / 150  68.0 %
Parâmetros ('EV_CE', 'PRE_CE', 'WAI_CE', 'saz_sin', 'saz_cos')
Linhas de Treino [0, 1, 2, 3, 4, 5, 6, 7, 8, 9, 10, 11, 13, 14, 15, 16, 17, 18, 20, 21, 24, 28, 29, 30, 31, 32, 33, 34, 36, 37, 38, 39, 41, 43, 44, 46, 48, 51, 52, 53, 54, 57, 59, 60, 63, 64, 65, 66, 67, 69, 70, 71, 72, 73, 74, 75, 76, 77, 78, 79, 81, 82, 83, 84, 85, 86, 87, 89, 90, 91, 92, 93, 94, 95, 96, 97, 99, 100, 101, 106, 107, 108, 109, 110, 112, 114, 115, 116, 117, 118, 120, 121, 122, 123, 124, 125, 126, 129, 130, 131, 132, 133, 134, 135, 136, 137, 138, 139, 140, 141, 143, 144, 145, 146, 148, 149, 151, 152, 153, 154, 155, 156, 157, 158, 159, 160, 163, 164, 165, 166, 167, 168, 169, 170, 171, 172, 175, 176, 177, 178, 179, 180, 181, 182, 184, 185, 186, 187, 188, 189, 190, 191, 192, 193, 194, 195, 196, 198, 199, 200, 201, 202, 203, 204, 205, 208, 209, 211, 212, 213, 214, 215, 216, 217, 218, 219, 220, 221, 222, 224, 226, 228, 229, 231, 232, 233, 234, 235, 236, 237, 239, 240, 241, 242, 243, 244, 246, 247, 248, 249, 250, 251, 252, 253, 254, 256, 257, 259, 261, 263, 264, 265, 266, 267, 268, 269, 270, 271, 273, 274, 275, 277, 278, 279, 280, 281, 283, 284, 285, 286, 287, 288, 289, 290, 291, 292, 296]
Linhas de Teste [12, 19, 22, 23, 25, 26, 27, 35, 40, 42, 45, 47, 49, 50, 55, 56, 58, 61, 62, 68, 80, 88, 98, 102, 103, 104, 105, 111, 113, 119, 127, 128, 142, 147, 150, 161, 162, 173, 174, 183, 197, 206, 207, 210, 223, 225, 227, 230, 238, 245, 255, 258, 260, 262, 272, 276, 282, 293, 294, 295]
R2 de Treino = 97.32
R2 de Teste = 96.6

102 / 150  68.0 %
Tempo restante 0:00:05.739168

#################  Rodada 102 / 150  68.0 %
Parâmetros ('EV_MA', 'TST_MA', 'WAI_MA', 'saz_sin', 'saz_cos')
Linhas de Treino [0, 1, 2, 3, 4, 5, 6, 7, 8, 9, 10, 11, 13, 14, 15, 16, 17, 18, 20, 21, 24, 28, 29, 30, 31, 32, 33, 34, 36, 37, 38, 39, 41, 43, 44, 46, 48, 51, 52, 53, 54, 57, 59, 60, 63, 64, 65, 66, 67, 69, 70, 71, 72, 73, 74, 75, 76, 77, 78, 79, 81, 82, 83, 84, 85, 86, 87, 89, 90, 91, 92, 93, 94, 95, 96, 97, 99, 100, 101, 106, 107, 108, 109, 110, 112, 114, 115, 116, 117, 118, 120, 121, 122, 123, 124, 125, 126, 129, 130, 131, 132, 133, 134, 135, 136, 137, 138, 139, 140, 141, 143, 144, 145, 146, 148, 149, 151, 152, 153, 154, 155, 156, 157, 158, 159, 160, 163, 164, 165, 166, 167, 168, 169, 170, 171, 172, 175, 176, 177, 178, 179, 180, 181, 182, 184, 185, 186, 187, 188, 189, 190, 191, 192, 193, 194, 195, 196, 198, 199, 200, 201, 202, 203, 204, 205, 208, 209, 211, 212, 213, 214, 215, 216, 217, 218, 219, 220, 221, 222, 224, 226, 228, 229, 231, 232, 233, 234, 235, 236, 237, 239, 240, 241, 242, 243, 244, 246, 247, 248, 249, 250, 251, 252, 253, 254, 256, 257, 259, 261, 263, 264, 265, 266, 267, 268, 269, 270, 271, 273, 274, 275, 277, 278, 279, 280, 281, 283, 284, 285, 286, 287, 288, 289, 290, 291, 292, 296]
Linhas de Teste [12, 19, 22, 23, 25, 26, 27, 35, 40, 42, 45, 47, 49, 50, 55, 56, 58, 61, 62, 68, 80, 88, 98, 102, 103, 104, 105, 111, 113, 119, 127, 128, 142, 147, 150, 161, 162, 173, 174, 183, 197, 206, 207, 210, 223, 225, 227, 230, 238, 245, 255, 258, 260, 262, 272, 276, 282, 293, 294, 295]
R2 de Treino = 77.66
R2 de Teste = 78.0

102 / 150  68.0 %
Tempo restante 0:00:05.894784

#################  Rodada 106 / 150  70.67 %
Parâmetros ('EV_CA', 'PRE_CA', 'TST_CA', 'saz_sin', 'saz_cos')
Linhas de Treino [0, 1, 2, 3, 4, 5, 6, 7, 8, 9, 10, 11, 12, 13, 14, 15, 16, 17, 18, 19, 20, 22, 23, 24, 25, 26, 27, 28, 29, 30, 33, 34, 35, 36, 37, 38, 39, 41, 44, 45, 47, 48, 49, 50, 51, 53, 54, 55, 57, 58, 59, 60, 61, 62, 63, 66, 67, 68, 69, 70, 71, 72, 73, 74, 76, 77, 78, 79, 80, 81, 82, 83, 84, 86, 87, 88, 89, 90, 91, 92, 94, 95, 96, 98, 99, 100, 101, 102, 103, 104, 105, 106, 107, 108, 109, 110, 111, 113, 116, 117, 118, 119, 120, 121, 122, 124, 125, 127, 128, 129, 131, 133, 134, 135, 136, 137, 138, 139, 140, 141, 142, 143, 144, 145, 146, 147, 149, 150, 151, 152, 153, 155, 156, 157, 159, 161, 163, 164, 165, 167, 169, 174, 175, 176, 179, 181, 182, 183, 185, 187, 189, 190, 192, 194, 195, 197, 198, 199, 200, 201, 202, 203, 204, 206, 207, 208, 210, 211, 212, 214, 216, 217, 218, 219, 220, 221, 222, 224, 225, 226, 228, 229, 230, 231, 232, 234, 235, 236, 237, 238, 240, 242, 243, 244, 245, 246, 247, 248, 249, 251, 252, 253, 254, 255, 256, 257, 258, 259, 260, 261, 262, 263, 266, 267, 268, 269, 270, 271, 272, 273, 275, 276, 277, 278, 279, 280, 281, 282, 283, 286, 287, 288, 290, 291, 294, 295, 296]
Linhas de Teste [21, 31, 32, 40, 42, 43, 46, 52, 56, 64, 65, 75, 85, 93, 97, 112, 114, 115, 123, 126, 130, 132, 148, 154, 158, 160, 162, 166, 168, 170, 171, 172, 173, 177, 178, 180, 184, 186, 188, 191, 193, 196, 205, 209, 213, 215, 223, 227, 233, 239, 241, 250, 264, 265, 274, 284, 285, 289, 292, 293]
R2 de Treino = 94.96
R2 de Teste = 94.93

106 / 150  70.67 %
Tempo restante 0:00:05.016440

#################  Rodada 103 / 150  68.67 %
Parâmetros ('EV_CE', 'PRE_CE', 'WAI_CE', 'saz_sin', 'saz_cos')
Linhas de Treino [0, 1, 2, 3, 4, 6, 7, 10, 11, 12, 13, 14, 15, 16, 17, 18, 19, 20, 21, 22, 23, 24, 25, 26, 27, 28, 29, 30, 31, 32, 33, 35, 36, 38, 39, 40, 42, 43, 45, 46, 47, 48, 49, 50, 51, 53, 54, 55, 56, 57, 58, 60, 61, 62, 63, 64, 65, 67, 68, 69, 70, 72, 74, 75, 78, 80, 81, 84, 85, 86, 87, 88, 89, 90, 92, 93, 94, 95, 96, 97, 98, 99, 100, 102, 103, 104, 105, 107, 108, 111, 112, 113, 114, 115, 116, 117, 119, 120, 121, 122, 123, 124, 125, 126, 127, 128, 129, 131, 132, 133, 134, 136, 137, 140, 141, 142, 143, 144, 145, 147, 148, 150, 151, 153, 154, 155, 157, 158, 160, 161, 162, 164, 165, 166, 168, 169, 170, 171, 173, 174, 177, 178, 179, 180, 181, 182, 183, 184, 185, 186, 187, 188, 189, 190, 193, 195, 197, 198, 199, 200, 201, 202, 205, 206, 207, 208, 209, 210, 211, 212, 213, 215, 217, 218, 219, 221, 223, 224, 225, 226, 227, 228, 229, 230, 231, 232, 233, 235, 236, 237, 238, 239, 240, 243, 244, 245, 246, 248, 249, 250, 252, 253, 254, 255, 256, 257, 258, 259, 260, 261, 262, 263, 266, 267, 268, 269, 270, 271, 272, 275, 276, 277, 278, 279, 282, 284, 285, 286, 287, 288, 289, 290, 291, 292, 293, 294, 295, 296]
Linhas de Teste [5, 8, 9, 34, 37, 41, 44, 52, 59, 66, 71, 73, 76, 77, 79, 82, 83, 91, 101, 106, 109, 110, 118, 130, 135, 138, 139, 146, 149, 152, 156, 159, 163, 167, 172, 175, 176, 191, 192, 194, 196, 203, 204, 214, 216, 220, 222, 234, 241, 242, 247, 251, 264, 265, 273, 274, 280, 281, 283]
R2 de Treino = 97.14
R2 de Teste = 97.16

103 / 150  68.67 %
Tempo restante 0:00:05.702275

#################  Rodada 103 / 150  68.67 %
Parâmetros ('EV_MA', 'TST_MA', 'WAI_MA', 'saz_sin', 'saz_cos')
Linhas de Treino [0, 1, 2, 3, 4, 6, 7, 10, 11, 12, 13, 14, 15, 16, 17, 18, 19, 20, 21, 22, 23, 24, 25, 26, 27, 28, 29, 30, 31, 32, 33, 35, 36, 38, 39, 40, 42, 43, 45, 46, 47, 48, 49, 50, 51, 53, 54, 55, 56, 57, 58, 60, 61, 62, 63, 64, 65, 67, 68, 69, 70, 72, 74, 75, 78, 80, 81, 84, 85, 86, 87, 88, 89, 90, 92, 93, 94, 95, 96, 97, 98, 99, 100, 102, 103, 104, 105, 107, 108, 111, 112, 113, 114, 115, 116, 117, 119, 120, 121, 122, 123, 124, 125, 126, 127, 128, 129, 131, 132, 133, 134, 136, 137, 140, 141, 142, 143, 144, 145, 147, 148, 150, 151, 153, 154, 155, 157, 158, 160, 161, 162, 164, 165, 166, 168, 169, 170, 171, 173, 174, 177, 178, 179, 180, 181, 182, 183, 184, 185, 186, 187, 188, 189, 190, 193, 195, 197, 198, 199, 200, 201, 202, 205, 206, 207, 208, 209, 210, 211, 212, 213, 215, 217, 218, 219, 221, 223, 224, 225, 226, 227, 228, 229, 230, 231, 232, 233, 235, 236, 237, 238, 239, 240, 243, 244, 245, 246, 248, 249, 250, 252, 253, 254, 255, 256, 257, 258, 259, 260, 261, 262, 263, 266, 267, 268, 269, 270, 271, 272, 275, 276, 277, 278, 279, 282, 284, 285, 286, 287, 288, 289, 290, 291, 292, 293, 294, 295, 296]
Linhas de Teste [5, 8, 9, 34, 37, 41, 44, 52, 59, 66, 71, 73, 76, 77, 79, 82, 83, 91, 101, 106, 109, 110, 118, 130, 135, 138, 139, 146, 149, 152, 156, 159, 163, 167, 172, 175, 176, 191, 192, 194, 196, 203, 204, 214, 216, 220, 222, 234, 241, 242, 247, 251, 264, 265, 273, 274, 280, 281, 283]
R2 de Treino = 79.92
R2 de Teste = 72.96

103 / 150  68.67 %
Tempo restante 0:00:05.676754

#################  Rodada 107 / 150  71.33 %
Parâmetros ('EV_CA', 'PRE_CA', 'TST_CA', 'saz_sin', 'saz_cos')
Linhas de Treino [0, 1, 3, 4, 6, 7, 8, 9, 10, 11, 12, 13, 14, 15, 17, 18, 19, 20, 21, 22, 24, 27, 29, 30, 31, 32, 33, 34, 36, 37, 38, 39, 40, 41, 42, 43, 44, 46, 47, 48, 49, 51, 52, 55, 56, 57, 58, 59, 61, 63, 64, 65, 66, 67, 68, 69, 72, 73, 74, 75, 76, 78, 79, 81, 82, 83, 84, 85, 87, 88, 89, 91, 92, 93, 94, 95, 97, 98, 99, 100, 101, 102, 103, 104, 105, 108, 109, 110, 111, 112, 114, 115, 116, 117, 118, 119, 120, 121, 123, 124, 125, 126, 127, 128, 129, 130, 131, 132, 133, 134, 136, 137, 140, 141, 142, 143, 145, 146, 147, 148, 150, 151, 152, 153, 154, 155, 156, 158, 160, 161, 162, 163, 165, 166, 167, 168, 169, 170, 171, 172, 173, 174, 176, 177, 178, 180, 181, 182, 183, 184, 185, 186, 187, 188, 189, 190, 191, 192, 193, 195, 196, 197, 198, 200, 201, 202, 205, 206, 207, 209, 210, 211, 212, 213, 215, 217, 219, 220, 222, 223, 224, 225, 227, 229, 230, 232, 233, 234, 235, 236, 237, 238, 239, 240, 241, 242, 243, 244, 245, 247, 248, 249, 250, 251, 253, 254, 256, 258, 259, 260, 262, 263, 264, 265, 266, 268, 270, 272, 273, 274, 275, 278, 279, 282, 284, 285, 286, 287, 288, 289, 290, 291, 292, 293, 294, 295, 296]
Linhas de Teste [2, 5, 16, 23, 25, 26, 28, 35, 45, 50, 53, 54, 60, 62, 70, 71, 77, 80, 86, 90, 96, 106, 107, 113, 122, 135, 138, 139, 144, 149, 157, 159, 164, 175, 179, 194, 199, 203, 204, 208, 214, 216, 218, 221, 226, 228, 231, 246, 252, 255, 257, 261, 267, 269, 271, 276, 277, 280, 281, 283]
R2 de Treino = 95.27
R2 de Teste = 94.26

107 / 150  71.33 %
Tempo restante 0:00:04.903118

#################  Rodada 104 / 150  69.33 %
Parâmetros ('EV_CE', 'PRE_CE', 'WAI_CE', 'saz_sin', 'saz_cos')
Linhas de Treino [0, 3, 4, 5, 6, 7, 8, 9, 12, 13, 15, 16, 17, 18, 19, 20, 22, 23, 25, 26, 27, 29, 30, 31, 33, 34, 35, 36, 37, 38, 39, 40, 41, 42, 43, 44, 45, 46, 47, 48, 49, 50, 51, 52, 53, 55, 56, 57, 58, 59, 60, 61, 62, 63, 64, 65, 66, 68, 69, 70, 71, 72, 73, 74, 76, 77, 78, 79, 80, 81, 82, 83, 85, 86, 87, 88, 89, 90, 91, 95, 96, 98, 99, 101, 102, 103, 104, 105, 106, 107, 108, 109, 110, 111, 113, 114, 115, 118, 119, 120, 122, 123, 124, 125, 126, 127, 128, 129, 130, 131, 132, 133, 135, 137, 138, 139, 140, 142, 144, 145, 146, 147, 149, 150, 151, 152, 153, 155, 156, 157, 158, 159, 160, 161, 162, 163, 167, 168, 172, 173, 174, 175, 176, 177, 178, 180, 182, 183, 185, 186, 187, 188, 190, 191, 192, 193, 194, 196, 197, 198, 199, 202, 203, 204, 205, 206, 207, 208, 209, 210, 211, 213, 214, 215, 216, 217, 218, 220, 221, 222, 223, 225, 226, 227, 229, 230, 231, 233, 234, 235, 236, 238, 239, 240, 241, 242, 243, 245, 246, 247, 248, 250, 251, 252, 253, 254, 255, 256, 258, 259, 260, 261, 262, 264, 265, 266, 267, 269, 272, 273, 274, 276, 278, 279, 280, 281, 282, 283, 284, 285, 287, 288, 289, 291, 293, 294, 295, 296]
Linhas de Teste [1, 2, 10, 11, 14, 21, 24, 28, 32, 54, 67, 75, 84, 92, 93, 94, 97, 100, 112, 116, 117, 121, 134, 136, 141, 143, 148, 154, 164, 165, 166, 169, 170, 171, 179, 181, 184, 189, 195, 200, 201, 212, 219, 224, 228, 232, 237, 244, 249, 257, 263, 268, 270, 271, 275, 277, 286, 290, 292]
R2 de Treino = 97.14
R2 de Teste = 96.64

104 / 150  69.33 %
Tempo restante 0:00:05.516642

#################  Rodada 104 / 150  69.33 %
Parâmetros ('EV_MA', 'TST_MA', 'WAI_MA', 'saz_sin', 'saz_cos')
Linhas de Treino [0, 3, 4, 5, 6, 7, 8, 9, 12, 13, 15, 16, 17, 18, 19, 20, 22, 23, 25, 26, 27, 29, 30, 31, 33, 34, 35, 36, 37, 38, 39, 40, 41, 42, 43, 44, 45, 46, 47, 48, 49, 50, 51, 52, 53, 55, 56, 57, 58, 59, 60, 61, 62, 63, 64, 65, 66, 68, 69, 70, 71, 72, 73, 74, 76, 77, 78, 79, 80, 81, 82, 83, 85, 86, 87, 88, 89, 90, 91, 95, 96, 98, 99, 101, 102, 103, 104, 105, 106, 107, 108, 109, 110, 111, 113, 114, 115, 118, 119, 120, 122, 123, 124, 125, 126, 127, 128, 129, 130, 131, 132, 133, 135, 137, 138, 139, 140, 142, 144, 145, 146, 147, 149, 150, 151, 152, 153, 155, 156, 157, 158, 159, 160, 161, 162, 163, 167, 168, 172, 173, 174, 175, 176, 177, 178, 180, 182, 183, 185, 186, 187, 188, 190, 191, 192, 193, 194, 196, 197, 198, 199, 202, 203, 204, 205, 206, 207, 208, 209, 210, 211, 213, 214, 215, 216, 217, 218, 220, 221, 222, 223, 225, 226, 227, 229, 230, 231, 233, 234, 235, 236, 238, 239, 240, 241, 242, 243, 245, 246, 247, 248, 250, 251, 252, 253, 254, 255, 256, 258, 259, 260, 261, 262, 264, 265, 266, 267, 269, 272, 273, 274, 276, 278, 279, 280, 281, 282, 283, 284, 285, 287, 288, 289, 291, 293, 294, 295, 296]
Linhas de Teste [1, 2, 10, 11, 14, 21, 24, 28, 32, 54, 67, 75, 84, 92, 93, 94, 97, 100, 112, 116, 117, 121, 134, 136, 141, 143, 148, 154, 164, 165, 166, 169, 170, 171, 179, 181, 184, 189, 195, 200, 201, 212, 219, 224, 228, 232, 237, 244, 249, 257, 263, 268, 270, 271, 275, 277, 286, 290, 292]
R2 de Treino = 78.52
R2 de Teste = 75.94

104 / 150  69.33 %
Tempo restante 0:00:05.501600

#################  Rodada 108 / 150  72.0 %
Parâmetros ('EV_CA', 'PRE_CA', 'TST_CA', 'saz_sin', 'saz_cos')
Linhas de Treino [0, 1, 2, 3, 4, 5, 7, 8, 9, 12, 14, 15, 16, 17, 18, 19, 20, 21, 23, 24, 25, 26, 27, 28, 29, 30, 31, 32, 33, 34, 35, 37, 38, 40, 41, 42, 43, 44, 45, 46, 47, 49, 50, 51, 52, 53, 54, 56, 57, 60, 62, 64, 65, 66, 68, 69, 70, 71, 72, 73, 74, 75, 76, 77, 78, 79, 80, 85, 86, 87, 88, 89, 90, 91, 92, 93, 94, 95, 96, 97, 98, 100, 103, 104, 106, 107, 108, 109, 110, 111, 112, 113, 114, 115, 116, 120, 121, 122, 123, 124, 125, 126, 128, 130, 131, 132, 133, 134, 135, 136, 138, 139, 141, 142, 143, 144, 145, 146, 147, 148, 149, 150, 151, 152, 153, 154, 157, 158, 159, 160, 161, 162, 164, 166, 167, 168, 169, 170, 171, 172, 173, 175, 176, 177, 178, 179, 180, 181, 182, 184, 186, 187, 188, 189, 190, 191, 193, 194, 196, 199, 203, 204, 205, 206, 207, 208, 209, 210, 213, 214, 215, 216, 218, 220, 221, 222, 223, 224, 225, 226, 227, 228, 229, 231, 232, 233, 234, 235, 236, 239, 240, 241, 242, 243, 244, 245, 246, 247, 248, 249, 250, 252, 253, 254, 255, 257, 258, 261, 263, 264, 265, 266, 267, 268, 269, 271, 273, 274, 275, 276, 277, 279, 280, 281, 283, 284, 285, 286, 287, 288, 289, 290, 291, 292, 293, 294, 295, 296]
Linhas de Teste [6, 10, 11, 13, 22, 36, 39, 48, 55, 58, 59, 61, 63, 67, 81, 82, 83, 84, 99, 101, 102, 105, 117, 118, 119, 127, 129, 137, 140, 155, 156, 163, 165, 174, 183, 185, 192, 195, 197, 198, 200, 201, 202, 211, 212, 217, 219, 230, 237, 238, 251, 256, 259, 260, 262, 270, 272, 278, 282]
R2 de Treino = 95.27
R2 de Teste = 93.88

108 / 150  72.0 %
Tempo restante 0:00:04.700472

#################  Rodada 105 / 150  70.0 %
Parâmetros ('EV_CE', 'PRE_CE', 'WAI_CE', 'saz_sin', 'saz_cos')
Linhas de Treino [1, 2, 4, 5, 6, 8, 9, 10, 11, 12, 13, 14, 19, 20, 21, 22, 23, 24, 25, 26, 27, 28, 32, 33, 34, 35, 36, 37, 39, 40, 41, 42, 44, 45, 47, 48, 49, 50, 51, 52, 53, 54, 55, 56, 57, 58, 59, 60, 61, 62, 63, 64, 66, 67, 68, 71, 72, 73, 74, 75, 76, 77, 78, 79, 80, 81, 82, 83, 84, 87, 88, 90, 91, 92, 93, 94, 95, 96, 97, 98, 99, 100, 101, 102, 103, 104, 105, 106, 108, 109, 110, 111, 112, 113, 114, 115, 116, 117, 118, 119, 120, 121, 123, 124, 125, 127, 128, 129, 130, 132, 134, 135, 136, 138, 139, 140, 141, 142, 143, 144, 146, 147, 148, 149, 150, 152, 153, 154, 156, 158, 159, 161, 162, 163, 164, 165, 166, 167, 169, 170, 171, 172, 173, 174, 175, 176, 178, 179, 181, 182, 183, 184, 189, 190, 191, 192, 193, 194, 195, 196, 197, 200, 201, 203, 204, 205, 206, 207, 208, 210, 211, 212, 213, 214, 215, 216, 218, 219, 220, 222, 223, 224, 225, 226, 227, 228, 230, 231, 232, 233, 234, 237, 238, 239, 240, 241, 242, 244, 245, 246, 247, 249, 251, 253, 255, 257, 258, 260, 261, 262, 263, 264, 265, 267, 268, 269, 270, 271, 272, 273, 274, 275, 276, 277, 278, 280, 281, 282, 283, 286, 288, 289, 290, 292, 293, 294, 295, 296]
Linhas de Teste [0, 3, 7, 15, 16, 17, 18, 29, 30, 31, 38, 43, 46, 65, 69, 70, 85, 86, 89, 107, 122, 126, 131, 133, 137, 145, 151, 155, 157, 160, 168, 177, 180, 185, 186, 187, 188, 198, 199, 202, 209, 217, 221, 229, 235, 236, 243, 248, 250, 252, 254, 256, 259, 266, 279, 284, 285, 287, 291]
R2 de Treino = 97.48
R2 de Teste = 95.68

105 / 150  70.0 %
Tempo restante 0:00:05.645385

#################  Rodada 105 / 150  70.0 %
Parâmetros ('EV_MA', 'TST_MA', 'WAI_MA', 'saz_sin', 'saz_cos')
Linhas de Treino [1, 2, 4, 5, 6, 8, 9, 10, 11, 12, 13, 14, 19, 20, 21, 22, 23, 24, 25, 26, 27, 28, 32, 33, 34, 35, 36, 37, 39, 40, 41, 42, 44, 45, 47, 48, 49, 50, 51, 52, 53, 54, 55, 56, 57, 58, 59, 60, 61, 62, 63, 64, 66, 67, 68, 71, 72, 73, 74, 75, 76, 77, 78, 79, 80, 81, 82, 83, 84, 87, 88, 90, 91, 92, 93, 94, 95, 96, 97, 98, 99, 100, 101, 102, 103, 104, 105, 106, 108, 109, 110, 111, 112, 113, 114, 115, 116, 117, 118, 119, 120, 121, 123, 124, 125, 127, 128, 129, 130, 132, 134, 135, 136, 138, 139, 140, 141, 142, 143, 144, 146, 147, 148, 149, 150, 152, 153, 154, 156, 158, 159, 161, 162, 163, 164, 165, 166, 167, 169, 170, 171, 172, 173, 174, 175, 176, 178, 179, 181, 182, 183, 184, 189, 190, 191, 192, 193, 194, 195, 196, 197, 200, 201, 203, 204, 205, 206, 207, 208, 210, 211, 212, 213, 214, 215, 216, 218, 219, 220, 222, 223, 224, 225, 226, 227, 228, 230, 231, 232, 233, 234, 237, 238, 239, 240, 241, 242, 244, 245, 246, 247, 249, 251, 253, 255, 257, 258, 260, 261, 262, 263, 264, 265, 267, 268, 269, 270, 271, 272, 273, 274, 275, 276, 277, 278, 280, 281, 282, 283, 286, 288, 289, 290, 292, 293, 294, 295, 296]
Linhas de Teste [0, 3, 7, 15, 16, 17, 18, 29, 30, 31, 38, 43, 46, 65, 69, 70, 85, 86, 89, 107, 122, 126, 131, 133, 137, 145, 151, 155, 157, 160, 168, 177, 180, 185, 186, 187, 188, 198, 199, 202, 209, 217, 221, 229, 235, 236, 243, 248, 250, 252, 254, 256, 259, 266, 279, 284, 285, 287, 291]
R2 de Treino = 79.19
R2 de Teste = 78.34

105 / 150  70.0 %
Tempo restante 0:00:05.536260

#################  Rodada 109 / 150  72.67 %
Parâmetros ('EV_CA', 'PRE_CA', 'TST_CA', 'saz_sin', 'saz_cos')
Linhas de Treino [0, 2, 5, 6, 10, 11, 13, 15, 16, 18, 20, 21, 22, 23, 24, 25, 26, 27, 28, 31, 32, 34, 35, 36, 37, 39, 40, 41, 42, 43, 45, 46, 48, 49, 50, 52, 53, 54, 55, 56, 57, 58, 59, 60, 61, 62, 63, 64, 65, 67, 70, 71, 72, 74, 75, 76, 77, 80, 81, 82, 83, 84, 85, 86, 87, 88, 89, 90, 91, 93, 96, 97, 99, 100, 101, 102, 105, 106, 107, 108, 111, 112, 113, 114, 115, 116, 117, 118, 119, 122, 123, 125, 126, 127, 128, 129, 130, 132, 133, 134, 135, 136, 137, 138, 139, 140, 141, 143, 144, 145, 146, 147, 148, 149, 150, 151, 152, 154, 155, 156, 157, 158, 159, 160, 162, 163, 164, 165, 166, 167, 168, 169, 170, 171, 172, 173, 174, 175, 176, 177, 178, 179, 180, 181, 183, 184, 185, 186, 188, 189, 191, 192, 193, 194, 195, 196, 197, 198, 199, 200, 201, 202, 203, 204, 205, 208, 209, 210, 211, 212, 213, 214, 215, 216, 217, 218, 219, 220, 221, 223, 224, 225, 226, 227, 228, 230, 231, 233, 234, 236, 237, 238, 239, 240, 241, 242, 244, 245, 246, 248, 249, 250, 251, 252, 254, 255, 256, 257, 258, 259, 260, 261, 262, 264, 265, 266, 267, 269, 270, 271, 272, 274, 275, 276, 277, 278, 280, 281, 282, 283, 284, 285, 286, 289, 291, 292, 293, 295]
Linhas de Teste [1, 3, 4, 7, 8, 9, 12, 14, 17, 19, 29, 30, 33, 38, 44, 47, 51, 66, 68, 69, 73, 78, 79, 92, 94, 95, 98, 103, 104, 109, 110, 120, 121, 124, 131, 142, 153, 161, 182, 187, 190, 206, 207, 222, 229, 232, 235, 243, 247, 253, 263, 268, 273, 279, 287, 288, 290, 294, 296]
R2 de Treino = 95.58
R2 de Teste = 92.65

109 / 150  72.67 %
Tempo restante 0:00:04.674738

#################  Rodada 106 / 150  70.67 %
Parâmetros ('EV_CE', 'PRE_CE', 'WAI_CE', 'saz_sin', 'saz_cos')
Linhas de Treino [0, 1, 2, 3, 4, 5, 6, 7, 8, 9, 10, 11, 12, 13, 14, 15, 16, 17, 18, 19, 20, 22, 23, 24, 25, 26, 27, 28, 29, 30, 33, 34, 35, 36, 37, 38, 39, 41, 44, 45, 47, 48, 49, 50, 51, 53, 54, 55, 57, 58, 59, 60, 61, 62, 63, 66, 67, 68, 69, 70, 71, 72, 73, 74, 76, 77, 78, 79, 80, 81, 82, 83, 84, 86, 87, 88, 89, 90, 91, 92, 94, 95, 96, 98, 99, 100, 101, 102, 103, 104, 105, 106, 107, 108, 109, 110, 111, 113, 116, 117, 118, 119, 120, 121, 122, 124, 125, 127, 128, 129, 131, 133, 134, 135, 136, 137, 138, 139, 140, 141, 142, 143, 144, 145, 146, 147, 149, 150, 151, 152, 153, 155, 156, 157, 159, 161, 163, 164, 165, 167, 169, 174, 175, 176, 179, 181, 182, 183, 185, 187, 189, 190, 192, 194, 195, 197, 198, 199, 200, 201, 202, 203, 204, 206, 207, 208, 210, 211, 212, 214, 216, 217, 218, 219, 220, 221, 222, 224, 225, 226, 228, 229, 230, 231, 232, 234, 235, 236, 237, 238, 240, 242, 243, 244, 245, 246, 247, 248, 249, 251, 252, 253, 254, 255, 256, 257, 258, 259, 260, 261, 262, 263, 266, 267, 268, 269, 270, 271, 272, 273, 275, 276, 277, 278, 279, 280, 281, 282, 283, 286, 287, 288, 290, 291, 294, 295, 296]
Linhas de Teste [21, 31, 32, 40, 42, 43, 46, 52, 56, 64, 65, 75, 85, 93, 97, 112, 114, 115, 123, 126, 130, 132, 148, 154, 158, 160, 162, 166, 168, 170, 171, 172, 173, 177, 178, 180, 184, 186, 188, 191, 193, 196, 205, 209, 213, 215, 223, 227, 233, 239, 241, 250, 264, 265, 274, 284, 285, 289, 292, 293]
R2 de Treino = 97.11
R2 de Teste = 97.2

106 / 150  70.67 %
Tempo restante 0:00:05.505324

#################  Rodada 106 / 150  70.67 %
Parâmetros ('EV_MA', 'TST_MA', 'WAI_MA', 'saz_sin', 'saz_cos')
Linhas de Treino [0, 1, 2, 3, 4, 5, 6, 7, 8, 9, 10, 11, 12, 13, 14, 15, 16, 17, 18, 19, 20, 22, 23, 24, 25, 26, 27, 28, 29, 30, 33, 34, 35, 36, 37, 38, 39, 41, 44, 45, 47, 48, 49, 50, 51, 53, 54, 55, 57, 58, 59, 60, 61, 62, 63, 66, 67, 68, 69, 70, 71, 72, 73, 74, 76, 77, 78, 79, 80, 81, 82, 83, 84, 86, 87, 88, 89, 90, 91, 92, 94, 95, 96, 98, 99, 100, 101, 102, 103, 104, 105, 106, 107, 108, 109, 110, 111, 113, 116, 117, 118, 119, 120, 121, 122, 124, 125, 127, 128, 129, 131, 133, 134, 135, 136, 137, 138, 139, 140, 141, 142, 143, 144, 145, 146, 147, 149, 150, 151, 152, 153, 155, 156, 157, 159, 161, 163, 164, 165, 167, 169, 174, 175, 176, 179, 181, 182, 183, 185, 187, 189, 190, 192, 194, 195, 197, 198, 199, 200, 201, 202, 203, 204, 206, 207, 208, 210, 211, 212, 214, 216, 217, 218, 219, 220, 221, 222, 224, 225, 226, 228, 229, 230, 231, 232, 234, 235, 236, 237, 238, 240, 242, 243, 244, 245, 246, 247, 248, 249, 251, 252, 253, 254, 255, 256, 257, 258, 259, 260, 261, 262, 263, 266, 267, 268, 269, 270, 271, 272, 273, 275, 276, 277, 278, 279, 280, 281, 282, 283, 286, 287, 288, 290, 291, 294, 295, 296]
Linhas de Teste [21, 31, 32, 40, 42, 43, 46, 52, 56, 64, 65, 75, 85, 93, 97, 112, 114, 115, 123, 126, 130, 132, 148, 154, 158, 160, 162, 166, 168, 170, 171, 172, 173, 177, 178, 180, 184, 186, 188, 191, 193, 196, 205, 209, 213, 215, 223, 227, 233, 239, 241, 250, 264, 265, 274, 284, 285, 289, 292, 293]
R2 de Treino = 77.78
R2 de Teste = 79.95

106 / 150  70.67 %
Tempo restante 0:00:05.311240

#################  Rodada 110 / 150  73.33 %
Parâmetros ('EV_CA', 'PRE_CA', 'TST_CA', 'saz_sin', 'saz_cos')
Linhas de Treino [1, 2, 3, 4, 5, 6, 7, 8, 9, 10, 11, 12, 13, 14, 16, 17, 19, 21, 22, 23, 25, 26, 28, 29, 30, 31, 32, 33, 35, 36, 38, 39, 40, 42, 43, 44, 45, 46, 47, 48, 50, 51, 52, 53, 54, 55, 56, 58, 59, 60, 61, 62, 63, 64, 65, 66, 67, 68, 69, 70, 71, 73, 75, 77, 78, 79, 80, 81, 82, 83, 84, 85, 86, 90, 92, 93, 94, 95, 96, 97, 98, 99, 101, 102, 103, 104, 105, 106, 107, 109, 110, 112, 113, 114, 115, 117, 118, 119, 120, 121, 122, 123, 124, 126, 127, 129, 130, 131, 132, 135, 137, 138, 139, 140, 142, 144, 148, 149, 153, 154, 155, 156, 157, 158, 159, 160, 161, 162, 163, 164, 165, 166, 168, 170, 171, 172, 173, 174, 175, 177, 178, 179, 180, 182, 183, 184, 185, 186, 187, 188, 190, 191, 192, 193, 194, 195, 196, 197, 198, 199, 200, 201, 202, 203, 204, 205, 206, 207, 208, 209, 211, 212, 213, 214, 215, 216, 217, 218, 219, 221, 222, 223, 226, 227, 228, 229, 230, 231, 232, 233, 235, 237, 238, 239, 241, 243, 246, 247, 250, 251, 252, 253, 255, 256, 257, 259, 260, 261, 262, 263, 264, 265, 267, 268, 269, 270, 271, 272, 273, 274, 276, 277, 278, 279, 280, 281, 282, 283, 284, 285, 287, 288, 289, 290, 292, 293, 294, 296]
Linhas de Teste [0, 15, 18, 20, 24, 27, 34, 37, 41, 49, 57, 72, 74, 76, 87, 88, 89, 91, 100, 108, 111, 116, 125, 128, 133, 134, 136, 141, 143, 145, 146, 147, 150, 151, 152, 167, 169, 176, 181, 189, 210, 220, 224, 225, 234, 236, 240, 242, 244, 245, 248, 249, 254, 258, 266, 275, 286, 291, 295]
R2 de Treino = 94.86
R2 de Teste = 95.47

110 / 150  73.33 %
Tempo restante 0:00:04.612280

#################  Rodada 107 / 150  71.33 %
Parâmetros ('EV_CE', 'PRE_CE', 'WAI_CE', 'saz_sin', 'saz_cos')
Linhas de Treino [0, 1, 3, 4, 6, 7, 8, 9, 10, 11, 12, 13, 14, 15, 17, 18, 19, 20, 21, 22, 24, 27, 29, 30, 31, 32, 33, 34, 36, 37, 38, 39, 40, 41, 42, 43, 44, 46, 47, 48, 49, 51, 52, 55, 56, 57, 58, 59, 61, 63, 64, 65, 66, 67, 68, 69, 72, 73, 74, 75, 76, 78, 79, 81, 82, 83, 84, 85, 87, 88, 89, 91, 92, 93, 94, 95, 97, 98, 99, 100, 101, 102, 103, 104, 105, 108, 109, 110, 111, 112, 114, 115, 116, 117, 118, 119, 120, 121, 123, 124, 125, 126, 127, 128, 129, 130, 131, 132, 133, 134, 136, 137, 140, 141, 142, 143, 145, 146, 147, 148, 150, 151, 152, 153, 154, 155, 156, 158, 160, 161, 162, 163, 165, 166, 167, 168, 169, 170, 171, 172, 173, 174, 176, 177, 178, 180, 181, 182, 183, 184, 185, 186, 187, 188, 189, 190, 191, 192, 193, 195, 196, 197, 198, 200, 201, 202, 205, 206, 207, 209, 210, 211, 212, 213, 215, 217, 219, 220, 222, 223, 224, 225, 227, 229, 230, 232, 233, 234, 235, 236, 237, 238, 239, 240, 241, 242, 243, 244, 245, 247, 248, 249, 250, 251, 253, 254, 256, 258, 259, 260, 262, 263, 264, 265, 266, 268, 270, 272, 273, 274, 275, 278, 279, 282, 284, 285, 286, 287, 288, 289, 290, 291, 292, 293, 294, 295, 296]
Linhas de Teste [2, 5, 16, 23, 25, 26, 28, 35, 45, 50, 53, 54, 60, 62, 70, 71, 77, 80, 86, 90, 96, 106, 107, 113, 122, 135, 138, 139, 144, 149, 157, 159, 164, 175, 179, 194, 199, 203, 204, 208, 214, 216, 218, 221, 226, 228, 231, 246, 252, 255, 257, 261, 267, 269, 271, 276, 277, 280, 281, 283]
R2 de Treino = 97.39
R2 de Teste = 96.0

107 / 150  71.33 %
Tempo restante 0:00:05.476867

#################  Rodada 107 / 150  71.33 %
Parâmetros ('EV_MA', 'TST_MA', 'WAI_MA', 'saz_sin', 'saz_cos')
Linhas de Treino [0, 1, 3, 4, 6, 7, 8, 9, 10, 11, 12, 13, 14, 15, 17, 18, 19, 20, 21, 22, 24, 27, 29, 30, 31, 32, 33, 34, 36, 37, 38, 39, 40, 41, 42, 43, 44, 46, 47, 48, 49, 51, 52, 55, 56, 57, 58, 59, 61, 63, 64, 65, 66, 67, 68, 69, 72, 73, 74, 75, 76, 78, 79, 81, 82, 83, 84, 85, 87, 88, 89, 91, 92, 93, 94, 95, 97, 98, 99, 100, 101, 102, 103, 104, 105, 108, 109, 110, 111, 112, 114, 115, 116, 117, 118, 119, 120, 121, 123, 124, 125, 126, 127, 128, 129, 130, 131, 132, 133, 134, 136, 137, 140, 141, 142, 143, 145, 146, 147, 148, 150, 151, 152, 153, 154, 155, 156, 158, 160, 161, 162, 163, 165, 166, 167, 168, 169, 170, 171, 172, 173, 174, 176, 177, 178, 180, 181, 182, 183, 184, 185, 186, 187, 188, 189, 190, 191, 192, 193, 195, 196, 197, 198, 200, 201, 202, 205, 206, 207, 209, 210, 211, 212, 213, 215, 217, 219, 220, 222, 223, 224, 225, 227, 229, 230, 232, 233, 234, 235, 236, 237, 238, 239, 240, 241, 242, 243, 244, 245, 247, 248, 249, 250, 251, 253, 254, 256, 258, 259, 260, 262, 263, 264, 265, 266, 268, 270, 272, 273, 274, 275, 278, 279, 282, 284, 285, 286, 287, 288, 289, 290, 291, 292, 293, 294, 295, 296]
Linhas de Teste [2, 5, 16, 23, 25, 26, 28, 35, 45, 50, 53, 54, 60, 62, 70, 71, 77, 80, 86, 90, 96, 106, 107, 113, 122, 135, 138, 139, 144, 149, 157, 159, 164, 175, 179, 194, 199, 203, 204, 208, 214, 216, 218, 221, 226, 228, 231, 246, 252, 255, 257, 261, 267, 269, 271, 276, 277, 280, 281, 283]
R2 de Treino = 78.15
R2 de Teste = 75.21

107 / 150  71.33 %
Tempo restante 0:00:05.136909

#################  Rodada 111 / 150  74.0 %
Parâmetros ('EV_CA', 'PRE_CA', 'TST_CA', 'saz_sin', 'saz_cos')
Linhas de Treino [0, 1, 2, 5, 6, 8, 9, 11, 12, 13, 15, 16, 17, 18, 19, 20, 21, 22, 23, 25, 26, 27, 28, 29, 30, 31, 33, 34, 35, 37, 38, 39, 40, 41, 42, 43, 44, 45, 48, 49, 51, 53, 54, 55, 56, 57, 58, 59, 60, 61, 62, 63, 64, 66, 67, 68, 69, 70, 71, 73, 74, 75, 76, 77, 78, 79, 80, 81, 82, 83, 84, 85, 86, 88, 89, 90, 92, 93, 95, 96, 97, 98, 99, 100, 102, 103, 104, 105, 106, 107, 109, 110, 111, 112, 113, 114, 116, 117, 118, 119, 120, 121, 122, 124, 125, 127, 128, 129, 130, 131, 132, 134, 135, 136, 140, 141, 142, 143, 144, 145, 146, 147, 148, 149, 150, 152, 153, 154, 156, 157, 160, 161, 164, 165, 166, 167, 168, 169, 170, 173, 174, 175, 176, 178, 181, 182, 183, 184, 187, 188, 190, 192, 193, 195, 196, 197, 199, 200, 201, 203, 204, 205, 206, 207, 208, 210, 212, 213, 214, 215, 216, 217, 218, 219, 220, 221, 222, 223, 224, 226, 227, 228, 229, 231, 233, 234, 235, 237, 238, 239, 240, 241, 243, 244, 245, 246, 248, 249, 250, 251, 254, 256, 257, 258, 259, 261, 262, 263, 264, 265, 266, 267, 268, 269, 270, 271, 272, 273, 275, 276, 277, 278, 279, 280, 281, 282, 284, 285, 286, 287, 288, 289, 291, 293, 294, 295, 296]
Linhas de Teste [3, 4, 7, 10, 14, 24, 32, 36, 46, 47, 50, 52, 65, 72, 87, 91, 94, 101, 108, 115, 123, 126, 133, 137, 138, 139, 151, 155, 158, 159, 162, 163, 171, 172, 177, 179, 180, 185, 186, 189, 191, 194, 198, 202, 209, 211, 225, 230, 232, 236, 242, 247, 252, 253, 255, 260, 274, 283, 290, 292]
R2 de Treino = 95.13
R2 de Teste = 94.1

111 / 150  74.0 %
Tempo restante 0:00:04.426383

#################  Rodada 108 / 150  72.0 %
Parâmetros ('EV_CE', 'PRE_CE', 'WAI_CE', 'saz_sin', 'saz_cos')
Linhas de Treino [0, 1, 2, 3, 4, 5, 7, 8, 9, 12, 14, 15, 16, 17, 18, 19, 20, 21, 23, 24, 25, 26, 27, 28, 29, 30, 31, 32, 33, 34, 35, 37, 38, 40, 41, 42, 43, 44, 45, 46, 47, 49, 50, 51, 52, 53, 54, 56, 57, 60, 62, 64, 65, 66, 68, 69, 70, 71, 72, 73, 74, 75, 76, 77, 78, 79, 80, 85, 86, 87, 88, 89, 90, 91, 92, 93, 94, 95, 96, 97, 98, 100, 103, 104, 106, 107, 108, 109, 110, 111, 112, 113, 114, 115, 116, 120, 121, 122, 123, 124, 125, 126, 128, 130, 131, 132, 133, 134, 135, 136, 138, 139, 141, 142, 143, 144, 145, 146, 147, 148, 149, 150, 151, 152, 153, 154, 157, 158, 159, 160, 161, 162, 164, 166, 167, 168, 169, 170, 171, 172, 173, 175, 176, 177, 178, 179, 180, 181, 182, 184, 186, 187, 188, 189, 190, 191, 193, 194, 196, 199, 203, 204, 205, 206, 207, 208, 209, 210, 213, 214, 215, 216, 218, 220, 221, 222, 223, 224, 225, 226, 227, 228, 229, 231, 232, 233, 234, 235, 236, 239, 240, 241, 242, 243, 244, 245, 246, 247, 248, 249, 250, 252, 253, 254, 255, 257, 258, 261, 263, 264, 265, 266, 267, 268, 269, 271, 273, 274, 275, 276, 277, 279, 280, 281, 283, 284, 285, 286, 287, 288, 289, 290, 291, 292, 293, 294, 295, 296]
Linhas de Teste [6, 10, 11, 13, 22, 36, 39, 48, 55, 58, 59, 61, 63, 67, 81, 82, 83, 84, 99, 101, 102, 105, 117, 118, 119, 127, 129, 137, 140, 155, 156, 163, 165, 174, 183, 185, 192, 195, 197, 198, 200, 201, 202, 211, 212, 217, 219, 230, 237, 238, 251, 256, 259, 260, 262, 270, 272, 278, 282]
R2 de Treino = 97.5
R2 de Teste = 95.62

108 / 150  72.0 %
Tempo restante 0:00:05.107116

#################  Rodada 112 / 150  74.67 %
Parâmetros ('EV_CA', 'PRE_CA', 'TST_CA', 'saz_sin', 'saz_cos')
Linhas de Treino [0, 1, 3, 4, 6, 7, 8, 9, 10, 11, 12, 14, 15, 16, 17, 18, 19, 20, 21, 22, 23, 24, 25, 27, 28, 29, 30, 31, 32, 33, 34, 36, 37, 38, 39, 41, 45, 46, 47, 48, 49, 50, 51, 52, 53, 55, 56, 57, 58, 59, 60, 61, 62, 64, 65, 66, 67, 68, 69, 70, 71, 72, 73, 75, 77, 78, 79, 80, 81, 82, 84, 86, 87, 88, 91, 92, 93, 94, 95, 96, 97, 98, 99, 100, 101, 104, 105, 106, 107, 108, 109, 111, 112, 113, 115, 118, 120, 121, 122, 123, 124, 125, 126, 127, 128, 129, 131, 133, 134, 135, 137, 138, 139, 141, 145, 146, 147, 148, 150, 151, 153, 154, 155, 156, 157, 158, 159, 160, 161, 162, 163, 164, 165, 168, 169, 170, 171, 172, 174, 176, 177, 178, 179, 180, 181, 182, 183, 184, 185, 186, 187, 188, 189, 190, 191, 192, 193, 194, 195, 196, 197, 198, 199, 200, 201, 202, 204, 205, 206, 207, 208, 209, 211, 213, 214, 215, 219, 220, 221, 222, 223, 224, 225, 227, 228, 230, 231, 232, 233, 235, 236, 237, 238, 239, 240, 241, 242, 244, 245, 246, 247, 248, 250, 251, 252, 253, 255, 256, 258, 259, 260, 261, 264, 265, 267, 270, 271, 272, 273, 274, 276, 277, 278, 280, 281, 282, 283, 285, 286, 287, 288, 289, 290, 291, 292, 294, 296]
Linhas de Teste [2, 5, 13, 26, 35, 40, 42, 43, 44, 54, 63, 74, 76, 83, 85, 89, 90, 102, 103, 110, 114, 116, 117, 119, 130, 132, 136, 140, 142, 143, 144, 149, 152, 166, 167, 173, 175, 203, 210, 212, 216, 217, 218, 226, 229, 234, 243, 249, 254, 257, 262, 263, 266, 268, 269, 275, 279, 284, 293, 295]
R2 de Treino = 95.0
R2 de Teste = 95.24

112 / 150  74.67 %
Tempo restante 0:00:04.332874

#################  Rodada 108 / 150  72.0 %
Parâmetros ('EV_MA', 'TST_MA', 'WAI_MA', 'saz_sin', 'saz_cos')
Linhas de Treino [0, 1, 2, 3, 4, 5, 7, 8, 9, 12, 14, 15, 16, 17, 18, 19, 20, 21, 23, 24, 25, 26, 27, 28, 29, 30, 31, 32, 33, 34, 35, 37, 38, 40, 41, 42, 43, 44, 45, 46, 47, 49, 50, 51, 52, 53, 54, 56, 57, 60, 62, 64, 65, 66, 68, 69, 70, 71, 72, 73, 74, 75, 76, 77, 78, 79, 80, 85, 86, 87, 88, 89, 90, 91, 92, 93, 94, 95, 96, 97, 98, 100, 103, 104, 106, 107, 108, 109, 110, 111, 112, 113, 114, 115, 116, 120, 121, 122, 123, 124, 125, 126, 128, 130, 131, 132, 133, 134, 135, 136, 138, 139, 141, 142, 143, 144, 145, 146, 147, 148, 149, 150, 151, 152, 153, 154, 157, 158, 159, 160, 161, 162, 164, 166, 167, 168, 169, 170, 171, 172, 173, 175, 176, 177, 178, 179, 180, 181, 182, 184, 186, 187, 188, 189, 190, 191, 193, 194, 196, 199, 203, 204, 205, 206, 207, 208, 209, 210, 213, 214, 215, 216, 218, 220, 221, 222, 223, 224, 225, 226, 227, 228, 229, 231, 232, 233, 234, 235, 236, 239, 240, 241, 242, 243, 244, 245, 246, 247, 248, 249, 250, 252, 253, 254, 255, 257, 258, 261, 263, 264, 265, 266, 267, 268, 269, 271, 273, 274, 275, 276, 277, 279, 280, 281, 283, 284, 285, 286, 287, 288, 289, 290, 291, 292, 293, 294, 295, 296]
Linhas de Teste [6, 10, 11, 13, 22, 36, 39, 48, 55, 58, 59, 61, 63, 67, 81, 82, 83, 84, 99, 101, 102, 105, 117, 118, 119, 127, 129, 137, 140, 155, 156, 163, 165, 174, 183, 185, 192, 195, 197, 198, 200, 201, 202, 211, 212, 217, 219, 230, 237, 238, 251, 256, 259, 260, 262, 270, 272, 278, 282]
R2 de Treino = 80.72
R2 de Teste = 67.27

108 / 150  72.0 %
Tempo restante 0:00:05.149032

#################  Rodada 109 / 150  72.67 %
Parâmetros ('EV_CE', 'PRE_CE', 'WAI_CE', 'saz_sin', 'saz_cos')
Linhas de Treino [0, 2, 5, 6, 10, 11, 13, 15, 16, 18, 20, 21, 22, 23, 24, 25, 26, 27, 28, 31, 32, 34, 35, 36, 37, 39, 40, 41, 42, 43, 45, 46, 48, 49, 50, 52, 53, 54, 55, 56, 57, 58, 59, 60, 61, 62, 63, 64, 65, 67, 70, 71, 72, 74, 75, 76, 77, 80, 81, 82, 83, 84, 85, 86, 87, 88, 89, 90, 91, 93, 96, 97, 99, 100, 101, 102, 105, 106, 107, 108, 111, 112, 113, 114, 115, 116, 117, 118, 119, 122, 123, 125, 126, 127, 128, 129, 130, 132, 133, 134, 135, 136, 137, 138, 139, 140, 141, 143, 144, 145, 146, 147, 148, 149, 150, 151, 152, 154, 155, 156, 157, 158, 159, 160, 162, 163, 164, 165, 166, 167, 168, 169, 170, 171, 172, 173, 174, 175, 176, 177, 178, 179, 180, 181, 183, 184, 185, 186, 188, 189, 191, 192, 193, 194, 195, 196, 197, 198, 199, 200, 201, 202, 203, 204, 205, 208, 209, 210, 211, 212, 213, 214, 215, 216, 217, 218, 219, 220, 221, 223, 224, 225, 226, 227, 228, 230, 231, 233, 234, 236, 237, 238, 239, 240, 241, 242, 244, 245, 246, 248, 249, 250, 251, 252, 254, 255, 256, 257, 258, 259, 260, 261, 262, 264, 265, 266, 267, 269, 270, 271, 272, 274, 275, 276, 277, 278, 280, 281, 282, 283, 284, 285, 286, 289, 291, 292, 293, 295]
Linhas de Teste [1, 3, 4, 7, 8, 9, 12, 14, 17, 19, 29, 30, 33, 38, 44, 47, 51, 66, 68, 69, 73, 78, 79, 92, 94, 95, 98, 103, 104, 109, 110, 120, 121, 124, 131, 142, 153, 161, 182, 187, 190, 206, 207, 222, 229, 232, 235, 243, 247, 253, 263, 268, 273, 279, 287, 288, 290, 294, 296]
R2 de Treino = 97.23
R2 de Teste = 96.52

109 / 150  72.67 %
Tempo restante 0:00:04.712663

#################  Rodada 113 / 150  75.33 %
Parâmetros ('EV_CA', 'PRE_CA', 'TST_CA', 'saz_sin', 'saz_cos')
Linhas de Treino [0, 2, 3, 4, 5, 6, 7, 8, 10, 12, 13, 14, 15, 17, 19, 21, 23, 24, 26, 27, 28, 29, 31, 32, 33, 35, 36, 38, 39, 40, 41, 42, 43, 44, 46, 47, 48, 50, 51, 52, 54, 55, 57, 58, 59, 61, 62, 63, 64, 65, 66, 67, 68, 69, 70, 71, 72, 74, 75, 76, 77, 78, 80, 81, 82, 83, 84, 85, 86, 87, 88, 89, 90, 91, 92, 93, 94, 96, 97, 98, 99, 101, 102, 103, 104, 105, 106, 108, 110, 112, 113, 114, 115, 116, 117, 119, 121, 123, 124, 126, 127, 129, 130, 131, 132, 133, 136, 137, 138, 139, 140, 142, 143, 144, 145, 147, 148, 149, 150, 151, 152, 154, 155, 156, 158, 159, 160, 161, 162, 163, 164, 165, 166, 167, 169, 170, 171, 172, 173, 174, 175, 177, 178, 179, 180, 181, 182, 183, 184, 185, 186, 187, 188, 189, 191, 192, 193, 194, 195, 196, 198, 199, 200, 202, 203, 204, 207, 208, 209, 210, 211, 212, 213, 215, 216, 217, 218, 221, 223, 225, 226, 227, 228, 229, 230, 231, 232, 233, 234, 235, 236, 237, 240, 241, 242, 243, 244, 246, 247, 249, 250, 251, 252, 253, 254, 255, 256, 257, 259, 260, 261, 262, 263, 264, 265, 266, 268, 269, 271, 272, 273, 274, 275, 276, 279, 282, 283, 284, 285, 286, 288, 290, 291, 292, 293, 294, 295, 296]
Linhas de Teste [1, 9, 11, 16, 18, 20, 22, 25, 30, 34, 37, 45, 49, 53, 56, 60, 73, 79, 95, 100, 107, 109, 111, 118, 120, 122, 125, 128, 134, 135, 141, 146, 153, 157, 168, 176, 190, 197, 201, 205, 206, 214, 219, 220, 222, 224, 238, 239, 245, 248, 258, 267, 270, 277, 278, 280, 281, 287, 289]
R2 de Treino = 95.78
R2 de Teste = 91.96

113 / 150  75.33 %
Tempo restante 0:00:04.122355

#################  Rodada 109 / 150  72.67 %
Parâmetros ('EV_MA', 'TST_MA', 'WAI_MA', 'saz_sin', 'saz_cos')
Linhas de Treino [0, 2, 5, 6, 10, 11, 13, 15, 16, 18, 20, 21, 22, 23, 24, 25, 26, 27, 28, 31, 32, 34, 35, 36, 37, 39, 40, 41, 42, 43, 45, 46, 48, 49, 50, 52, 53, 54, 55, 56, 57, 58, 59, 60, 61, 62, 63, 64, 65, 67, 70, 71, 72, 74, 75, 76, 77, 80, 81, 82, 83, 84, 85, 86, 87, 88, 89, 90, 91, 93, 96, 97, 99, 100, 101, 102, 105, 106, 107, 108, 111, 112, 113, 114, 115, 116, 117, 118, 119, 122, 123, 125, 126, 127, 128, 129, 130, 132, 133, 134, 135, 136, 137, 138, 139, 140, 141, 143, 144, 145, 146, 147, 148, 149, 150, 151, 152, 154, 155, 156, 157, 158, 159, 160, 162, 163, 164, 165, 166, 167, 168, 169, 170, 171, 172, 173, 174, 175, 176, 177, 178, 179, 180, 181, 183, 184, 185, 186, 188, 189, 191, 192, 193, 194, 195, 196, 197, 198, 199, 200, 201, 202, 203, 204, 205, 208, 209, 210, 211, 212, 213, 214, 215, 216, 217, 218, 219, 220, 221, 223, 224, 225, 226, 227, 228, 230, 231, 233, 234, 236, 237, 238, 239, 240, 241, 242, 244, 245, 246, 248, 249, 250, 251, 252, 254, 255, 256, 257, 258, 259, 260, 261, 262, 264, 265, 266, 267, 269, 270, 271, 272, 274, 275, 276, 277, 278, 280, 281, 282, 283, 284, 285, 286, 289, 291, 292, 293, 295]
Linhas de Teste [1, 3, 4, 7, 8, 9, 12, 14, 17, 19, 29, 30, 33, 38, 44, 47, 51, 66, 68, 69, 73, 78, 79, 92, 94, 95, 98, 103, 104, 109, 110, 120, 121, 124, 131, 142, 153, 161, 182, 187, 190, 206, 207, 222, 229, 232, 235, 243, 247, 253, 263, 268, 273, 279, 287, 288, 290, 294, 296]
R2 de Treino = 79.99
R2 de Teste = 68.06

109 / 150  72.67 %
Tempo restante 0:00:04.957064

#################  Rodada 110 / 150  73.33 %
Parâmetros ('EV_CE', 'PRE_CE', 'WAI_CE', 'saz_sin', 'saz_cos')
Linhas de Treino [1, 2, 3, 4, 5, 6, 7, 8, 9, 10, 11, 12, 13, 14, 16, 17, 19, 21, 22, 23, 25, 26, 28, 29, 30, 31, 32, 33, 35, 36, 38, 39, 40, 42, 43, 44, 45, 46, 47, 48, 50, 51, 52, 53, 54, 55, 56, 58, 59, 60, 61, 62, 63, 64, 65, 66, 67, 68, 69, 70, 71, 73, 75, 77, 78, 79, 80, 81, 82, 83, 84, 85, 86, 90, 92, 93, 94, 95, 96, 97, 98, 99, 101, 102, 103, 104, 105, 106, 107, 109, 110, 112, 113, 114, 115, 117, 118, 119, 120, 121, 122, 123, 124, 126, 127, 129, 130, 131, 132, 135, 137, 138, 139, 140, 142, 144, 148, 149, 153, 154, 155, 156, 157, 158, 159, 160, 161, 162, 163, 164, 165, 166, 168, 170, 171, 172, 173, 174, 175, 177, 178, 179, 180, 182, 183, 184, 185, 186, 187, 188, 190, 191, 192, 193, 194, 195, 196, 197, 198, 199, 200, 201, 202, 203, 204, 205, 206, 207, 208, 209, 211, 212, 213, 214, 215, 216, 217, 218, 219, 221, 222, 223, 226, 227, 228, 229, 230, 231, 232, 233, 235, 237, 238, 239, 241, 243, 246, 247, 250, 251, 252, 253, 255, 256, 257, 259, 260, 261, 262, 263, 264, 265, 267, 268, 269, 270, 271, 272, 273, 274, 276, 277, 278, 279, 280, 281, 282, 283, 284, 285, 287, 288, 289, 290, 292, 293, 294, 296]
Linhas de Teste [0, 15, 18, 20, 24, 27, 34, 37, 41, 49, 57, 72, 74, 76, 87, 88, 89, 91, 100, 108, 111, 116, 125, 128, 133, 134, 136, 141, 143, 145, 146, 147, 150, 151, 152, 167, 169, 176, 181, 189, 210, 220, 224, 225, 234, 236, 240, 242, 244, 245, 248, 249, 254, 258, 266, 275, 286, 291, 295]
R2 de Treino = 96.99
R2 de Teste = 97.62

110 / 150  73.33 %
Tempo restante 0:00:04.561240

#################  Rodada 114 / 150  76.0 %
Parâmetros ('EV_CA', 'PRE_CA', 'TST_CA', 'saz_sin', 'saz_cos')
Linhas de Treino [0, 1, 2, 3, 4, 5, 7, 9, 10, 11, 13, 14, 15, 16, 17, 18, 20, 21, 22, 24, 25, 26, 27, 30, 31, 32, 33, 34, 35, 36, 37, 40, 42, 43, 44, 45, 46, 47, 49, 50, 52, 53, 54, 55, 56, 58, 60, 61, 63, 65, 68, 69, 72, 73, 74, 76, 79, 80, 81, 83, 84, 85, 86, 87, 88, 89, 90, 91, 92, 93, 94, 95, 96, 99, 100, 101, 102, 103, 104, 105, 107, 108, 109, 110, 111, 112, 113, 114, 115, 116, 117, 118, 119, 120, 121, 122, 123, 124, 125, 126, 127, 128, 129, 130, 131, 132, 133, 134, 135, 136, 137, 138, 139, 140, 141, 142, 143, 144, 146, 147, 149, 151, 152, 153, 155, 156, 157, 158, 159, 160, 161, 162, 163, 164, 166, 167, 168, 170, 171, 172, 173, 175, 176, 177, 179, 180, 182, 184, 185, 186, 187, 189, 190, 191, 194, 196, 197, 198, 200, 201, 202, 203, 205, 206, 207, 208, 209, 210, 211, 212, 213, 214, 215, 216, 217, 218, 219, 220, 222, 224, 225, 226, 227, 229, 230, 232, 234, 236, 238, 239, 242, 243, 244, 245, 247, 248, 249, 250, 251, 252, 253, 254, 255, 257, 258, 259, 260, 261, 262, 263, 264, 265, 266, 267, 268, 269, 270, 271, 272, 274, 275, 276, 277, 278, 279, 280, 281, 282, 283, 284, 287, 289, 290, 291, 292, 293, 294, 295]
Linhas de Teste [6, 8, 12, 19, 23, 28, 29, 38, 39, 41, 48, 51, 57, 59, 62, 64, 66, 67, 70, 71, 75, 77, 78, 82, 97, 98, 106, 145, 148, 150, 154, 165, 169, 174, 178, 181, 183, 188, 192, 193, 195, 199, 204, 221, 223, 228, 231, 233, 235, 237, 240, 241, 246, 256, 273, 285, 286, 288, 296]
R2 de Treino = 95.12
R2 de Teste = 94.42

114 / 150  76.0 %
Tempo restante 0:00:03.925836

#################  Rodada 110 / 150  73.33 %
Parâmetros ('EV_MA', 'TST_MA', 'WAI_MA', 'saz_sin', 'saz_cos')
Linhas de Treino [1, 2, 3, 4, 5, 6, 7, 8, 9, 10, 11, 12, 13, 14, 16, 17, 19, 21, 22, 23, 25, 26, 28, 29, 30, 31, 32, 33, 35, 36, 38, 39, 40, 42, 43, 44, 45, 46, 47, 48, 50, 51, 52, 53, 54, 55, 56, 58, 59, 60, 61, 62, 63, 64, 65, 66, 67, 68, 69, 70, 71, 73, 75, 77, 78, 79, 80, 81, 82, 83, 84, 85, 86, 90, 92, 93, 94, 95, 96, 97, 98, 99, 101, 102, 103, 104, 105, 106, 107, 109, 110, 112, 113, 114, 115, 117, 118, 119, 120, 121, 122, 123, 124, 126, 127, 129, 130, 131, 132, 135, 137, 138, 139, 140, 142, 144, 148, 149, 153, 154, 155, 156, 157, 158, 159, 160, 161, 162, 163, 164, 165, 166, 168, 170, 171, 172, 173, 174, 175, 177, 178, 179, 180, 182, 183, 184, 185, 186, 187, 188, 190, 191, 192, 193, 194, 195, 196, 197, 198, 199, 200, 201, 202, 203, 204, 205, 206, 207, 208, 209, 211, 212, 213, 214, 215, 216, 217, 218, 219, 221, 222, 223, 226, 227, 228, 229, 230, 231, 232, 233, 235, 237, 238, 239, 241, 243, 246, 247, 250, 251, 252, 253, 255, 256, 257, 259, 260, 261, 262, 263, 264, 265, 267, 268, 269, 270, 271, 272, 273, 274, 276, 277, 278, 279, 280, 281, 282, 283, 284, 285, 287, 288, 289, 290, 292, 293, 294, 296]
Linhas de Teste [0, 15, 18, 20, 24, 27, 34, 37, 41, 49, 57, 72, 74, 76, 87, 88, 89, 91, 100, 108, 111, 116, 125, 128, 133, 134, 136, 141, 143, 145, 146, 147, 150, 151, 152, 167, 169, 176, 181, 189, 210, 220, 224, 225, 234, 236, 240, 242, 244, 245, 248, 249, 254, 258, 266, 275, 286, 291, 295]
R2 de Treino = 77.6
R2 de Teste = 80.08

110 / 150  73.33 %
Tempo restante 0:00:04.594760

#################  Rodada 111 / 150  74.0 %
Parâmetros ('EV_CE', 'PRE_CE', 'WAI_CE', 'saz_sin', 'saz_cos')
Linhas de Treino [0, 1, 2, 5, 6, 8, 9, 11, 12, 13, 15, 16, 17, 18, 19, 20, 21, 22, 23, 25, 26, 27, 28, 29, 30, 31, 33, 34, 35, 37, 38, 39, 40, 41, 42, 43, 44, 45, 48, 49, 51, 53, 54, 55, 56, 57, 58, 59, 60, 61, 62, 63, 64, 66, 67, 68, 69, 70, 71, 73, 74, 75, 76, 77, 78, 79, 80, 81, 82, 83, 84, 85, 86, 88, 89, 90, 92, 93, 95, 96, 97, 98, 99, 100, 102, 103, 104, 105, 106, 107, 109, 110, 111, 112, 113, 114, 116, 117, 118, 119, 120, 121, 122, 124, 125, 127, 128, 129, 130, 131, 132, 134, 135, 136, 140, 141, 142, 143, 144, 145, 146, 147, 148, 149, 150, 152, 153, 154, 156, 157, 160, 161, 164, 165, 166, 167, 168, 169, 170, 173, 174, 175, 176, 178, 181, 182, 183, 184, 187, 188, 190, 192, 193, 195, 196, 197, 199, 200, 201, 203, 204, 205, 206, 207, 208, 210, 212, 213, 214, 215, 216, 217, 218, 219, 220, 221, 222, 223, 224, 226, 227, 228, 229, 231, 233, 234, 235, 237, 238, 239, 240, 241, 243, 244, 245, 246, 248, 249, 250, 251, 254, 256, 257, 258, 259, 261, 262, 263, 264, 265, 266, 267, 268, 269, 270, 271, 272, 273, 275, 276, 277, 278, 279, 280, 281, 282, 284, 285, 286, 287, 288, 289, 291, 293, 294, 295, 296]
Linhas de Teste [3, 4, 7, 10, 14, 24, 32, 36, 46, 47, 50, 52, 65, 72, 87, 91, 94, 101, 108, 115, 123, 126, 133, 137, 138, 139, 151, 155, 158, 159, 162, 163, 171, 172, 177, 179, 180, 185, 186, 189, 191, 194, 198, 202, 209, 211, 225, 230, 232, 236, 242, 247, 252, 253, 255, 260, 274, 283, 290, 292]
R2 de Treino = 97.26
R2 de Teste = 96.82

111 / 150  74.0 %
Tempo restante 0:00:04.529967

#################  Rodada 115 / 150  76.67 %
Parâmetros ('EV_CA', 'PRE_CA', 'TST_CA', 'saz_sin', 'saz_cos')
Linhas de Treino [1, 2, 3, 4, 5, 6, 7, 8, 9, 10, 11, 12, 13, 14, 16, 18, 19, 20, 22, 23, 24, 25, 26, 28, 29, 30, 32, 34, 35, 36, 37, 38, 39, 40, 41, 42, 43, 44, 45, 46, 47, 48, 49, 50, 51, 52, 53, 54, 56, 57, 59, 60, 62, 63, 64, 65, 66, 67, 70, 71, 72, 73, 74, 75, 76, 77, 78, 79, 82, 83, 85, 87, 89, 90, 91, 94, 95, 97, 98, 100, 101, 102, 103, 106, 107, 108, 109, 110, 111, 114, 115, 116, 117, 118, 119, 120, 122, 123, 125, 126, 128, 130, 132, 133, 134, 135, 136, 137, 138, 139, 140, 141, 142, 143, 144, 145, 146, 148, 149, 150, 151, 152, 153, 154, 155, 157, 158, 159, 162, 163, 165, 166, 167, 168, 169, 171, 172, 173, 174, 175, 176, 177, 178, 179, 180, 181, 183, 185, 186, 188, 189, 190, 191, 192, 193, 194, 195, 197, 198, 199, 201, 202, 203, 204, 205, 206, 209, 210, 211, 212, 214, 216, 217, 218, 219, 220, 221, 222, 223, 224, 225, 226, 228, 229, 230, 231, 232, 233, 234, 235, 236, 237, 238, 239, 240, 241, 242, 243, 245, 246, 247, 248, 249, 252, 253, 254, 255, 256, 257, 258, 260, 262, 263, 266, 267, 268, 269, 270, 273, 274, 275, 277, 278, 279, 280, 281, 283, 284, 285, 286, 287, 288, 289, 290, 292, 293, 295, 296]
Linhas de Teste [0, 15, 17, 21, 27, 31, 33, 55, 58, 61, 68, 69, 80, 81, 84, 86, 88, 92, 93, 96, 99, 104, 105, 112, 113, 121, 124, 127, 129, 131, 147, 156, 160, 161, 164, 170, 182, 184, 187, 196, 200, 207, 208, 213, 215, 227, 244, 250, 251, 259, 261, 264, 265, 271, 272, 276, 282, 291, 294]
R2 de Treino = 95.03
R2 de Teste = 95.09

115 / 150  76.67 %
Tempo restante 0:00:03.717350

#################  Rodada 111 / 150  74.0 %
Parâmetros ('EV_MA', 'TST_MA', 'WAI_MA', 'saz_sin', 'saz_cos')
Linhas de Treino [0, 1, 2, 5, 6, 8, 9, 11, 12, 13, 15, 16, 17, 18, 19, 20, 21, 22, 23, 25, 26, 27, 28, 29, 30, 31, 33, 34, 35, 37, 38, 39, 40, 41, 42, 43, 44, 45, 48, 49, 51, 53, 54, 55, 56, 57, 58, 59, 60, 61, 62, 63, 64, 66, 67, 68, 69, 70, 71, 73, 74, 75, 76, 77, 78, 79, 80, 81, 82, 83, 84, 85, 86, 88, 89, 90, 92, 93, 95, 96, 97, 98, 99, 100, 102, 103, 104, 105, 106, 107, 109, 110, 111, 112, 113, 114, 116, 117, 118, 119, 120, 121, 122, 124, 125, 127, 128, 129, 130, 131, 132, 134, 135, 136, 140, 141, 142, 143, 144, 145, 146, 147, 148, 149, 150, 152, 153, 154, 156, 157, 160, 161, 164, 165, 166, 167, 168, 169, 170, 173, 174, 175, 176, 178, 181, 182, 183, 184, 187, 188, 190, 192, 193, 195, 196, 197, 199, 200, 201, 203, 204, 205, 206, 207, 208, 210, 212, 213, 214, 215, 216, 217, 218, 219, 220, 221, 222, 223, 224, 226, 227, 228, 229, 231, 233, 234, 235, 237, 238, 239, 240, 241, 243, 244, 245, 246, 248, 249, 250, 251, 254, 256, 257, 258, 259, 261, 262, 263, 264, 265, 266, 267, 268, 269, 270, 271, 272, 273, 275, 276, 277, 278, 279, 280, 281, 282, 284, 285, 286, 287, 288, 289, 291, 293, 294, 295, 296]
Linhas de Teste [3, 4, 7, 10, 14, 24, 32, 36, 46, 47, 50, 52, 65, 72, 87, 91, 94, 101, 108, 115, 123, 126, 133, 137, 138, 139, 151, 155, 158, 159, 162, 163, 171, 172, 177, 179, 180, 185, 186, 189, 191, 194, 198, 202, 209, 211, 225, 230, 232, 236, 242, 247, 252, 253, 255, 260, 274, 283, 290, 292]
R2 de Treino = 75.69
R2 de Teste = 85.65

111 / 150  74.0 %
Tempo restante 0:00:04.375878

#################  Rodada 112 / 150  74.67 %
Parâmetros ('EV_CE', 'PRE_CE', 'WAI_CE', 'saz_sin', 'saz_cos')
Linhas de Treino [0, 1, 3, 4, 6, 7, 8, 9, 10, 11, 12, 14, 15, 16, 17, 18, 19, 20, 21, 22, 23, 24, 25, 27, 28, 29, 30, 31, 32, 33, 34, 36, 37, 38, 39, 41, 45, 46, 47, 48, 49, 50, 51, 52, 53, 55, 56, 57, 58, 59, 60, 61, 62, 64, 65, 66, 67, 68, 69, 70, 71, 72, 73, 75, 77, 78, 79, 80, 81, 82, 84, 86, 87, 88, 91, 92, 93, 94, 95, 96, 97, 98, 99, 100, 101, 104, 105, 106, 107, 108, 109, 111, 112, 113, 115, 118, 120, 121, 122, 123, 124, 125, 126, 127, 128, 129, 131, 133, 134, 135, 137, 138, 139, 141, 145, 146, 147, 148, 150, 151, 153, 154, 155, 156, 157, 158, 159, 160, 161, 162, 163, 164, 165, 168, 169, 170, 171, 172, 174, 176, 177, 178, 179, 180, 181, 182, 183, 184, 185, 186, 187, 188, 189, 190, 191, 192, 193, 194, 195, 196, 197, 198, 199, 200, 201, 202, 204, 205, 206, 207, 208, 209, 211, 213, 214, 215, 219, 220, 221, 222, 223, 224, 225, 227, 228, 230, 231, 232, 233, 235, 236, 237, 238, 239, 240, 241, 242, 244, 245, 246, 247, 248, 250, 251, 252, 253, 255, 256, 258, 259, 260, 261, 264, 265, 267, 270, 271, 272, 273, 274, 276, 277, 278, 280, 281, 282, 283, 285, 286, 287, 288, 289, 290, 291, 292, 294, 296]
Linhas de Teste [2, 5, 13, 26, 35, 40, 42, 43, 44, 54, 63, 74, 76, 83, 85, 89, 90, 102, 103, 110, 114, 116, 117, 119, 130, 132, 136, 140, 142, 143, 144, 149, 152, 166, 167, 173, 175, 203, 210, 212, 216, 217, 218, 226, 229, 234, 243, 249, 254, 257, 262, 263, 266, 268, 269, 275, 279, 284, 293, 295]
R2 de Treino = 97.33
R2 de Teste = 96.48

112 / 150  74.67 %
Tempo restante 0:00:04.240382

#################  Rodada 116 / 150  77.33 %
Parâmetros ('EV_CA', 'PRE_CA', 'TST_CA', 'saz_sin', 'saz_cos')
Linhas de Treino [0, 1, 3, 5, 6, 7, 8, 9, 10, 11, 12, 13, 14, 15, 16, 17, 18, 19, 20, 21, 22, 24, 25, 29, 33, 34, 35, 36, 37, 38, 39, 40, 41, 42, 43, 44, 45, 46, 47, 48, 49, 50, 51, 52, 53, 54, 56, 60, 61, 62, 64, 65, 66, 67, 68, 70, 71, 72, 73, 75, 77, 78, 79, 80, 81, 82, 83, 84, 85, 86, 89, 90, 91, 92, 93, 94, 96, 97, 98, 99, 100, 102, 103, 104, 105, 106, 107, 109, 110, 115, 116, 117, 118, 119, 120, 121, 122, 123, 124, 125, 126, 127, 128, 129, 130, 131, 133, 134, 135, 136, 137, 138, 139, 140, 141, 142, 143, 144, 145, 147, 148, 151, 153, 154, 155, 156, 157, 159, 160, 161, 162, 164, 166, 167, 168, 172, 173, 175, 176, 178, 179, 180, 181, 182, 183, 184, 185, 187, 188, 189, 190, 191, 192, 193, 194, 195, 196, 197, 198, 199, 202, 204, 205, 206, 207, 208, 209, 210, 211, 212, 213, 214, 215, 216, 218, 220, 221, 222, 223, 224, 225, 227, 230, 231, 233, 235, 236, 237, 238, 239, 240, 241, 242, 243, 244, 245, 246, 247, 248, 250, 252, 253, 254, 255, 256, 257, 258, 259, 260, 262, 264, 265, 266, 267, 268, 269, 271, 272, 273, 274, 275, 279, 280, 281, 282, 283, 284, 285, 287, 288, 289, 290, 291, 292, 293, 294, 296]
Linhas de Teste [2, 4, 23, 26, 27, 28, 30, 31, 32, 55, 57, 58, 59, 63, 69, 74, 76, 87, 88, 95, 101, 108, 111, 112, 113, 114, 132, 146, 149, 150, 152, 158, 163, 165, 169, 170, 171, 174, 177, 186, 200, 201, 203, 217, 219, 226, 228, 229, 232, 234, 249, 251, 261, 263, 270, 276, 277, 278, 286, 295]
R2 de Treino = 94.8
R2 de Teste = 96.15

116 / 150  77.33 %
Tempo restante 0:00:03.701818

#################  Rodada 112 / 150  74.67 %
Parâmetros ('EV_MA', 'TST_MA', 'WAI_MA', 'saz_sin', 'saz_cos')
Linhas de Treino [0, 1, 3, 4, 6, 7, 8, 9, 10, 11, 12, 14, 15, 16, 17, 18, 19, 20, 21, 22, 23, 24, 25, 27, 28, 29, 30, 31, 32, 33, 34, 36, 37, 38, 39, 41, 45, 46, 47, 48, 49, 50, 51, 52, 53, 55, 56, 57, 58, 59, 60, 61, 62, 64, 65, 66, 67, 68, 69, 70, 71, 72, 73, 75, 77, 78, 79, 80, 81, 82, 84, 86, 87, 88, 91, 92, 93, 94, 95, 96, 97, 98, 99, 100, 101, 104, 105, 106, 107, 108, 109, 111, 112, 113, 115, 118, 120, 121, 122, 123, 124, 125, 126, 127, 128, 129, 131, 133, 134, 135, 137, 138, 139, 141, 145, 146, 147, 148, 150, 151, 153, 154, 155, 156, 157, 158, 159, 160, 161, 162, 163, 164, 165, 168, 169, 170, 171, 172, 174, 176, 177, 178, 179, 180, 181, 182, 183, 184, 185, 186, 187, 188, 189, 190, 191, 192, 193, 194, 195, 196, 197, 198, 199, 200, 201, 202, 204, 205, 206, 207, 208, 209, 211, 213, 214, 215, 219, 220, 221, 222, 223, 224, 225, 227, 228, 230, 231, 232, 233, 235, 236, 237, 238, 239, 240, 241, 242, 244, 245, 246, 247, 248, 250, 251, 252, 253, 255, 256, 258, 259, 260, 261, 264, 265, 267, 270, 271, 272, 273, 274, 276, 277, 278, 280, 281, 282, 283, 285, 286, 287, 288, 289, 290, 291, 292, 294, 296]
Linhas de Teste [2, 5, 13, 26, 35, 40, 42, 43, 44, 54, 63, 74, 76, 83, 85, 89, 90, 102, 103, 110, 114, 116, 117, 119, 130, 132, 136, 140, 142, 143, 144, 149, 152, 166, 167, 173, 175, 203, 210, 212, 216, 217, 218, 226, 229, 234, 243, 249, 254, 257, 262, 263, 266, 268, 269, 275, 279, 284, 293, 295]
R2 de Treino = 77.56
R2 de Teste = 79.19

112 / 150  74.67 %
Tempo restante 0:00:04.338004

#################  Rodada 113 / 150  75.33 %
Parâmetros ('EV_CE', 'PRE_CE', 'WAI_CE', 'saz_sin', 'saz_cos')
Linhas de Treino [0, 2, 3, 4, 5, 6, 7, 8, 10, 12, 13, 14, 15, 17, 19, 21, 23, 24, 26, 27, 28, 29, 31, 32, 33, 35, 36, 38, 39, 40, 41, 42, 43, 44, 46, 47, 48, 50, 51, 52, 54, 55, 57, 58, 59, 61, 62, 63, 64, 65, 66, 67, 68, 69, 70, 71, 72, 74, 75, 76, 77, 78, 80, 81, 82, 83, 84, 85, 86, 87, 88, 89, 90, 91, 92, 93, 94, 96, 97, 98, 99, 101, 102, 103, 104, 105, 106, 108, 110, 112, 113, 114, 115, 116, 117, 119, 121, 123, 124, 126, 127, 129, 130, 131, 132, 133, 136, 137, 138, 139, 140, 142, 143, 144, 145, 147, 148, 149, 150, 151, 152, 154, 155, 156, 158, 159, 160, 161, 162, 163, 164, 165, 166, 167, 169, 170, 171, 172, 173, 174, 175, 177, 178, 179, 180, 181, 182, 183, 184, 185, 186, 187, 188, 189, 191, 192, 193, 194, 195, 196, 198, 199, 200, 202, 203, 204, 207, 208, 209, 210, 211, 212, 213, 215, 216, 217, 218, 221, 223, 225, 226, 227, 228, 229, 230, 231, 232, 233, 234, 235, 236, 237, 240, 241, 242, 243, 244, 246, 247, 249, 250, 251, 252, 253, 254, 255, 256, 257, 259, 260, 261, 262, 263, 264, 265, 266, 268, 269, 271, 272, 273, 274, 275, 276, 279, 282, 283, 284, 285, 286, 288, 290, 291, 292, 293, 294, 295, 296]
Linhas de Teste [1, 9, 11, 16, 18, 20, 22, 25, 30, 34, 37, 45, 49, 53, 56, 60, 73, 79, 95, 100, 107, 109, 111, 118, 120, 122, 125, 128, 134, 135, 141, 146, 153, 157, 168, 176, 190, 197, 201, 205, 206, 214, 219, 220, 222, 224, 238, 239, 245, 248, 258, 267, 270, 277, 278, 280, 281, 287, 289]
R2 de Treino = 97.23
R2 de Teste = 96.78

113 / 150  75.33 %
Tempo restante 0:00:04.189436

#################  Rodada 117 / 150  78.0 %
Parâmetros ('EV_CA', 'PRE_CA', 'TST_CA', 'saz_sin', 'saz_cos')
Linhas de Treino [1, 2, 4, 5, 6, 8, 9, 10, 11, 12, 13, 14, 15, 16, 17, 18, 19, 21, 22, 23, 24, 25, 26, 27, 28, 29, 30, 31, 32, 34, 36, 37, 39, 41, 42, 43, 44, 45, 46, 47, 48, 50, 51, 52, 53, 54, 55, 57, 58, 59, 61, 62, 63, 65, 67, 68, 69, 70, 71, 72, 73, 74, 75, 76, 77, 78, 79, 80, 81, 82, 83, 86, 87, 88, 89, 91, 92, 93, 95, 97, 98, 99, 100, 101, 105, 106, 107, 108, 111, 112, 113, 114, 116, 117, 118, 120, 121, 122, 123, 124, 125, 126, 127, 128, 129, 130, 131, 132, 133, 134, 135, 139, 141, 142, 143, 145, 146, 147, 148, 149, 150, 151, 152, 153, 154, 155, 156, 157, 158, 160, 161, 162, 163, 165, 167, 169, 170, 171, 172, 173, 174, 175, 176, 177, 179, 180, 182, 183, 184, 185, 186, 187, 188, 189, 191, 194, 195, 198, 199, 200, 201, 202, 203, 204, 205, 207, 208, 211, 212, 213, 214, 215, 216, 217, 218, 219, 220, 221, 222, 223, 225, 226, 228, 229, 230, 232, 233, 234, 235, 236, 241, 242, 243, 244, 246, 247, 248, 249, 250, 251, 252, 254, 255, 256, 258, 260, 261, 262, 263, 264, 265, 266, 267, 268, 269, 270, 271, 273, 274, 275, 276, 277, 278, 279, 280, 282, 284, 285, 286, 288, 290, 291, 292, 293, 294, 295, 296]
Linhas de Teste [0, 3, 7, 20, 33, 35, 38, 40, 49, 56, 60, 64, 66, 84, 85, 90, 94, 96, 102, 103, 104, 109, 110, 115, 119, 136, 137, 138, 140, 144, 159, 164, 166, 168, 178, 181, 190, 192, 193, 196, 197, 206, 209, 210, 224, 227, 231, 237, 238, 239, 240, 245, 253, 257, 259, 272, 281, 283, 287, 289]
R2 de Treino = 94.99
R2 de Teste = 94.92

117 / 150  78.0 %
Tempo restante 0:00:03.646170

#################  Rodada 113 / 150  75.33 %
Parâmetros ('EV_MA', 'TST_MA', 'WAI_MA', 'saz_sin', 'saz_cos')
Linhas de Treino [0, 2, 3, 4, 5, 6, 7, 8, 10, 12, 13, 14, 15, 17, 19, 21, 23, 24, 26, 27, 28, 29, 31, 32, 33, 35, 36, 38, 39, 40, 41, 42, 43, 44, 46, 47, 48, 50, 51, 52, 54, 55, 57, 58, 59, 61, 62, 63, 64, 65, 66, 67, 68, 69, 70, 71, 72, 74, 75, 76, 77, 78, 80, 81, 82, 83, 84, 85, 86, 87, 88, 89, 90, 91, 92, 93, 94, 96, 97, 98, 99, 101, 102, 103, 104, 105, 106, 108, 110, 112, 113, 114, 115, 116, 117, 119, 121, 123, 124, 126, 127, 129, 130, 131, 132, 133, 136, 137, 138, 139, 140, 142, 143, 144, 145, 147, 148, 149, 150, 151, 152, 154, 155, 156, 158, 159, 160, 161, 162, 163, 164, 165, 166, 167, 169, 170, 171, 172, 173, 174, 175, 177, 178, 179, 180, 181, 182, 183, 184, 185, 186, 187, 188, 189, 191, 192, 193, 194, 195, 196, 198, 199, 200, 202, 203, 204, 207, 208, 209, 210, 211, 212, 213, 215, 216, 217, 218, 221, 223, 225, 226, 227, 228, 229, 230, 231, 232, 233, 234, 235, 236, 237, 240, 241, 242, 243, 244, 246, 247, 249, 250, 251, 252, 253, 254, 255, 256, 257, 259, 260, 261, 262, 263, 264, 265, 266, 268, 269, 271, 272, 273, 274, 275, 276, 279, 282, 283, 284, 285, 286, 288, 290, 291, 292, 293, 294, 295, 296]
Linhas de Teste [1, 9, 11, 16, 18, 20, 22, 25, 30, 34, 37, 45, 49, 53, 56, 60, 73, 79, 95, 100, 107, 109, 111, 118, 120, 122, 125, 128, 134, 135, 141, 146, 153, 157, 168, 176, 190, 197, 201, 205, 206, 214, 219, 220, 222, 224, 238, 239, 245, 248, 258, 267, 270, 277, 278, 280, 281, 287, 289]
R2 de Treino = 82.26
R2 de Teste = 55.59

113 / 150  75.33 %
Tempo restante 0:00:04.297032

#################  Rodada 114 / 150  76.0 %
Parâmetros ('EV_CE', 'PRE_CE', 'WAI_CE', 'saz_sin', 'saz_cos')
Linhas de Treino [0, 1, 2, 3, 4, 5, 7, 9, 10, 11, 13, 14, 15, 16, 17, 18, 20, 21, 22, 24, 25, 26, 27, 30, 31, 32, 33, 34, 35, 36, 37, 40, 42, 43, 44, 45, 46, 47, 49, 50, 52, 53, 54, 55, 56, 58, 60, 61, 63, 65, 68, 69, 72, 73, 74, 76, 79, 80, 81, 83, 84, 85, 86, 87, 88, 89, 90, 91, 92, 93, 94, 95, 96, 99, 100, 101, 102, 103, 104, 105, 107, 108, 109, 110, 111, 112, 113, 114, 115, 116, 117, 118, 119, 120, 121, 122, 123, 124, 125, 126, 127, 128, 129, 130, 131, 132, 133, 134, 135, 136, 137, 138, 139, 140, 141, 142, 143, 144, 146, 147, 149, 151, 152, 153, 155, 156, 157, 158, 159, 160, 161, 162, 163, 164, 166, 167, 168, 170, 171, 172, 173, 175, 176, 177, 179, 180, 182, 184, 185, 186, 187, 189, 190, 191, 194, 196, 197, 198, 200, 201, 202, 203, 205, 206, 207, 208, 209, 210, 211, 212, 213, 214, 215, 216, 217, 218, 219, 220, 222, 224, 225, 226, 227, 229, 230, 232, 234, 236, 238, 239, 242, 243, 244, 245, 247, 248, 249, 250, 251, 252, 253, 254, 255, 257, 258, 259, 260, 261, 262, 263, 264, 265, 266, 267, 268, 269, 270, 271, 272, 274, 275, 276, 277, 278, 279, 280, 281, 282, 283, 284, 287, 289, 290, 291, 292, 293, 294, 295]
Linhas de Teste [6, 8, 12, 19, 23, 28, 29, 38, 39, 41, 48, 51, 57, 59, 62, 64, 66, 67, 70, 71, 75, 77, 78, 82, 97, 98, 106, 145, 148, 150, 154, 165, 169, 174, 178, 181, 183, 188, 192, 193, 195, 199, 204, 221, 223, 228, 231, 233, 235, 237, 240, 241, 246, 256, 273, 285, 286, 288, 296]
R2 de Treino = 97.05
R2 de Teste = 97.44

114 / 150  76.0 %
Tempo restante 0:00:04.264740

#################  Rodada 118 / 150  78.67 %
Parâmetros ('EV_CA', 'PRE_CA', 'TST_CA', 'saz_sin', 'saz_cos')
Linhas de Treino [0, 1, 2, 3, 4, 6, 7, 9, 12, 13, 16, 18, 20, 22, 23, 24, 25, 26, 27, 28, 29, 30, 31, 32, 33, 35, 38, 40, 41, 42, 43, 44, 45, 46, 47, 48, 49, 51, 53, 54, 55, 56, 57, 58, 59, 60, 61, 62, 63, 64, 65, 66, 67, 69, 70, 72, 73, 74, 75, 76, 77, 78, 79, 80, 81, 83, 84, 85, 86, 87, 88, 89, 90, 91, 93, 94, 95, 96, 97, 98, 99, 100, 101, 102, 103, 104, 106, 107, 108, 109, 110, 111, 112, 113, 114, 115, 116, 117, 119, 120, 123, 125, 128, 129, 130, 131, 132, 133, 136, 137, 138, 139, 140, 141, 143, 144, 146, 147, 148, 149, 150, 151, 152, 153, 154, 155, 156, 158, 159, 160, 163, 164, 165, 166, 167, 168, 169, 170, 171, 173, 174, 176, 177, 178, 179, 180, 181, 182, 183, 185, 186, 188, 189, 190, 192, 193, 194, 196, 197, 198, 199, 200, 201, 202, 203, 204, 206, 207, 209, 210, 211, 213, 214, 216, 217, 218, 219, 220, 222, 224, 226, 227, 228, 229, 230, 231, 232, 234, 235, 237, 238, 239, 240, 241, 244, 245, 246, 248, 249, 250, 251, 252, 253, 254, 257, 259, 260, 261, 262, 263, 264, 265, 266, 267, 269, 270, 271, 272, 273, 274, 275, 276, 277, 278, 279, 281, 283, 284, 286, 287, 288, 289, 290, 292, 293, 294, 295, 296]
Linhas de Teste [5, 8, 10, 11, 14, 15, 17, 19, 21, 34, 36, 37, 39, 50, 52, 68, 71, 82, 92, 105, 118, 121, 122, 124, 126, 127, 134, 135, 142, 145, 157, 161, 162, 172, 175, 184, 187, 191, 195, 205, 208, 212, 215, 221, 223, 225, 233, 236, 242, 243, 247, 255, 256, 258, 268, 280, 282, 285, 291]
R2 de Treino = 95.47
R2 de Teste = 93.51

118 / 150  78.67 %
Tempo restante 0:00:03.628768

#################  Rodada 114 / 150  76.0 %
Parâmetros ('EV_MA', 'TST_MA', 'WAI_MA', 'saz_sin', 'saz_cos')
Linhas de Treino [0, 1, 2, 3, 4, 5, 7, 9, 10, 11, 13, 14, 15, 16, 17, 18, 20, 21, 22, 24, 25, 26, 27, 30, 31, 32, 33, 34, 35, 36, 37, 40, 42, 43, 44, 45, 46, 47, 49, 50, 52, 53, 54, 55, 56, 58, 60, 61, 63, 65, 68, 69, 72, 73, 74, 76, 79, 80, 81, 83, 84, 85, 86, 87, 88, 89, 90, 91, 92, 93, 94, 95, 96, 99, 100, 101, 102, 103, 104, 105, 107, 108, 109, 110, 111, 112, 113, 114, 115, 116, 117, 118, 119, 120, 121, 122, 123, 124, 125, 126, 127, 128, 129, 130, 131, 132, 133, 134, 135, 136, 137, 138, 139, 140, 141, 142, 143, 144, 146, 147, 149, 151, 152, 153, 155, 156, 157, 158, 159, 160, 161, 162, 163, 164, 166, 167, 168, 170, 171, 172, 173, 175, 176, 177, 179, 180, 182, 184, 185, 186, 187, 189, 190, 191, 194, 196, 197, 198, 200, 201, 202, 203, 205, 206, 207, 208, 209, 210, 211, 212, 213, 214, 215, 216, 217, 218, 219, 220, 222, 224, 225, 226, 227, 229, 230, 232, 234, 236, 238, 239, 242, 243, 244, 245, 247, 248, 249, 250, 251, 252, 253, 254, 255, 257, 258, 259, 260, 261, 262, 263, 264, 265, 266, 267, 268, 269, 270, 271, 272, 274, 275, 276, 277, 278, 279, 280, 281, 282, 283, 284, 287, 289, 290, 291, 292, 293, 294, 295]
Linhas de Teste [6, 8, 12, 19, 23, 28, 29, 38, 39, 41, 48, 51, 57, 59, 62, 64, 66, 67, 70, 71, 75, 77, 78, 82, 97, 98, 106, 145, 148, 150, 154, 165, 169, 174, 178, 181, 183, 188, 192, 193, 195, 199, 204, 221, 223, 228, 231, 233, 235, 237, 240, 241, 246, 256, 273, 285, 286, 288, 296]
R2 de Treino = 78.96
R2 de Teste = 72.32

114 / 150  76.0 %
Tempo restante 0:00:04.289112

#################  Rodada 115 / 150  76.67 %
Parâmetros ('EV_CE', 'PRE_CE', 'WAI_CE', 'saz_sin', 'saz_cos')
Linhas de Treino [1, 2, 3, 4, 5, 6, 7, 8, 9, 10, 11, 12, 13, 14, 16, 18, 19, 20, 22, 23, 24, 25, 26, 28, 29, 30, 32, 34, 35, 36, 37, 38, 39, 40, 41, 42, 43, 44, 45, 46, 47, 48, 49, 50, 51, 52, 53, 54, 56, 57, 59, 60, 62, 63, 64, 65, 66, 67, 70, 71, 72, 73, 74, 75, 76, 77, 78, 79, 82, 83, 85, 87, 89, 90, 91, 94, 95, 97, 98, 100, 101, 102, 103, 106, 107, 108, 109, 110, 111, 114, 115, 116, 117, 118, 119, 120, 122, 123, 125, 126, 128, 130, 132, 133, 134, 135, 136, 137, 138, 139, 140, 141, 142, 143, 144, 145, 146, 148, 149, 150, 151, 152, 153, 154, 155, 157, 158, 159, 162, 163, 165, 166, 167, 168, 169, 171, 172, 173, 174, 175, 176, 177, 178, 179, 180, 181, 183, 185, 186, 188, 189, 190, 191, 192, 193, 194, 195, 197, 198, 199, 201, 202, 203, 204, 205, 206, 209, 210, 211, 212, 214, 216, 217, 218, 219, 220, 221, 222, 223, 224, 225, 226, 228, 229, 230, 231, 232, 233, 234, 235, 236, 237, 238, 239, 240, 241, 242, 243, 245, 246, 247, 248, 249, 252, 253, 254, 255, 256, 257, 258, 260, 262, 263, 266, 267, 268, 269, 270, 273, 274, 275, 277, 278, 279, 280, 281, 283, 284, 285, 286, 287, 288, 289, 290, 292, 293, 295, 296]
Linhas de Teste [0, 15, 17, 21, 27, 31, 33, 55, 58, 61, 68, 69, 80, 81, 84, 86, 88, 92, 93, 96, 99, 104, 105, 112, 113, 121, 124, 127, 129, 131, 147, 156, 160, 161, 164, 170, 182, 184, 187, 196, 200, 207, 208, 213, 215, 227, 244, 250, 251, 259, 261, 264, 265, 271, 272, 276, 282, 291, 294]
R2 de Treino = 97.4
R2 de Teste = 96.76

115 / 150  76.67 %
Tempo restante 0:00:03.862880

#################  Rodada 119 / 150  79.33 %
Parâmetros ('EV_CA', 'PRE_CA', 'TST_CA', 'saz_sin', 'saz_cos')
Linhas de Treino [0, 2, 3, 4, 5, 6, 7, 8, 10, 11, 13, 14, 15, 16, 17, 18, 19, 20, 21, 23, 25, 26, 27, 28, 30, 31, 32, 33, 34, 35, 36, 37, 38, 39, 40, 41, 44, 45, 46, 48, 49, 50, 51, 52, 53, 54, 55, 56, 57, 58, 59, 60, 63, 64, 66, 68, 69, 71, 72, 73, 74, 75, 76, 78, 81, 82, 84, 85, 87, 88, 90, 91, 92, 93, 94, 95, 96, 98, 99, 100, 101, 102, 103, 104, 105, 106, 107, 108, 109, 110, 111, 112, 113, 114, 115, 116, 117, 118, 119, 121, 122, 124, 126, 127, 130, 131, 132, 134, 135, 136, 137, 138, 140, 142, 143, 144, 145, 146, 148, 149, 150, 151, 152, 153, 154, 156, 157, 158, 159, 161, 162, 163, 164, 165, 166, 167, 168, 169, 170, 171, 172, 173, 174, 175, 176, 177, 178, 180, 181, 182, 183, 184, 186, 187, 188, 190, 191, 192, 193, 195, 196, 197, 199, 200, 201, 202, 203, 204, 205, 206, 208, 209, 210, 211, 212, 215, 216, 217, 219, 221, 222, 223, 224, 225, 226, 227, 228, 229, 231, 232, 233, 234, 236, 237, 238, 239, 240, 242, 243, 244, 245, 246, 247, 248, 249, 251, 253, 255, 256, 257, 258, 259, 260, 261, 263, 264, 265, 268, 270, 272, 273, 275, 276, 277, 278, 280, 281, 282, 283, 285, 286, 287, 288, 289, 290, 291, 295, 296]
Linhas de Teste [1, 9, 12, 22, 24, 29, 42, 43, 47, 61, 62, 65, 67, 70, 77, 79, 80, 83, 86, 89, 97, 120, 123, 125, 128, 129, 133, 139, 141, 147, 155, 160, 179, 185, 189, 194, 198, 207, 213, 214, 218, 220, 230, 235, 241, 250, 252, 254, 262, 266, 267, 269, 271, 274, 279, 284, 292, 293, 294]
R2 de Treino = 95.77
R2 de Teste = 91.23

119 / 150  79.33 %
Tempo restante 0:00:03.381666

#################  Rodada 115 / 150  76.67 %
Parâmetros ('EV_MA', 'TST_MA', 'WAI_MA', 'saz_sin', 'saz_cos')
Linhas de Treino [1, 2, 3, 4, 5, 6, 7, 8, 9, 10, 11, 12, 13, 14, 16, 18, 19, 20, 22, 23, 24, 25, 26, 28, 29, 30, 32, 34, 35, 36, 37, 38, 39, 40, 41, 42, 43, 44, 45, 46, 47, 48, 49, 50, 51, 52, 53, 54, 56, 57, 59, 60, 62, 63, 64, 65, 66, 67, 70, 71, 72, 73, 74, 75, 76, 77, 78, 79, 82, 83, 85, 87, 89, 90, 91, 94, 95, 97, 98, 100, 101, 102, 103, 106, 107, 108, 109, 110, 111, 114, 115, 116, 117, 118, 119, 120, 122, 123, 125, 126, 128, 130, 132, 133, 134, 135, 136, 137, 138, 139, 140, 141, 142, 143, 144, 145, 146, 148, 149, 150, 151, 152, 153, 154, 155, 157, 158, 159, 162, 163, 165, 166, 167, 168, 169, 171, 172, 173, 174, 175, 176, 177, 178, 179, 180, 181, 183, 185, 186, 188, 189, 190, 191, 192, 193, 194, 195, 197, 198, 199, 201, 202, 203, 204, 205, 206, 209, 210, 211, 212, 214, 216, 217, 218, 219, 220, 221, 222, 223, 224, 225, 226, 228, 229, 230, 231, 232, 233, 234, 235, 236, 237, 238, 239, 240, 241, 242, 243, 245, 246, 247, 248, 249, 252, 253, 254, 255, 256, 257, 258, 260, 262, 263, 266, 267, 268, 269, 270, 273, 274, 275, 277, 278, 279, 280, 281, 283, 284, 285, 286, 287, 288, 289, 290, 292, 293, 295, 296]
Linhas de Teste [0, 15, 17, 21, 27, 31, 33, 55, 58, 61, 68, 69, 80, 81, 84, 86, 88, 92, 93, 96, 99, 104, 105, 112, 113, 121, 124, 127, 129, 131, 147, 156, 160, 161, 164, 170, 182, 184, 187, 196, 200, 207, 208, 213, 215, 227, 244, 250, 251, 259, 261, 264, 265, 271, 272, 276, 282, 291, 294]
R2 de Treino = 79.24
R2 de Teste = 74.28

115 / 150  76.67 %
Tempo restante 0:00:04.004455

#################  Rodada 116 / 150  77.33 %
Parâmetros ('EV_CE', 'PRE_CE', 'WAI_CE', 'saz_sin', 'saz_cos')
Linhas de Treino [0, 1, 3, 5, 6, 7, 8, 9, 10, 11, 12, 13, 14, 15, 16, 17, 18, 19, 20, 21, 22, 24, 25, 29, 33, 34, 35, 36, 37, 38, 39, 40, 41, 42, 43, 44, 45, 46, 47, 48, 49, 50, 51, 52, 53, 54, 56, 60, 61, 62, 64, 65, 66, 67, 68, 70, 71, 72, 73, 75, 77, 78, 79, 80, 81, 82, 83, 84, 85, 86, 89, 90, 91, 92, 93, 94, 96, 97, 98, 99, 100, 102, 103, 104, 105, 106, 107, 109, 110, 115, 116, 117, 118, 119, 120, 121, 122, 123, 124, 125, 126, 127, 128, 129, 130, 131, 133, 134, 135, 136, 137, 138, 139, 140, 141, 142, 143, 144, 145, 147, 148, 151, 153, 154, 155, 156, 157, 159, 160, 161, 162, 164, 166, 167, 168, 172, 173, 175, 176, 178, 179, 180, 181, 182, 183, 184, 185, 187, 188, 189, 190, 191, 192, 193, 194, 195, 196, 197, 198, 199, 202, 204, 205, 206, 207, 208, 209, 210, 211, 212, 213, 214, 215, 216, 218, 220, 221, 222, 223, 224, 225, 227, 230, 231, 233, 235, 236, 237, 238, 239, 240, 241, 242, 243, 244, 245, 246, 247, 248, 250, 252, 253, 254, 255, 256, 257, 258, 259, 260, 262, 264, 265, 266, 267, 268, 269, 271, 272, 273, 274, 275, 279, 280, 281, 282, 283, 284, 285, 287, 288, 289, 290, 291, 292, 293, 294, 296]
Linhas de Teste [2, 4, 23, 26, 27, 28, 30, 31, 32, 55, 57, 58, 59, 63, 69, 74, 76, 87, 88, 95, 101, 108, 111, 112, 113, 114, 132, 146, 149, 150, 152, 158, 163, 165, 169, 170, 171, 174, 177, 186, 200, 201, 203, 217, 219, 226, 228, 229, 232, 234, 249, 251, 261, 263, 270, 276, 277, 278, 286, 295]
R2 de Treino = 97.26
R2 de Teste = 96.98

116 / 150  77.33 %
Tempo restante 0:00:03.710488

#################  Rodada 120 / 150  80.0 %
Parâmetros ('EV_CA', 'PRE_CA', 'TST_CA', 'saz_sin', 'saz_cos')
Linhas de Treino [0, 1, 2, 3, 4, 5, 7, 8, 9, 10, 11, 12, 14, 15, 17, 19, 20, 21, 22, 23, 24, 26, 27, 28, 29, 30, 31, 32, 33, 34, 35, 36, 37, 38, 39, 40, 42, 43, 47, 49, 50, 52, 55, 56, 57, 58, 59, 60, 61, 62, 63, 64, 65, 66, 67, 68, 69, 70, 71, 74, 76, 77, 79, 80, 82, 83, 84, 85, 86, 87, 88, 89, 90, 92, 94, 95, 96, 97, 101, 102, 103, 104, 105, 108, 109, 110, 111, 112, 113, 114, 115, 118, 119, 120, 121, 122, 123, 124, 125, 126, 127, 128, 129, 132, 133, 134, 135, 136, 137, 138, 139, 140, 141, 142, 144, 145, 146, 147, 149, 150, 152, 155, 157, 158, 159, 160, 161, 162, 163, 164, 165, 166, 168, 169, 170, 171, 172, 174, 175, 177, 178, 179, 181, 184, 185, 186, 187, 189, 190, 191, 192, 193, 194, 195, 196, 197, 198, 200, 201, 203, 205, 206, 207, 208, 209, 210, 212, 213, 214, 215, 217, 218, 219, 220, 221, 223, 224, 225, 226, 227, 228, 229, 230, 231, 232, 233, 234, 235, 236, 237, 238, 239, 240, 241, 242, 243, 245, 247, 249, 250, 251, 252, 253, 254, 255, 256, 257, 258, 259, 261, 262, 263, 266, 267, 268, 269, 270, 271, 272, 274, 276, 277, 278, 279, 280, 281, 282, 283, 284, 285, 286, 287, 289, 291, 292, 293, 294, 295]
Linhas de Teste [6, 13, 16, 18, 25, 41, 44, 45, 46, 48, 51, 53, 54, 72, 73, 75, 78, 81, 91, 93, 98, 99, 100, 106, 107, 116, 117, 130, 131, 143, 148, 151, 153, 154, 156, 167, 173, 176, 180, 182, 183, 188, 199, 202, 204, 211, 216, 222, 244, 246, 248, 260, 264, 265, 273, 275, 288, 290, 296]
R2 de Treino = 95.04
R2 de Teste = 94.57

120 / 150  80.0 %
Tempo restante 0:00:03.263520

#################  Rodada 116 / 150  77.33 %
Parâmetros ('EV_MA', 'TST_MA', 'WAI_MA', 'saz_sin', 'saz_cos')
Linhas de Treino [0, 1, 3, 5, 6, 7, 8, 9, 10, 11, 12, 13, 14, 15, 16, 17, 18, 19, 20, 21, 22, 24, 25, 29, 33, 34, 35, 36, 37, 38, 39, 40, 41, 42, 43, 44, 45, 46, 47, 48, 49, 50, 51, 52, 53, 54, 56, 60, 61, 62, 64, 65, 66, 67, 68, 70, 71, 72, 73, 75, 77, 78, 79, 80, 81, 82, 83, 84, 85, 86, 89, 90, 91, 92, 93, 94, 96, 97, 98, 99, 100, 102, 103, 104, 105, 106, 107, 109, 110, 115, 116, 117, 118, 119, 120, 121, 122, 123, 124, 125, 126, 127, 128, 129, 130, 131, 133, 134, 135, 136, 137, 138, 139, 140, 141, 142, 143, 144, 145, 147, 148, 151, 153, 154, 155, 156, 157, 159, 160, 161, 162, 164, 166, 167, 168, 172, 173, 175, 176, 178, 179, 180, 181, 182, 183, 184, 185, 187, 188, 189, 190, 191, 192, 193, 194, 195, 196, 197, 198, 199, 202, 204, 205, 206, 207, 208, 209, 210, 211, 212, 213, 214, 215, 216, 218, 220, 221, 222, 223, 224, 225, 227, 230, 231, 233, 235, 236, 237, 238, 239, 240, 241, 242, 243, 244, 245, 246, 247, 248, 250, 252, 253, 254, 255, 256, 257, 258, 259, 260, 262, 264, 265, 266, 267, 268, 269, 271, 272, 273, 274, 275, 279, 280, 281, 282, 283, 284, 285, 287, 288, 289, 290, 291, 292, 293, 294, 296]
Linhas de Teste [2, 4, 23, 26, 27, 28, 30, 31, 32, 55, 57, 58, 59, 63, 69, 74, 76, 87, 88, 95, 101, 108, 111, 112, 113, 114, 132, 146, 149, 150, 152, 158, 163, 165, 169, 170, 171, 174, 177, 186, 200, 201, 203, 217, 219, 226, 228, 229, 232, 234, 249, 251, 261, 263, 270, 276, 277, 278, 286, 295]
R2 de Treino = 79.78
R2 de Teste = 67.17

116 / 150  77.33 %
Tempo restante 0:00:03.936180

#################  Rodada 117 / 150  78.0 %
Parâmetros ('EV_CE', 'PRE_CE', 'WAI_CE', 'saz_sin', 'saz_cos')
Linhas de Treino [1, 2, 4, 5, 6, 8, 9, 10, 11, 12, 13, 14, 15, 16, 17, 18, 19, 21, 22, 23, 24, 25, 26, 27, 28, 29, 30, 31, 32, 34, 36, 37, 39, 41, 42, 43, 44, 45, 46, 47, 48, 50, 51, 52, 53, 54, 55, 57, 58, 59, 61, 62, 63, 65, 67, 68, 69, 70, 71, 72, 73, 74, 75, 76, 77, 78, 79, 80, 81, 82, 83, 86, 87, 88, 89, 91, 92, 93, 95, 97, 98, 99, 100, 101, 105, 106, 107, 108, 111, 112, 113, 114, 116, 117, 118, 120, 121, 122, 123, 124, 125, 126, 127, 128, 129, 130, 131, 132, 133, 134, 135, 139, 141, 142, 143, 145, 146, 147, 148, 149, 150, 151, 152, 153, 154, 155, 156, 157, 158, 160, 161, 162, 163, 165, 167, 169, 170, 171, 172, 173, 174, 175, 176, 177, 179, 180, 182, 183, 184, 185, 186, 187, 188, 189, 191, 194, 195, 198, 199, 200, 201, 202, 203, 204, 205, 207, 208, 211, 212, 213, 214, 215, 216, 217, 218, 219, 220, 221, 222, 223, 225, 226, 228, 229, 230, 232, 233, 234, 235, 236, 241, 242, 243, 244, 246, 247, 248, 249, 250, 251, 252, 254, 255, 256, 258, 260, 261, 262, 263, 264, 265, 266, 267, 268, 269, 270, 271, 273, 274, 275, 276, 277, 278, 279, 280, 282, 284, 285, 286, 288, 290, 291, 292, 293, 294, 295, 296]
Linhas de Teste [0, 3, 7, 20, 33, 35, 38, 40, 49, 56, 60, 64, 66, 84, 85, 90, 94, 96, 102, 103, 104, 109, 110, 115, 119, 136, 137, 138, 140, 144, 159, 164, 166, 168, 178, 181, 190, 192, 193, 196, 197, 206, 209, 210, 224, 227, 231, 237, 238, 239, 240, 245, 253, 257, 259, 272, 281, 283, 287, 289]
R2 de Treino = 97.4
R2 de Teste = 96.18

117 / 150  78.0 %
Tempo restante 0:00:03.681381

#################  Rodada 121 / 150  80.67 %
Parâmetros ('EV_CA', 'PRE_CA', 'TST_CA', 'saz_sin', 'saz_cos')
Linhas de Treino [0, 3, 4, 6, 8, 9, 10, 11, 12, 14, 15, 16, 17, 18, 20, 22, 24, 25, 26, 27, 29, 30, 31, 32, 33, 35, 36, 37, 38, 39, 40, 41, 42, 43, 44, 47, 48, 50, 51, 52, 54, 55, 56, 57, 58, 60, 61, 62, 63, 64, 65, 66, 67, 68, 70, 73, 74, 75, 76, 77, 78, 79, 81, 82, 83, 84, 85, 86, 87, 88, 89, 90, 92, 93, 94, 95, 96, 97, 98, 100, 102, 103, 104, 105, 107, 108, 109, 110, 111, 115, 118, 119, 120, 121, 122, 123, 124, 125, 126, 129, 131, 133, 135, 137, 139, 140, 141, 142, 143, 144, 145, 147, 149, 150, 151, 152, 153, 155, 158, 159, 160, 162, 163, 164, 165, 166, 167, 168, 169, 170, 171, 172, 173, 174, 176, 177, 178, 179, 180, 181, 182, 183, 184, 185, 187, 188, 189, 190, 192, 193, 194, 196, 197, 198, 199, 201, 202, 203, 204, 205, 206, 207, 208, 209, 210, 211, 212, 213, 214, 215, 216, 218, 219, 220, 221, 222, 223, 225, 226, 227, 228, 229, 230, 231, 233, 235, 237, 239, 240, 241, 243, 244, 245, 247, 248, 249, 250, 251, 252, 253, 254, 255, 256, 257, 258, 259, 260, 261, 262, 263, 264, 265, 266, 267, 269, 270, 271, 272, 273, 274, 275, 276, 278, 279, 280, 281, 282, 283, 284, 285, 286, 289, 291, 292, 293, 294, 295]
Linhas de Teste [1, 2, 5, 7, 13, 19, 21, 23, 28, 34, 45, 46, 49, 53, 59, 69, 71, 72, 80, 91, 99, 101, 106, 112, 113, 114, 116, 117, 127, 128, 130, 132, 134, 136, 138, 146, 148, 154, 156, 157, 161, 175, 186, 191, 195, 200, 217, 224, 232, 234, 236, 238, 242, 246, 268, 277, 287, 288, 290, 296]
R2 de Treino = 95.82
R2 de Teste = 91.08

121 / 150  80.67 %
Tempo restante 0:00:03.179908

#################  Rodada 117 / 150  78.0 %
Parâmetros ('EV_MA', 'TST_MA', 'WAI_MA', 'saz_sin', 'saz_cos')
Linhas de Treino [1, 2, 4, 5, 6, 8, 9, 10, 11, 12, 13, 14, 15, 16, 17, 18, 19, 21, 22, 23, 24, 25, 26, 27, 28, 29, 30, 31, 32, 34, 36, 37, 39, 41, 42, 43, 44, 45, 46, 47, 48, 50, 51, 52, 53, 54, 55, 57, 58, 59, 61, 62, 63, 65, 67, 68, 69, 70, 71, 72, 73, 74, 75, 76, 77, 78, 79, 80, 81, 82, 83, 86, 87, 88, 89, 91, 92, 93, 95, 97, 98, 99, 100, 101, 105, 106, 107, 108, 111, 112, 113, 114, 116, 117, 118, 120, 121, 122, 123, 124, 125, 126, 127, 128, 129, 130, 131, 132, 133, 134, 135, 139, 141, 142, 143, 145, 146, 147, 148, 149, 150, 151, 152, 153, 154, 155, 156, 157, 158, 160, 161, 162, 163, 165, 167, 169, 170, 171, 172, 173, 174, 175, 176, 177, 179, 180, 182, 183, 184, 185, 186, 187, 188, 189, 191, 194, 195, 198, 199, 200, 201, 202, 203, 204, 205, 207, 208, 211, 212, 213, 214, 215, 216, 217, 218, 219, 220, 221, 222, 223, 225, 226, 228, 229, 230, 232, 233, 234, 235, 236, 241, 242, 243, 244, 246, 247, 248, 249, 250, 251, 252, 254, 255, 256, 258, 260, 261, 262, 263, 264, 265, 266, 267, 268, 269, 270, 271, 273, 274, 275, 276, 277, 278, 279, 280, 282, 284, 285, 286, 288, 290, 291, 292, 293, 294, 295, 296]
Linhas de Teste [0, 3, 7, 20, 33, 35, 38, 40, 49, 56, 60, 64, 66, 84, 85, 90, 94, 96, 102, 103, 104, 109, 110, 115, 119, 136, 137, 138, 140, 144, 159, 164, 166, 168, 178, 181, 190, 192, 193, 196, 197, 206, 209, 210, 224, 227, 231, 237, 238, 239, 240, 245, 253, 257, 259, 272, 281, 283, 287, 289]
R2 de Treino = 78.35
R2 de Teste = 76.69

117 / 150  78.0 %
Tempo restante 0:00:03.700290

#################  Rodada 122 / 150  81.33 %
Parâmetros ('EV_CA', 'PRE_CA', 'TST_CA', 'saz_sin', 'saz_cos')
Linhas de Treino [0, 1, 2, 3, 4, 5, 6, 7, 8, 9, 10, 11, 12, 13, 15, 16, 17, 19, 21, 23, 24, 25, 27, 28, 31, 32, 33, 34, 35, 37, 39, 41, 42, 43, 45, 46, 47, 48, 49, 50, 52, 53, 54, 55, 56, 57, 58, 59, 60, 62, 64, 67, 68, 69, 70, 71, 72, 73, 74, 75, 76, 77, 79, 80, 81, 82, 84, 87, 88, 89, 90, 91, 92, 94, 95, 96, 97, 98, 99, 100, 101, 102, 103, 104, 105, 106, 107, 108, 109, 110, 111, 112, 113, 114, 115, 116, 117, 120, 122, 123, 125, 126, 127, 128, 129, 130, 131, 132, 133, 134, 136, 138, 139, 140, 141, 142, 143, 145, 146, 147, 148, 150, 151, 152, 154, 155, 156, 157, 158, 159, 160, 161, 163, 164, 165, 166, 167, 168, 169, 170, 172, 175, 177, 178, 179, 180, 181, 182, 183, 185, 186, 187, 188, 189, 191, 194, 195, 196, 197, 200, 202, 203, 204, 205, 206, 207, 208, 209, 210, 211, 212, 215, 216, 217, 218, 220, 221, 222, 224, 226, 227, 228, 230, 231, 232, 233, 234, 236, 237, 238, 239, 240, 241, 242, 243, 244, 246, 247, 249, 250, 251, 252, 253, 254, 255, 257, 258, 260, 261, 263, 264, 265, 266, 267, 268, 269, 270, 271, 272, 274, 275, 276, 277, 278, 279, 280, 281, 282, 285, 286, 287, 288, 290, 291, 293, 295, 296]
Linhas de Teste [14, 18, 20, 22, 26, 29, 30, 36, 38, 40, 44, 51, 61, 63, 65, 66, 78, 83, 85, 86, 93, 118, 119, 121, 124, 135, 137, 144, 149, 153, 162, 171, 173, 174, 176, 184, 190, 192, 193, 198, 199, 201, 213, 214, 219, 223, 225, 229, 235, 245, 248, 256, 259, 262, 273, 283, 284, 289, 292, 294]
R2 de Treino = 94.7
R2 de Teste = 96.53

122 / 150  81.33 %
Tempo restante 0:00:03.110996

#################  Rodada 118 / 150  78.67 %
Parâmetros ('EV_CE', 'PRE_CE', 'WAI_CE', 'saz_sin', 'saz_cos')
Linhas de Treino [0, 1, 2, 3, 4, 6, 7, 9, 12, 13, 16, 18, 20, 22, 23, 24, 25, 26, 27, 28, 29, 30, 31, 32, 33, 35, 38, 40, 41, 42, 43, 44, 45, 46, 47, 48, 49, 51, 53, 54, 55, 56, 57, 58, 59, 60, 61, 62, 63, 64, 65, 66, 67, 69, 70, 72, 73, 74, 75, 76, 77, 78, 79, 80, 81, 83, 84, 85, 86, 87, 88, 89, 90, 91, 93, 94, 95, 96, 97, 98, 99, 100, 101, 102, 103, 104, 106, 107, 108, 109, 110, 111, 112, 113, 114, 115, 116, 117, 119, 120, 123, 125, 128, 129, 130, 131, 132, 133, 136, 137, 138, 139, 140, 141, 143, 144, 146, 147, 148, 149, 150, 151, 152, 153, 154, 155, 156, 158, 159, 160, 163, 164, 165, 166, 167, 168, 169, 170, 171, 173, 174, 176, 177, 178, 179, 180, 181, 182, 183, 185, 186, 188, 189, 190, 192, 193, 194, 196, 197, 198, 199, 200, 201, 202, 203, 204, 206, 207, 209, 210, 211, 213, 214, 216, 217, 218, 219, 220, 222, 224, 226, 227, 228, 229, 230, 231, 232, 234, 235, 237, 238, 239, 240, 241, 244, 245, 246, 248, 249, 250, 251, 252, 253, 254, 257, 259, 260, 261, 262, 263, 264, 265, 266, 267, 269, 270, 271, 272, 273, 274, 275, 276, 277, 278, 279, 281, 283, 284, 286, 287, 288, 289, 290, 292, 293, 294, 295, 296]
Linhas de Teste [5, 8, 10, 11, 14, 15, 17, 19, 21, 34, 36, 37, 39, 50, 52, 68, 71, 82, 92, 105, 118, 121, 122, 124, 126, 127, 134, 135, 142, 145, 157, 161, 162, 172, 175, 184, 187, 191, 195, 205, 208, 212, 215, 221, 223, 225, 233, 236, 242, 243, 247, 255, 256, 258, 268, 280, 282, 285, 291]
R2 de Treino = 97.06
R2 de Teste = 96.95

118 / 150  78.67 %
Tempo restante 0:00:03.770944

#################  Rodada 118 / 150  78.67 %
Parâmetros ('EV_MA', 'TST_MA', 'WAI_MA', 'saz_sin', 'saz_cos')
Linhas de Treino [0, 1, 2, 3, 4, 6, 7, 9, 12, 13, 16, 18, 20, 22, 23, 24, 25, 26, 27, 28, 29, 30, 31, 32, 33, 35, 38, 40, 41, 42, 43, 44, 45, 46, 47, 48, 49, 51, 53, 54, 55, 56, 57, 58, 59, 60, 61, 62, 63, 64, 65, 66, 67, 69, 70, 72, 73, 74, 75, 76, 77, 78, 79, 80, 81, 83, 84, 85, 86, 87, 88, 89, 90, 91, 93, 94, 95, 96, 97, 98, 99, 100, 101, 102, 103, 104, 106, 107, 108, 109, 110, 111, 112, 113, 114, 115, 116, 117, 119, 120, 123, 125, 128, 129, 130, 131, 132, 133, 136, 137, 138, 139, 140, 141, 143, 144, 146, 147, 148, 149, 150, 151, 152, 153, 154, 155, 156, 158, 159, 160, 163, 164, 165, 166, 167, 168, 169, 170, 171, 173, 174, 176, 177, 178, 179, 180, 181, 182, 183, 185, 186, 188, 189, 190, 192, 193, 194, 196, 197, 198, 199, 200, 201, 202, 203, 204, 206, 207, 209, 210, 211, 213, 214, 216, 217, 218, 219, 220, 222, 224, 226, 227, 228, 229, 230, 231, 232, 234, 235, 237, 238, 239, 240, 241, 244, 245, 246, 248, 249, 250, 251, 252, 253, 254, 257, 259, 260, 261, 262, 263, 264, 265, 266, 267, 269, 270, 271, 272, 273, 274, 275, 276, 277, 278, 279, 281, 283, 284, 286, 287, 288, 289, 290, 292, 293, 294, 295, 296]
Linhas de Teste [5, 8, 10, 11, 14, 15, 17, 19, 21, 34, 36, 37, 39, 50, 52, 68, 71, 82, 92, 105, 118, 121, 122, 124, 126, 127, 134, 135, 142, 145, 157, 161, 162, 172, 175, 184, 187, 191, 195, 205, 208, 212, 215, 221, 223, 225, 233, 236, 242, 243, 247, 255, 256, 258, 268, 280, 282, 285, 291]
R2 de Treino = 78.87
R2 de Teste = 77.27

118 / 150  78.67 %
Tempo restante 0:00:03.642304

#################  Rodada 123 / 150  82.0 %
Parâmetros ('EV_CA', 'PRE_CA', 'TST_CA', 'saz_sin', 'saz_cos')
Linhas de Treino [1, 2, 4, 5, 6, 7, 8, 10, 11, 12, 13, 14, 15, 17, 18, 19, 20, 21, 22, 23, 25, 26, 27, 28, 29, 30, 31, 32, 33, 34, 36, 38, 39, 40, 41, 43, 44, 45, 46, 49, 50, 51, 52, 53, 55, 56, 57, 59, 61, 63, 64, 65, 66, 67, 68, 69, 70, 71, 72, 73, 74, 75, 76, 77, 78, 79, 80, 81, 83, 84, 85, 86, 87, 88, 89, 91, 93, 96, 98, 99, 100, 101, 102, 103, 104, 105, 106, 107, 108, 109, 111, 112, 113, 114, 116, 117, 118, 119, 121, 122, 124, 126, 127, 128, 130, 131, 132, 134, 135, 136, 137, 138, 139, 142, 143, 144, 146, 148, 149, 150, 152, 153, 154, 155, 156, 157, 158, 159, 160, 161, 162, 164, 165, 167, 168, 170, 171, 173, 174, 175, 176, 177, 180, 181, 184, 185, 186, 187, 188, 190, 191, 192, 193, 195, 196, 197, 198, 199, 200, 201, 202, 203, 204, 205, 207, 209, 210, 213, 214, 215, 217, 218, 219, 220, 221, 223, 224, 225, 227, 228, 229, 230, 231, 232, 233, 234, 235, 236, 238, 239, 240, 242, 244, 245, 246, 247, 248, 249, 250, 251, 252, 253, 254, 255, 256, 257, 258, 259, 261, 262, 265, 267, 268, 269, 270, 272, 273, 274, 275, 276, 277, 278, 279, 280, 281, 283, 284, 285, 286, 287, 288, 289, 290, 292, 293, 294, 295, 296]
Linhas de Teste [0, 3, 9, 16, 24, 35, 37, 42, 47, 48, 54, 58, 60, 62, 82, 90, 92, 94, 95, 97, 110, 115, 120, 123, 125, 129, 133, 140, 141, 145, 147, 151, 163, 166, 169, 172, 178, 179, 182, 183, 189, 194, 206, 208, 211, 212, 216, 222, 226, 237, 241, 243, 260, 263, 264, 266, 271, 282, 291]
R2 de Treino = 95.18
R2 de Teste = 94.32

123 / 150  82.0 %
Tempo restante 0:00:03.004155

#################  Rodada 119 / 150  79.33 %
Parâmetros ('EV_CE', 'PRE_CE', 'WAI_CE', 'saz_sin', 'saz_cos')
Linhas de Treino [0, 2, 3, 4, 5, 6, 7, 8, 10, 11, 13, 14, 15, 16, 17, 18, 19, 20, 21, 23, 25, 26, 27, 28, 30, 31, 32, 33, 34, 35, 36, 37, 38, 39, 40, 41, 44, 45, 46, 48, 49, 50, 51, 52, 53, 54, 55, 56, 57, 58, 59, 60, 63, 64, 66, 68, 69, 71, 72, 73, 74, 75, 76, 78, 81, 82, 84, 85, 87, 88, 90, 91, 92, 93, 94, 95, 96, 98, 99, 100, 101, 102, 103, 104, 105, 106, 107, 108, 109, 110, 111, 112, 113, 114, 115, 116, 117, 118, 119, 121, 122, 124, 126, 127, 130, 131, 132, 134, 135, 136, 137, 138, 140, 142, 143, 144, 145, 146, 148, 149, 150, 151, 152, 153, 154, 156, 157, 158, 159, 161, 162, 163, 164, 165, 166, 167, 168, 169, 170, 171, 172, 173, 174, 175, 176, 177, 178, 180, 181, 182, 183, 184, 186, 187, 188, 190, 191, 192, 193, 195, 196, 197, 199, 200, 201, 202, 203, 204, 205, 206, 208, 209, 210, 211, 212, 215, 216, 217, 219, 221, 222, 223, 224, 225, 226, 227, 228, 229, 231, 232, 233, 234, 236, 237, 238, 239, 240, 242, 243, 244, 245, 246, 247, 248, 249, 251, 253, 255, 256, 257, 258, 259, 260, 261, 263, 264, 265, 268, 270, 272, 273, 275, 276, 277, 278, 280, 281, 282, 283, 285, 286, 287, 288, 289, 290, 291, 295, 296]
Linhas de Teste [1, 9, 12, 22, 24, 29, 42, 43, 47, 61, 62, 65, 67, 70, 77, 79, 80, 83, 86, 89, 97, 120, 123, 125, 128, 129, 133, 139, 141, 147, 155, 160, 179, 185, 189, 194, 198, 207, 213, 214, 218, 220, 230, 235, 241, 250, 252, 254, 262, 266, 267, 269, 271, 274, 279, 284, 292, 293, 294]
R2 de Treino = 97.34
R2 de Teste = 96.43

119 / 150  79.33 %
Tempo restante 0:00:03.594047

#################  Rodada 119 / 150  79.33 %
Parâmetros ('EV_MA', 'TST_MA', 'WAI_MA', 'saz_sin', 'saz_cos')
Linhas de Treino [0, 2, 3, 4, 5, 6, 7, 8, 10, 11, 13, 14, 15, 16, 17, 18, 19, 20, 21, 23, 25, 26, 27, 28, 30, 31, 32, 33, 34, 35, 36, 37, 38, 39, 40, 41, 44, 45, 46, 48, 49, 50, 51, 52, 53, 54, 55, 56, 57, 58, 59, 60, 63, 64, 66, 68, 69, 71, 72, 73, 74, 75, 76, 78, 81, 82, 84, 85, 87, 88, 90, 91, 92, 93, 94, 95, 96, 98, 99, 100, 101, 102, 103, 104, 105, 106, 107, 108, 109, 110, 111, 112, 113, 114, 115, 116, 117, 118, 119, 121, 122, 124, 126, 127, 130, 131, 132, 134, 135, 136, 137, 138, 140, 142, 143, 144, 145, 146, 148, 149, 150, 151, 152, 153, 154, 156, 157, 158, 159, 161, 162, 163, 164, 165, 166, 167, 168, 169, 170, 171, 172, 173, 174, 175, 176, 177, 178, 180, 181, 182, 183, 184, 186, 187, 188, 190, 191, 192, 193, 195, 196, 197, 199, 200, 201, 202, 203, 204, 205, 206, 208, 209, 210, 211, 212, 215, 216, 217, 219, 221, 222, 223, 224, 225, 226, 227, 228, 229, 231, 232, 233, 234, 236, 237, 238, 239, 240, 242, 243, 244, 245, 246, 247, 248, 249, 251, 253, 255, 256, 257, 258, 259, 260, 261, 263, 264, 265, 268, 270, 272, 273, 275, 276, 277, 278, 280, 281, 282, 283, 285, 286, 287, 288, 289, 290, 291, 295, 296]
Linhas de Teste [1, 9, 12, 22, 24, 29, 42, 43, 47, 61, 62, 65, 67, 70, 77, 79, 80, 83, 86, 89, 97, 120, 123, 125, 128, 129, 133, 139, 141, 147, 155, 160, 179, 185, 189, 194, 198, 207, 213, 214, 218, 220, 230, 235, 241, 250, 252, 254, 262, 266, 267, 269, 271, 274, 279, 284, 292, 293, 294]
R2 de Treino = 78.33
R2 de Teste = 74.83

119 / 150  79.33 %
Tempo restante 0:00:03.473984

#################  Rodada 124 / 150  82.67 %
Parâmetros ('EV_CA', 'PRE_CA', 'TST_CA', 'saz_sin', 'saz_cos')
Linhas de Treino [0, 1, 2, 3, 4, 5, 6, 7, 9, 12, 13, 14, 15, 16, 17, 18, 19, 20, 21, 22, 23, 24, 26, 28, 29, 30, 31, 33, 34, 35, 36, 37, 38, 39, 40, 41, 42, 44, 45, 46, 47, 48, 49, 51, 53, 54, 56, 58, 59, 60, 61, 62, 63, 64, 65, 66, 69, 71, 72, 75, 76, 78, 80, 81, 82, 83, 84, 85, 86, 87, 88, 89, 90, 91, 92, 93, 94, 95, 97, 98, 99, 101, 103, 105, 106, 107, 109, 110, 111, 112, 113, 114, 115, 116, 117, 118, 119, 120, 121, 123, 124, 125, 126, 127, 128, 129, 130, 132, 133, 134, 135, 136, 137, 138, 139, 140, 141, 142, 144, 145, 146, 147, 148, 149, 150, 151, 153, 154, 155, 156, 157, 159, 160, 161, 162, 163, 166, 168, 169, 171, 172, 173, 174, 175, 176, 177, 178, 179, 180, 181, 182, 183, 184, 185, 186, 187, 189, 190, 191, 192, 193, 194, 195, 197, 198, 199, 200, 201, 203, 206, 207, 208, 209, 211, 212, 213, 214, 216, 217, 219, 222, 223, 224, 225, 226, 227, 228, 229, 232, 234, 235, 236, 237, 238, 239, 241, 242, 243, 245, 246, 247, 248, 249, 250, 252, 253, 254, 256, 257, 258, 259, 260, 262, 263, 264, 265, 266, 268, 269, 271, 273, 274, 277, 278, 279, 280, 282, 283, 284, 287, 288, 289, 290, 291, 292, 294, 295, 296]
Linhas de Teste [8, 10, 11, 25, 27, 32, 43, 50, 52, 55, 57, 67, 68, 70, 73, 74, 77, 79, 96, 100, 102, 104, 108, 122, 131, 143, 152, 158, 164, 165, 167, 170, 188, 196, 202, 204, 205, 210, 215, 218, 220, 221, 230, 231, 233, 240, 244, 251, 255, 261, 267, 270, 272, 275, 276, 281, 285, 286, 293]
R2 de Treino = 94.83
R2 de Teste = 96.25

124 / 150  82.67 %
Tempo restante 0:00:02.931110

#################  Rodada 120 / 150  80.0 %
Parâmetros ('EV_CE', 'PRE_CE', 'WAI_CE', 'saz_sin', 'saz_cos')
Linhas de Treino [0, 1, 2, 3, 4, 5, 7, 8, 9, 10, 11, 12, 14, 15, 17, 19, 20, 21, 22, 23, 24, 26, 27, 28, 29, 30, 31, 32, 33, 34, 35, 36, 37, 38, 39, 40, 42, 43, 47, 49, 50, 52, 55, 56, 57, 58, 59, 60, 61, 62, 63, 64, 65, 66, 67, 68, 69, 70, 71, 74, 76, 77, 79, 80, 82, 83, 84, 85, 86, 87, 88, 89, 90, 92, 94, 95, 96, 97, 101, 102, 103, 104, 105, 108, 109, 110, 111, 112, 113, 114, 115, 118, 119, 120, 121, 122, 123, 124, 125, 126, 127, 128, 129, 132, 133, 134, 135, 136, 137, 138, 139, 140, 141, 142, 144, 145, 146, 147, 149, 150, 152, 155, 157, 158, 159, 160, 161, 162, 163, 164, 165, 166, 168, 169, 170, 171, 172, 174, 175, 177, 178, 179, 181, 184, 185, 186, 187, 189, 190, 191, 192, 193, 194, 195, 196, 197, 198, 200, 201, 203, 205, 206, 207, 208, 209, 210, 212, 213, 214, 215, 217, 218, 219, 220, 221, 223, 224, 225, 226, 227, 228, 229, 230, 231, 232, 233, 234, 235, 236, 237, 238, 239, 240, 241, 242, 243, 245, 247, 249, 250, 251, 252, 253, 254, 255, 256, 257, 258, 259, 261, 262, 263, 266, 267, 268, 269, 270, 271, 272, 274, 276, 277, 278, 279, 280, 281, 282, 283, 284, 285, 286, 287, 289, 291, 292, 293, 294, 295]
Linhas de Teste [6, 13, 16, 18, 25, 41, 44, 45, 46, 48, 51, 53, 54, 72, 73, 75, 78, 81, 91, 93, 98, 99, 100, 106, 107, 116, 117, 130, 131, 143, 148, 151, 153, 154, 156, 167, 173, 176, 180, 182, 183, 188, 199, 202, 204, 211, 216, 222, 244, 246, 248, 260, 264, 265, 273, 275, 288, 290, 296]
R2 de Treino = 97.25
R2 de Teste = 96.98

120 / 150  80.0 %
Tempo restante 0:00:03.429330

#################  Rodada 120 / 150  80.0 %
Parâmetros ('EV_MA', 'TST_MA', 'WAI_MA', 'saz_sin', 'saz_cos')
Linhas de Treino [0, 1, 2, 3, 4, 5, 7, 8, 9, 10, 11, 12, 14, 15, 17, 19, 20, 21, 22, 23, 24, 26, 27, 28, 29, 30, 31, 32, 33, 34, 35, 36, 37, 38, 39, 40, 42, 43, 47, 49, 50, 52, 55, 56, 57, 58, 59, 60, 61, 62, 63, 64, 65, 66, 67, 68, 69, 70, 71, 74, 76, 77, 79, 80, 82, 83, 84, 85, 86, 87, 88, 89, 90, 92, 94, 95, 96, 97, 101, 102, 103, 104, 105, 108, 109, 110, 111, 112, 113, 114, 115, 118, 119, 120, 121, 122, 123, 124, 125, 126, 127, 128, 129, 132, 133, 134, 135, 136, 137, 138, 139, 140, 141, 142, 144, 145, 146, 147, 149, 150, 152, 155, 157, 158, 159, 160, 161, 162, 163, 164, 165, 166, 168, 169, 170, 171, 172, 174, 175, 177, 178, 179, 181, 184, 185, 186, 187, 189, 190, 191, 192, 193, 194, 195, 196, 197, 198, 200, 201, 203, 205, 206, 207, 208, 209, 210, 212, 213, 214, 215, 217, 218, 219, 220, 221, 223, 224, 225, 226, 227, 228, 229, 230, 231, 232, 233, 234, 235, 236, 237, 238, 239, 240, 241, 242, 243, 245, 247, 249, 250, 251, 252, 253, 254, 255, 256, 257, 258, 259, 261, 262, 263, 266, 267, 268, 269, 270, 271, 272, 274, 276, 277, 278, 279, 280, 281, 282, 283, 284, 285, 286, 287, 289, 291, 292, 293, 294, 295]
Linhas de Teste [6, 13, 16, 18, 25, 41, 44, 45, 46, 48, 51, 53, 54, 72, 73, 75, 78, 81, 91, 93, 98, 99, 100, 106, 107, 116, 117, 130, 131, 143, 148, 151, 153, 154, 156, 167, 173, 176, 180, 182, 183, 188, 199, 202, 204, 211, 216, 222, 244, 246, 248, 260, 264, 265, 273, 275, 288, 290, 296]
R2 de Treino = 79.01
R2 de Teste = 75.77

120 / 150  80.0 %
Tempo restante 0:00:03.289020

#################  Rodada 125 / 150  83.33 %
Parâmetros ('EV_CA', 'PRE_CA', 'TST_CA', 'saz_sin', 'saz_cos')
Linhas de Treino [0, 1, 2, 3, 5, 7, 8, 9, 10, 11, 13, 14, 16, 18, 19, 20, 21, 22, 23, 24, 25, 26, 27, 28, 29, 30, 32, 34, 35, 36, 37, 38, 40, 42, 43, 44, 45, 46, 47, 48, 49, 50, 51, 52, 53, 54, 55, 57, 58, 59, 60, 61, 62, 63, 65, 66, 67, 68, 69, 70, 71, 72, 73, 74, 77, 78, 79, 80, 82, 83, 85, 86, 90, 91, 92, 93, 94, 95, 96, 97, 99, 100, 101, 102, 104, 106, 108, 110, 112, 113, 114, 115, 116, 117, 118, 119, 120, 121, 122, 123, 124, 125, 127, 128, 129, 130, 131, 132, 133, 134, 135, 136, 137, 138, 140, 141, 143, 144, 145, 146, 147, 148, 149, 151, 152, 153, 154, 156, 157, 158, 161, 162, 163, 164, 165, 166, 167, 169, 170, 171, 172, 173, 174, 175, 176, 178, 179, 182, 183, 184, 186, 188, 189, 190, 191, 192, 193, 194, 195, 196, 198, 199, 200, 201, 202, 204, 205, 206, 208, 210, 211, 212, 213, 214, 215, 216, 217, 218, 219, 220, 221, 222, 223, 224, 225, 226, 229, 230, 231, 232, 233, 234, 235, 236, 237, 238, 240, 241, 242, 243, 244, 245, 246, 248, 251, 255, 256, 259, 260, 261, 262, 263, 264, 266, 267, 268, 270, 271, 272, 273, 275, 276, 277, 281, 282, 283, 284, 285, 286, 287, 288, 289, 290, 291, 292, 293, 294, 296]
Linhas de Teste [4, 6, 12, 15, 17, 31, 33, 39, 41, 56, 64, 75, 76, 81, 84, 87, 88, 89, 98, 103, 105, 107, 109, 111, 126, 139, 142, 150, 155, 159, 160, 168, 177, 180, 181, 185, 187, 197, 203, 207, 209, 227, 228, 239, 247, 249, 250, 252, 253, 254, 257, 258, 265, 269, 274, 278, 279, 280, 295]
R2 de Treino = 95.27
R2 de Teste = 94.13

125 / 150  83.33 %
Tempo restante 0:00:02.799850

#################  Rodada 121 / 150  80.67 %
Parâmetros ('EV_CE', 'PRE_CE', 'WAI_CE', 'saz_sin', 'saz_cos')
Linhas de Treino [0, 3, 4, 6, 8, 9, 10, 11, 12, 14, 15, 16, 17, 18, 20, 22, 24, 25, 26, 27, 29, 30, 31, 32, 33, 35, 36, 37, 38, 39, 40, 41, 42, 43, 44, 47, 48, 50, 51, 52, 54, 55, 56, 57, 58, 60, 61, 62, 63, 64, 65, 66, 67, 68, 70, 73, 74, 75, 76, 77, 78, 79, 81, 82, 83, 84, 85, 86, 87, 88, 89, 90, 92, 93, 94, 95, 96, 97, 98, 100, 102, 103, 104, 105, 107, 108, 109, 110, 111, 115, 118, 119, 120, 121, 122, 123, 124, 125, 126, 129, 131, 133, 135, 137, 139, 140, 141, 142, 143, 144, 145, 147, 149, 150, 151, 152, 153, 155, 158, 159, 160, 162, 163, 164, 165, 166, 167, 168, 169, 170, 171, 172, 173, 174, 176, 177, 178, 179, 180, 181, 182, 183, 184, 185, 187, 188, 189, 190, 192, 193, 194, 196, 197, 198, 199, 201, 202, 203, 204, 205, 206, 207, 208, 209, 210, 211, 212, 213, 214, 215, 216, 218, 219, 220, 221, 222, 223, 225, 226, 227, 228, 229, 230, 231, 233, 235, 237, 239, 240, 241, 243, 244, 245, 247, 248, 249, 250, 251, 252, 253, 254, 255, 256, 257, 258, 259, 260, 261, 262, 263, 264, 265, 266, 267, 269, 270, 271, 272, 273, 274, 275, 276, 278, 279, 280, 281, 282, 283, 284, 285, 286, 289, 291, 292, 293, 294, 295]
Linhas de Teste [1, 2, 5, 7, 13, 19, 21, 23, 28, 34, 45, 46, 49, 53, 59, 69, 71, 72, 80, 91, 99, 101, 106, 112, 113, 114, 116, 117, 127, 128, 130, 132, 134, 136, 138, 146, 148, 154, 156, 157, 161, 175, 186, 191, 195, 200, 217, 224, 232, 234, 236, 238, 242, 246, 268, 277, 287, 288, 290, 296]
R2 de Treino = 97.34
R2 de Teste = 96.08

121 / 150  80.67 %
Tempo restante 0:00:03.270098

#################  Rodada 121 / 150  80.67 %
Parâmetros ('EV_MA', 'TST_MA', 'WAI_MA', 'saz_sin', 'saz_cos')
Linhas de Treino [0, 3, 4, 6, 8, 9, 10, 11, 12, 14, 15, 16, 17, 18, 20, 22, 24, 25, 26, 27, 29, 30, 31, 32, 33, 35, 36, 37, 38, 39, 40, 41, 42, 43, 44, 47, 48, 50, 51, 52, 54, 55, 56, 57, 58, 60, 61, 62, 63, 64, 65, 66, 67, 68, 70, 73, 74, 75, 76, 77, 78, 79, 81, 82, 83, 84, 85, 86, 87, 88, 89, 90, 92, 93, 94, 95, 96, 97, 98, 100, 102, 103, 104, 105, 107, 108, 109, 110, 111, 115, 118, 119, 120, 121, 122, 123, 124, 125, 126, 129, 131, 133, 135, 137, 139, 140, 141, 142, 143, 144, 145, 147, 149, 150, 151, 152, 153, 155, 158, 159, 160, 162, 163, 164, 165, 166, 167, 168, 169, 170, 171, 172, 173, 174, 176, 177, 178, 179, 180, 181, 182, 183, 184, 185, 187, 188, 189, 190, 192, 193, 194, 196, 197, 198, 199, 201, 202, 203, 204, 205, 206, 207, 208, 209, 210, 211, 212, 213, 214, 215, 216, 218, 219, 220, 221, 222, 223, 225, 226, 227, 228, 229, 230, 231, 233, 235, 237, 239, 240, 241, 243, 244, 245, 247, 248, 249, 250, 251, 252, 253, 254, 255, 256, 257, 258, 259, 260, 261, 262, 263, 264, 265, 266, 267, 269, 270, 271, 272, 273, 274, 275, 276, 278, 279, 280, 281, 282, 283, 284, 285, 286, 289, 291, 292, 293, 294, 295]
Linhas de Teste [1, 2, 5, 7, 13, 19, 21, 23, 28, 34, 45, 46, 49, 53, 59, 69, 71, 72, 80, 91, 99, 101, 106, 112, 113, 114, 116, 117, 127, 128, 130, 132, 134, 136, 138, 146, 148, 154, 156, 157, 161, 175, 186, 191, 195, 200, 217, 224, 232, 234, 236, 238, 242, 246, 268, 277, 287, 288, 290, 296]
R2 de Treino = 80.02
R2 de Teste = 66.33

121 / 150  80.67 %
Tempo restante 0:00:03.257918

#################  Rodada 126 / 150  84.0 %
Parâmetros ('EV_CA', 'PRE_CA', 'TST_CA', 'saz_sin', 'saz_cos')
Linhas de Treino [0, 1, 2, 3, 4, 5, 6, 8, 9, 10, 11, 12, 13, 14, 16, 17, 18, 19, 20, 21, 22, 23, 26, 30, 31, 33, 34, 35, 37, 38, 39, 40, 41, 42, 43, 44, 45, 46, 47, 49, 50, 51, 52, 53, 54, 55, 56, 57, 58, 59, 61, 62, 64, 65, 66, 67, 68, 69, 70, 71, 73, 75, 76, 77, 78, 80, 81, 83, 85, 86, 87, 88, 89, 91, 92, 94, 95, 98, 99, 100, 101, 102, 103, 104, 105, 107, 108, 109, 111, 114, 117, 118, 119, 121, 122, 123, 124, 125, 127, 128, 129, 130, 132, 133, 134, 136, 137, 138, 139, 140, 141, 142, 143, 144, 145, 146, 147, 148, 149, 150, 151, 152, 153, 155, 157, 158, 159, 160, 161, 162, 163, 164, 165, 166, 167, 168, 170, 171, 173, 175, 176, 178, 179, 180, 182, 183, 184, 185, 186, 187, 188, 189, 190, 191, 192, 193, 195, 196, 197, 198, 199, 200, 201, 202, 203, 204, 205, 206, 208, 209, 210, 211, 212, 213, 214, 215, 217, 219, 220, 221, 224, 225, 226, 227, 229, 231, 233, 234, 236, 237, 239, 240, 241, 242, 243, 245, 247, 248, 249, 250, 251, 253, 254, 255, 256, 257, 258, 260, 261, 262, 264, 265, 266, 267, 268, 269, 270, 271, 272, 273, 274, 275, 276, 279, 280, 281, 282, 283, 284, 285, 288, 290, 291, 293, 294, 295, 296]
Linhas de Teste [7, 15, 24, 25, 27, 28, 29, 32, 36, 48, 60, 63, 72, 74, 79, 82, 84, 90, 93, 96, 97, 106, 110, 112, 113, 115, 116, 120, 126, 131, 135, 154, 156, 169, 172, 174, 177, 181, 194, 207, 216, 218, 222, 223, 228, 230, 232, 235, 238, 244, 246, 252, 259, 263, 277, 278, 286, 287, 289, 292]
R2 de Treino = 95.5
R2 de Teste = 91.96

126 / 150  84.0 %
Tempo restante 0:00:02.672496

#################  Rodada 122 / 150  81.33 %
Parâmetros ('EV_CE', 'PRE_CE', 'WAI_CE', 'saz_sin', 'saz_cos')
Linhas de Treino [0, 1, 2, 3, 4, 5, 6, 7, 8, 9, 10, 11, 12, 13, 15, 16, 17, 19, 21, 23, 24, 25, 27, 28, 31, 32, 33, 34, 35, 37, 39, 41, 42, 43, 45, 46, 47, 48, 49, 50, 52, 53, 54, 55, 56, 57, 58, 59, 60, 62, 64, 67, 68, 69, 70, 71, 72, 73, 74, 75, 76, 77, 79, 80, 81, 82, 84, 87, 88, 89, 90, 91, 92, 94, 95, 96, 97, 98, 99, 100, 101, 102, 103, 104, 105, 106, 107, 108, 109, 110, 111, 112, 113, 114, 115, 116, 117, 120, 122, 123, 125, 126, 127, 128, 129, 130, 131, 132, 133, 134, 136, 138, 139, 140, 141, 142, 143, 145, 146, 147, 148, 150, 151, 152, 154, 155, 156, 157, 158, 159, 160, 161, 163, 164, 165, 166, 167, 168, 169, 170, 172, 175, 177, 178, 179, 180, 181, 182, 183, 185, 186, 187, 188, 189, 191, 194, 195, 196, 197, 200, 202, 203, 204, 205, 206, 207, 208, 209, 210, 211, 212, 215, 216, 217, 218, 220, 221, 222, 224, 226, 227, 228, 230, 231, 232, 233, 234, 236, 237, 238, 239, 240, 241, 242, 243, 244, 246, 247, 249, 250, 251, 252, 253, 254, 255, 257, 258, 260, 261, 263, 264, 265, 266, 267, 268, 269, 270, 271, 272, 274, 275, 276, 277, 278, 279, 280, 281, 282, 285, 286, 287, 288, 290, 291, 293, 295, 296]
Linhas de Teste [14, 18, 20, 22, 26, 29, 30, 36, 38, 40, 44, 51, 61, 63, 65, 66, 78, 83, 85, 86, 93, 118, 119, 121, 124, 135, 137, 144, 149, 153, 162, 171, 173, 174, 176, 184, 190, 192, 193, 198, 199, 201, 213, 214, 219, 223, 225, 229, 235, 245, 248, 256, 259, 262, 273, 283, 284, 289, 292, 294]
R2 de Treino = 97.4
R2 de Teste = 95.42

122 / 150  81.33 %
Tempo restante 0:00:03.215828

#################  Rodada 122 / 150  81.33 %
Parâmetros ('EV_MA', 'TST_MA', 'WAI_MA', 'saz_sin', 'saz_cos')
Linhas de Treino [0, 1, 2, 3, 4, 5, 6, 7, 8, 9, 10, 11, 12, 13, 15, 16, 17, 19, 21, 23, 24, 25, 27, 28, 31, 32, 33, 34, 35, 37, 39, 41, 42, 43, 45, 46, 47, 48, 49, 50, 52, 53, 54, 55, 56, 57, 58, 59, 60, 62, 64, 67, 68, 69, 70, 71, 72, 73, 74, 75, 76, 77, 79, 80, 81, 82, 84, 87, 88, 89, 90, 91, 92, 94, 95, 96, 97, 98, 99, 100, 101, 102, 103, 104, 105, 106, 107, 108, 109, 110, 111, 112, 113, 114, 115, 116, 117, 120, 122, 123, 125, 126, 127, 128, 129, 130, 131, 132, 133, 134, 136, 138, 139, 140, 141, 142, 143, 145, 146, 147, 148, 150, 151, 152, 154, 155, 156, 157, 158, 159, 160, 161, 163, 164, 165, 166, 167, 168, 169, 170, 172, 175, 177, 178, 179, 180, 181, 182, 183, 185, 186, 187, 188, 189, 191, 194, 195, 196, 197, 200, 202, 203, 204, 205, 206, 207, 208, 209, 210, 211, 212, 215, 216, 217, 218, 220, 221, 222, 224, 226, 227, 228, 230, 231, 232, 233, 234, 236, 237, 238, 239, 240, 241, 242, 243, 244, 246, 247, 249, 250, 251, 252, 253, 254, 255, 257, 258, 260, 261, 263, 264, 265, 266, 267, 268, 269, 270, 271, 272, 274, 275, 276, 277, 278, 279, 280, 281, 282, 285, 286, 287, 288, 290, 291, 293, 295, 296]
Linhas de Teste [14, 18, 20, 22, 26, 29, 30, 36, 38, 40, 44, 51, 61, 63, 65, 66, 78, 83, 85, 86, 93, 118, 119, 121, 124, 135, 137, 144, 149, 153, 162, 171, 173, 174, 176, 184, 190, 192, 193, 198, 199, 201, 213, 214, 219, 223, 225, 229, 235, 245, 248, 256, 259, 262, 273, 283, 284, 289, 292, 294]
R2 de Treino = 79.49
R2 de Teste = 72.76

122 / 150  81.33 %
Tempo restante 0:00:03.145660

#################  Rodada 127 / 150  84.67 %
Parâmetros ('EV_CA', 'PRE_CA', 'TST_CA', 'saz_sin', 'saz_cos')
Linhas de Treino [0, 2, 3, 6, 7, 8, 9, 12, 13, 14, 15, 16, 17, 18, 20, 22, 23, 24, 25, 26, 27, 28, 29, 31, 32, 34, 35, 36, 37, 38, 39, 40, 41, 43, 44, 46, 47, 48, 50, 51, 53, 54, 55, 56, 57, 58, 60, 61, 62, 63, 64, 65, 66, 67, 68, 69, 70, 71, 72, 73, 74, 75, 77, 78, 79, 80, 81, 82, 84, 85, 86, 87, 88, 90, 92, 93, 94, 95, 96, 97, 98, 99, 100, 101, 102, 105, 106, 107, 108, 110, 111, 112, 113, 115, 116, 117, 118, 119, 120, 121, 122, 123, 124, 125, 126, 128, 131, 132, 133, 134, 135, 136, 137, 139, 140, 141, 144, 145, 147, 149, 151, 152, 153, 154, 155, 156, 157, 158, 159, 161, 162, 163, 165, 166, 167, 168, 169, 171, 172, 173, 174, 175, 176, 177, 178, 179, 181, 182, 183, 185, 186, 187, 188, 189, 190, 191, 193, 194, 195, 196, 197, 199, 200, 201, 202, 203, 207, 208, 209, 210, 212, 213, 215, 216, 217, 218, 219, 222, 223, 224, 225, 226, 227, 228, 230, 232, 235, 236, 237, 238, 239, 240, 241, 242, 243, 244, 245, 246, 248, 249, 250, 252, 253, 254, 255, 257, 258, 259, 260, 262, 263, 264, 266, 267, 268, 269, 270, 274, 275, 276, 277, 278, 279, 281, 282, 284, 285, 286, 287, 288, 289, 290, 292, 293, 294, 295, 296]
Linhas de Teste [1, 4, 5, 10, 11, 19, 21, 30, 33, 42, 45, 49, 52, 59, 76, 83, 89, 91, 103, 104, 109, 114, 127, 129, 130, 138, 142, 143, 146, 148, 150, 160, 164, 170, 180, 184, 192, 198, 204, 205, 206, 211, 214, 220, 221, 229, 231, 233, 234, 247, 251, 256, 261, 265, 271, 272, 273, 280, 283, 291]
R2 de Treino = 95.3
R2 de Teste = 93.86

127 / 150  84.67 %
Tempo restante 0:00:02.557163

#################  Rodada 123 / 150  82.0 %
Parâmetros ('EV_CE', 'PRE_CE', 'WAI_CE', 'saz_sin', 'saz_cos')
Linhas de Treino [1, 2, 4, 5, 6, 7, 8, 10, 11, 12, 13, 14, 15, 17, 18, 19, 20, 21, 22, 23, 25, 26, 27, 28, 29, 30, 31, 32, 33, 34, 36, 38, 39, 40, 41, 43, 44, 45, 46, 49, 50, 51, 52, 53, 55, 56, 57, 59, 61, 63, 64, 65, 66, 67, 68, 69, 70, 71, 72, 73, 74, 75, 76, 77, 78, 79, 80, 81, 83, 84, 85, 86, 87, 88, 89, 91, 93, 96, 98, 99, 100, 101, 102, 103, 104, 105, 106, 107, 108, 109, 111, 112, 113, 114, 116, 117, 118, 119, 121, 122, 124, 126, 127, 128, 130, 131, 132, 134, 135, 136, 137, 138, 139, 142, 143, 144, 146, 148, 149, 150, 152, 153, 154, 155, 156, 157, 158, 159, 160, 161, 162, 164, 165, 167, 168, 170, 171, 173, 174, 175, 176, 177, 180, 181, 184, 185, 186, 187, 188, 190, 191, 192, 193, 195, 196, 197, 198, 199, 200, 201, 202, 203, 204, 205, 207, 209, 210, 213, 214, 215, 217, 218, 219, 220, 221, 223, 224, 225, 227, 228, 229, 230, 231, 232, 233, 234, 235, 236, 238, 239, 240, 242, 244, 245, 246, 247, 248, 249, 250, 251, 252, 253, 254, 255, 256, 257, 258, 259, 261, 262, 265, 267, 268, 269, 270, 272, 273, 274, 275, 276, 277, 278, 279, 280, 281, 283, 284, 285, 286, 287, 288, 289, 290, 292, 293, 294, 295, 296]
Linhas de Teste [0, 3, 9, 16, 24, 35, 37, 42, 47, 48, 54, 58, 60, 62, 82, 90, 92, 94, 95, 97, 110, 115, 120, 123, 125, 129, 133, 140, 141, 145, 147, 151, 163, 166, 169, 172, 178, 179, 182, 183, 189, 194, 206, 208, 211, 212, 216, 222, 226, 237, 241, 243, 260, 263, 264, 266, 271, 282, 291]
R2 de Treino = 97.21
R2 de Teste = 97.08

123 / 150  82.0 %
Tempo restante 0:00:02.924046

#################  Rodada 123 / 150  82.0 %
Parâmetros ('EV_MA', 'TST_MA', 'WAI_MA', 'saz_sin', 'saz_cos')
Linhas de Treino [1, 2, 4, 5, 6, 7, 8, 10, 11, 12, 13, 14, 15, 17, 18, 19, 20, 21, 22, 23, 25, 26, 27, 28, 29, 30, 31, 32, 33, 34, 36, 38, 39, 40, 41, 43, 44, 45, 46, 49, 50, 51, 52, 53, 55, 56, 57, 59, 61, 63, 64, 65, 66, 67, 68, 69, 70, 71, 72, 73, 74, 75, 76, 77, 78, 79, 80, 81, 83, 84, 85, 86, 87, 88, 89, 91, 93, 96, 98, 99, 100, 101, 102, 103, 104, 105, 106, 107, 108, 109, 111, 112, 113, 114, 116, 117, 118, 119, 121, 122, 124, 126, 127, 128, 130, 131, 132, 134, 135, 136, 137, 138, 139, 142, 143, 144, 146, 148, 149, 150, 152, 153, 154, 155, 156, 157, 158, 159, 160, 161, 162, 164, 165, 167, 168, 170, 171, 173, 174, 175, 176, 177, 180, 181, 184, 185, 186, 187, 188, 190, 191, 192, 193, 195, 196, 197, 198, 199, 200, 201, 202, 203, 204, 205, 207, 209, 210, 213, 214, 215, 217, 218, 219, 220, 221, 223, 224, 225, 227, 228, 229, 230, 231, 232, 233, 234, 235, 236, 238, 239, 240, 242, 244, 245, 246, 247, 248, 249, 250, 251, 252, 253, 254, 255, 256, 257, 258, 259, 261, 262, 265, 267, 268, 269, 270, 272, 273, 274, 275, 276, 277, 278, 279, 280, 281, 283, 284, 285, 286, 287, 288, 289, 290, 292, 293, 294, 295, 296]
Linhas de Teste [0, 3, 9, 16, 24, 35, 37, 42, 47, 48, 54, 58, 60, 62, 82, 90, 92, 94, 95, 97, 110, 115, 120, 123, 125, 129, 133, 140, 141, 145, 147, 151, 163, 166, 169, 172, 178, 179, 182, 183, 189, 194, 206, 208, 211, 212, 216, 222, 226, 237, 241, 243, 260, 263, 264, 266, 271, 282, 291]
R2 de Treino = 76.9
R2 de Teste = 80.58

123 / 150  82.0 %
Tempo restante 0:00:03.010041

#################  Rodada 128 / 150  85.33 %
Parâmetros ('EV_CA', 'PRE_CA', 'TST_CA', 'saz_sin', 'saz_cos')
Linhas de Treino [0, 1, 3, 4, 5, 7, 8, 9, 10, 11, 13, 14, 15, 16, 17, 18, 19, 21, 22, 24, 25, 26, 27, 28, 29, 30, 31, 32, 33, 34, 35, 36, 37, 38, 41, 42, 45, 46, 47, 48, 49, 52, 53, 54, 56, 58, 59, 60, 61, 62, 63, 64, 67, 70, 71, 72, 74, 75, 76, 78, 79, 80, 81, 82, 83, 84, 85, 86, 87, 89, 90, 91, 93, 94, 95, 96, 97, 98, 99, 102, 103, 104, 106, 108, 109, 110, 111, 112, 113, 114, 115, 116, 117, 120, 122, 123, 124, 126, 127, 128, 129, 130, 131, 132, 134, 135, 136, 138, 141, 142, 143, 145, 146, 147, 148, 149, 150, 151, 152, 154, 155, 156, 157, 158, 159, 160, 161, 162, 163, 164, 165, 166, 169, 170, 171, 172, 173, 174, 176, 177, 178, 180, 181, 183, 184, 186, 187, 189, 190, 191, 192, 194, 195, 196, 197, 198, 199, 200, 202, 203, 204, 205, 206, 207, 208, 209, 210, 211, 212, 213, 214, 215, 216, 217, 218, 219, 220, 221, 222, 223, 224, 228, 229, 230, 231, 232, 233, 234, 235, 236, 238, 239, 241, 243, 244, 245, 246, 247, 248, 250, 251, 252, 253, 255, 256, 257, 259, 260, 261, 262, 263, 264, 265, 266, 267, 269, 271, 272, 273, 274, 275, 276, 277, 278, 280, 282, 283, 285, 286, 287, 288, 289, 290, 291, 292, 294, 295, 296]
Linhas de Teste [2, 6, 12, 20, 23, 39, 40, 43, 44, 50, 51, 55, 57, 65, 66, 68, 69, 73, 77, 88, 92, 100, 101, 105, 107, 118, 119, 121, 125, 133, 137, 139, 140, 144, 153, 167, 168, 175, 179, 182, 185, 188, 193, 201, 225, 226, 227, 237, 240, 242, 249, 254, 258, 268, 270, 279, 281, 284, 293]
R2 de Treino = 95.01
R2 de Teste = 95.35

128 / 150  85.33 %
Tempo restante 0:00:02.414632

#################  Rodada 124 / 150  82.67 %
Parâmetros ('EV_CE', 'PRE_CE', 'WAI_CE', 'saz_sin', 'saz_cos')
Linhas de Treino [0, 1, 2, 3, 4, 5, 6, 7, 9, 12, 13, 14, 15, 16, 17, 18, 19, 20, 21, 22, 23, 24, 26, 28, 29, 30, 31, 33, 34, 35, 36, 37, 38, 39, 40, 41, 42, 44, 45, 46, 47, 48, 49, 51, 53, 54, 56, 58, 59, 60, 61, 62, 63, 64, 65, 66, 69, 71, 72, 75, 76, 78, 80, 81, 82, 83, 84, 85, 86, 87, 88, 89, 90, 91, 92, 93, 94, 95, 97, 98, 99, 101, 103, 105, 106, 107, 109, 110, 111, 112, 113, 114, 115, 116, 117, 118, 119, 120, 121, 123, 124, 125, 126, 127, 128, 129, 130, 132, 133, 134, 135, 136, 137, 138, 139, 140, 141, 142, 144, 145, 146, 147, 148, 149, 150, 151, 153, 154, 155, 156, 157, 159, 160, 161, 162, 163, 166, 168, 169, 171, 172, 173, 174, 175, 176, 177, 178, 179, 180, 181, 182, 183, 184, 185, 186, 187, 189, 190, 191, 192, 193, 194, 195, 197, 198, 199, 200, 201, 203, 206, 207, 208, 209, 211, 212, 213, 214, 216, 217, 219, 222, 223, 224, 225, 226, 227, 228, 229, 232, 234, 235, 236, 237, 238, 239, 241, 242, 243, 245, 246, 247, 248, 249, 250, 252, 253, 254, 256, 257, 258, 259, 260, 262, 263, 264, 265, 266, 268, 269, 271, 273, 274, 277, 278, 279, 280, 282, 283, 284, 287, 288, 289, 290, 291, 292, 294, 295, 296]
Linhas de Teste [8, 10, 11, 25, 27, 32, 43, 50, 52, 55, 57, 67, 68, 70, 73, 74, 77, 79, 96, 100, 102, 104, 108, 122, 131, 143, 152, 158, 164, 165, 167, 170, 188, 196, 202, 204, 205, 210, 215, 218, 220, 221, 230, 231, 233, 240, 244, 251, 255, 261, 267, 270, 272, 275, 276, 281, 285, 286, 293]
R2 de Treino = 97.12
R2 de Teste = 97.1

124 / 150  82.67 %
Tempo restante 0:00:02.952352

#################  Rodada 124 / 150  82.67 %
Parâmetros ('EV_MA', 'TST_MA', 'WAI_MA', 'saz_sin', 'saz_cos')
Linhas de Treino [0, 1, 2, 3, 4, 5, 6, 7, 9, 12, 13, 14, 15, 16, 17, 18, 19, 20, 21, 22, 23, 24, 26, 28, 29, 30, 31, 33, 34, 35, 36, 37, 38, 39, 40, 41, 42, 44, 45, 46, 47, 48, 49, 51, 53, 54, 56, 58, 59, 60, 61, 62, 63, 64, 65, 66, 69, 71, 72, 75, 76, 78, 80, 81, 82, 83, 84, 85, 86, 87, 88, 89, 90, 91, 92, 93, 94, 95, 97, 98, 99, 101, 103, 105, 106, 107, 109, 110, 111, 112, 113, 114, 115, 116, 117, 118, 119, 120, 121, 123, 124, 125, 126, 127, 128, 129, 130, 132, 133, 134, 135, 136, 137, 138, 139, 140, 141, 142, 144, 145, 146, 147, 148, 149, 150, 151, 153, 154, 155, 156, 157, 159, 160, 161, 162, 163, 166, 168, 169, 171, 172, 173, 174, 175, 176, 177, 178, 179, 180, 181, 182, 183, 184, 185, 186, 187, 189, 190, 191, 192, 193, 194, 195, 197, 198, 199, 200, 201, 203, 206, 207, 208, 209, 211, 212, 213, 214, 216, 217, 219, 222, 223, 224, 225, 226, 227, 228, 229, 232, 234, 235, 236, 237, 238, 239, 241, 242, 243, 245, 246, 247, 248, 249, 250, 252, 253, 254, 256, 257, 258, 259, 260, 262, 263, 264, 265, 266, 268, 269, 271, 273, 274, 277, 278, 279, 280, 282, 283, 284, 287, 288, 289, 290, 291, 292, 294, 295, 296]
Linhas de Teste [8, 10, 11, 25, 27, 32, 43, 50, 52, 55, 57, 67, 68, 70, 73, 74, 77, 79, 96, 100, 102, 104, 108, 122, 131, 143, 152, 158, 164, 165, 167, 170, 188, 196, 202, 204, 205, 210, 215, 218, 220, 221, 230, 231, 233, 240, 244, 251, 255, 261, 267, 270, 272, 275, 276, 281, 285, 286, 293]
R2 de Treino = 78.78
R2 de Teste = 72.66

124 / 150  82.67 %
Tempo restante 0:00:03.057340

#################  Rodada 129 / 150  86.0 %
Parâmetros ('EV_CA', 'PRE_CA', 'TST_CA', 'saz_sin', 'saz_cos')
Linhas de Treino [1, 2, 4, 5, 6, 7, 8, 10, 11, 12, 13, 14, 15, 16, 18, 19, 20, 21, 22, 23, 24, 25, 26, 27, 28, 29, 30, 31, 32, 33, 35, 36, 38, 39, 40, 41, 42, 43, 44, 45, 48, 49, 50, 51, 52, 54, 55, 56, 57, 59, 60, 61, 62, 63, 64, 65, 66, 68, 69, 72, 73, 74, 75, 76, 77, 78, 79, 80, 82, 83, 84, 86, 88, 89, 90, 91, 92, 93, 96, 97, 98, 99, 100, 101, 103, 104, 105, 106, 107, 108, 109, 110, 112, 113, 114, 115, 116, 117, 118, 119, 120, 121, 125, 126, 127, 128, 129, 130, 131, 133, 135, 137, 138, 139, 140, 142, 143, 144, 145, 146, 147, 148, 150, 151, 153, 154, 155, 156, 157, 160, 162, 164, 167, 168, 169, 170, 171, 172, 174, 175, 177, 179, 180, 181, 182, 183, 184, 185, 187, 188, 190, 192, 193, 194, 195, 196, 197, 198, 200, 201, 202, 203, 204, 205, 206, 207, 208, 209, 210, 211, 213, 214, 215, 216, 218, 220, 221, 222, 223, 225, 226, 227, 228, 229, 230, 231, 232, 233, 234, 235, 237, 238, 240, 242, 244, 245, 246, 247, 249, 250, 251, 252, 254, 256, 257, 258, 259, 260, 261, 263, 264, 265, 267, 268, 270, 271, 272, 273, 274, 275, 276, 277, 278, 279, 280, 281, 282, 283, 284, 285, 286, 287, 288, 289, 291, 292, 293, 294]
Linhas de Teste [0, 3, 9, 17, 34, 37, 46, 47, 53, 58, 67, 70, 71, 81, 85, 87, 94, 95, 102, 111, 122, 123, 124, 132, 134, 136, 141, 149, 152, 158, 159, 161, 163, 165, 166, 173, 176, 178, 186, 189, 191, 199, 212, 217, 219, 224, 236, 239, 241, 243, 248, 253, 255, 262, 266, 269, 290, 295, 296]
R2 de Treino = 94.87
R2 de Teste = 94.99

129 / 150  86.0 %
Tempo restante 0:00:02.353470

#################  Rodada 125 / 150  83.33 %
Parâmetros ('EV_CE', 'PRE_CE', 'WAI_CE', 'saz_sin', 'saz_cos')
Linhas de Treino [0, 1, 2, 3, 5, 7, 8, 9, 10, 11, 13, 14, 16, 18, 19, 20, 21, 22, 23, 24, 25, 26, 27, 28, 29, 30, 32, 34, 35, 36, 37, 38, 40, 42, 43, 44, 45, 46, 47, 48, 49, 50, 51, 52, 53, 54, 55, 57, 58, 59, 60, 61, 62, 63, 65, 66, 67, 68, 69, 70, 71, 72, 73, 74, 77, 78, 79, 80, 82, 83, 85, 86, 90, 91, 92, 93, 94, 95, 96, 97, 99, 100, 101, 102, 104, 106, 108, 110, 112, 113, 114, 115, 116, 117, 118, 119, 120, 121, 122, 123, 124, 125, 127, 128, 129, 130, 131, 132, 133, 134, 135, 136, 137, 138, 140, 141, 143, 144, 145, 146, 147, 148, 149, 151, 152, 153, 154, 156, 157, 158, 161, 162, 163, 164, 165, 166, 167, 169, 170, 171, 172, 173, 174, 175, 176, 178, 179, 182, 183, 184, 186, 188, 189, 190, 191, 192, 193, 194, 195, 196, 198, 199, 200, 201, 202, 204, 205, 206, 208, 210, 211, 212, 213, 214, 215, 216, 217, 218, 219, 220, 221, 222, 223, 224, 225, 226, 229, 230, 231, 232, 233, 234, 235, 236, 237, 238, 240, 241, 242, 243, 244, 245, 246, 248, 251, 255, 256, 259, 260, 261, 262, 263, 264, 266, 267, 268, 270, 271, 272, 273, 275, 276, 277, 281, 282, 283, 284, 285, 286, 287, 288, 289, 290, 291, 292, 293, 294, 296]
Linhas de Teste [4, 6, 12, 15, 17, 31, 33, 39, 41, 56, 64, 75, 76, 81, 84, 87, 88, 89, 98, 103, 105, 107, 109, 111, 126, 139, 142, 150, 155, 159, 160, 168, 177, 180, 181, 185, 187, 197, 203, 207, 209, 227, 228, 239, 247, 249, 250, 252, 253, 254, 257, 258, 265, 269, 274, 278, 279, 280, 295]
R2 de Treino = 97.19
R2 de Teste = 97.63

125 / 150  83.33 %
Tempo restante 0:00:02.771525

#################  Rodada 125 / 150  83.33 %
Parâmetros ('EV_MA', 'TST_MA', 'WAI_MA', 'saz_sin', 'saz_cos')
Linhas de Treino [0, 1, 2, 3, 5, 7, 8, 9, 10, 11, 13, 14, 16, 18, 19, 20, 21, 22, 23, 24, 25, 26, 27, 28, 29, 30, 32, 34, 35, 36, 37, 38, 40, 42, 43, 44, 45, 46, 47, 48, 49, 50, 51, 52, 53, 54, 55, 57, 58, 59, 60, 61, 62, 63, 65, 66, 67, 68, 69, 70, 71, 72, 73, 74, 77, 78, 79, 80, 82, 83, 85, 86, 90, 91, 92, 93, 94, 95, 96, 97, 99, 100, 101, 102, 104, 106, 108, 110, 112, 113, 114, 115, 116, 117, 118, 119, 120, 121, 122, 123, 124, 125, 127, 128, 129, 130, 131, 132, 133, 134, 135, 136, 137, 138, 140, 141, 143, 144, 145, 146, 147, 148, 149, 151, 152, 153, 154, 156, 157, 158, 161, 162, 163, 164, 165, 166, 167, 169, 170, 171, 172, 173, 174, 175, 176, 178, 179, 182, 183, 184, 186, 188, 189, 190, 191, 192, 193, 194, 195, 196, 198, 199, 200, 201, 202, 204, 205, 206, 208, 210, 211, 212, 213, 214, 215, 216, 217, 218, 219, 220, 221, 222, 223, 224, 225, 226, 229, 230, 231, 232, 233, 234, 235, 236, 237, 238, 240, 241, 242, 243, 244, 245, 246, 248, 251, 255, 256, 259, 260, 261, 262, 263, 264, 266, 267, 268, 270, 271, 272, 273, 275, 276, 277, 281, 282, 283, 284, 285, 286, 287, 288, 289, 290, 291, 292, 293, 294, 296]
Linhas de Teste [4, 6, 12, 15, 17, 31, 33, 39, 41, 56, 64, 75, 76, 81, 84, 87, 88, 89, 98, 103, 105, 107, 109, 111, 126, 139, 142, 150, 155, 159, 160, 168, 177, 180, 181, 185, 187, 197, 203, 207, 209, 227, 228, 239, 247, 249, 250, 252, 253, 254, 257, 258, 265, 269, 274, 278, 279, 280, 295]
R2 de Treino = 79.49
R2 de Teste = 75.03

125 / 150  83.33 %
Tempo restante 0:00:02.854575

#################  Rodada 130 / 150  86.67 %
Parâmetros ('EV_CA', 'PRE_CA', 'TST_CA', 'saz_sin', 'saz_cos')
Linhas de Treino [0, 1, 2, 3, 4, 5, 6, 7, 9, 10, 11, 12, 15, 17, 19, 20, 21, 23, 24, 25, 27, 28, 29, 30, 32, 33, 34, 36, 37, 39, 40, 42, 43, 44, 45, 46, 47, 48, 49, 50, 51, 52, 53, 55, 57, 58, 59, 60, 63, 65, 66, 67, 68, 69, 70, 71, 72, 73, 74, 76, 77, 79, 81, 82, 83, 84, 85, 87, 88, 89, 90, 91, 92, 93, 94, 95, 96, 97, 100, 101, 102, 103, 104, 105, 106, 107, 109, 110, 111, 112, 113, 114, 115, 116, 118, 119, 120, 121, 122, 123, 124, 125, 126, 127, 129, 130, 131, 132, 133, 134, 135, 136, 137, 138, 139, 140, 141, 142, 143, 144, 146, 148, 149, 150, 152, 153, 154, 156, 158, 159, 160, 161, 163, 164, 165, 166, 167, 168, 169, 170, 172, 173, 174, 175, 176, 177, 178, 179, 180, 181, 182, 184, 185, 186, 188, 189, 191, 192, 193, 194, 198, 199, 201, 204, 205, 206, 207, 211, 212, 214, 216, 217, 218, 219, 220, 221, 222, 223, 224, 225, 226, 227, 228, 229, 230, 231, 232, 233, 234, 235, 236, 237, 238, 239, 240, 241, 242, 243, 244, 246, 247, 248, 249, 251, 252, 253, 254, 255, 256, 258, 259, 261, 262, 263, 265, 266, 268, 269, 270, 271, 272, 273, 277, 278, 279, 280, 281, 283, 284, 286, 287, 289, 290, 291, 292, 293, 295, 296]
Linhas de Teste [8, 13, 14, 16, 18, 22, 26, 31, 35, 38, 41, 54, 56, 61, 62, 64, 75, 78, 80, 86, 98, 99, 108, 117, 128, 145, 147, 151, 155, 157, 162, 171, 183, 187, 190, 195, 196, 197, 200, 202, 203, 208, 209, 210, 213, 215, 245, 250, 257, 260, 264, 267, 274, 275, 276, 282, 285, 288, 294]
R2 de Treino = 95.34
R2 de Teste = 93.89

130 / 150  86.67 %
Tempo restante 0:00:02.198320

#################  Rodada 126 / 150  84.0 %
Parâmetros ('EV_CE', 'PRE_CE', 'WAI_CE', 'saz_sin', 'saz_cos')
Linhas de Treino [0, 1, 2, 3, 4, 5, 6, 8, 9, 10, 11, 12, 13, 14, 16, 17, 18, 19, 20, 21, 22, 23, 26, 30, 31, 33, 34, 35, 37, 38, 39, 40, 41, 42, 43, 44, 45, 46, 47, 49, 50, 51, 52, 53, 54, 55, 56, 57, 58, 59, 61, 62, 64, 65, 66, 67, 68, 69, 70, 71, 73, 75, 76, 77, 78, 80, 81, 83, 85, 86, 87, 88, 89, 91, 92, 94, 95, 98, 99, 100, 101, 102, 103, 104, 105, 107, 108, 109, 111, 114, 117, 118, 119, 121, 122, 123, 124, 125, 127, 128, 129, 130, 132, 133, 134, 136, 137, 138, 139, 140, 141, 142, 143, 144, 145, 146, 147, 148, 149, 150, 151, 152, 153, 155, 157, 158, 159, 160, 161, 162, 163, 164, 165, 166, 167, 168, 170, 171, 173, 175, 176, 178, 179, 180, 182, 183, 184, 185, 186, 187, 188, 189, 190, 191, 192, 193, 195, 196, 197, 198, 199, 200, 201, 202, 203, 204, 205, 206, 208, 209, 210, 211, 212, 213, 214, 215, 217, 219, 220, 221, 224, 225, 226, 227, 229, 231, 233, 234, 236, 237, 239, 240, 241, 242, 243, 245, 247, 248, 249, 250, 251, 253, 254, 255, 256, 257, 258, 260, 261, 262, 264, 265, 266, 267, 268, 269, 270, 271, 272, 273, 274, 275, 276, 279, 280, 281, 282, 283, 284, 285, 288, 290, 291, 293, 294, 295, 296]
Linhas de Teste [7, 15, 24, 25, 27, 28, 29, 32, 36, 48, 60, 63, 72, 74, 79, 82, 84, 90, 93, 96, 97, 106, 110, 112, 113, 115, 116, 120, 126, 131, 135, 154, 156, 169, 172, 174, 177, 181, 194, 207, 216, 218, 222, 223, 228, 230, 232, 235, 238, 244, 246, 252, 259, 263, 277, 278, 286, 287, 289, 292]
R2 de Treino = 97.45
R2 de Teste = 95.53

126 / 150  84.0 %
Tempo restante 0:00:02.729928

#################  Rodada 126 / 150  84.0 %
Parâmetros ('EV_MA', 'TST_MA', 'WAI_MA', 'saz_sin', 'saz_cos')
Linhas de Treino [0, 1, 2, 3, 4, 5, 6, 8, 9, 10, 11, 12, 13, 14, 16, 17, 18, 19, 20, 21, 22, 23, 26, 30, 31, 33, 34, 35, 37, 38, 39, 40, 41, 42, 43, 44, 45, 46, 47, 49, 50, 51, 52, 53, 54, 55, 56, 57, 58, 59, 61, 62, 64, 65, 66, 67, 68, 69, 70, 71, 73, 75, 76, 77, 78, 80, 81, 83, 85, 86, 87, 88, 89, 91, 92, 94, 95, 98, 99, 100, 101, 102, 103, 104, 105, 107, 108, 109, 111, 114, 117, 118, 119, 121, 122, 123, 124, 125, 127, 128, 129, 130, 132, 133, 134, 136, 137, 138, 139, 140, 141, 142, 143, 144, 145, 146, 147, 148, 149, 150, 151, 152, 153, 155, 157, 158, 159, 160, 161, 162, 163, 164, 165, 166, 167, 168, 170, 171, 173, 175, 176, 178, 179, 180, 182, 183, 184, 185, 186, 187, 188, 189, 190, 191, 192, 193, 195, 196, 197, 198, 199, 200, 201, 202, 203, 204, 205, 206, 208, 209, 210, 211, 212, 213, 214, 215, 217, 219, 220, 221, 224, 225, 226, 227, 229, 231, 233, 234, 236, 237, 239, 240, 241, 242, 243, 245, 247, 248, 249, 250, 251, 253, 254, 255, 256, 257, 258, 260, 261, 262, 264, 265, 266, 267, 268, 269, 270, 271, 272, 273, 274, 275, 276, 279, 280, 281, 282, 283, 284, 285, 288, 290, 291, 293, 294, 295, 296]
Linhas de Teste [7, 15, 24, 25, 27, 28, 29, 32, 36, 48, 60, 63, 72, 74, 79, 82, 84, 90, 93, 96, 97, 106, 110, 112, 113, 115, 116, 120, 126, 131, 135, 154, 156, 169, 172, 174, 177, 181, 194, 207, 216, 218, 222, 223, 228, 230, 232, 235, 238, 244, 246, 252, 259, 263, 277, 278, 286, 287, 289, 292]
R2 de Treino = 79.76
R2 de Teste = 71.52

126 / 150  84.0 %
Tempo restante 0:00:03.176688

#################  Rodada 131 / 150  87.33 %
Parâmetros ('EV_CA', 'PRE_CA', 'TST_CA', 'saz_sin', 'saz_cos')
Linhas de Treino [0, 1, 2, 3, 4, 5, 6, 7, 8, 9, 10, 12, 13, 14, 15, 19, 20, 21, 23, 24, 25, 26, 27, 28, 30, 31, 32, 34, 35, 36, 37, 38, 40, 41, 42, 44, 45, 46, 47, 48, 49, 50, 52, 53, 54, 57, 58, 61, 63, 64, 65, 66, 67, 68, 69, 70, 71, 72, 73, 74, 75, 76, 78, 79, 80, 81, 83, 84, 85, 86, 87, 89, 90, 92, 93, 94, 96, 98, 99, 100, 101, 102, 104, 107, 108, 110, 111, 113, 114, 115, 116, 117, 118, 119, 121, 122, 123, 124, 125, 127, 128, 129, 130, 132, 133, 134, 135, 136, 137, 138, 139, 140, 141, 142, 143, 146, 147, 148, 150, 153, 154, 155, 156, 158, 160, 161, 163, 164, 165, 166, 167, 168, 169, 170, 171, 172, 173, 174, 175, 176, 177, 178, 179, 180, 181, 182, 184, 185, 186, 187, 188, 189, 190, 191, 192, 194, 195, 197, 199, 200, 201, 202, 203, 204, 206, 207, 208, 209, 210, 211, 212, 216, 217, 219, 220, 221, 222, 223, 224, 225, 226, 227, 229, 230, 233, 234, 235, 236, 237, 238, 239, 240, 241, 242, 244, 245, 246, 247, 248, 249, 251, 253, 256, 257, 258, 259, 260, 263, 264, 265, 266, 267, 268, 269, 270, 271, 272, 274, 275, 276, 277, 278, 279, 280, 281, 282, 283, 284, 285, 286, 287, 289, 290, 292, 293, 294, 295]
Linhas de Teste [11, 16, 17, 18, 22, 29, 33, 39, 43, 51, 55, 56, 59, 60, 62, 77, 82, 88, 91, 95, 97, 103, 105, 106, 109, 112, 120, 126, 131, 144, 145, 149, 151, 152, 157, 159, 162, 183, 193, 196, 198, 205, 213, 214, 215, 218, 228, 231, 232, 243, 250, 252, 254, 255, 261, 262, 273, 288, 291, 296]
R2 de Treino = 95.1
R2 de Teste = 94.66

131 / 150  87.33 %
Tempo restante 0:00:02.127145

#################  Rodada 127 / 150  84.67 %
Parâmetros ('EV_CE', 'PRE_CE', 'WAI_CE', 'saz_sin', 'saz_cos')
Linhas de Treino [0, 2, 3, 6, 7, 8, 9, 12, 13, 14, 15, 16, 17, 18, 20, 22, 23, 24, 25, 26, 27, 28, 29, 31, 32, 34, 35, 36, 37, 38, 39, 40, 41, 43, 44, 46, 47, 48, 50, 51, 53, 54, 55, 56, 57, 58, 60, 61, 62, 63, 64, 65, 66, 67, 68, 69, 70, 71, 72, 73, 74, 75, 77, 78, 79, 80, 81, 82, 84, 85, 86, 87, 88, 90, 92, 93, 94, 95, 96, 97, 98, 99, 100, 101, 102, 105, 106, 107, 108, 110, 111, 112, 113, 115, 116, 117, 118, 119, 120, 121, 122, 123, 124, 125, 126, 128, 131, 132, 133, 134, 135, 136, 137, 139, 140, 141, 144, 145, 147, 149, 151, 152, 153, 154, 155, 156, 157, 158, 159, 161, 162, 163, 165, 166, 167, 168, 169, 171, 172, 173, 174, 175, 176, 177, 178, 179, 181, 182, 183, 185, 186, 187, 188, 189, 190, 191, 193, 194, 195, 196, 197, 199, 200, 201, 202, 203, 207, 208, 209, 210, 212, 213, 215, 216, 217, 218, 219, 222, 223, 224, 225, 226, 227, 228, 230, 232, 235, 236, 237, 238, 239, 240, 241, 242, 243, 244, 245, 246, 248, 249, 250, 252, 253, 254, 255, 257, 258, 259, 260, 262, 263, 264, 266, 267, 268, 269, 270, 274, 275, 276, 277, 278, 279, 281, 282, 284, 285, 286, 287, 288, 289, 290, 292, 293, 294, 295, 296]
Linhas de Teste [1, 4, 5, 10, 11, 19, 21, 30, 33, 42, 45, 49, 52, 59, 76, 83, 89, 91, 103, 104, 109, 114, 127, 129, 130, 138, 142, 143, 146, 148, 150, 160, 164, 170, 180, 184, 192, 198, 204, 205, 206, 211, 214, 220, 221, 229, 231, 233, 234, 247, 251, 256, 261, 265, 271, 272, 273, 280, 283, 291]
R2 de Treino = 97.39
R2 de Teste = 95.8

127 / 150  84.67 %
Tempo restante 0:00:02.592652

#################  Rodada 132 / 150  88.0 %
Parâmetros ('EV_CA', 'PRE_CA', 'TST_CA', 'saz_sin', 'saz_cos')
Linhas de Treino [0, 1, 2, 4, 5, 6, 7, 8, 9, 10, 11, 12, 13, 14, 16, 17, 18, 19, 20, 21, 22, 23, 24, 25, 26, 28, 29, 30, 33, 35, 36, 37, 38, 39, 41, 42, 43, 45, 46, 47, 48, 50, 51, 52, 54, 55, 56, 57, 59, 60, 61, 62, 63, 65, 66, 68, 69, 70, 71, 72, 73, 75, 77, 79, 81, 82, 83, 84, 85, 86, 88, 89, 90, 91, 92, 93, 94, 95, 96, 97, 98, 101, 102, 103, 104, 105, 106, 108, 109, 110, 111, 112, 113, 114, 116, 117, 119, 120, 122, 124, 125, 126, 127, 128, 129, 130, 131, 132, 134, 135, 137, 138, 139, 141, 143, 144, 145, 146, 148, 149, 150, 151, 152, 153, 154, 155, 157, 158, 159, 160, 161, 162, 163, 164, 165, 168, 172, 173, 175, 176, 177, 178, 179, 180, 181, 183, 184, 185, 186, 187, 188, 189, 190, 191, 192, 193, 195, 196, 197, 198, 200, 201, 202, 203, 205, 207, 208, 209, 210, 212, 213, 214, 215, 217, 218, 220, 222, 223, 224, 225, 226, 228, 229, 230, 231, 232, 234, 235, 236, 238, 241, 242, 243, 244, 245, 246, 247, 249, 250, 251, 252, 254, 255, 256, 257, 259, 260, 261, 262, 263, 265, 266, 267, 268, 269, 270, 272, 273, 274, 276, 277, 278, 279, 280, 281, 282, 283, 284, 285, 287, 288, 289, 291, 292, 293, 294, 296]
Linhas de Teste [3, 15, 27, 31, 32, 34, 40, 44, 49, 53, 58, 64, 67, 74, 76, 78, 80, 87, 99, 100, 107, 115, 118, 121, 123, 133, 136, 140, 142, 147, 156, 166, 167, 169, 170, 171, 174, 182, 194, 199, 204, 206, 211, 216, 219, 221, 227, 233, 237, 239, 240, 248, 253, 258, 264, 271, 275, 286, 290, 295]
R2 de Treino = 95.24
R2 de Teste = 94.48

132 / 150  88.0 %
Tempo restante 0:00:02.040444

#################  Rodada 127 / 150  84.67 %
Parâmetros ('EV_MA', 'TST_MA', 'WAI_MA', 'saz_sin', 'saz_cos')
Linhas de Treino [0, 2, 3, 6, 7, 8, 9, 12, 13, 14, 15, 16, 17, 18, 20, 22, 23, 24, 25, 26, 27, 28, 29, 31, 32, 34, 35, 36, 37, 38, 39, 40, 41, 43, 44, 46, 47, 48, 50, 51, 53, 54, 55, 56, 57, 58, 60, 61, 62, 63, 64, 65, 66, 67, 68, 69, 70, 71, 72, 73, 74, 75, 77, 78, 79, 80, 81, 82, 84, 85, 86, 87, 88, 90, 92, 93, 94, 95, 96, 97, 98, 99, 100, 101, 102, 105, 106, 107, 108, 110, 111, 112, 113, 115, 116, 117, 118, 119, 120, 121, 122, 123, 124, 125, 126, 128, 131, 132, 133, 134, 135, 136, 137, 139, 140, 141, 144, 145, 147, 149, 151, 152, 153, 154, 155, 156, 157, 158, 159, 161, 162, 163, 165, 166, 167, 168, 169, 171, 172, 173, 174, 175, 176, 177, 178, 179, 181, 182, 183, 185, 186, 187, 188, 189, 190, 191, 193, 194, 195, 196, 197, 199, 200, 201, 202, 203, 207, 208, 209, 210, 212, 213, 215, 216, 217, 218, 219, 222, 223, 224, 225, 226, 227, 228, 230, 232, 235, 236, 237, 238, 239, 240, 241, 242, 243, 244, 245, 246, 248, 249, 250, 252, 253, 254, 255, 257, 258, 259, 260, 262, 263, 264, 266, 267, 268, 269, 270, 274, 275, 276, 277, 278, 279, 281, 282, 284, 285, 286, 287, 288, 289, 290, 292, 293, 294, 295, 296]
Linhas de Teste [1, 4, 5, 10, 11, 19, 21, 30, 33, 42, 45, 49, 52, 59, 76, 83, 89, 91, 103, 104, 109, 114, 127, 129, 130, 138, 142, 143, 146, 148, 150, 160, 164, 170, 180, 184, 192, 198, 204, 205, 206, 211, 214, 220, 221, 229, 231, 233, 234, 247, 251, 256, 261, 265, 271, 272, 273, 280, 283, 291]
R2 de Treino = 80.91
R2 de Teste = 68.19

127 / 150  84.67 %
Tempo restante 0:00:03.234099

#################  Rodada 128 / 150  85.33 %
Parâmetros ('EV_CE', 'PRE_CE', 'WAI_CE', 'saz_sin', 'saz_cos')
Linhas de Treino [0, 1, 3, 4, 5, 7, 8, 9, 10, 11, 13, 14, 15, 16, 17, 18, 19, 21, 22, 24, 25, 26, 27, 28, 29, 30, 31, 32, 33, 34, 35, 36, 37, 38, 41, 42, 45, 46, 47, 48, 49, 52, 53, 54, 56, 58, 59, 60, 61, 62, 63, 64, 67, 70, 71, 72, 74, 75, 76, 78, 79, 80, 81, 82, 83, 84, 85, 86, 87, 89, 90, 91, 93, 94, 95, 96, 97, 98, 99, 102, 103, 104, 106, 108, 109, 110, 111, 112, 113, 114, 115, 116, 117, 120, 122, 123, 124, 126, 127, 128, 129, 130, 131, 132, 134, 135, 136, 138, 141, 142, 143, 145, 146, 147, 148, 149, 150, 151, 152, 154, 155, 156, 157, 158, 159, 160, 161, 162, 163, 164, 165, 166, 169, 170, 171, 172, 173, 174, 176, 177, 178, 180, 181, 183, 184, 186, 187, 189, 190, 191, 192, 194, 195, 196, 197, 198, 199, 200, 202, 203, 204, 205, 206, 207, 208, 209, 210, 211, 212, 213, 214, 215, 216, 217, 218, 219, 220, 221, 222, 223, 224, 228, 229, 230, 231, 232, 233, 234, 235, 236, 238, 239, 241, 243, 244, 245, 246, 247, 248, 250, 251, 252, 253, 255, 256, 257, 259, 260, 261, 262, 263, 264, 265, 266, 267, 269, 271, 272, 273, 274, 275, 276, 277, 278, 280, 282, 283, 285, 286, 287, 288, 289, 290, 291, 292, 294, 295, 296]
Linhas de Teste [2, 6, 12, 20, 23, 39, 40, 43, 44, 50, 51, 55, 57, 65, 66, 68, 69, 73, 77, 88, 92, 100, 101, 105, 107, 118, 119, 121, 125, 133, 137, 139, 140, 144, 153, 167, 168, 175, 179, 182, 185, 188, 193, 201, 225, 226, 227, 237, 240, 242, 249, 254, 258, 268, 270, 279, 281, 284, 293]
R2 de Treino = 96.93
R2 de Teste = 97.34

128 / 150  85.33 %
Tempo restante 0:00:02.488486

#################  Rodada 133 / 150  88.67 %
Parâmetros ('EV_CA', 'PRE_CA', 'TST_CA', 'saz_sin', 'saz_cos')
Linhas de Treino [0, 1, 2, 3, 4, 6, 7, 8, 9, 10, 11, 12, 14, 15, 16, 17, 18, 19, 20, 22, 25, 27, 28, 29, 30, 31, 32, 33, 34, 37, 38, 39, 40, 42, 43, 44, 45, 46, 47, 48, 49, 50, 51, 52, 53, 54, 55, 56, 57, 58, 59, 60, 61, 62, 63, 64, 65, 67, 68, 69, 71, 74, 75, 76, 77, 78, 80, 82, 83, 84, 87, 88, 89, 90, 91, 92, 93, 94, 95, 96, 97, 98, 99, 100, 101, 102, 103, 105, 106, 107, 109, 110, 112, 113, 114, 115, 116, 118, 119, 120, 121, 122, 123, 124, 125, 126, 127, 129, 130, 131, 132, 133, 136, 137, 138, 140, 142, 143, 144, 145, 146, 147, 148, 149, 151, 152, 153, 154, 156, 157, 158, 159, 161, 162, 163, 164, 165, 166, 167, 169, 170, 171, 173, 174, 176, 178, 179, 181, 182, 183, 185, 186, 187, 188, 190, 191, 192, 193, 194, 196, 197, 198, 199, 201, 202, 204, 205, 206, 207, 209, 211, 212, 213, 214, 215, 216, 217, 218, 219, 220, 221, 222, 223, 225, 226, 227, 228, 229, 231, 232, 233, 235, 236, 237, 239, 240, 242, 243, 247, 248, 249, 250, 252, 253, 254, 255, 256, 258, 259, 260, 261, 262, 263, 264, 265, 267, 268, 269, 270, 271, 272, 273, 274, 275, 277, 278, 280, 283, 284, 286, 287, 288, 290, 291, 293, 294, 295, 296]
Linhas de Teste [5, 13, 21, 23, 24, 26, 35, 36, 41, 66, 70, 72, 73, 79, 81, 85, 86, 104, 108, 111, 117, 128, 134, 135, 139, 141, 150, 155, 160, 168, 172, 175, 177, 180, 184, 189, 195, 200, 203, 208, 210, 224, 230, 234, 238, 241, 244, 245, 246, 251, 257, 266, 276, 279, 281, 282, 285, 289, 292]
R2 de Treino = 95.19
R2 de Teste = 94.3

133 / 150  88.67 %
Tempo restante 0:00:01.876256

#################  Rodada 129 / 150  86.0 %
Parâmetros ('EV_CE', 'PRE_CE', 'WAI_CE', 'saz_sin', 'saz_cos')
Linhas de Treino [1, 2, 4, 5, 6, 7, 8, 10, 11, 12, 13, 14, 15, 16, 18, 19, 20, 21, 22, 23, 24, 25, 26, 27, 28, 29, 30, 31, 32, 33, 35, 36, 38, 39, 40, 41, 42, 43, 44, 45, 48, 49, 50, 51, 52, 54, 55, 56, 57, 59, 60, 61, 62, 63, 64, 65, 66, 68, 69, 72, 73, 74, 75, 76, 77, 78, 79, 80, 82, 83, 84, 86, 88, 89, 90, 91, 92, 93, 96, 97, 98, 99, 100, 101, 103, 104, 105, 106, 107, 108, 109, 110, 112, 113, 114, 115, 116, 117, 118, 119, 120, 121, 125, 126, 127, 128, 129, 130, 131, 133, 135, 137, 138, 139, 140, 142, 143, 144, 145, 146, 147, 148, 150, 151, 153, 154, 155, 156, 157, 160, 162, 164, 167, 168, 169, 170, 171, 172, 174, 175, 177, 179, 180, 181, 182, 183, 184, 185, 187, 188, 190, 192, 193, 194, 195, 196, 197, 198, 200, 201, 202, 203, 204, 205, 206, 207, 208, 209, 210, 211, 213, 214, 215, 216, 218, 220, 221, 222, 223, 225, 226, 227, 228, 229, 230, 231, 232, 233, 234, 235, 237, 238, 240, 242, 244, 245, 246, 247, 249, 250, 251, 252, 254, 256, 257, 258, 259, 260, 261, 263, 264, 265, 267, 268, 270, 271, 272, 273, 274, 275, 276, 277, 278, 279, 280, 281, 282, 283, 284, 285, 286, 287, 288, 289, 291, 292, 293, 294]
Linhas de Teste [0, 3, 9, 17, 34, 37, 46, 47, 53, 58, 67, 70, 71, 81, 85, 87, 94, 95, 102, 111, 122, 123, 124, 132, 134, 136, 141, 149, 152, 158, 159, 161, 163, 165, 166, 173, 176, 178, 186, 189, 191, 199, 212, 217, 219, 224, 236, 239, 241, 243, 248, 253, 255, 262, 266, 269, 290, 295, 296]
R2 de Treino = 97.04
R2 de Teste = 97.76

129 / 150  86.0 %
Tempo restante 0:00:02.356347

#################  Rodada 128 / 150  85.33 %
Parâmetros ('EV_MA', 'TST_MA', 'WAI_MA', 'saz_sin', 'saz_cos')
Linhas de Treino [0, 1, 3, 4, 5, 7, 8, 9, 10, 11, 13, 14, 15, 16, 17, 18, 19, 21, 22, 24, 25, 26, 27, 28, 29, 30, 31, 32, 33, 34, 35, 36, 37, 38, 41, 42, 45, 46, 47, 48, 49, 52, 53, 54, 56, 58, 59, 60, 61, 62, 63, 64, 67, 70, 71, 72, 74, 75, 76, 78, 79, 80, 81, 82, 83, 84, 85, 86, 87, 89, 90, 91, 93, 94, 95, 96, 97, 98, 99, 102, 103, 104, 106, 108, 109, 110, 111, 112, 113, 114, 115, 116, 117, 120, 122, 123, 124, 126, 127, 128, 129, 130, 131, 132, 134, 135, 136, 138, 141, 142, 143, 145, 146, 147, 148, 149, 150, 151, 152, 154, 155, 156, 157, 158, 159, 160, 161, 162, 163, 164, 165, 166, 169, 170, 171, 172, 173, 174, 176, 177, 178, 180, 181, 183, 184, 186, 187, 189, 190, 191, 192, 194, 195, 196, 197, 198, 199, 200, 202, 203, 204, 205, 206, 207, 208, 209, 210, 211, 212, 213, 214, 215, 216, 217, 218, 219, 220, 221, 222, 223, 224, 228, 229, 230, 231, 232, 233, 234, 235, 236, 238, 239, 241, 243, 244, 245, 246, 247, 248, 250, 251, 252, 253, 255, 256, 257, 259, 260, 261, 262, 263, 264, 265, 266, 267, 269, 271, 272, 273, 274, 275, 276, 277, 278, 280, 282, 283, 285, 286, 287, 288, 289, 290, 291, 292, 294, 295, 296]
Linhas de Teste [2, 6, 12, 20, 23, 39, 40, 43, 44, 50, 51, 55, 57, 65, 66, 68, 69, 73, 77, 88, 92, 100, 101, 105, 107, 118, 119, 121, 125, 133, 137, 139, 140, 144, 153, 167, 168, 175, 179, 182, 185, 188, 193, 201, 225, 226, 227, 237, 240, 242, 249, 254, 258, 268, 270, 279, 281, 284, 293]
R2 de Treino = 78.95
R2 de Teste = 75.53

128 / 150  85.33 %
Tempo restante 0:00:02.904242

#################  Rodada 134 / 150  89.33 %
Parâmetros ('EV_CA', 'PRE_CA', 'TST_CA', 'saz_sin', 'saz_cos')
Linhas de Treino [1, 2, 3, 5, 6, 8, 9, 10, 11, 13, 15, 16, 17, 18, 20, 21, 22, 23, 24, 26, 27, 28, 29, 31, 32, 33, 34, 35, 36, 37, 38, 39, 40, 41, 42, 43, 44, 45, 46, 47, 49, 50, 51, 52, 53, 55, 56, 58, 59, 60, 62, 63, 64, 65, 66, 67, 68, 70, 72, 73, 74, 75, 76, 77, 78, 79, 80, 81, 82, 83, 85, 86, 87, 88, 90, 91, 95, 96, 97, 98, 99, 100, 101, 102, 103, 104, 105, 106, 107, 108, 109, 110, 111, 112, 113, 115, 117, 118, 120, 121, 122, 123, 124, 125, 126, 127, 128, 129, 131, 133, 134, 135, 136, 139, 140, 141, 142, 144, 145, 146, 147, 149, 150, 151, 152, 153, 155, 156, 157, 158, 159, 160, 161, 162, 163, 166, 167, 168, 169, 170, 171, 172, 174, 175, 177, 178, 180, 181, 182, 183, 184, 186, 187, 188, 189, 190, 191, 192, 193, 194, 195, 196, 198, 199, 200, 201, 202, 203, 204, 205, 206, 208, 209, 210, 211, 213, 214, 215, 216, 218, 219, 221, 222, 223, 224, 225, 227, 228, 229, 230, 231, 232, 233, 234, 235, 237, 238, 239, 240, 241, 243, 244, 245, 246, 248, 250, 251, 252, 253, 254, 255, 257, 258, 259, 260, 261, 262, 264, 266, 271, 273, 275, 276, 279, 280, 281, 282, 284, 285, 286, 288, 289, 290, 291, 292, 293, 295, 296]
Linhas de Teste [0, 4, 7, 12, 14, 19, 25, 30, 48, 54, 57, 61, 69, 71, 84, 89, 92, 93, 94, 114, 116, 119, 130, 132, 137, 138, 143, 148, 154, 164, 165, 173, 176, 179, 185, 197, 207, 212, 217, 220, 226, 236, 242, 247, 249, 256, 263, 265, 267, 268, 269, 270, 272, 274, 277, 278, 283, 287, 294]
R2 de Treino = 95.22
R2 de Teste = 93.53

134 / 150  89.33 %
Tempo restante 0:00:01.822720

#################  Rodada 130 / 150  86.67 %
Parâmetros ('EV_CE', 'PRE_CE', 'WAI_CE', 'saz_sin', 'saz_cos')
Linhas de Treino [0, 1, 2, 3, 4, 5, 6, 7, 9, 10, 11, 12, 15, 17, 19, 20, 21, 23, 24, 25, 27, 28, 29, 30, 32, 33, 34, 36, 37, 39, 40, 42, 43, 44, 45, 46, 47, 48, 49, 50, 51, 52, 53, 55, 57, 58, 59, 60, 63, 65, 66, 67, 68, 69, 70, 71, 72, 73, 74, 76, 77, 79, 81, 82, 83, 84, 85, 87, 88, 89, 90, 91, 92, 93, 94, 95, 96, 97, 100, 101, 102, 103, 104, 105, 106, 107, 109, 110, 111, 112, 113, 114, 115, 116, 118, 119, 120, 121, 122, 123, 124, 125, 126, 127, 129, 130, 131, 132, 133, 134, 135, 136, 137, 138, 139, 140, 141, 142, 143, 144, 146, 148, 149, 150, 152, 153, 154, 156, 158, 159, 160, 161, 163, 164, 165, 166, 167, 168, 169, 170, 172, 173, 174, 175, 176, 177, 178, 179, 180, 181, 182, 184, 185, 186, 188, 189, 191, 192, 193, 194, 198, 199, 201, 204, 205, 206, 207, 211, 212, 214, 216, 217, 218, 219, 220, 221, 222, 223, 224, 225, 226, 227, 228, 229, 230, 231, 232, 233, 234, 235, 236, 237, 238, 239, 240, 241, 242, 243, 244, 246, 247, 248, 249, 251, 252, 253, 254, 255, 256, 258, 259, 261, 262, 263, 265, 266, 268, 269, 270, 271, 272, 273, 277, 278, 279, 280, 281, 283, 284, 286, 287, 289, 290, 291, 292, 293, 295, 296]
Linhas de Teste [8, 13, 14, 16, 18, 22, 26, 31, 35, 38, 41, 54, 56, 61, 62, 64, 75, 78, 80, 86, 98, 99, 108, 117, 128, 145, 147, 151, 155, 157, 162, 171, 183, 187, 190, 195, 196, 197, 200, 202, 203, 208, 209, 210, 213, 215, 245, 250, 257, 260, 264, 267, 274, 275, 276, 282, 285, 288, 294]
R2 de Treino = 97.36
R2 de Teste = 96.18

130 / 150  86.67 %
Tempo restante 0:00:02.271020

#################  Rodada 129 / 150  86.0 %
Parâmetros ('EV_MA', 'TST_MA', 'WAI_MA', 'saz_sin', 'saz_cos')
Linhas de Treino [1, 2, 4, 5, 6, 7, 8, 10, 11, 12, 13, 14, 15, 16, 18, 19, 20, 21, 22, 23, 24, 25, 26, 27, 28, 29, 30, 31, 32, 33, 35, 36, 38, 39, 40, 41, 42, 43, 44, 45, 48, 49, 50, 51, 52, 54, 55, 56, 57, 59, 60, 61, 62, 63, 64, 65, 66, 68, 69, 72, 73, 74, 75, 76, 77, 78, 79, 80, 82, 83, 84, 86, 88, 89, 90, 91, 92, 93, 96, 97, 98, 99, 100, 101, 103, 104, 105, 106, 107, 108, 109, 110, 112, 113, 114, 115, 116, 117, 118, 119, 120, 121, 125, 126, 127, 128, 129, 130, 131, 133, 135, 137, 138, 139, 140, 142, 143, 144, 145, 146, 147, 148, 150, 151, 153, 154, 155, 156, 157, 160, 162, 164, 167, 168, 169, 170, 171, 172, 174, 175, 177, 179, 180, 181, 182, 183, 184, 185, 187, 188, 190, 192, 193, 194, 195, 196, 197, 198, 200, 201, 202, 203, 204, 205, 206, 207, 208, 209, 210, 211, 213, 214, 215, 216, 218, 220, 221, 222, 223, 225, 226, 227, 228, 229, 230, 231, 232, 233, 234, 235, 237, 238, 240, 242, 244, 245, 246, 247, 249, 250, 251, 252, 254, 256, 257, 258, 259, 260, 261, 263, 264, 265, 267, 268, 270, 271, 272, 273, 274, 275, 276, 277, 278, 279, 280, 281, 282, 283, 284, 285, 286, 287, 288, 289, 291, 292, 293, 294]
Linhas de Teste [0, 3, 9, 17, 34, 37, 46, 47, 53, 58, 67, 70, 71, 81, 85, 87, 94, 95, 102, 111, 122, 123, 124, 132, 134, 136, 141, 149, 152, 158, 159, 161, 163, 165, 166, 173, 176, 178, 186, 189, 191, 199, 212, 217, 219, 224, 236, 239, 241, 243, 248, 253, 255, 262, 266, 269, 290, 295, 296]
R2 de Treino = 77.25
R2 de Teste = 78.89

129 / 150  86.0 %
Tempo restante 0:00:02.773008

#################  Rodada 135 / 150  90.0 %
Parâmetros ('EV_CA', 'PRE_CA', 'TST_CA', 'saz_sin', 'saz_cos')
Linhas de Treino [0, 3, 4, 5, 7, 11, 12, 13, 14, 15, 16, 17, 18, 19, 21, 22, 23, 24, 25, 26, 27, 29, 30, 31, 32, 33, 34, 35, 36, 39, 40, 41, 43, 44, 48, 49, 51, 53, 54, 55, 56, 57, 58, 59, 60, 61, 62, 64, 66, 67, 69, 70, 71, 72, 73, 74, 76, 77, 78, 79, 80, 81, 82, 84, 85, 86, 87, 88, 89, 91, 92, 93, 94, 95, 97, 99, 100, 103, 104, 105, 106, 107, 108, 109, 111, 112, 114, 115, 116, 117, 118, 119, 120, 121, 123, 126, 128, 130, 131, 132, 133, 134, 135, 136, 137, 138, 139, 140, 141, 142, 143, 144, 145, 147, 148, 149, 150, 151, 152, 154, 155, 156, 157, 159, 160, 162, 164, 165, 166, 167, 168, 169, 170, 171, 172, 173, 174, 175, 176, 177, 179, 180, 182, 183, 184, 185, 189, 193, 194, 195, 196, 197, 198, 199, 200, 203, 204, 205, 206, 207, 208, 210, 211, 212, 213, 214, 215, 216, 217, 218, 219, 220, 221, 224, 226, 227, 228, 230, 231, 232, 233, 234, 236, 237, 238, 239, 240, 241, 242, 243, 244, 245, 246, 247, 248, 249, 250, 251, 252, 253, 254, 255, 256, 257, 258, 261, 262, 263, 264, 265, 266, 267, 268, 269, 270, 271, 272, 273, 274, 275, 276, 277, 278, 279, 281, 282, 283, 285, 286, 287, 288, 289, 290, 291, 292, 294, 295, 296]
Linhas de Teste [1, 2, 6, 8, 9, 10, 20, 28, 37, 38, 42, 45, 46, 47, 50, 52, 63, 65, 68, 75, 83, 90, 96, 98, 101, 102, 110, 113, 122, 124, 125, 127, 129, 146, 153, 158, 161, 163, 178, 181, 186, 187, 188, 190, 191, 192, 201, 202, 209, 222, 223, 225, 229, 235, 259, 260, 280, 284, 293]
R2 de Treino = 95.18
R2 de Teste = 94.67

135 / 150  90.0 %
Tempo restante 0:00:01.677045

#################  Rodada 131 / 150  87.33 %
Parâmetros ('EV_CE', 'PRE_CE', 'WAI_CE', 'saz_sin', 'saz_cos')
Linhas de Treino [0, 1, 2, 3, 4, 5, 6, 7, 8, 9, 10, 12, 13, 14, 15, 19, 20, 21, 23, 24, 25, 26, 27, 28, 30, 31, 32, 34, 35, 36, 37, 38, 40, 41, 42, 44, 45, 46, 47, 48, 49, 50, 52, 53, 54, 57, 58, 61, 63, 64, 65, 66, 67, 68, 69, 70, 71, 72, 73, 74, 75, 76, 78, 79, 80, 81, 83, 84, 85, 86, 87, 89, 90, 92, 93, 94, 96, 98, 99, 100, 101, 102, 104, 107, 108, 110, 111, 113, 114, 115, 116, 117, 118, 119, 121, 122, 123, 124, 125, 127, 128, 129, 130, 132, 133, 134, 135, 136, 137, 138, 139, 140, 141, 142, 143, 146, 147, 148, 150, 153, 154, 155, 156, 158, 160, 161, 163, 164, 165, 166, 167, 168, 169, 170, 171, 172, 173, 174, 175, 176, 177, 178, 179, 180, 181, 182, 184, 185, 186, 187, 188, 189, 190, 191, 192, 194, 195, 197, 199, 200, 201, 202, 203, 204, 206, 207, 208, 209, 210, 211, 212, 216, 217, 219, 220, 221, 222, 223, 224, 225, 226, 227, 229, 230, 233, 234, 235, 236, 237, 238, 239, 240, 241, 242, 244, 245, 246, 247, 248, 249, 251, 253, 256, 257, 258, 259, 260, 263, 264, 265, 266, 267, 268, 269, 270, 271, 272, 274, 275, 276, 277, 278, 279, 280, 281, 282, 283, 284, 285, 286, 287, 289, 290, 292, 293, 294, 295]
Linhas de Teste [11, 16, 17, 18, 22, 29, 33, 39, 43, 51, 55, 56, 59, 60, 62, 77, 82, 88, 91, 95, 97, 103, 105, 106, 109, 112, 120, 126, 131, 144, 145, 149, 151, 152, 157, 159, 162, 183, 193, 196, 198, 205, 213, 214, 215, 218, 228, 231, 232, 243, 250, 252, 254, 255, 261, 262, 273, 288, 291, 296]
R2 de Treino = 97.27
R2 de Teste = 96.88

131 / 150  87.33 %
Tempo restante 0:00:02.129577

#################  Rodada 130 / 150  86.67 %
Parâmetros ('EV_MA', 'TST_MA', 'WAI_MA', 'saz_sin', 'saz_cos')
Linhas de Treino [0, 1, 2, 3, 4, 5, 6, 7, 9, 10, 11, 12, 15, 17, 19, 20, 21, 23, 24, 25, 27, 28, 29, 30, 32, 33, 34, 36, 37, 39, 40, 42, 43, 44, 45, 46, 47, 48, 49, 50, 51, 52, 53, 55, 57, 58, 59, 60, 63, 65, 66, 67, 68, 69, 70, 71, 72, 73, 74, 76, 77, 79, 81, 82, 83, 84, 85, 87, 88, 89, 90, 91, 92, 93, 94, 95, 96, 97, 100, 101, 102, 103, 104, 105, 106, 107, 109, 110, 111, 112, 113, 114, 115, 116, 118, 119, 120, 121, 122, 123, 124, 125, 126, 127, 129, 130, 131, 132, 133, 134, 135, 136, 137, 138, 139, 140, 141, 142, 143, 144, 146, 148, 149, 150, 152, 153, 154, 156, 158, 159, 160, 161, 163, 164, 165, 166, 167, 168, 169, 170, 172, 173, 174, 175, 176, 177, 178, 179, 180, 181, 182, 184, 185, 186, 188, 189, 191, 192, 193, 194, 198, 199, 201, 204, 205, 206, 207, 211, 212, 214, 216, 217, 218, 219, 220, 221, 222, 223, 224, 225, 226, 227, 228, 229, 230, 231, 232, 233, 234, 235, 236, 237, 238, 239, 240, 241, 242, 243, 244, 246, 247, 248, 249, 251, 252, 253, 254, 255, 256, 258, 259, 261, 262, 263, 265, 266, 268, 269, 270, 271, 272, 273, 277, 278, 279, 280, 281, 283, 284, 286, 287, 289, 290, 291, 292, 293, 295, 296]
Linhas de Teste [8, 13, 14, 16, 18, 22, 26, 31, 35, 38, 41, 54, 56, 61, 62, 64, 75, 78, 80, 86, 98, 99, 108, 117, 128, 145, 147, 151, 155, 157, 162, 171, 183, 187, 190, 195, 196, 197, 200, 202, 203, 208, 209, 210, 213, 215, 245, 250, 257, 260, 264, 267, 274, 275, 276, 282, 285, 288, 294]
R2 de Treino = 77.38
R2 de Teste = 76.02

130 / 150  86.67 %
Tempo restante 0:00:02.584140

#################  Rodada 136 / 150  90.67 %
Parâmetros ('EV_CA', 'PRE_CA', 'TST_CA', 'saz_sin', 'saz_cos')
Linhas de Treino [1, 2, 4, 5, 7, 8, 9, 10, 11, 12, 13, 15, 16, 17, 18, 19, 21, 22, 24, 25, 26, 27, 28, 29, 30, 31, 32, 33, 34, 36, 37, 38, 39, 40, 41, 42, 43, 44, 45, 46, 47, 48, 49, 50, 51, 52, 54, 55, 56, 57, 61, 63, 64, 66, 67, 68, 69, 70, 71, 72, 73, 74, 76, 77, 78, 81, 82, 84, 85, 87, 91, 95, 96, 97, 98, 99, 101, 102, 103, 105, 106, 108, 109, 110, 111, 113, 114, 115, 116, 117, 118, 119, 121, 122, 123, 124, 125, 126, 127, 129, 130, 131, 132, 133, 134, 135, 136, 138, 139, 140, 142, 143, 145, 146, 148, 150, 151, 152, 153, 154, 156, 158, 159, 161, 162, 164, 165, 166, 167, 168, 169, 170, 171, 173, 177, 178, 179, 183, 184, 185, 186, 187, 188, 189, 191, 192, 193, 194, 195, 197, 198, 199, 203, 204, 205, 206, 207, 208, 209, 210, 211, 212, 213, 215, 216, 217, 218, 219, 220, 221, 222, 223, 224, 225, 227, 228, 229, 230, 231, 233, 234, 235, 236, 237, 238, 241, 242, 243, 245, 246, 247, 249, 250, 251, 252, 253, 254, 255, 256, 257, 258, 259, 260, 261, 262, 263, 264, 265, 266, 267, 269, 270, 271, 272, 273, 274, 275, 276, 277, 278, 279, 280, 281, 282, 283, 284, 285, 286, 287, 288, 289, 290, 291, 292, 293, 294, 296]
Linhas de Teste [0, 3, 6, 14, 20, 23, 35, 53, 58, 59, 60, 62, 65, 75, 79, 80, 83, 86, 88, 89, 90, 92, 93, 94, 100, 104, 107, 112, 120, 128, 137, 141, 144, 147, 149, 155, 157, 160, 163, 172, 174, 175, 176, 180, 181, 182, 190, 196, 200, 201, 202, 214, 226, 232, 239, 240, 244, 248, 268, 295]
R2 de Treino = 95.46
R2 de Teste = 93.6

136 / 150  90.67 %
Tempo restante 0:00:01.570716

#################  Rodada 132 / 150  88.0 %
Parâmetros ('EV_CE', 'PRE_CE', 'WAI_CE', 'saz_sin', 'saz_cos')
Linhas de Treino [0, 1, 2, 4, 5, 6, 7, 8, 9, 10, 11, 12, 13, 14, 16, 17, 18, 19, 20, 21, 22, 23, 24, 25, 26, 28, 29, 30, 33, 35, 36, 37, 38, 39, 41, 42, 43, 45, 46, 47, 48, 50, 51, 52, 54, 55, 56, 57, 59, 60, 61, 62, 63, 65, 66, 68, 69, 70, 71, 72, 73, 75, 77, 79, 81, 82, 83, 84, 85, 86, 88, 89, 90, 91, 92, 93, 94, 95, 96, 97, 98, 101, 102, 103, 104, 105, 106, 108, 109, 110, 111, 112, 113, 114, 116, 117, 119, 120, 122, 124, 125, 126, 127, 128, 129, 130, 131, 132, 134, 135, 137, 138, 139, 141, 143, 144, 145, 146, 148, 149, 150, 151, 152, 153, 154, 155, 157, 158, 159, 160, 161, 162, 163, 164, 165, 168, 172, 173, 175, 176, 177, 178, 179, 180, 181, 183, 184, 185, 186, 187, 188, 189, 190, 191, 192, 193, 195, 196, 197, 198, 200, 201, 202, 203, 205, 207, 208, 209, 210, 212, 213, 214, 215, 217, 218, 220, 222, 223, 224, 225, 226, 228, 229, 230, 231, 232, 234, 235, 236, 238, 241, 242, 243, 244, 245, 246, 247, 249, 250, 251, 252, 254, 255, 256, 257, 259, 260, 261, 262, 263, 265, 266, 267, 268, 269, 270, 272, 273, 274, 276, 277, 278, 279, 280, 281, 282, 283, 284, 285, 287, 288, 289, 291, 292, 293, 294, 296]
Linhas de Teste [3, 15, 27, 31, 32, 34, 40, 44, 49, 53, 58, 64, 67, 74, 76, 78, 80, 87, 99, 100, 107, 115, 118, 121, 123, 133, 136, 140, 142, 147, 156, 166, 167, 169, 170, 171, 174, 182, 194, 199, 204, 206, 211, 216, 219, 221, 227, 233, 237, 239, 240, 248, 253, 258, 264, 271, 275, 286, 290, 295]
R2 de Treino = 97.11
R2 de Teste = 97.05

132 / 150  88.0 %
Tempo restante 0:00:02.030148

#################  Rodada 131 / 150  87.33 %
Parâmetros ('EV_MA', 'TST_MA', 'WAI_MA', 'saz_sin', 'saz_cos')
Linhas de Treino [0, 1, 2, 3, 4, 5, 6, 7, 8, 9, 10, 12, 13, 14, 15, 19, 20, 21, 23, 24, 25, 26, 27, 28, 30, 31, 32, 34, 35, 36, 37, 38, 40, 41, 42, 44, 45, 46, 47, 48, 49, 50, 52, 53, 54, 57, 58, 61, 63, 64, 65, 66, 67, 68, 69, 70, 71, 72, 73, 74, 75, 76, 78, 79, 80, 81, 83, 84, 85, 86, 87, 89, 90, 92, 93, 94, 96, 98, 99, 100, 101, 102, 104, 107, 108, 110, 111, 113, 114, 115, 116, 117, 118, 119, 121, 122, 123, 124, 125, 127, 128, 129, 130, 132, 133, 134, 135, 136, 137, 138, 139, 140, 141, 142, 143, 146, 147, 148, 150, 153, 154, 155, 156, 158, 160, 161, 163, 164, 165, 166, 167, 168, 169, 170, 171, 172, 173, 174, 175, 176, 177, 178, 179, 180, 181, 182, 184, 185, 186, 187, 188, 189, 190, 191, 192, 194, 195, 197, 199, 200, 201, 202, 203, 204, 206, 207, 208, 209, 210, 211, 212, 216, 217, 219, 220, 221, 222, 223, 224, 225, 226, 227, 229, 230, 233, 234, 235, 236, 237, 238, 239, 240, 241, 242, 244, 245, 246, 247, 248, 249, 251, 253, 256, 257, 258, 259, 260, 263, 264, 265, 266, 267, 268, 269, 270, 271, 272, 274, 275, 276, 277, 278, 279, 280, 281, 282, 283, 284, 285, 286, 287, 289, 290, 292, 293, 294, 295]
Linhas de Teste [11, 16, 17, 18, 22, 29, 33, 39, 43, 51, 55, 56, 59, 60, 62, 77, 82, 88, 91, 95, 97, 103, 105, 106, 109, 112, 120, 126, 131, 144, 145, 149, 151, 152, 157, 159, 162, 183, 193, 196, 198, 205, 213, 214, 215, 218, 228, 231, 232, 243, 250, 252, 254, 255, 261, 262, 273, 288, 291, 296]
R2 de Treino = 78.84
R2 de Teste = 74.75

131 / 150  87.33 %
Tempo restante 0:00:02.218383

#################  Rodada 137 / 150  91.33 %
Parâmetros ('EV_CA', 'PRE_CA', 'TST_CA', 'saz_sin', 'saz_cos')
Linhas de Treino [0, 2, 3, 4, 6, 7, 8, 10, 11, 12, 14, 15, 18, 19, 20, 21, 22, 23, 24, 25, 26, 27, 28, 29, 30, 31, 32, 35, 36, 39, 40, 41, 42, 43, 44, 45, 46, 48, 51, 52, 53, 54, 55, 56, 57, 58, 59, 60, 61, 62, 63, 65, 66, 67, 68, 70, 71, 72, 73, 74, 75, 76, 78, 79, 80, 81, 82, 83, 84, 86, 88, 89, 90, 91, 92, 93, 94, 95, 96, 97, 99, 100, 101, 102, 103, 104, 105, 107, 109, 110, 111, 112, 113, 114, 116, 117, 118, 119, 120, 122, 123, 124, 125, 126, 127, 128, 129, 130, 132, 133, 134, 136, 137, 139, 140, 141, 142, 143, 144, 145, 146, 147, 148, 149, 151, 153, 154, 155, 156, 157, 158, 160, 161, 162, 163, 168, 169, 170, 171, 172, 173, 174, 175, 176, 178, 179, 180, 181, 182, 184, 186, 188, 190, 192, 193, 195, 196, 198, 200, 201, 202, 203, 204, 205, 206, 207, 208, 209, 210, 211, 212, 213, 214, 215, 216, 217, 218, 220, 221, 226, 227, 228, 229, 230, 231, 232, 233, 234, 235, 237, 238, 239, 240, 241, 242, 243, 244, 246, 247, 248, 250, 252, 253, 254, 256, 257, 258, 259, 261, 262, 263, 265, 266, 267, 268, 269, 271, 274, 275, 276, 277, 279, 280, 281, 282, 283, 284, 285, 286, 287, 289, 290, 292, 293, 294, 295, 296]
Linhas de Teste [1, 5, 9, 13, 16, 17, 33, 34, 37, 38, 47, 49, 50, 64, 69, 77, 85, 87, 98, 106, 108, 115, 121, 131, 135, 138, 150, 152, 159, 164, 165, 166, 167, 177, 183, 185, 187, 189, 191, 194, 197, 199, 219, 222, 223, 224, 225, 236, 245, 249, 251, 255, 260, 264, 270, 272, 273, 278, 288, 291]
R2 de Treino = 95.14
R2 de Teste = 94.59

137 / 150  91.33 %
Tempo restante 0:00:01.434589

#################  Rodada 133 / 150  88.67 %
Parâmetros ('EV_CE', 'PRE_CE', 'WAI_CE', 'saz_sin', 'saz_cos')
Linhas de Treino [0, 1, 2, 3, 4, 6, 7, 8, 9, 10, 11, 12, 14, 15, 16, 17, 18, 19, 20, 22, 25, 27, 28, 29, 30, 31, 32, 33, 34, 37, 38, 39, 40, 42, 43, 44, 45, 46, 47, 48, 49, 50, 51, 52, 53, 54, 55, 56, 57, 58, 59, 60, 61, 62, 63, 64, 65, 67, 68, 69, 71, 74, 75, 76, 77, 78, 80, 82, 83, 84, 87, 88, 89, 90, 91, 92, 93, 94, 95, 96, 97, 98, 99, 100, 101, 102, 103, 105, 106, 107, 109, 110, 112, 113, 114, 115, 116, 118, 119, 120, 121, 122, 123, 124, 125, 126, 127, 129, 130, 131, 132, 133, 136, 137, 138, 140, 142, 143, 144, 145, 146, 147, 148, 149, 151, 152, 153, 154, 156, 157, 158, 159, 161, 162, 163, 164, 165, 166, 167, 169, 170, 171, 173, 174, 176, 178, 179, 181, 182, 183, 185, 186, 187, 188, 190, 191, 192, 193, 194, 196, 197, 198, 199, 201, 202, 204, 205, 206, 207, 209, 211, 212, 213, 214, 215, 216, 217, 218, 219, 220, 221, 222, 223, 225, 226, 227, 228, 229, 231, 232, 233, 235, 236, 237, 239, 240, 242, 243, 247, 248, 249, 250, 252, 253, 254, 255, 256, 258, 259, 260, 261, 262, 263, 264, 265, 267, 268, 269, 270, 271, 272, 273, 274, 275, 277, 278, 280, 283, 284, 286, 287, 288, 290, 291, 293, 294, 295, 296]
Linhas de Teste [5, 13, 21, 23, 24, 26, 35, 36, 41, 66, 70, 72, 73, 79, 81, 85, 86, 104, 108, 111, 117, 128, 134, 135, 139, 141, 150, 155, 160, 168, 172, 175, 177, 180, 184, 189, 195, 200, 203, 208, 210, 224, 230, 234, 238, 241, 244, 245, 246, 251, 257, 266, 276, 279, 281, 282, 285, 289, 292]
R2 de Treino = 97.26
R2 de Teste = 95.85

133 / 150  88.67 %
Tempo restante 0:00:01.884484

#################  Rodada 132 / 150  88.0 %
Parâmetros ('EV_MA', 'TST_MA', 'WAI_MA', 'saz_sin', 'saz_cos')
Linhas de Treino [0, 1, 2, 4, 5, 6, 7, 8, 9, 10, 11, 12, 13, 14, 16, 17, 18, 19, 20, 21, 22, 23, 24, 25, 26, 28, 29, 30, 33, 35, 36, 37, 38, 39, 41, 42, 43, 45, 46, 47, 48, 50, 51, 52, 54, 55, 56, 57, 59, 60, 61, 62, 63, 65, 66, 68, 69, 70, 71, 72, 73, 75, 77, 79, 81, 82, 83, 84, 85, 86, 88, 89, 90, 91, 92, 93, 94, 95, 96, 97, 98, 101, 102, 103, 104, 105, 106, 108, 109, 110, 111, 112, 113, 114, 116, 117, 119, 120, 122, 124, 125, 126, 127, 128, 129, 130, 131, 132, 134, 135, 137, 138, 139, 141, 143, 144, 145, 146, 148, 149, 150, 151, 152, 153, 154, 155, 157, 158, 159, 160, 161, 162, 163, 164, 165, 168, 172, 173, 175, 176, 177, 178, 179, 180, 181, 183, 184, 185, 186, 187, 188, 189, 190, 191, 192, 193, 195, 196, 197, 198, 200, 201, 202, 203, 205, 207, 208, 209, 210, 212, 213, 214, 215, 217, 218, 220, 222, 223, 224, 225, 226, 228, 229, 230, 231, 232, 234, 235, 236, 238, 241, 242, 243, 244, 245, 246, 247, 249, 250, 251, 252, 254, 255, 256, 257, 259, 260, 261, 262, 263, 265, 266, 267, 268, 269, 270, 272, 273, 274, 276, 277, 278, 279, 280, 281, 282, 283, 284, 285, 287, 288, 289, 291, 292, 293, 294, 296]
Linhas de Teste [3, 15, 27, 31, 32, 34, 40, 44, 49, 53, 58, 64, 67, 74, 76, 78, 80, 87, 99, 100, 107, 115, 118, 121, 123, 133, 136, 140, 142, 147, 156, 166, 167, 169, 170, 171, 174, 182, 194, 199, 204, 206, 211, 216, 219, 221, 227, 233, 237, 239, 240, 248, 253, 258, 264, 271, 275, 286, 290, 295]
R2 de Treino = 79.2
R2 de Teste = 74.59

132 / 150  88.0 %
Tempo restante 0:00:02.030994

#################  Rodada 138 / 150  92.0 %
Parâmetros ('EV_CA', 'PRE_CA', 'TST_CA', 'saz_sin', 'saz_cos')
Linhas de Treino [0, 1, 2, 3, 5, 6, 7, 8, 9, 11, 13, 14, 16, 17, 19, 20, 23, 24, 25, 28, 29, 30, 31, 32, 33, 34, 35, 36, 37, 38, 40, 43, 44, 46, 47, 49, 50, 51, 53, 54, 55, 56, 57, 58, 59, 60, 61, 62, 63, 64, 65, 66, 67, 68, 69, 70, 73, 74, 75, 76, 77, 79, 80, 81, 83, 85, 86, 87, 88, 89, 90, 91, 92, 93, 94, 95, 96, 97, 98, 99, 100, 101, 104, 105, 106, 107, 108, 109, 111, 112, 113, 115, 117, 118, 119, 120, 121, 122, 125, 126, 128, 129, 130, 131, 132, 135, 136, 137, 138, 139, 140, 141, 142, 143, 144, 145, 147, 149, 150, 152, 153, 155, 156, 157, 158, 159, 160, 161, 162, 163, 164, 165, 166, 167, 169, 170, 171, 172, 173, 174, 175, 176, 177, 178, 180, 181, 182, 183, 184, 185, 187, 188, 189, 190, 191, 194, 195, 196, 197, 199, 200, 201, 202, 203, 204, 205, 206, 207, 208, 209, 210, 211, 214, 216, 217, 218, 219, 220, 221, 222, 223, 224, 225, 226, 228, 229, 230, 232, 233, 234, 235, 236, 237, 238, 239, 240, 241, 242, 244, 245, 246, 248, 249, 251, 252, 254, 255, 256, 258, 259, 260, 261, 262, 264, 266, 268, 269, 270, 272, 273, 274, 275, 276, 277, 278, 281, 282, 283, 284, 285, 286, 288, 290, 291, 293, 294, 295, 296]
Linhas de Teste [4, 10, 12, 15, 18, 21, 22, 26, 27, 39, 41, 42, 45, 48, 52, 71, 72, 78, 82, 84, 102, 103, 110, 114, 116, 123, 124, 127, 133, 134, 146, 148, 151, 154, 168, 179, 186, 192, 193, 198, 212, 213, 215, 227, 231, 243, 247, 250, 253, 257, 263, 265, 267, 271, 279, 280, 287, 289, 292]
R2 de Treino = 95.21
R2 de Teste = 94.4

138 / 150  92.0 %
Tempo restante 0:00:01.327380

#################  Rodada 134 / 150  89.33 %
Parâmetros ('EV_CE', 'PRE_CE', 'WAI_CE', 'saz_sin', 'saz_cos')
Linhas de Treino [1, 2, 3, 5, 6, 8, 9, 10, 11, 13, 15, 16, 17, 18, 20, 21, 22, 23, 24, 26, 27, 28, 29, 31, 32, 33, 34, 35, 36, 37, 38, 39, 40, 41, 42, 43, 44, 45, 46, 47, 49, 50, 51, 52, 53, 55, 56, 58, 59, 60, 62, 63, 64, 65, 66, 67, 68, 70, 72, 73, 74, 75, 76, 77, 78, 79, 80, 81, 82, 83, 85, 86, 87, 88, 90, 91, 95, 96, 97, 98, 99, 100, 101, 102, 103, 104, 105, 106, 107, 108, 109, 110, 111, 112, 113, 115, 117, 118, 120, 121, 122, 123, 124, 125, 126, 127, 128, 129, 131, 133, 134, 135, 136, 139, 140, 141, 142, 144, 145, 146, 147, 149, 150, 151, 152, 153, 155, 156, 157, 158, 159, 160, 161, 162, 163, 166, 167, 168, 169, 170, 171, 172, 174, 175, 177, 178, 180, 181, 182, 183, 184, 186, 187, 188, 189, 190, 191, 192, 193, 194, 195, 196, 198, 199, 200, 201, 202, 203, 204, 205, 206, 208, 209, 210, 211, 213, 214, 215, 216, 218, 219, 221, 222, 223, 224, 225, 227, 228, 229, 230, 231, 232, 233, 234, 235, 237, 238, 239, 240, 241, 243, 244, 245, 246, 248, 250, 251, 252, 253, 254, 255, 257, 258, 259, 260, 261, 262, 264, 266, 271, 273, 275, 276, 279, 280, 281, 282, 284, 285, 286, 288, 289, 290, 291, 292, 293, 295, 296]
Linhas de Teste [0, 4, 7, 12, 14, 19, 25, 30, 48, 54, 57, 61, 69, 71, 84, 89, 92, 93, 94, 114, 116, 119, 130, 132, 137, 138, 143, 148, 154, 164, 165, 173, 176, 179, 185, 197, 207, 212, 217, 220, 226, 236, 242, 247, 249, 256, 263, 265, 267, 268, 269, 270, 272, 274, 277, 278, 283, 287, 294]
R2 de Treino = 97.4
R2 de Teste = 96.44

134 / 150  89.33 %
Tempo restante 0:00:01.767568

#################  Rodada 133 / 150  88.67 %
Parâmetros ('EV_MA', 'TST_MA', 'WAI_MA', 'saz_sin', 'saz_cos')
Linhas de Treino [0, 1, 2, 3, 4, 6, 7, 8, 9, 10, 11, 12, 14, 15, 16, 17, 18, 19, 20, 22, 25, 27, 28, 29, 30, 31, 32, 33, 34, 37, 38, 39, 40, 42, 43, 44, 45, 46, 47, 48, 49, 50, 51, 52, 53, 54, 55, 56, 57, 58, 59, 60, 61, 62, 63, 64, 65, 67, 68, 69, 71, 74, 75, 76, 77, 78, 80, 82, 83, 84, 87, 88, 89, 90, 91, 92, 93, 94, 95, 96, 97, 98, 99, 100, 101, 102, 103, 105, 106, 107, 109, 110, 112, 113, 114, 115, 116, 118, 119, 120, 121, 122, 123, 124, 125, 126, 127, 129, 130, 131, 132, 133, 136, 137, 138, 140, 142, 143, 144, 145, 146, 147, 148, 149, 151, 152, 153, 154, 156, 157, 158, 159, 161, 162, 163, 164, 165, 166, 167, 169, 170, 171, 173, 174, 176, 178, 179, 181, 182, 183, 185, 186, 187, 188, 190, 191, 192, 193, 194, 196, 197, 198, 199, 201, 202, 204, 205, 206, 207, 209, 211, 212, 213, 214, 215, 216, 217, 218, 219, 220, 221, 222, 223, 225, 226, 227, 228, 229, 231, 232, 233, 235, 236, 237, 239, 240, 242, 243, 247, 248, 249, 250, 252, 253, 254, 255, 256, 258, 259, 260, 261, 262, 263, 264, 265, 267, 268, 269, 270, 271, 272, 273, 274, 275, 277, 278, 280, 283, 284, 286, 287, 288, 290, 291, 293, 294, 295, 296]
Linhas de Teste [5, 13, 21, 23, 24, 26, 35, 36, 41, 66, 70, 72, 73, 79, 81, 85, 86, 104, 108, 111, 117, 128, 134, 135, 139, 141, 150, 155, 160, 168, 172, 175, 177, 180, 184, 189, 195, 200, 203, 208, 210, 224, 230, 234, 238, 241, 244, 245, 246, 251, 257, 266, 276, 279, 281, 282, 285, 289, 292]
R2 de Treino = 75.49
R2 de Teste = 79.18

133 / 150  88.67 %
Tempo restante 0:00:01.965863

#################  Rodada 139 / 150  92.67 %
Parâmetros ('EV_CA', 'PRE_CA', 'TST_CA', 'saz_sin', 'saz_cos')
Linhas de Treino [0, 1, 3, 4, 5, 6, 7, 8, 9, 10, 11, 12, 13, 14, 15, 16, 17, 18, 19, 20, 21, 22, 23, 26, 27, 28, 31, 33, 34, 35, 36, 37, 38, 39, 41, 42, 43, 45, 47, 48, 49, 50, 51, 52, 53, 56, 57, 58, 59, 60, 61, 62, 64, 65, 68, 69, 71, 72, 73, 74, 75, 77, 78, 79, 80, 81, 82, 83, 84, 85, 86, 87, 88, 89, 90, 91, 92, 93, 94, 96, 97, 98, 99, 100, 101, 102, 103, 104, 105, 106, 107, 108, 110, 111, 112, 113, 114, 115, 116, 117, 118, 119, 120, 121, 122, 123, 124, 127, 128, 131, 132, 133, 134, 135, 136, 137, 138, 139, 141, 142, 143, 144, 145, 146, 147, 148, 149, 150, 151, 152, 154, 155, 156, 157, 159, 160, 163, 164, 165, 166, 167, 168, 169, 170, 171, 172, 174, 175, 176, 177, 179, 180, 181, 182, 183, 184, 185, 186, 187, 189, 190, 191, 192, 193, 194, 195, 196, 197, 198, 199, 200, 201, 202, 204, 205, 207, 209, 210, 212, 213, 214, 215, 216, 219, 222, 223, 224, 225, 226, 227, 228, 229, 230, 231, 232, 235, 236, 239, 240, 241, 243, 244, 245, 246, 247, 248, 249, 250, 251, 253, 254, 255, 257, 259, 260, 263, 264, 265, 267, 268, 269, 270, 271, 272, 273, 274, 277, 278, 279, 280, 287, 288, 289, 290, 291, 292, 293, 295]
Linhas de Teste [2, 24, 25, 29, 30, 32, 40, 44, 46, 54, 55, 63, 66, 67, 70, 76, 95, 109, 125, 126, 129, 130, 140, 153, 158, 161, 162, 173, 178, 188, 203, 206, 208, 211, 217, 218, 220, 221, 233, 234, 237, 238, 242, 252, 256, 258, 261, 262, 266, 275, 276, 281, 282, 283, 284, 285, 286, 294, 296]
R2 de Treino = 95.2
R2 de Teste = 94.06

139 / 150  92.67 %
Tempo restante 0:00:01.221704

#################  Rodada 135 / 150  90.0 %
Parâmetros ('EV_CE', 'PRE_CE', 'WAI_CE', 'saz_sin', 'saz_cos')
Linhas de Treino [0, 3, 4, 5, 7, 11, 12, 13, 14, 15, 16, 17, 18, 19, 21, 22, 23, 24, 25, 26, 27, 29, 30, 31, 32, 33, 34, 35, 36, 39, 40, 41, 43, 44, 48, 49, 51, 53, 54, 55, 56, 57, 58, 59, 60, 61, 62, 64, 66, 67, 69, 70, 71, 72, 73, 74, 76, 77, 78, 79, 80, 81, 82, 84, 85, 86, 87, 88, 89, 91, 92, 93, 94, 95, 97, 99, 100, 103, 104, 105, 106, 107, 108, 109, 111, 112, 114, 115, 116, 117, 118, 119, 120, 121, 123, 126, 128, 130, 131, 132, 133, 134, 135, 136, 137, 138, 139, 140, 141, 142, 143, 144, 145, 147, 148, 149, 150, 151, 152, 154, 155, 156, 157, 159, 160, 162, 164, 165, 166, 167, 168, 169, 170, 171, 172, 173, 174, 175, 176, 177, 179, 180, 182, 183, 184, 185, 189, 193, 194, 195, 196, 197, 198, 199, 200, 203, 204, 205, 206, 207, 208, 210, 211, 212, 213, 214, 215, 216, 217, 218, 219, 220, 221, 224, 226, 227, 228, 230, 231, 232, 233, 234, 236, 237, 238, 239, 240, 241, 242, 243, 244, 245, 246, 247, 248, 249, 250, 251, 252, 253, 254, 255, 256, 257, 258, 261, 262, 263, 264, 265, 266, 267, 268, 269, 270, 271, 272, 273, 274, 275, 276, 277, 278, 279, 281, 282, 283, 285, 286, 287, 288, 289, 290, 291, 292, 294, 295, 296]
Linhas de Teste [1, 2, 6, 8, 9, 10, 20, 28, 37, 38, 42, 45, 46, 47, 50, 52, 63, 65, 68, 75, 83, 90, 96, 98, 101, 102, 110, 113, 122, 124, 125, 127, 129, 146, 153, 158, 161, 163, 178, 181, 186, 187, 188, 190, 191, 192, 201, 202, 209, 222, 223, 225, 229, 235, 259, 260, 280, 284, 293]
R2 de Treino = 97.25
R2 de Teste = 96.41

135 / 150  90.0 %
Tempo restante 0:00:01.694025

#################  Rodada 134 / 150  89.33 %
Parâmetros ('EV_MA', 'TST_MA', 'WAI_MA', 'saz_sin', 'saz_cos')
Linhas de Treino [1, 2, 3, 5, 6, 8, 9, 10, 11, 13, 15, 16, 17, 18, 20, 21, 22, 23, 24, 26, 27, 28, 29, 31, 32, 33, 34, 35, 36, 37, 38, 39, 40, 41, 42, 43, 44, 45, 46, 47, 49, 50, 51, 52, 53, 55, 56, 58, 59, 60, 62, 63, 64, 65, 66, 67, 68, 70, 72, 73, 74, 75, 76, 77, 78, 79, 80, 81, 82, 83, 85, 86, 87, 88, 90, 91, 95, 96, 97, 98, 99, 100, 101, 102, 103, 104, 105, 106, 107, 108, 109, 110, 111, 112, 113, 115, 117, 118, 120, 121, 122, 123, 124, 125, 126, 127, 128, 129, 131, 133, 134, 135, 136, 139, 140, 141, 142, 144, 145, 146, 147, 149, 150, 151, 152, 153, 155, 156, 157, 158, 159, 160, 161, 162, 163, 166, 167, 168, 169, 170, 171, 172, 174, 175, 177, 178, 180, 181, 182, 183, 184, 186, 187, 188, 189, 190, 191, 192, 193, 194, 195, 196, 198, 199, 200, 201, 202, 203, 204, 205, 206, 208, 209, 210, 211, 213, 214, 215, 216, 218, 219, 221, 222, 223, 224, 225, 227, 228, 229, 230, 231, 232, 233, 234, 235, 237, 238, 239, 240, 241, 243, 244, 245, 246, 248, 250, 251, 252, 253, 254, 255, 257, 258, 259, 260, 261, 262, 264, 266, 271, 273, 275, 276, 279, 280, 281, 282, 284, 285, 286, 288, 289, 290, 291, 292, 293, 295, 296]
Linhas de Teste [0, 4, 7, 12, 14, 19, 25, 30, 48, 54, 57, 61, 69, 71, 84, 89, 92, 93, 94, 114, 116, 119, 130, 132, 137, 138, 143, 148, 154, 164, 165, 173, 176, 179, 185, 197, 207, 212, 217, 220, 226, 236, 242, 247, 249, 256, 263, 265, 267, 268, 269, 270, 272, 274, 277, 278, 283, 287, 294]
R2 de Treino = 79.96
R2 de Teste = 70.57

134 / 150  89.33 %
Tempo restante 0:00:01.886272

#################  Rodada 140 / 150  93.33 %
Parâmetros ('EV_CA', 'PRE_CA', 'TST_CA', 'saz_sin', 'saz_cos')
Linhas de Treino [0, 1, 2, 3, 4, 5, 6, 9, 10, 12, 13, 14, 15, 16, 17, 18, 20, 21, 22, 23, 24, 25, 26, 27, 29, 30, 32, 33, 34, 35, 37, 38, 39, 40, 41, 42, 44, 45, 46, 47, 48, 49, 50, 52, 53, 54, 55, 58, 59, 60, 62, 63, 64, 65, 66, 67, 69, 70, 71, 72, 75, 76, 77, 78, 79, 80, 82, 83, 84, 85, 86, 87, 88, 89, 90, 92, 93, 94, 95, 98, 100, 102, 103, 104, 106, 107, 108, 109, 110, 112, 114, 115, 116, 120, 121, 123, 124, 125, 126, 127, 128, 129, 130, 131, 133, 134, 135, 137, 138, 140, 141, 144, 146, 147, 148, 149, 150, 151, 152, 153, 154, 155, 157, 158, 159, 160, 161, 162, 163, 164, 165, 166, 167, 168, 172, 173, 174, 175, 176, 177, 178, 179, 180, 181, 182, 183, 185, 186, 187, 188, 189, 190, 191, 192, 193, 194, 196, 197, 198, 199, 200, 201, 202, 203, 206, 208, 211, 212, 213, 214, 215, 217, 218, 219, 220, 221, 222, 223, 224, 225, 226, 227, 231, 232, 233, 234, 236, 237, 238, 239, 240, 242, 243, 244, 245, 247, 248, 249, 250, 251, 252, 253, 255, 256, 257, 258, 260, 261, 262, 263, 264, 265, 266, 267, 268, 270, 271, 272, 273, 275, 276, 278, 279, 280, 281, 282, 283, 284, 285, 286, 287, 288, 289, 291, 292, 294, 295, 296]
Linhas de Teste [7, 8, 11, 19, 28, 31, 36, 43, 51, 56, 57, 61, 68, 73, 74, 81, 91, 96, 97, 99, 101, 105, 111, 113, 117, 118, 119, 122, 132, 136, 139, 142, 143, 145, 156, 169, 170, 171, 184, 195, 204, 205, 207, 209, 210, 216, 228, 229, 230, 235, 241, 246, 254, 259, 269, 274, 277, 290, 293]
R2 de Treino = 95.01
R2 de Teste = 94.6

140 / 150  93.33 %
Tempo restante 0:00:01.123240

#################  Rodada 136 / 150  90.67 %
Parâmetros ('EV_CE', 'PRE_CE', 'WAI_CE', 'saz_sin', 'saz_cos')
Linhas de Treino [1, 2, 4, 5, 7, 8, 9, 10, 11, 12, 13, 15, 16, 17, 18, 19, 21, 22, 24, 25, 26, 27, 28, 29, 30, 31, 32, 33, 34, 36, 37, 38, 39, 40, 41, 42, 43, 44, 45, 46, 47, 48, 49, 50, 51, 52, 54, 55, 56, 57, 61, 63, 64, 66, 67, 68, 69, 70, 71, 72, 73, 74, 76, 77, 78, 81, 82, 84, 85, 87, 91, 95, 96, 97, 98, 99, 101, 102, 103, 105, 106, 108, 109, 110, 111, 113, 114, 115, 116, 117, 118, 119, 121, 122, 123, 124, 125, 126, 127, 129, 130, 131, 132, 133, 134, 135, 136, 138, 139, 140, 142, 143, 145, 146, 148, 150, 151, 152, 153, 154, 156, 158, 159, 161, 162, 164, 165, 166, 167, 168, 169, 170, 171, 173, 177, 178, 179, 183, 184, 185, 186, 187, 188, 189, 191, 192, 193, 194, 195, 197, 198, 199, 203, 204, 205, 206, 207, 208, 209, 210, 211, 212, 213, 215, 216, 217, 218, 219, 220, 221, 222, 223, 224, 225, 227, 228, 229, 230, 231, 233, 234, 235, 236, 237, 238, 241, 242, 243, 245, 246, 247, 249, 250, 251, 252, 253, 254, 255, 256, 257, 258, 259, 260, 261, 262, 263, 264, 265, 266, 267, 269, 270, 271, 272, 273, 274, 275, 276, 277, 278, 279, 280, 281, 282, 283, 284, 285, 286, 287, 288, 289, 290, 291, 292, 293, 294, 296]
Linhas de Teste [0, 3, 6, 14, 20, 23, 35, 53, 58, 59, 60, 62, 65, 75, 79, 80, 83, 86, 88, 89, 90, 92, 93, 94, 100, 104, 107, 112, 120, 128, 137, 141, 144, 147, 149, 155, 157, 160, 163, 172, 174, 175, 176, 180, 181, 182, 190, 196, 200, 201, 202, 214, 226, 232, 239, 240, 244, 248, 268, 295]
R2 de Treino = 97.04
R2 de Teste = 96.62

136 / 150  90.67 %
Tempo restante 0:00:01.568364

#################  Rodada 135 / 150  90.0 %
Parâmetros ('EV_MA', 'TST_MA', 'WAI_MA', 'saz_sin', 'saz_cos')
Linhas de Treino [0, 3, 4, 5, 7, 11, 12, 13, 14, 15, 16, 17, 18, 19, 21, 22, 23, 24, 25, 26, 27, 29, 30, 31, 32, 33, 34, 35, 36, 39, 40, 41, 43, 44, 48, 49, 51, 53, 54, 55, 56, 57, 58, 59, 60, 61, 62, 64, 66, 67, 69, 70, 71, 72, 73, 74, 76, 77, 78, 79, 80, 81, 82, 84, 85, 86, 87, 88, 89, 91, 92, 93, 94, 95, 97, 99, 100, 103, 104, 105, 106, 107, 108, 109, 111, 112, 114, 115, 116, 117, 118, 119, 120, 121, 123, 126, 128, 130, 131, 132, 133, 134, 135, 136, 137, 138, 139, 140, 141, 142, 143, 144, 145, 147, 148, 149, 150, 151, 152, 154, 155, 156, 157, 159, 160, 162, 164, 165, 166, 167, 168, 169, 170, 171, 172, 173, 174, 175, 176, 177, 179, 180, 182, 183, 184, 185, 189, 193, 194, 195, 196, 197, 198, 199, 200, 203, 204, 205, 206, 207, 208, 210, 211, 212, 213, 214, 215, 216, 217, 218, 219, 220, 221, 224, 226, 227, 228, 230, 231, 232, 233, 234, 236, 237, 238, 239, 240, 241, 242, 243, 244, 245, 246, 247, 248, 249, 250, 251, 252, 253, 254, 255, 256, 257, 258, 261, 262, 263, 264, 265, 266, 267, 268, 269, 270, 271, 272, 273, 274, 275, 276, 277, 278, 279, 281, 282, 283, 285, 286, 287, 288, 289, 290, 291, 292, 294, 295, 296]
Linhas de Teste [1, 2, 6, 8, 9, 10, 20, 28, 37, 38, 42, 45, 46, 47, 50, 52, 63, 65, 68, 75, 83, 90, 96, 98, 101, 102, 110, 113, 122, 124, 125, 127, 129, 146, 153, 158, 161, 163, 178, 181, 186, 187, 188, 190, 191, 192, 201, 202, 209, 222, 223, 225, 229, 235, 259, 260, 280, 284, 293]
R2 de Treino = 79.71
R2 de Teste = 68.01

135 / 150  90.0 %
Tempo restante 0:00:01.827960

#################  Rodada 141 / 150  94.0 %
Parâmetros ('EV_CA', 'PRE_CA', 'TST_CA', 'saz_sin', 'saz_cos')
Linhas de Treino [0, 1, 2, 3, 4, 6, 8, 10, 11, 12, 13, 14, 15, 16, 17, 18, 19, 20, 21, 22, 23, 24, 25, 26, 27, 28, 29, 30, 31, 32, 33, 34, 35, 36, 37, 38, 40, 42, 43, 44, 45, 46, 47, 48, 50, 51, 52, 53, 54, 56, 57, 58, 59, 60, 62, 63, 65, 66, 68, 69, 70, 71, 72, 73, 74, 75, 76, 78, 79, 80, 81, 83, 84, 85, 86, 87, 88, 89, 90, 91, 92, 93, 94, 95, 96, 97, 98, 99, 100, 101, 102, 103, 104, 105, 106, 107, 108, 109, 111, 112, 114, 115, 119, 120, 123, 125, 126, 127, 129, 130, 131, 132, 135, 136, 137, 139, 141, 142, 143, 144, 145, 146, 147, 148, 149, 150, 151, 152, 153, 155, 157, 158, 159, 160, 162, 163, 164, 167, 168, 169, 170, 171, 172, 173, 174, 175, 176, 177, 179, 180, 181, 182, 183, 184, 185, 187, 188, 189, 190, 191, 193, 195, 196, 197, 198, 199, 201, 203, 204, 205, 207, 208, 209, 211, 212, 213, 214, 215, 216, 217, 218, 219, 223, 224, 226, 227, 230, 232, 234, 235, 237, 239, 240, 241, 243, 244, 245, 246, 247, 248, 249, 250, 251, 252, 253, 254, 255, 256, 257, 258, 259, 261, 262, 263, 264, 265, 266, 267, 268, 269, 270, 272, 274, 275, 276, 279, 280, 282, 283, 284, 285, 286, 289, 290, 291, 293, 296]
Linhas de Teste [5, 7, 9, 39, 41, 49, 55, 61, 64, 67, 77, 82, 110, 113, 116, 117, 118, 121, 122, 124, 128, 133, 134, 138, 140, 154, 156, 161, 165, 166, 178, 186, 192, 194, 200, 202, 206, 210, 220, 221, 222, 225, 228, 229, 231, 233, 236, 238, 242, 260, 271, 273, 277, 278, 281, 287, 288, 292, 294, 295]
R2 de Treino = 95.27
R2 de Teste = 93.93

141 / 150  94.0 %
Tempo restante 0:00:01.112310

#################  Rodada 137 / 150  91.33 %
Parâmetros ('EV_CE', 'PRE_CE', 'WAI_CE', 'saz_sin', 'saz_cos')
Linhas de Treino [0, 2, 3, 4, 6, 7, 8, 10, 11, 12, 14, 15, 18, 19, 20, 21, 22, 23, 24, 25, 26, 27, 28, 29, 30, 31, 32, 35, 36, 39, 40, 41, 42, 43, 44, 45, 46, 48, 51, 52, 53, 54, 55, 56, 57, 58, 59, 60, 61, 62, 63, 65, 66, 67, 68, 70, 71, 72, 73, 74, 75, 76, 78, 79, 80, 81, 82, 83, 84, 86, 88, 89, 90, 91, 92, 93, 94, 95, 96, 97, 99, 100, 101, 102, 103, 104, 105, 107, 109, 110, 111, 112, 113, 114, 116, 117, 118, 119, 120, 122, 123, 124, 125, 126, 127, 128, 129, 130, 132, 133, 134, 136, 137, 139, 140, 141, 142, 143, 144, 145, 146, 147, 148, 149, 151, 153, 154, 155, 156, 157, 158, 160, 161, 162, 163, 168, 169, 170, 171, 172, 173, 174, 175, 176, 178, 179, 180, 181, 182, 184, 186, 188, 190, 192, 193, 195, 196, 198, 200, 201, 202, 203, 204, 205, 206, 207, 208, 209, 210, 211, 212, 213, 214, 215, 216, 217, 218, 220, 221, 226, 227, 228, 229, 230, 231, 232, 233, 234, 235, 237, 238, 239, 240, 241, 242, 243, 244, 246, 247, 248, 250, 252, 253, 254, 256, 257, 258, 259, 261, 262, 263, 265, 266, 267, 268, 269, 271, 274, 275, 276, 277, 279, 280, 281, 282, 283, 284, 285, 286, 287, 289, 290, 292, 293, 294, 295, 296]
Linhas de Teste [1, 5, 9, 13, 16, 17, 33, 34, 37, 38, 47, 49, 50, 64, 69, 77, 85, 87, 98, 106, 108, 115, 121, 131, 135, 138, 150, 152, 159, 164, 165, 166, 167, 177, 183, 185, 187, 189, 191, 194, 197, 199, 219, 222, 223, 224, 225, 236, 245, 249, 251, 255, 260, 264, 270, 272, 273, 278, 288, 291]
R2 de Treino = 97.15
R2 de Teste = 97.35

137 / 150  91.33 %
Tempo restante 0:00:01.572064

#################  Rodada 136 / 150  90.67 %
Parâmetros ('EV_MA', 'TST_MA', 'WAI_MA', 'saz_sin', 'saz_cos')
Linhas de Treino [1, 2, 4, 5, 7, 8, 9, 10, 11, 12, 13, 15, 16, 17, 18, 19, 21, 22, 24, 25, 26, 27, 28, 29, 30, 31, 32, 33, 34, 36, 37, 38, 39, 40, 41, 42, 43, 44, 45, 46, 47, 48, 49, 50, 51, 52, 54, 55, 56, 57, 61, 63, 64, 66, 67, 68, 69, 70, 71, 72, 73, 74, 76, 77, 78, 81, 82, 84, 85, 87, 91, 95, 96, 97, 98, 99, 101, 102, 103, 105, 106, 108, 109, 110, 111, 113, 114, 115, 116, 117, 118, 119, 121, 122, 123, 124, 125, 126, 127, 129, 130, 131, 132, 133, 134, 135, 136, 138, 139, 140, 142, 143, 145, 146, 148, 150, 151, 152, 153, 154, 156, 158, 159, 161, 162, 164, 165, 166, 167, 168, 169, 170, 171, 173, 177, 178, 179, 183, 184, 185, 186, 187, 188, 189, 191, 192, 193, 194, 195, 197, 198, 199, 203, 204, 205, 206, 207, 208, 209, 210, 211, 212, 213, 215, 216, 217, 218, 219, 220, 221, 222, 223, 224, 225, 227, 228, 229, 230, 231, 233, 234, 235, 236, 237, 238, 241, 242, 243, 245, 246, 247, 249, 250, 251, 252, 253, 254, 255, 256, 257, 258, 259, 260, 261, 262, 263, 264, 265, 266, 267, 269, 270, 271, 272, 273, 274, 275, 276, 277, 278, 279, 280, 281, 282, 283, 284, 285, 286, 287, 288, 289, 290, 291, 292, 293, 294, 296]
Linhas de Teste [0, 3, 6, 14, 20, 23, 35, 53, 58, 59, 60, 62, 65, 75, 79, 80, 83, 86, 88, 89, 90, 92, 93, 94, 100, 104, 107, 112, 120, 128, 137, 141, 144, 147, 149, 155, 157, 160, 163, 172, 174, 175, 176, 180, 181, 182, 190, 196, 200, 201, 202, 214, 226, 232, 239, 240, 244, 248, 268, 295]
R2 de Treino = 77.0
R2 de Teste = 84.02

136 / 150  90.67 %
Tempo restante 0:00:01.773380

#################  Rodada 142 / 150  94.67 %
Parâmetros ('EV_CA', 'PRE_CA', 'TST_CA', 'saz_sin', 'saz_cos')
Linhas de Treino [0, 1, 2, 3, 4, 5, 6, 7, 8, 9, 10, 11, 12, 13, 14, 15, 16, 17, 18, 19, 20, 21, 22, 23, 24, 25, 26, 27, 28, 30, 31, 32, 33, 34, 35, 37, 38, 39, 40, 41, 43, 46, 47, 48, 49, 50, 52, 54, 55, 56, 57, 59, 60, 61, 62, 64, 65, 66, 67, 68, 69, 72, 73, 75, 76, 77, 78, 79, 82, 83, 84, 86, 87, 88, 89, 90, 91, 92, 93, 98, 100, 102, 103, 104, 108, 110, 111, 112, 113, 114, 115, 116, 117, 118, 119, 120, 121, 122, 123, 124, 126, 127, 128, 129, 130, 132, 133, 134, 136, 137, 138, 139, 140, 141, 144, 145, 146, 147, 148, 150, 151, 152, 153, 154, 156, 157, 158, 159, 160, 161, 164, 165, 166, 167, 168, 170, 171, 172, 173, 174, 175, 177, 178, 179, 180, 181, 184, 185, 186, 187, 191, 192, 194, 197, 198, 199, 200, 202, 203, 204, 205, 206, 207, 209, 210, 211, 212, 213, 214, 215, 217, 218, 219, 220, 221, 222, 223, 224, 225, 226, 227, 228, 229, 230, 231, 232, 233, 235, 236, 237, 238, 241, 242, 243, 245, 246, 247, 248, 249, 250, 255, 256, 258, 259, 260, 261, 262, 264, 265, 266, 267, 268, 269, 271, 272, 273, 274, 275, 276, 277, 278, 279, 280, 281, 282, 285, 286, 287, 288, 289, 290, 291, 292, 293, 294, 295, 296]
Linhas de Teste [29, 36, 42, 44, 45, 51, 53, 58, 63, 70, 71, 74, 80, 81, 85, 94, 95, 96, 97, 99, 101, 105, 106, 107, 109, 125, 131, 135, 142, 143, 149, 155, 162, 163, 169, 176, 182, 183, 188, 189, 190, 193, 195, 196, 201, 208, 216, 234, 239, 240, 244, 251, 252, 253, 254, 257, 263, 270, 283, 284]
R2 de Treino = 95.25
R2 de Teste = 94.35

142 / 150  94.67 %
Tempo restante 0:00:00.931120

#################  Rodada 138 / 150  92.0 %
Parâmetros ('EV_CE', 'PRE_CE', 'WAI_CE', 'saz_sin', 'saz_cos')
Linhas de Treino [0, 1, 2, 3, 5, 6, 7, 8, 9, 11, 13, 14, 16, 17, 19, 20, 23, 24, 25, 28, 29, 30, 31, 32, 33, 34, 35, 36, 37, 38, 40, 43, 44, 46, 47, 49, 50, 51, 53, 54, 55, 56, 57, 58, 59, 60, 61, 62, 63, 64, 65, 66, 67, 68, 69, 70, 73, 74, 75, 76, 77, 79, 80, 81, 83, 85, 86, 87, 88, 89, 90, 91, 92, 93, 94, 95, 96, 97, 98, 99, 100, 101, 104, 105, 106, 107, 108, 109, 111, 112, 113, 115, 117, 118, 119, 120, 121, 122, 125, 126, 128, 129, 130, 131, 132, 135, 136, 137, 138, 139, 140, 141, 142, 143, 144, 145, 147, 149, 150, 152, 153, 155, 156, 157, 158, 159, 160, 161, 162, 163, 164, 165, 166, 167, 169, 170, 171, 172, 173, 174, 175, 176, 177, 178, 180, 181, 182, 183, 184, 185, 187, 188, 189, 190, 191, 194, 195, 196, 197, 199, 200, 201, 202, 203, 204, 205, 206, 207, 208, 209, 210, 211, 214, 216, 217, 218, 219, 220, 221, 222, 223, 224, 225, 226, 228, 229, 230, 232, 233, 234, 235, 236, 237, 238, 239, 240, 241, 242, 244, 245, 246, 248, 249, 251, 252, 254, 255, 256, 258, 259, 260, 261, 262, 264, 266, 268, 269, 270, 272, 273, 274, 275, 276, 277, 278, 281, 282, 283, 284, 285, 286, 288, 290, 291, 293, 294, 295, 296]
Linhas de Teste [4, 10, 12, 15, 18, 21, 22, 26, 27, 39, 41, 42, 45, 48, 52, 71, 72, 78, 82, 84, 102, 103, 110, 114, 116, 123, 124, 127, 133, 134, 146, 148, 151, 154, 168, 179, 186, 192, 193, 198, 212, 213, 215, 227, 231, 243, 247, 250, 253, 257, 263, 265, 267, 271, 279, 280, 287, 289, 292]
R2 de Treino = 97.59
R2 de Teste = 95.07

138 / 150  92.0 %
Tempo restante 0:00:01.402296

#################  Rodada 137 / 150  91.33 %
Parâmetros ('EV_MA', 'TST_MA', 'WAI_MA', 'saz_sin', 'saz_cos')
Linhas de Treino [0, 2, 3, 4, 6, 7, 8, 10, 11, 12, 14, 15, 18, 19, 20, 21, 22, 23, 24, 25, 26, 27, 28, 29, 30, 31, 32, 35, 36, 39, 40, 41, 42, 43, 44, 45, 46, 48, 51, 52, 53, 54, 55, 56, 57, 58, 59, 60, 61, 62, 63, 65, 66, 67, 68, 70, 71, 72, 73, 74, 75, 76, 78, 79, 80, 81, 82, 83, 84, 86, 88, 89, 90, 91, 92, 93, 94, 95, 96, 97, 99, 100, 101, 102, 103, 104, 105, 107, 109, 110, 111, 112, 113, 114, 116, 117, 118, 119, 120, 122, 123, 124, 125, 126, 127, 128, 129, 130, 132, 133, 134, 136, 137, 139, 140, 141, 142, 143, 144, 145, 146, 147, 148, 149, 151, 153, 154, 155, 156, 157, 158, 160, 161, 162, 163, 168, 169, 170, 171, 172, 173, 174, 175, 176, 178, 179, 180, 181, 182, 184, 186, 188, 190, 192, 193, 195, 196, 198, 200, 201, 202, 203, 204, 205, 206, 207, 208, 209, 210, 211, 212, 213, 214, 215, 216, 217, 218, 220, 221, 226, 227, 228, 229, 230, 231, 232, 233, 234, 235, 237, 238, 239, 240, 241, 242, 243, 244, 246, 247, 248, 250, 252, 253, 254, 256, 257, 258, 259, 261, 262, 263, 265, 266, 267, 268, 269, 271, 274, 275, 276, 277, 279, 280, 281, 282, 283, 284, 285, 286, 287, 289, 290, 292, 293, 294, 295, 296]
Linhas de Teste [1, 5, 9, 13, 16, 17, 33, 34, 37, 38, 47, 49, 50, 64, 69, 77, 85, 87, 98, 106, 108, 115, 121, 131, 135, 138, 150, 152, 159, 164, 165, 166, 167, 177, 183, 185, 187, 189, 191, 194, 197, 199, 219, 222, 223, 224, 225, 236, 245, 249, 251, 255, 260, 264, 270, 272, 273, 278, 288, 291]
R2 de Treino = 80.88
R2 de Teste = 67.13

137 / 150  91.33 %
Tempo restante 0:00:01.587378

#################  Rodada 143 / 150  95.33 %
Parâmetros ('EV_CA', 'PRE_CA', 'TST_CA', 'saz_sin', 'saz_cos')
Linhas de Treino [0, 1, 3, 4, 5, 6, 7, 9, 10, 12, 14, 15, 16, 19, 20, 21, 23, 24, 25, 26, 27, 29, 30, 34, 35, 36, 37, 38, 39, 41, 42, 43, 44, 45, 46, 47, 48, 49, 50, 51, 52, 53, 55, 56, 57, 58, 60, 61, 62, 63, 64, 66, 67, 68, 70, 71, 73, 74, 75, 76, 77, 80, 81, 82, 84, 85, 86, 88, 92, 93, 94, 95, 96, 97, 98, 99, 100, 101, 102, 103, 104, 105, 106, 107, 108, 109, 110, 111, 113, 114, 115, 116, 117, 118, 120, 121, 122, 123, 124, 125, 126, 127, 128, 129, 130, 131, 132, 133, 134, 135, 136, 138, 139, 140, 142, 143, 145, 146, 147, 148, 149, 152, 154, 155, 156, 157, 158, 159, 160, 161, 162, 163, 164, 165, 166, 167, 168, 169, 171, 172, 173, 174, 176, 177, 178, 179, 181, 182, 183, 184, 186, 187, 188, 189, 190, 192, 193, 194, 195, 196, 197, 199, 200, 201, 202, 203, 204, 205, 206, 208, 209, 210, 211, 213, 214, 215, 216, 219, 220, 221, 222, 223, 224, 225, 226, 228, 229, 230, 231, 232, 233, 234, 236, 237, 238, 239, 240, 241, 242, 243, 244, 247, 248, 251, 252, 253, 254, 255, 257, 260, 261, 263, 265, 266, 267, 268, 269, 270, 271, 272, 273, 274, 275, 277, 278, 280, 281, 282, 283, 284, 287, 288, 289, 290, 292, 293, 294, 295]
Linhas de Teste [2, 8, 11, 13, 17, 18, 22, 28, 31, 32, 33, 40, 54, 59, 65, 69, 72, 78, 79, 83, 87, 89, 90, 91, 112, 119, 137, 141, 144, 150, 151, 153, 170, 175, 180, 185, 191, 198, 207, 212, 217, 218, 227, 235, 245, 246, 249, 250, 256, 258, 259, 262, 264, 276, 279, 285, 286, 291, 296]
R2 de Treino = 95.1
R2 de Teste = 94.66

143 / 150  95.33 %
Tempo restante 0:00:00.817894

#################  Rodada 139 / 150  92.67 %
Parâmetros ('EV_CE', 'PRE_CE', 'WAI_CE', 'saz_sin', 'saz_cos')
Linhas de Treino [0, 1, 3, 4, 5, 6, 7, 8, 9, 10, 11, 12, 13, 14, 15, 16, 17, 18, 19, 20, 21, 22, 23, 26, 27, 28, 31, 33, 34, 35, 36, 37, 38, 39, 41, 42, 43, 45, 47, 48, 49, 50, 51, 52, 53, 56, 57, 58, 59, 60, 61, 62, 64, 65, 68, 69, 71, 72, 73, 74, 75, 77, 78, 79, 80, 81, 82, 83, 84, 85, 86, 87, 88, 89, 90, 91, 92, 93, 94, 96, 97, 98, 99, 100, 101, 102, 103, 104, 105, 106, 107, 108, 110, 111, 112, 113, 114, 115, 116, 117, 118, 119, 120, 121, 122, 123, 124, 127, 128, 131, 132, 133, 134, 135, 136, 137, 138, 139, 141, 142, 143, 144, 145, 146, 147, 148, 149, 150, 151, 152, 154, 155, 156, 157, 159, 160, 163, 164, 165, 166, 167, 168, 169, 170, 171, 172, 174, 175, 176, 177, 179, 180, 181, 182, 183, 184, 185, 186, 187, 189, 190, 191, 192, 193, 194, 195, 196, 197, 198, 199, 200, 201, 202, 204, 205, 207, 209, 210, 212, 213, 214, 215, 216, 219, 222, 223, 224, 225, 226, 227, 228, 229, 230, 231, 232, 235, 236, 239, 240, 241, 243, 244, 245, 246, 247, 248, 249, 250, 251, 253, 254, 255, 257, 259, 260, 263, 264, 265, 267, 268, 269, 270, 271, 272, 273, 274, 277, 278, 279, 280, 287, 288, 289, 290, 291, 292, 293, 295]
Linhas de Teste [2, 24, 25, 29, 30, 32, 40, 44, 46, 54, 55, 63, 66, 67, 70, 76, 95, 109, 125, 126, 129, 130, 140, 153, 158, 161, 162, 173, 178, 188, 203, 206, 208, 211, 217, 218, 220, 221, 233, 234, 237, 238, 242, 252, 256, 258, 261, 262, 266, 275, 276, 281, 282, 283, 284, 285, 286, 294, 296]
R2 de Treino = 97.17
R2 de Teste = 97.08

139 / 150  92.67 %
Tempo restante 0:00:01.276022

#################  Rodada 138 / 150  92.0 %
Parâmetros ('EV_MA', 'TST_MA', 'WAI_MA', 'saz_sin', 'saz_cos')
Linhas de Treino [0, 1, 2, 3, 5, 6, 7, 8, 9, 11, 13, 14, 16, 17, 19, 20, 23, 24, 25, 28, 29, 30, 31, 32, 33, 34, 35, 36, 37, 38, 40, 43, 44, 46, 47, 49, 50, 51, 53, 54, 55, 56, 57, 58, 59, 60, 61, 62, 63, 64, 65, 66, 67, 68, 69, 70, 73, 74, 75, 76, 77, 79, 80, 81, 83, 85, 86, 87, 88, 89, 90, 91, 92, 93, 94, 95, 96, 97, 98, 99, 100, 101, 104, 105, 106, 107, 108, 109, 111, 112, 113, 115, 117, 118, 119, 120, 121, 122, 125, 126, 128, 129, 130, 131, 132, 135, 136, 137, 138, 139, 140, 141, 142, 143, 144, 145, 147, 149, 150, 152, 153, 155, 156, 157, 158, 159, 160, 161, 162, 163, 164, 165, 166, 167, 169, 170, 171, 172, 173, 174, 175, 176, 177, 178, 180, 181, 182, 183, 184, 185, 187, 188, 189, 190, 191, 194, 195, 196, 197, 199, 200, 201, 202, 203, 204, 205, 206, 207, 208, 209, 210, 211, 214, 216, 217, 218, 219, 220, 221, 222, 223, 224, 225, 226, 228, 229, 230, 232, 233, 234, 235, 236, 237, 238, 239, 240, 241, 242, 244, 245, 246, 248, 249, 251, 252, 254, 255, 256, 258, 259, 260, 261, 262, 264, 266, 268, 269, 270, 272, 273, 274, 275, 276, 277, 278, 281, 282, 283, 284, 285, 286, 288, 290, 291, 293, 294, 295, 296]
Linhas de Teste [4, 10, 12, 15, 18, 21, 22, 26, 27, 39, 41, 42, 45, 48, 52, 71, 72, 78, 82, 84, 102, 103, 110, 114, 116, 123, 124, 127, 133, 134, 146, 148, 151, 154, 168, 179, 186, 192, 193, 198, 212, 213, 215, 227, 231, 243, 247, 250, 253, 257, 263, 265, 267, 271, 279, 280, 287, 289, 292]
R2 de Treino = 79.26
R2 de Teste = 72.22

138 / 150  92.0 %
Tempo restante 0:00:01.452096

#################  Rodada 144 / 150  96.0 %
Parâmetros ('EV_CA', 'PRE_CA', 'TST_CA', 'saz_sin', 'saz_cos')
Linhas de Treino [1, 2, 5, 7, 8, 9, 10, 11, 13, 16, 17, 18, 19, 20, 22, 24, 25, 26, 27, 28, 29, 30, 31, 32, 33, 36, 37, 39, 40, 41, 42, 43, 44, 45, 49, 51, 53, 54, 55, 57, 58, 59, 60, 61, 63, 64, 65, 67, 68, 69, 70, 71, 72, 74, 75, 77, 78, 79, 80, 81, 82, 83, 84, 85, 86, 87, 89, 90, 91, 92, 93, 94, 95, 96, 97, 98, 99, 100, 101, 104, 105, 106, 107, 109, 110, 112, 113, 114, 116, 117, 118, 119, 120, 121, 122, 124, 125, 126, 128, 129, 131, 132, 133, 134, 135, 137, 138, 140, 141, 142, 143, 144, 147, 148, 149, 150, 151, 153, 154, 155, 156, 157, 159, 160, 161, 162, 163, 164, 165, 166, 167, 169, 170, 172, 173, 175, 176, 178, 179, 180, 182, 183, 185, 186, 188, 189, 190, 191, 192, 193, 194, 195, 196, 197, 198, 200, 201, 202, 203, 206, 207, 208, 210, 212, 213, 214, 215, 216, 217, 218, 219, 220, 221, 222, 225, 226, 227, 228, 229, 230, 231, 233, 234, 235, 236, 238, 239, 240, 241, 242, 243, 244, 245, 246, 247, 248, 249, 250, 251, 252, 253, 254, 255, 256, 257, 258, 259, 260, 261, 262, 263, 264, 266, 270, 271, 273, 274, 275, 276, 277, 278, 279, 280, 281, 282, 283, 284, 285, 286, 287, 288, 289, 291, 292, 293, 294, 295, 296]
Linhas de Teste [0, 3, 4, 6, 12, 14, 15, 21, 23, 34, 35, 38, 46, 47, 48, 50, 52, 56, 62, 66, 73, 76, 88, 102, 103, 108, 111, 115, 123, 127, 130, 136, 139, 145, 146, 152, 158, 168, 171, 174, 177, 181, 184, 187, 199, 204, 205, 209, 211, 223, 224, 232, 237, 265, 267, 268, 269, 272, 290]
R2 de Treino = 94.74
R2 de Teste = 96.05

144 / 150  96.0 %
Tempo restante 0:00:00.686862

#################  Rodada 140 / 150  93.33 %
Parâmetros ('EV_CE', 'PRE_CE', 'WAI_CE', 'saz_sin', 'saz_cos')
Linhas de Treino [0, 1, 2, 3, 4, 5, 6, 9, 10, 12, 13, 14, 15, 16, 17, 18, 20, 21, 22, 23, 24, 25, 26, 27, 29, 30, 32, 33, 34, 35, 37, 38, 39, 40, 41, 42, 44, 45, 46, 47, 48, 49, 50, 52, 53, 54, 55, 58, 59, 60, 62, 63, 64, 65, 66, 67, 69, 70, 71, 72, 75, 76, 77, 78, 79, 80, 82, 83, 84, 85, 86, 87, 88, 89, 90, 92, 93, 94, 95, 98, 100, 102, 103, 104, 106, 107, 108, 109, 110, 112, 114, 115, 116, 120, 121, 123, 124, 125, 126, 127, 128, 129, 130, 131, 133, 134, 135, 137, 138, 140, 141, 144, 146, 147, 148, 149, 150, 151, 152, 153, 154, 155, 157, 158, 159, 160, 161, 162, 163, 164, 165, 166, 167, 168, 172, 173, 174, 175, 176, 177, 178, 179, 180, 181, 182, 183, 185, 186, 187, 188, 189, 190, 191, 192, 193, 194, 196, 197, 198, 199, 200, 201, 202, 203, 206, 208, 211, 212, 213, 214, 215, 217, 218, 219, 220, 221, 222, 223, 224, 225, 226, 227, 231, 232, 233, 234, 236, 237, 238, 239, 240, 242, 243, 244, 245, 247, 248, 249, 250, 251, 252, 253, 255, 256, 257, 258, 260, 261, 262, 263, 264, 265, 266, 267, 268, 270, 271, 272, 273, 275, 276, 278, 279, 280, 281, 282, 283, 284, 285, 286, 287, 288, 289, 291, 292, 294, 295, 296]
Linhas de Teste [7, 8, 11, 19, 28, 31, 36, 43, 51, 56, 57, 61, 68, 73, 74, 81, 91, 96, 97, 99, 101, 105, 111, 113, 117, 118, 119, 122, 132, 136, 139, 142, 143, 145, 156, 169, 170, 171, 184, 195, 204, 205, 207, 209, 210, 216, 228, 229, 230, 235, 241, 246, 254, 259, 269, 274, 277, 290, 293]
R2 de Treino = 97.22
R2 de Teste = 97.23

140 / 150  93.33 %
Tempo restante 0:00:01.151370

#################  Rodada 139 / 150  92.67 %
Parâmetros ('EV_MA', 'TST_MA', 'WAI_MA', 'saz_sin', 'saz_cos')
Linhas de Treino [0, 1, 3, 4, 5, 6, 7, 8, 9, 10, 11, 12, 13, 14, 15, 16, 17, 18, 19, 20, 21, 22, 23, 26, 27, 28, 31, 33, 34, 35, 36, 37, 38, 39, 41, 42, 43, 45, 47, 48, 49, 50, 51, 52, 53, 56, 57, 58, 59, 60, 61, 62, 64, 65, 68, 69, 71, 72, 73, 74, 75, 77, 78, 79, 80, 81, 82, 83, 84, 85, 86, 87, 88, 89, 90, 91, 92, 93, 94, 96, 97, 98, 99, 100, 101, 102, 103, 104, 105, 106, 107, 108, 110, 111, 112, 113, 114, 115, 116, 117, 118, 119, 120, 121, 122, 123, 124, 127, 128, 131, 132, 133, 134, 135, 136, 137, 138, 139, 141, 142, 143, 144, 145, 146, 147, 148, 149, 150, 151, 152, 154, 155, 156, 157, 159, 160, 163, 164, 165, 166, 167, 168, 169, 170, 171, 172, 174, 175, 176, 177, 179, 180, 181, 182, 183, 184, 185, 186, 187, 189, 190, 191, 192, 193, 194, 195, 196, 197, 198, 199, 200, 201, 202, 204, 205, 207, 209, 210, 212, 213, 214, 215, 216, 219, 222, 223, 224, 225, 226, 227, 228, 229, 230, 231, 232, 235, 236, 239, 240, 241, 243, 244, 245, 246, 247, 248, 249, 250, 251, 253, 254, 255, 257, 259, 260, 263, 264, 265, 267, 268, 269, 270, 271, 272, 273, 274, 277, 278, 279, 280, 287, 288, 289, 290, 291, 292, 293, 295]
Linhas de Teste [2, 24, 25, 29, 30, 32, 40, 44, 46, 54, 55, 63, 66, 67, 70, 76, 95, 109, 125, 126, 129, 130, 140, 153, 158, 161, 162, 173, 178, 188, 203, 206, 208, 211, 217, 218, 220, 221, 233, 234, 237, 238, 242, 252, 256, 258, 261, 262, 266, 275, 276, 281, 282, 283, 284, 285, 286, 294, 296]
R2 de Treino = 78.5
R2 de Teste = 71.97

139 / 150  92.67 %
Tempo restante 0:00:01.312993

#################  Rodada 145 / 150  96.67 %
Parâmetros ('EV_CA', 'PRE_CA', 'TST_CA', 'saz_sin', 'saz_cos')
Linhas de Treino [0, 2, 3, 4, 5, 6, 7, 8, 9, 11, 12, 13, 14, 15, 17, 18, 21, 22, 23, 28, 29, 31, 32, 33, 34, 35, 36, 38, 39, 40, 41, 42, 44, 45, 46, 47, 48, 49, 50, 51, 52, 53, 54, 55, 56, 58, 59, 61, 62, 63, 64, 65, 66, 67, 69, 70, 71, 72, 73, 74, 76, 77, 78, 79, 80, 81, 82, 83, 85, 87, 88, 89, 90, 91, 94, 95, 96, 97, 99, 101, 102, 103, 105, 106, 107, 108, 109, 110, 111, 112, 113, 115, 116, 117, 118, 119, 121, 122, 123, 124, 125, 127, 128, 130, 131, 133, 134, 135, 136, 137, 138, 139, 140, 141, 142, 143, 144, 145, 146, 149, 150, 151, 152, 153, 154, 155, 156, 158, 161, 162, 163, 165, 166, 168, 169, 170, 171, 174, 175, 176, 177, 178, 180, 181, 182, 183, 184, 185, 186, 187, 188, 189, 190, 191, 192, 193, 194, 195, 196, 198, 199, 200, 201, 202, 204, 205, 206, 207, 208, 209, 210, 211, 212, 216, 217, 218, 220, 221, 222, 223, 224, 225, 227, 228, 229, 231, 232, 233, 234, 235, 236, 237, 238, 239, 240, 242, 244, 245, 246, 249, 250, 251, 252, 253, 254, 256, 257, 258, 259, 260, 262, 263, 264, 265, 267, 268, 269, 270, 271, 272, 273, 276, 277, 278, 279, 281, 283, 284, 285, 286, 287, 288, 290, 291, 292, 294, 295, 296]
Linhas de Teste [1, 10, 16, 19, 20, 24, 25, 26, 27, 30, 37, 43, 57, 60, 68, 75, 84, 86, 92, 93, 98, 100, 104, 114, 120, 126, 129, 132, 147, 148, 157, 159, 160, 164, 167, 172, 173, 179, 197, 203, 213, 214, 215, 219, 226, 230, 241, 243, 247, 248, 255, 261, 266, 274, 275, 280, 282, 289, 293]
R2 de Treino = 95.5
R2 de Teste = 93.23

145 / 150  96.67 %
Tempo restante 0:00:00.556510

#################  Rodada 141 / 150  94.0 %
Parâmetros ('EV_CE', 'PRE_CE', 'WAI_CE', 'saz_sin', 'saz_cos')
Linhas de Treino [0, 1, 2, 3, 4, 6, 8, 10, 11, 12, 13, 14, 15, 16, 17, 18, 19, 20, 21, 22, 23, 24, 25, 26, 27, 28, 29, 30, 31, 32, 33, 34, 35, 36, 37, 38, 40, 42, 43, 44, 45, 46, 47, 48, 50, 51, 52, 53, 54, 56, 57, 58, 59, 60, 62, 63, 65, 66, 68, 69, 70, 71, 72, 73, 74, 75, 76, 78, 79, 80, 81, 83, 84, 85, 86, 87, 88, 89, 90, 91, 92, 93, 94, 95, 96, 97, 98, 99, 100, 101, 102, 103, 104, 105, 106, 107, 108, 109, 111, 112, 114, 115, 119, 120, 123, 125, 126, 127, 129, 130, 131, 132, 135, 136, 137, 139, 141, 142, 143, 144, 145, 146, 147, 148, 149, 150, 151, 152, 153, 155, 157, 158, 159, 160, 162, 163, 164, 167, 168, 169, 170, 171, 172, 173, 174, 175, 176, 177, 179, 180, 181, 182, 183, 184, 185, 187, 188, 189, 190, 191, 193, 195, 196, 197, 198, 199, 201, 203, 204, 205, 207, 208, 209, 211, 212, 213, 214, 215, 216, 217, 218, 219, 223, 224, 226, 227, 230, 232, 234, 235, 237, 239, 240, 241, 243, 244, 245, 246, 247, 248, 249, 250, 251, 252, 253, 254, 255, 256, 257, 258, 259, 261, 262, 263, 264, 265, 266, 267, 268, 269, 270, 272, 274, 275, 276, 279, 280, 282, 283, 284, 285, 286, 289, 290, 291, 293, 296]
Linhas de Teste [5, 7, 9, 39, 41, 49, 55, 61, 64, 67, 77, 82, 110, 113, 116, 117, 118, 121, 122, 124, 128, 133, 134, 138, 140, 154, 156, 161, 165, 166, 178, 186, 192, 194, 200, 202, 206, 210, 220, 221, 222, 225, 228, 229, 231, 233, 236, 238, 242, 260, 271, 273, 277, 278, 281, 287, 288, 292, 294, 295]
R2 de Treino = 97.43
R2 de Teste = 96.12

141 / 150  94.0 %
Tempo restante 0:00:01.017117

#################  Rodada 146 / 150  97.33 %
Parâmetros ('EV_CA', 'PRE_CA', 'TST_CA', 'saz_sin', 'saz_cos')
Linhas de Treino [0, 1, 2, 3, 4, 5, 6, 7, 8, 9, 10, 11, 12, 16, 19, 20, 21, 23, 24, 25, 26, 27, 29, 30, 31, 32, 33, 34, 35, 36, 37, 38, 39, 40, 41, 43, 45, 46, 47, 48, 51, 52, 53, 54, 55, 56, 57, 59, 61, 62, 63, 64, 66, 67, 68, 71, 72, 73, 75, 76, 77, 78, 79, 80, 82, 83, 84, 85, 86, 87, 88, 91, 92, 94, 95, 96, 97, 98, 99, 100, 102, 103, 104, 105, 106, 107, 109, 110, 111, 112, 114, 115, 117, 118, 119, 120, 121, 122, 123, 125, 126, 127, 130, 131, 133, 134, 135, 136, 137, 138, 139, 140, 141, 142, 144, 145, 146, 147, 148, 149, 150, 151, 152, 153, 154, 155, 156, 157, 160, 161, 162, 164, 166, 167, 169, 170, 171, 172, 173, 174, 175, 177, 178, 179, 180, 181, 182, 184, 185, 187, 188, 189, 190, 192, 193, 194, 195, 196, 198, 199, 200, 202, 203, 204, 205, 206, 208, 209, 210, 213, 214, 215, 216, 217, 218, 219, 220, 221, 222, 223, 224, 225, 226, 228, 229, 230, 232, 233, 234, 235, 236, 237, 238, 239, 240, 241, 242, 243, 245, 249, 250, 251, 252, 253, 254, 257, 258, 259, 260, 261, 262, 263, 264, 265, 266, 268, 270, 271, 273, 275, 276, 278, 279, 280, 282, 283, 285, 286, 287, 288, 290, 291, 292, 293, 294, 295, 296]
Linhas de Teste [13, 14, 15, 17, 18, 22, 28, 42, 44, 49, 50, 58, 60, 65, 69, 70, 74, 81, 89, 90, 93, 101, 108, 113, 116, 124, 128, 129, 132, 143, 158, 159, 163, 165, 168, 176, 183, 186, 191, 197, 201, 207, 211, 212, 227, 231, 244, 246, 247, 248, 255, 256, 267, 269, 272, 274, 277, 281, 284, 289]
R2 de Treino = 94.64
R2 de Teste = 96.26

146 / 150  97.33 %
Tempo restante 0:00:00.457748

#################  Rodada 140 / 150  93.33 %
Parâmetros ('EV_MA', 'TST_MA', 'WAI_MA', 'saz_sin', 'saz_cos')
Linhas de Treino [0, 1, 2, 3, 4, 5, 6, 9, 10, 12, 13, 14, 15, 16, 17, 18, 20, 21, 22, 23, 24, 25, 26, 27, 29, 30, 32, 33, 34, 35, 37, 38, 39, 40, 41, 42, 44, 45, 46, 47, 48, 49, 50, 52, 53, 54, 55, 58, 59, 60, 62, 63, 64, 65, 66, 67, 69, 70, 71, 72, 75, 76, 77, 78, 79, 80, 82, 83, 84, 85, 86, 87, 88, 89, 90, 92, 93, 94, 95, 98, 100, 102, 103, 104, 106, 107, 108, 109, 110, 112, 114, 115, 116, 120, 121, 123, 124, 125, 126, 127, 128, 129, 130, 131, 133, 134, 135, 137, 138, 140, 141, 144, 146, 147, 148, 149, 150, 151, 152, 153, 154, 155, 157, 158, 159, 160, 161, 162, 163, 164, 165, 166, 167, 168, 172, 173, 174, 175, 176, 177, 178, 179, 180, 181, 182, 183, 185, 186, 187, 188, 189, 190, 191, 192, 193, 194, 196, 197, 198, 199, 200, 201, 202, 203, 206, 208, 211, 212, 213, 214, 215, 217, 218, 219, 220, 221, 222, 223, 224, 225, 226, 227, 231, 232, 233, 234, 236, 237, 238, 239, 240, 242, 243, 244, 245, 247, 248, 249, 250, 251, 252, 253, 255, 256, 257, 258, 260, 261, 262, 263, 264, 265, 266, 267, 268, 270, 271, 272, 273, 275, 276, 278, 279, 280, 281, 282, 283, 284, 285, 286, 287, 288, 289, 291, 292, 294, 295, 296]
Linhas de Teste [7, 8, 11, 19, 28, 31, 36, 43, 51, 56, 57, 61, 68, 73, 74, 81, 91, 96, 97, 99, 101, 105, 111, 113, 117, 118, 119, 122, 132, 136, 139, 142, 143, 145, 156, 169, 170, 171, 184, 195, 204, 205, 207, 209, 210, 216, 228, 229, 230, 235, 241, 246, 254, 259, 269, 274, 277, 290, 293]
R2 de Treino = 79.29
R2 de Teste = 71.93

140 / 150  93.33 %
Tempo restante 0:00:01.228300

#################  Rodada 142 / 150  94.67 %
Parâmetros ('EV_CE', 'PRE_CE', 'WAI_CE', 'saz_sin', 'saz_cos')
Linhas de Treino [0, 1, 2, 3, 4, 5, 6, 7, 8, 9, 10, 11, 12, 13, 14, 15, 16, 17, 18, 19, 20, 21, 22, 23, 24, 25, 26, 27, 28, 30, 31, 32, 33, 34, 35, 37, 38, 39, 40, 41, 43, 46, 47, 48, 49, 50, 52, 54, 55, 56, 57, 59, 60, 61, 62, 64, 65, 66, 67, 68, 69, 72, 73, 75, 76, 77, 78, 79, 82, 83, 84, 86, 87, 88, 89, 90, 91, 92, 93, 98, 100, 102, 103, 104, 108, 110, 111, 112, 113, 114, 115, 116, 117, 118, 119, 120, 121, 122, 123, 124, 126, 127, 128, 129, 130, 132, 133, 134, 136, 137, 138, 139, 140, 141, 144, 145, 146, 147, 148, 150, 151, 152, 153, 154, 156, 157, 158, 159, 160, 161, 164, 165, 166, 167, 168, 170, 171, 172, 173, 174, 175, 177, 178, 179, 180, 181, 184, 185, 186, 187, 191, 192, 194, 197, 198, 199, 200, 202, 203, 204, 205, 206, 207, 209, 210, 211, 212, 213, 214, 215, 217, 218, 219, 220, 221, 222, 223, 224, 225, 226, 227, 228, 229, 230, 231, 232, 233, 235, 236, 237, 238, 241, 242, 243, 245, 246, 247, 248, 249, 250, 255, 256, 258, 259, 260, 261, 262, 264, 265, 266, 267, 268, 269, 271, 272, 273, 274, 275, 276, 277, 278, 279, 280, 281, 282, 285, 286, 287, 288, 289, 290, 291, 292, 293, 294, 295, 296]
Linhas de Teste [29, 36, 42, 44, 45, 51, 53, 58, 63, 70, 71, 74, 80, 81, 85, 94, 95, 96, 97, 99, 101, 105, 106, 107, 109, 125, 131, 135, 142, 143, 149, 155, 162, 163, 169, 176, 182, 183, 188, 189, 190, 193, 195, 196, 201, 208, 216, 234, 239, 240, 244, 251, 252, 253, 254, 257, 263, 270, 283, 284]
R2 de Treino = 97.13
R2 de Teste = 96.84

142 / 150  94.67 %
Tempo restante 0:00:00.908424

#################  Rodada 147 / 150  98.0 %
Parâmetros ('EV_CA', 'PRE_CA', 'TST_CA', 'saz_sin', 'saz_cos')
Linhas de Treino [0, 1, 2, 4, 5, 6, 7, 8, 11, 13, 14, 15, 16, 17, 18, 21, 22, 23, 24, 25, 26, 27, 28, 29, 31, 32, 33, 36, 37, 38, 39, 40, 41, 42, 43, 44, 45, 46, 47, 48, 49, 50, 51, 52, 53, 56, 57, 58, 60, 62, 65, 66, 67, 69, 70, 71, 73, 74, 77, 78, 79, 81, 82, 83, 86, 89, 90, 91, 92, 93, 95, 96, 97, 99, 100, 101, 102, 103, 104, 105, 106, 107, 108, 109, 110, 111, 113, 114, 115, 116, 117, 118, 119, 122, 123, 124, 125, 126, 128, 129, 131, 132, 134, 135, 136, 137, 138, 141, 142, 143, 146, 147, 149, 150, 151, 152, 153, 154, 155, 156, 157, 158, 159, 160, 161, 162, 163, 165, 166, 167, 168, 169, 171, 172, 173, 174, 175, 176, 177, 182, 183, 184, 186, 187, 188, 189, 190, 191, 192, 193, 194, 195, 196, 197, 198, 199, 201, 202, 203, 205, 206, 207, 208, 209, 210, 211, 212, 213, 214, 215, 216, 217, 219, 221, 222, 223, 224, 225, 226, 227, 228, 229, 230, 231, 232, 233, 235, 236, 238, 239, 240, 241, 242, 244, 245, 246, 247, 248, 249, 251, 252, 253, 255, 256, 257, 259, 261, 262, 263, 264, 265, 266, 267, 269, 270, 271, 272, 273, 274, 275, 277, 278, 279, 280, 281, 282, 283, 284, 286, 287, 289, 290, 292, 293, 294, 295, 296]
Linhas de Teste [3, 9, 10, 12, 19, 20, 30, 34, 35, 54, 55, 59, 61, 63, 64, 68, 72, 75, 76, 80, 84, 85, 87, 88, 94, 98, 112, 120, 121, 127, 130, 133, 139, 140, 144, 145, 148, 164, 170, 178, 179, 180, 181, 185, 200, 204, 218, 220, 234, 237, 243, 250, 254, 258, 260, 268, 276, 285, 288, 291]
R2 de Treino = 95.03
R2 de Teste = 94.42

147 / 150  98.0 %
Tempo restante 0:00:00.336810

#################  Rodada 141 / 150  94.0 %
Parâmetros ('EV_MA', 'TST_MA', 'WAI_MA', 'saz_sin', 'saz_cos')
Linhas de Treino [0, 1, 2, 3, 4, 6, 8, 10, 11, 12, 13, 14, 15, 16, 17, 18, 19, 20, 21, 22, 23, 24, 25, 26, 27, 28, 29, 30, 31, 32, 33, 34, 35, 36, 37, 38, 40, 42, 43, 44, 45, 46, 47, 48, 50, 51, 52, 53, 54, 56, 57, 58, 59, 60, 62, 63, 65, 66, 68, 69, 70, 71, 72, 73, 74, 75, 76, 78, 79, 80, 81, 83, 84, 85, 86, 87, 88, 89, 90, 91, 92, 93, 94, 95, 96, 97, 98, 99, 100, 101, 102, 103, 104, 105, 106, 107, 108, 109, 111, 112, 114, 115, 119, 120, 123, 125, 126, 127, 129, 130, 131, 132, 135, 136, 137, 139, 141, 142, 143, 144, 145, 146, 147, 148, 149, 150, 151, 152, 153, 155, 157, 158, 159, 160, 162, 163, 164, 167, 168, 169, 170, 171, 172, 173, 174, 175, 176, 177, 179, 180, 181, 182, 183, 184, 185, 187, 188, 189, 190, 191, 193, 195, 196, 197, 198, 199, 201, 203, 204, 205, 207, 208, 209, 211, 212, 213, 214, 215, 216, 217, 218, 219, 223, 224, 226, 227, 230, 232, 234, 235, 237, 239, 240, 241, 243, 244, 245, 246, 247, 248, 249, 250, 251, 252, 253, 254, 255, 256, 257, 258, 259, 261, 262, 263, 264, 265, 266, 267, 268, 269, 270, 272, 274, 275, 276, 279, 280, 282, 283, 284, 285, 286, 289, 290, 291, 293, 296]
Linhas de Teste [5, 7, 9, 39, 41, 49, 55, 61, 64, 67, 77, 82, 110, 113, 116, 117, 118, 121, 122, 124, 128, 133, 134, 138, 140, 154, 156, 161, 165, 166, 178, 186, 192, 194, 200, 202, 206, 210, 220, 221, 222, 225, 228, 229, 231, 233, 236, 238, 242, 260, 271, 273, 277, 278, 281, 287, 288, 292, 294, 295]
R2 de Treino = 82.04
R2 de Teste = 56.7

141 / 150  94.0 %
Tempo restante 0:00:01.079640

#################  Rodada 143 / 150  95.33 %
Parâmetros ('EV_CE', 'PRE_CE', 'WAI_CE', 'saz_sin', 'saz_cos')
Linhas de Treino [0, 1, 3, 4, 5, 6, 7, 9, 10, 12, 14, 15, 16, 19, 20, 21, 23, 24, 25, 26, 27, 29, 30, 34, 35, 36, 37, 38, 39, 41, 42, 43, 44, 45, 46, 47, 48, 49, 50, 51, 52, 53, 55, 56, 57, 58, 60, 61, 62, 63, 64, 66, 67, 68, 70, 71, 73, 74, 75, 76, 77, 80, 81, 82, 84, 85, 86, 88, 92, 93, 94, 95, 96, 97, 98, 99, 100, 101, 102, 103, 104, 105, 106, 107, 108, 109, 110, 111, 113, 114, 115, 116, 117, 118, 120, 121, 122, 123, 124, 125, 126, 127, 128, 129, 130, 131, 132, 133, 134, 135, 136, 138, 139, 140, 142, 143, 145, 146, 147, 148, 149, 152, 154, 155, 156, 157, 158, 159, 160, 161, 162, 163, 164, 165, 166, 167, 168, 169, 171, 172, 173, 174, 176, 177, 178, 179, 181, 182, 183, 184, 186, 187, 188, 189, 190, 192, 193, 194, 195, 196, 197, 199, 200, 201, 202, 203, 204, 205, 206, 208, 209, 210, 211, 213, 214, 215, 216, 219, 220, 221, 222, 223, 224, 225, 226, 228, 229, 230, 231, 232, 233, 234, 236, 237, 238, 239, 240, 241, 242, 243, 244, 247, 248, 251, 252, 253, 254, 255, 257, 260, 261, 263, 265, 266, 267, 268, 269, 270, 271, 272, 273, 274, 275, 277, 278, 280, 281, 282, 283, 284, 287, 288, 289, 290, 292, 293, 294, 295]
Linhas de Teste [2, 8, 11, 13, 17, 18, 22, 28, 31, 32, 33, 40, 54, 59, 65, 69, 72, 78, 79, 83, 87, 89, 90, 91, 112, 119, 137, 141, 144, 150, 151, 153, 170, 175, 180, 185, 191, 198, 207, 212, 217, 218, 227, 235, 245, 246, 249, 250, 256, 258, 259, 262, 264, 276, 279, 285, 286, 291, 296]
R2 de Treino = 97.5
R2 de Teste = 95.13

143 / 150  95.33 %
Tempo restante 0:00:00.786933

#################  Rodada 148 / 150  98.67 %
Parâmetros ('EV_CA', 'PRE_CA', 'TST_CA', 'saz_sin', 'saz_cos')
Linhas de Treino [3, 4, 5, 6, 8, 9, 10, 11, 12, 13, 14, 15, 17, 18, 19, 20, 22, 23, 24, 25, 26, 27, 28, 29, 30, 33, 34, 35, 36, 38, 40, 41, 42, 43, 44, 46, 47, 48, 49, 50, 52, 54, 55, 57, 58, 59, 60, 61, 62, 63, 64, 65, 66, 67, 68, 69, 70, 71, 72, 73, 74, 75, 76, 77, 78, 79, 80, 81, 82, 84, 85, 87, 88, 89, 90, 91, 92, 93, 94, 97, 98, 99, 101, 102, 103, 105, 107, 108, 109, 110, 111, 112, 113, 114, 115, 116, 117, 118, 120, 121, 122, 123, 124, 126, 127, 128, 129, 130, 131, 132, 133, 134, 135, 137, 138, 139, 140, 141, 143, 144, 145, 146, 147, 148, 150, 152, 155, 157, 158, 159, 160, 161, 162, 163, 164, 165, 166, 167, 168, 170, 172, 174, 176, 178, 179, 180, 181, 183, 184, 185, 186, 188, 189, 191, 193, 196, 197, 198, 200, 201, 202, 203, 204, 205, 206, 207, 209, 210, 211, 212, 213, 214, 216, 218, 219, 220, 221, 222, 223, 224, 225, 226, 227, 228, 229, 231, 232, 233, 234, 235, 236, 237, 242, 243, 244, 245, 246, 247, 248, 249, 250, 254, 255, 256, 257, 258, 259, 260, 261, 262, 263, 266, 267, 268, 269, 270, 271, 272, 273, 274, 276, 277, 279, 280, 281, 282, 283, 284, 285, 286, 288, 289, 290, 291, 292, 293, 294, 295]
Linhas de Teste [0, 1, 2, 7, 16, 21, 31, 32, 37, 39, 45, 51, 53, 56, 83, 86, 95, 96, 100, 104, 106, 119, 125, 136, 142, 149, 151, 153, 154, 156, 169, 171, 173, 175, 177, 182, 187, 190, 192, 194, 195, 199, 208, 215, 217, 230, 238, 239, 240, 241, 251, 252, 253, 264, 265, 275, 278, 287, 296]
R2 de Treino = 95.89
R2 de Teste = 91.83

148 / 150  98.67 %
Tempo restante 0:00:00.230762

#################  Rodada 142 / 150  94.67 %
Parâmetros ('EV_MA', 'TST_MA', 'WAI_MA', 'saz_sin', 'saz_cos')
Linhas de Treino [0, 1, 2, 3, 4, 5, 6, 7, 8, 9, 10, 11, 12, 13, 14, 15, 16, 17, 18, 19, 20, 21, 22, 23, 24, 25, 26, 27, 28, 30, 31, 32, 33, 34, 35, 37, 38, 39, 40, 41, 43, 46, 47, 48, 49, 50, 52, 54, 55, 56, 57, 59, 60, 61, 62, 64, 65, 66, 67, 68, 69, 72, 73, 75, 76, 77, 78, 79, 82, 83, 84, 86, 87, 88, 89, 90, 91, 92, 93, 98, 100, 102, 103, 104, 108, 110, 111, 112, 113, 114, 115, 116, 117, 118, 119, 120, 121, 122, 123, 124, 126, 127, 128, 129, 130, 132, 133, 134, 136, 137, 138, 139, 140, 141, 144, 145, 146, 147, 148, 150, 151, 152, 153, 154, 156, 157, 158, 159, 160, 161, 164, 165, 166, 167, 168, 170, 171, 172, 173, 174, 175, 177, 178, 179, 180, 181, 184, 185, 186, 187, 191, 192, 194, 197, 198, 199, 200, 202, 203, 204, 205, 206, 207, 209, 210, 211, 212, 213, 214, 215, 217, 218, 219, 220, 221, 222, 223, 224, 225, 226, 227, 228, 229, 230, 231, 232, 233, 235, 236, 237, 238, 241, 242, 243, 245, 246, 247, 248, 249, 250, 255, 256, 258, 259, 260, 261, 262, 264, 265, 266, 267, 268, 269, 271, 272, 273, 274, 275, 276, 277, 278, 279, 280, 281, 282, 285, 286, 287, 288, 289, 290, 291, 292, 293, 294, 295, 296]
Linhas de Teste [29, 36, 42, 44, 45, 51, 53, 58, 63, 70, 71, 74, 80, 81, 85, 94, 95, 96, 97, 99, 101, 105, 106, 107, 109, 125, 131, 135, 142, 143, 149, 155, 162, 163, 169, 176, 182, 183, 188, 189, 190, 193, 195, 196, 201, 208, 216, 234, 239, 240, 244, 251, 252, 253, 254, 257, 263, 270, 283, 284]
R2 de Treino = 76.73
R2 de Teste = 83.57

142 / 150  94.67 %
Tempo restante 0:00:00.936672

#################  Rodada 144 / 150  96.0 %
Parâmetros ('EV_CE', 'PRE_CE', 'WAI_CE', 'saz_sin', 'saz_cos')
Linhas de Treino [1, 2, 5, 7, 8, 9, 10, 11, 13, 16, 17, 18, 19, 20, 22, 24, 25, 26, 27, 28, 29, 30, 31, 32, 33, 36, 37, 39, 40, 41, 42, 43, 44, 45, 49, 51, 53, 54, 55, 57, 58, 59, 60, 61, 63, 64, 65, 67, 68, 69, 70, 71, 72, 74, 75, 77, 78, 79, 80, 81, 82, 83, 84, 85, 86, 87, 89, 90, 91, 92, 93, 94, 95, 96, 97, 98, 99, 100, 101, 104, 105, 106, 107, 109, 110, 112, 113, 114, 116, 117, 118, 119, 120, 121, 122, 124, 125, 126, 128, 129, 131, 132, 133, 134, 135, 137, 138, 140, 141, 142, 143, 144, 147, 148, 149, 150, 151, 153, 154, 155, 156, 157, 159, 160, 161, 162, 163, 164, 165, 166, 167, 169, 170, 172, 173, 175, 176, 178, 179, 180, 182, 183, 185, 186, 188, 189, 190, 191, 192, 193, 194, 195, 196, 197, 198, 200, 201, 202, 203, 206, 207, 208, 210, 212, 213, 214, 215, 216, 217, 218, 219, 220, 221, 222, 225, 226, 227, 228, 229, 230, 231, 233, 234, 235, 236, 238, 239, 240, 241, 242, 243, 244, 245, 246, 247, 248, 249, 250, 251, 252, 253, 254, 255, 256, 257, 258, 259, 260, 261, 262, 263, 264, 266, 270, 271, 273, 274, 275, 276, 277, 278, 279, 280, 281, 282, 283, 284, 285, 286, 287, 288, 289, 291, 292, 293, 294, 295, 296]
Linhas de Teste [0, 3, 4, 6, 12, 14, 15, 21, 23, 34, 35, 38, 46, 47, 48, 50, 52, 56, 62, 66, 73, 76, 88, 102, 103, 108, 111, 115, 123, 127, 130, 136, 139, 145, 146, 152, 158, 168, 171, 174, 177, 181, 184, 187, 199, 204, 205, 209, 211, 223, 224, 232, 237, 265, 267, 268, 269, 272, 290]
R2 de Treino = 97.1
R2 de Teste = 97.27

144 / 150  96.0 %
Tempo restante 0:00:00.691338

#################  Rodada 149 / 150  99.33 %
Parâmetros ('EV_CA', 'PRE_CA', 'TST_CA', 'saz_sin', 'saz_cos')
Linhas de Treino [0, 1, 2, 3, 4, 5, 6, 7, 9, 10, 11, 12, 13, 14, 15, 16, 17, 18, 19, 20, 21, 22, 23, 25, 28, 29, 30, 31, 32, 34, 35, 36, 37, 39, 41, 42, 43, 44, 45, 46, 48, 49, 50, 51, 53, 54, 55, 56, 58, 59, 60, 61, 62, 63, 64, 65, 66, 68, 69, 70, 71, 72, 74, 75, 76, 80, 81, 83, 84, 85, 86, 87, 88, 89, 90, 91, 92, 93, 94, 95, 96, 97, 98, 99, 100, 101, 102, 104, 105, 106, 108, 112, 113, 115, 116, 117, 119, 120, 121, 124, 125, 126, 127, 128, 129, 130, 132, 133, 134, 135, 136, 139, 140, 141, 142, 143, 144, 145, 148, 149, 151, 153, 154, 155, 156, 157, 158, 159, 161, 162, 163, 164, 165, 166, 167, 168, 169, 170, 171, 173, 174, 175, 176, 177, 178, 179, 180, 181, 182, 183, 184, 185, 186, 187, 190, 191, 192, 194, 195, 197, 198, 199, 200, 201, 202, 204, 205, 207, 208, 209, 211, 212, 213, 215, 217, 218, 219, 220, 221, 224, 225, 227, 228, 230, 231, 233, 234, 236, 237, 238, 239, 240, 241, 243, 244, 245, 246, 247, 248, 250, 251, 252, 253, 254, 255, 256, 257, 258, 260, 261, 264, 265, 267, 268, 269, 272, 273, 274, 275, 276, 277, 278, 279, 280, 281, 282, 284, 285, 286, 287, 288, 289, 290, 291, 292, 294, 295, 296]
Linhas de Teste [8, 24, 26, 27, 33, 38, 40, 47, 52, 57, 67, 73, 77, 78, 79, 82, 103, 107, 109, 110, 111, 114, 118, 122, 123, 131, 137, 138, 146, 147, 150, 152, 160, 172, 188, 189, 193, 196, 203, 206, 210, 214, 216, 222, 223, 226, 229, 232, 235, 242, 249, 259, 262, 263, 266, 270, 271, 283, 293]
R2 de Treino = 94.9
R2 de Teste = 96.24

149 / 150  99.33 %
Tempo restante 0:00:00.116600

#################  Rodada 143 / 150  95.33 %
Parâmetros ('EV_MA', 'TST_MA', 'WAI_MA', 'saz_sin', 'saz_cos')
Linhas de Treino [0, 1, 3, 4, 5, 6, 7, 9, 10, 12, 14, 15, 16, 19, 20, 21, 23, 24, 25, 26, 27, 29, 30, 34, 35, 36, 37, 38, 39, 41, 42, 43, 44, 45, 46, 47, 48, 49, 50, 51, 52, 53, 55, 56, 57, 58, 60, 61, 62, 63, 64, 66, 67, 68, 70, 71, 73, 74, 75, 76, 77, 80, 81, 82, 84, 85, 86, 88, 92, 93, 94, 95, 96, 97, 98, 99, 100, 101, 102, 103, 104, 105, 106, 107, 108, 109, 110, 111, 113, 114, 115, 116, 117, 118, 120, 121, 122, 123, 124, 125, 126, 127, 128, 129, 130, 131, 132, 133, 134, 135, 136, 138, 139, 140, 142, 143, 145, 146, 147, 148, 149, 152, 154, 155, 156, 157, 158, 159, 160, 161, 162, 163, 164, 165, 166, 167, 168, 169, 171, 172, 173, 174, 176, 177, 178, 179, 181, 182, 183, 184, 186, 187, 188, 189, 190, 192, 193, 194, 195, 196, 197, 199, 200, 201, 202, 203, 204, 205, 206, 208, 209, 210, 211, 213, 214, 215, 216, 219, 220, 221, 222, 223, 224, 225, 226, 228, 229, 230, 231, 232, 233, 234, 236, 237, 238, 239, 240, 241, 242, 243, 244, 247, 248, 251, 252, 253, 254, 255, 257, 260, 261, 263, 265, 266, 267, 268, 269, 270, 271, 272, 273, 274, 275, 277, 278, 280, 281, 282, 283, 284, 287, 288, 289, 290, 292, 293, 294, 295]
Linhas de Teste [2, 8, 11, 13, 17, 18, 22, 28, 31, 32, 33, 40, 54, 59, 65, 69, 72, 78, 79, 83, 87, 89, 90, 91, 112, 119, 137, 141, 144, 150, 151, 153, 170, 175, 180, 185, 191, 198, 207, 212, 217, 218, 227, 235, 245, 246, 249, 250, 256, 258, 259, 262, 264, 276, 279, 285, 286, 291, 296]
R2 de Treino = 78.81
R2 de Teste = 73.14

143 / 150  95.33 %
Tempo restante 0:00:00.840238

#################  Rodada 145 / 150  96.67 %
Parâmetros ('EV_CE', 'PRE_CE', 'WAI_CE', 'saz_sin', 'saz_cos')
Linhas de Treino [0, 2, 3, 4, 5, 6, 7, 8, 9, 11, 12, 13, 14, 15, 17, 18, 21, 22, 23, 28, 29, 31, 32, 33, 34, 35, 36, 38, 39, 40, 41, 42, 44, 45, 46, 47, 48, 49, 50, 51, 52, 53, 54, 55, 56, 58, 59, 61, 62, 63, 64, 65, 66, 67, 69, 70, 71, 72, 73, 74, 76, 77, 78, 79, 80, 81, 82, 83, 85, 87, 88, 89, 90, 91, 94, 95, 96, 97, 99, 101, 102, 103, 105, 106, 107, 108, 109, 110, 111, 112, 113, 115, 116, 117, 118, 119, 121, 122, 123, 124, 125, 127, 128, 130, 131, 133, 134, 135, 136, 137, 138, 139, 140, 141, 142, 143, 144, 145, 146, 149, 150, 151, 152, 153, 154, 155, 156, 158, 161, 162, 163, 165, 166, 168, 169, 170, 171, 174, 175, 176, 177, 178, 180, 181, 182, 183, 184, 185, 186, 187, 188, 189, 190, 191, 192, 193, 194, 195, 196, 198, 199, 200, 201, 202, 204, 205, 206, 207, 208, 209, 210, 211, 212, 216, 217, 218, 220, 221, 222, 223, 224, 225, 227, 228, 229, 231, 232, 233, 234, 235, 236, 237, 238, 239, 240, 242, 244, 245, 246, 249, 250, 251, 252, 253, 254, 256, 257, 258, 259, 260, 262, 263, 264, 265, 267, 268, 269, 270, 271, 272, 273, 276, 277, 278, 279, 281, 283, 284, 285, 286, 287, 288, 290, 291, 292, 294, 295, 296]
Linhas de Teste [1, 10, 16, 19, 20, 24, 25, 26, 27, 30, 37, 43, 57, 60, 68, 75, 84, 86, 92, 93, 98, 100, 104, 114, 120, 126, 129, 132, 147, 148, 157, 159, 160, 164, 167, 172, 173, 179, 197, 203, 213, 214, 215, 219, 226, 230, 241, 243, 247, 248, 255, 261, 266, 274, 275, 280, 282, 289, 293]
R2 de Treino = 97.16
R2 de Teste = 97.03

145 / 150  96.67 %
Tempo restante 0:00:00.592060

#################  Rodada 150 / 150  100.0 %
Parâmetros ('EV_CA', 'PRE_CA', 'TST_CA', 'saz_sin', 'saz_cos')
Linhas de Treino [0, 1, 2, 3, 7, 8, 9, 10, 12, 13, 14, 15, 16, 17, 18, 19, 20, 21, 22, 24, 26, 27, 28, 30, 31, 32, 33, 34, 35, 37, 38, 39, 40, 42, 44, 45, 47, 49, 50, 51, 52, 53, 54, 55, 56, 57, 58, 59, 60, 61, 63, 64, 65, 67, 68, 69, 70, 72, 73, 74, 75, 76, 77, 78, 79, 80, 81, 82, 83, 84, 85, 86, 87, 88, 89, 90, 93, 94, 95, 96, 98, 100, 101, 103, 104, 106, 107, 108, 109, 110, 111, 112, 113, 114, 116, 118, 119, 120, 121, 122, 123, 124, 125, 127, 128, 129, 130, 131, 132, 133, 136, 137, 138, 139, 140, 142, 143, 144, 145, 146, 147, 148, 149, 150, 151, 152, 153, 154, 156, 158, 159, 160, 163, 164, 165, 168, 169, 170, 171, 172, 173, 175, 176, 177, 178, 179, 180, 181, 182, 183, 185, 186, 187, 188, 189, 190, 191, 192, 193, 194, 195, 196, 197, 199, 200, 201, 203, 204, 206, 207, 208, 210, 211, 212, 214, 215, 216, 217, 218, 220, 222, 223, 226, 227, 229, 230, 231, 232, 234, 235, 237, 238, 239, 240, 241, 242, 243, 244, 246, 247, 248, 249, 250, 251, 252, 253, 254, 255, 256, 258, 259, 260, 262, 263, 264, 265, 266, 267, 268, 269, 270, 271, 272, 274, 275, 276, 277, 278, 281, 283, 284, 285, 287, 288, 289, 291, 293, 296]
Linhas de Teste [4, 5, 6, 11, 23, 25, 29, 36, 41, 43, 46, 48, 62, 66, 71, 91, 92, 97, 99, 102, 105, 115, 117, 126, 134, 135, 141, 155, 157, 161, 162, 166, 167, 174, 184, 198, 202, 205, 209, 213, 219, 221, 224, 225, 228, 233, 236, 245, 257, 261, 273, 279, 280, 282, 286, 290, 292, 294, 295]
R2 de Treino = 95.58
R2 de Teste = 91.46

150 / 150  100.0 %
Tempo restante 0:00:00

Diretório atual: /home/user/Controle-Gas/npp_modis/modelo/modelo_psn_tese

===== ESTATÍSTICAS GERAIS =====
R2 Treino médio: 95.19
R2 Treino desvio padrão: 0.32
R2 Ajustado Treino médio: 94.75
R2 Ajustado Treino desvio padrão: 0.35
R2 Teste médio: 94.16
R2 Teste desvio padrão: 1.47
RMSE Teste médio: 6.69
MAE Teste médio: 5.08
MAE Teste desvio padrão: 0.49

Intervalo empírico 95% R² Teste: [90.79% - 96.25%]

===== VALIDAÇÃO TEMPORAL (ROBUSTEZ) =====

#################  Rodada 144 / 150  96.0 %
Parâmetros ('EV_MA', 'TST_MA', 'WAI_MA', 'saz_sin', 'saz_cos')
Linhas de Treino [1, 2, 5, 7, 8, 9, 10, 11, 13, 16, 17, 18, 19, 20, 22, 24, 25, 26, 27, 28, 29, 30, 31, 32, 33, 36, 37, 39, 40, 41, 42, 43, 44, 45, 49, 51, 53, 54, 55, 57, 58, 59, 60, 61, 63, 64, 65, 67, 68, 69, 70, 71, 72, 74, 75, 77, 78, 79, 80, 81, 82, 83, 84, 85, 86, 87, 89, 90, 91, 92, 93, 94, 95, 96, 97, 98, 99, 100, 101, 104, 105, 106, 107, 109, 110, 112, 113, 114, 116, 117, 118, 119, 120, 121, 122, 124, 125, 126, 128, 129, 131, 132, 133, 134, 135, 137, 138, 140, 141, 142, 143, 144, 147, 148, 149, 150, 151, 153, 154, 155, 156, 157, 159, 160, 161, 162, 163, 164, 165, 166, 167, 169, 170, 172, 173, 175, 176, 178, 179, 180, 182, 183, 185, 186, 188, 189, 190, 191, 192, 193, 194, 195, 196, 197, 198, 200, 201, 202, 203, 206, 207, 208, 210, 212, 213, 214, 215, 216, 217, 218, 219, 220, 221, 222, 225, 226, 227, 228, 229, 230, 231, 233, 234, 235, 236, 238, 239, 240, 241, 242, 243, 244, 245, 246, 247, 248, 249, 250, 251, 252, 253, 254, 255, 256, 257, 258, 259, 260, 261, 262, 263, 264, 266, 270, 271, 273, 274, 275, 276, 277, 278, 279, 280, 281, 282, 283, 284, 285, 286, 287, 288, 289, 291, 292, 293, 294, 295, 296]
Linhas de Teste [0, 3, 4, 6, 12, 14, 15, 21, 23, 34, 35, 38, 46, 47, 48, 50, 52, 56, 62, 66, 73, 76, 88, 102, 103, 108, 111, 115, 123, 127, 130, 136, 139, 145, 146, 152, 158, 168, 171, 174, 177, 181, 184, 187, 199, 204, 205, 209, 211, 223, 224, 232, 237, 265, 267, 268, 269, 272, 290]
R2 de Treino = 78.26
R2 de Teste = 79.58

144 / 150  96.0 %
Tempo restante 0:00:00.713952

#################  Rodada 146 / 150  97.33 %
Parâmetros ('EV_CE', 'PRE_CE', 'WAI_CE', 'saz_sin', 'saz_cos')
Linhas de Treino [0, 1, 2, 3, 4, 5, 6, 7, 8, 9, 10, 11, 12, 16, 19, 20, 21, 23, 24, 25, 26, 27, 29, 30, 31, 32, 33, 34, 35, 36, 37, 38, 39, 40, 41, 43, 45, 46, 47, 48, 51, 52, 53, 54, 55, 56, 57, 59, 61, 62, 63, 64, 66, 67, 68, 71, 72, 73, 75, 76, 77, 78, 79, 80, 82, 83, 84, 85, 86, 87, 88, 91, 92, 94, 95, 96, 97, 98, 99, 100, 102, 103, 104, 105, 106, 107, 109, 110, 111, 112, 114, 115, 117, 118, 119, 120, 121, 122, 123, 125, 126, 127, 130, 131, 133, 134, 135, 136, 137, 138, 139, 140, 141, 142, 144, 145, 146, 147, 148, 149, 150, 151, 152, 153, 154, 155, 156, 157, 160, 161, 162, 164, 166, 167, 169, 170, 171, 172, 173, 174, 175, 177, 178, 179, 180, 181, 182, 184, 185, 187, 188, 189, 190, 192, 193, 194, 195, 196, 198, 199, 200, 202, 203, 204, 205, 206, 208, 209, 210, 213, 214, 215, 216, 217, 218, 219, 220, 221, 222, 223, 224, 225, 226, 228, 229, 230, 232, 233, 234, 235, 236, 237, 238, 239, 240, 241, 242, 243, 245, 249, 250, 251, 252, 253, 254, 257, 258, 259, 260, 261, 262, 263, 264, 265, 266, 268, 270, 271, 273, 275, 276, 278, 279, 280, 282, 283, 285, 286, 287, 288, 290, 291, 292, 293, 294, 295, 296]
Linhas de Teste [13, 14, 15, 17, 18, 22, 28, 42, 44, 49, 50, 58, 60, 65, 69, 70, 74, 81, 89, 90, 93, 101, 108, 113, 116, 124, 128, 129, 132, 143, 158, 159, 163, 165, 168, 176, 183, 186, 191, 197, 201, 207, 211, 212, 227, 231, 244, 246, 247, 248, 255, 256, 267, 269, 272, 274, 277, 281, 284, 289]
R2 de Treino = 97.09
R2 de Teste = 97.37

146 / 150  97.33 %
Tempo restante 0:00:00.453116

#################  Rodada 147 / 150  98.0 %
Parâmetros ('EV_CE', 'PRE_CE', 'WAI_CE', 'saz_sin', 'saz_cos')
Linhas de Treino [0, 1, 2, 4, 5, 6, 7, 8, 11, 13, 14, 15, 16, 17, 18, 21, 22, 23, 24, 25, 26, 27, 28, 29, 31, 32, 33, 36, 37, 38, 39, 40, 41, 42, 43, 44, 45, 46, 47, 48, 49, 50, 51, 52, 53, 56, 57, 58, 60, 62, 65, 66, 67, 69, 70, 71, 73, 74, 77, 78, 79, 81, 82, 83, 86, 89, 90, 91, 92, 93, 95, 96, 97, 99, 100, 101, 102, 103, 104, 105, 106, 107, 108, 109, 110, 111, 113, 114, 115, 116, 117, 118, 119, 122, 123, 124, 125, 126, 128, 129, 131, 132, 134, 135, 136, 137, 138, 141, 142, 143, 146, 147, 149, 150, 151, 152, 153, 154, 155, 156, 157, 158, 159, 160, 161, 162, 163, 165, 166, 167, 168, 169, 171, 172, 173, 174, 175, 176, 177, 182, 183, 184, 186, 187, 188, 189, 190, 191, 192, 193, 194, 195, 196, 197, 198, 199, 201, 202, 203, 205, 206, 207, 208, 209, 210, 211, 212, 213, 214, 215, 216, 217, 219, 221, 222, 223, 224, 225, 226, 227, 228, 229, 230, 231, 232, 233, 235, 236, 238, 239, 240, 241, 242, 244, 245, 246, 247, 248, 249, 251, 252, 253, 255, 256, 257, 259, 261, 262, 263, 264, 265, 266, 267, 269, 270, 271, 272, 273, 274, 275, 277, 278, 279, 280, 281, 282, 283, 284, 286, 287, 289, 290, 292, 293, 294, 295, 296]
Linhas de Teste [3, 9, 10, 12, 19, 20, 30, 34, 35, 54, 55, 59, 61, 63, 64, 68, 72, 75, 76, 80, 84, 85, 87, 88, 94, 98, 112, 120, 121, 127, 130, 133, 139, 140, 144, 145, 148, 164, 170, 178, 179, 180, 181, 185, 200, 204, 218, 220, 234, 237, 243, 250, 254, 258, 260, 268, 276, 285, 288, 291]
R2 de Treino = 97.38
R2 de Teste = 96.41

147 / 150  98.0 %
Tempo restante 0:00:00.348630

#################  Rodada 145 / 150  96.67 %
Parâmetros ('EV_MA', 'TST_MA', 'WAI_MA', 'saz_sin', 'saz_cos')
Linhas de Treino [0, 2, 3, 4, 5, 6, 7, 8, 9, 11, 12, 13, 14, 15, 17, 18, 21, 22, 23, 28, 29, 31, 32, 33, 34, 35, 36, 38, 39, 40, 41, 42, 44, 45, 46, 47, 48, 49, 50, 51, 52, 53, 54, 55, 56, 58, 59, 61, 62, 63, 64, 65, 66, 67, 69, 70, 71, 72, 73, 74, 76, 77, 78, 79, 80, 81, 82, 83, 85, 87, 88, 89, 90, 91, 94, 95, 96, 97, 99, 101, 102, 103, 105, 106, 107, 108, 109, 110, 111, 112, 113, 115, 116, 117, 118, 119, 121, 122, 123, 124, 125, 127, 128, 130, 131, 133, 134, 135, 136, 137, 138, 139, 140, 141, 142, 143, 144, 145, 146, 149, 150, 151, 152, 153, 154, 155, 156, 158, 161, 162, 163, 165, 166, 168, 169, 170, 171, 174, 175, 176, 177, 178, 180, 181, 182, 183, 184, 185, 186, 187, 188, 189, 190, 191, 192, 193, 194, 195, 196, 198, 199, 200, 201, 202, 204, 205, 206, 207, 208, 209, 210, 211, 212, 216, 217, 218, 220, 221, 222, 223, 224, 225, 227, 228, 229, 231, 232, 233, 234, 235, 236, 237, 238, 239, 240, 242, 244, 245, 246, 249, 250, 251, 252, 253, 254, 256, 257, 258, 259, 260, 262, 263, 264, 265, 267, 268, 269, 270, 271, 272, 273, 276, 277, 278, 279, 281, 283, 284, 285, 286, 287, 288, 290, 291, 292, 294, 295, 296]
Linhas de Teste [1, 10, 16, 19, 20, 24, 25, 26, 27, 30, 37, 43, 57, 60, 68, 75, 84, 86, 92, 93, 98, 100, 104, 114, 120, 126, 129, 132, 147, 148, 157, 159, 160, 164, 167, 172, 173, 179, 197, 203, 213, 214, 215, 219, 226, 230, 241, 243, 247, 248, 255, 261, 266, 274, 275, 280, 282, 289, 293]
R2 de Treino = 78.1
R2 de Teste = 76.15

145 / 150  96.67 %
Tempo restante 0:00:00.590995

#################  Rodada 148 / 150  98.67 %
Parâmetros ('EV_CE', 'PRE_CE', 'WAI_CE', 'saz_sin', 'saz_cos')
Linhas de Treino [3, 4, 5, 6, 8, 9, 10, 11, 12, 13, 14, 15, 17, 18, 19, 20, 22, 23, 24, 25, 26, 27, 28, 29, 30, 33, 34, 35, 36, 38, 40, 41, 42, 43, 44, 46, 47, 48, 49, 50, 52, 54, 55, 57, 58, 59, 60, 61, 62, 63, 64, 65, 66, 67, 68, 69, 70, 71, 72, 73, 74, 75, 76, 77, 78, 79, 80, 81, 82, 84, 85, 87, 88, 89, 90, 91, 92, 93, 94, 97, 98, 99, 101, 102, 103, 105, 107, 108, 109, 110, 111, 112, 113, 114, 115, 116, 117, 118, 120, 121, 122, 123, 124, 126, 127, 128, 129, 130, 131, 132, 133, 134, 135, 137, 138, 139, 140, 141, 143, 144, 145, 146, 147, 148, 150, 152, 155, 157, 158, 159, 160, 161, 162, 163, 164, 165, 166, 167, 168, 170, 172, 174, 176, 178, 179, 180, 181, 183, 184, 185, 186, 188, 189, 191, 193, 196, 197, 198, 200, 201, 202, 203, 204, 205, 206, 207, 209, 210, 211, 212, 213, 214, 216, 218, 219, 220, 221, 222, 223, 224, 225, 226, 227, 228, 229, 231, 232, 233, 234, 235, 236, 237, 242, 243, 244, 245, 246, 247, 248, 249, 250, 254, 255, 256, 257, 258, 259, 260, 261, 262, 263, 266, 267, 268, 269, 270, 271, 272, 273, 274, 276, 277, 279, 280, 281, 282, 283, 284, 285, 286, 288, 289, 290, 291, 292, 293, 294, 295]
Linhas de Teste [0, 1, 2, 7, 16, 21, 31, 32, 37, 39, 45, 51, 53, 56, 83, 86, 95, 96, 100, 104, 106, 119, 125, 136, 142, 149, 151, 153, 154, 156, 169, 171, 173, 175, 177, 182, 187, 190, 192, 194, 195, 199, 208, 215, 217, 230, 238, 239, 240, 241, 251, 252, 253, 264, 265, 275, 278, 287, 296]
R2 de Treino = 97.27
R2 de Teste = 96.48

148 / 150  98.67 %
Tempo restante 0:00:00.230374

#################  Rodada 146 / 150  97.33 %
Parâmetros ('EV_MA', 'TST_MA', 'WAI_MA', 'saz_sin', 'saz_cos')
Linhas de Treino [0, 1, 2, 3, 4, 5, 6, 7, 8, 9, 10, 11, 12, 16, 19, 20, 21, 23, 24, 25, 26, 27, 29, 30, 31, 32, 33, 34, 35, 36, 37, 38, 39, 40, 41, 43, 45, 46, 47, 48, 51, 52, 53, 54, 55, 56, 57, 59, 61, 62, 63, 64, 66, 67, 68, 71, 72, 73, 75, 76, 77, 78, 79, 80, 82, 83, 84, 85, 86, 87, 88, 91, 92, 94, 95, 96, 97, 98, 99, 100, 102, 103, 104, 105, 106, 107, 109, 110, 111, 112, 114, 115, 117, 118, 119, 120, 121, 122, 123, 125, 126, 127, 130, 131, 133, 134, 135, 136, 137, 138, 139, 140, 141, 142, 144, 145, 146, 147, 148, 149, 150, 151, 152, 153, 154, 155, 156, 157, 160, 161, 162, 164, 166, 167, 169, 170, 171, 172, 173, 174, 175, 177, 178, 179, 180, 181, 182, 184, 185, 187, 188, 189, 190, 192, 193, 194, 195, 196, 198, 199, 200, 202, 203, 204, 205, 206, 208, 209, 210, 213, 214, 215, 216, 217, 218, 219, 220, 221, 222, 223, 224, 225, 226, 228, 229, 230, 232, 233, 234, 235, 236, 237, 238, 239, 240, 241, 242, 243, 245, 249, 250, 251, 252, 253, 254, 257, 258, 259, 260, 261, 262, 263, 264, 265, 266, 268, 270, 271, 273, 275, 276, 278, 279, 280, 282, 283, 285, 286, 287, 288, 290, 291, 292, 293, 294, 295, 296]
Linhas de Teste [13, 14, 15, 17, 18, 22, 28, 42, 44, 49, 50, 58, 60, 65, 69, 70, 74, 81, 89, 90, 93, 101, 108, 113, 116, 124, 128, 129, 132, 143, 158, 159, 163, 165, 168, 176, 183, 186, 191, 197, 201, 207, 211, 212, 227, 231, 244, 246, 247, 248, 255, 256, 267, 269, 272, 274, 277, 281, 284, 289]
R2 de Treino = 81.03
R2 de Teste = 60.22

146 / 150  97.33 %
Tempo restante 0:00:00.493336

#################  Rodada 149 / 150  99.33 %
Parâmetros ('EV_CE', 'PRE_CE', 'WAI_CE', 'saz_sin', 'saz_cos')
Linhas de Treino [0, 1, 2, 3, 4, 5, 6, 7, 9, 10, 11, 12, 13, 14, 15, 16, 17, 18, 19, 20, 21, 22, 23, 25, 28, 29, 30, 31, 32, 34, 35, 36, 37, 39, 41, 42, 43, 44, 45, 46, 48, 49, 50, 51, 53, 54, 55, 56, 58, 59, 60, 61, 62, 63, 64, 65, 66, 68, 69, 70, 71, 72, 74, 75, 76, 80, 81, 83, 84, 85, 86, 87, 88, 89, 90, 91, 92, 93, 94, 95, 96, 97, 98, 99, 100, 101, 102, 104, 105, 106, 108, 112, 113, 115, 116, 117, 119, 120, 121, 124, 125, 126, 127, 128, 129, 130, 132, 133, 134, 135, 136, 139, 140, 141, 142, 143, 144, 145, 148, 149, 151, 153, 154, 155, 156, 157, 158, 159, 161, 162, 163, 164, 165, 166, 167, 168, 169, 170, 171, 173, 174, 175, 176, 177, 178, 179, 180, 181, 182, 183, 184, 185, 186, 187, 190, 191, 192, 194, 195, 197, 198, 199, 200, 201, 202, 204, 205, 207, 208, 209, 211, 212, 213, 215, 217, 218, 219, 220, 221, 224, 225, 227, 228, 230, 231, 233, 234, 236, 237, 238, 239, 240, 241, 243, 244, 245, 246, 247, 248, 250, 251, 252, 253, 254, 255, 256, 257, 258, 260, 261, 264, 265, 267, 268, 269, 272, 273, 274, 275, 276, 277, 278, 279, 280, 281, 282, 284, 285, 286, 287, 288, 289, 290, 291, 292, 294, 295, 296]
Linhas de Teste [8, 24, 26, 27, 33, 38, 40, 47, 52, 57, 67, 73, 77, 78, 79, 82, 103, 107, 109, 110, 111, 114, 118, 122, 123, 131, 137, 138, 146, 147, 150, 152, 160, 172, 188, 189, 193, 196, 203, 206, 210, 214, 216, 222, 223, 226, 229, 232, 235, 242, 249, 259, 262, 263, 266, 270, 271, 283, 293]
R2 de Treino = 97.16
R2 de Teste = 97.05

149 / 150  99.33 %
Tempo restante 0:00:00.115786

#################  Rodada 147 / 150  98.0 %
Parâmetros ('EV_MA', 'TST_MA', 'WAI_MA', 'saz_sin', 'saz_cos')
Linhas de Treino [0, 1, 2, 4, 5, 6, 7, 8, 11, 13, 14, 15, 16, 17, 18, 21, 22, 23, 24, 25, 26, 27, 28, 29, 31, 32, 33, 36, 37, 38, 39, 40, 41, 42, 43, 44, 45, 46, 47, 48, 49, 50, 51, 52, 53, 56, 57, 58, 60, 62, 65, 66, 67, 69, 70, 71, 73, 74, 77, 78, 79, 81, 82, 83, 86, 89, 90, 91, 92, 93, 95, 96, 97, 99, 100, 101, 102, 103, 104, 105, 106, 107, 108, 109, 110, 111, 113, 114, 115, 116, 117, 118, 119, 122, 123, 124, 125, 126, 128, 129, 131, 132, 134, 135, 136, 137, 138, 141, 142, 143, 146, 147, 149, 150, 151, 152, 153, 154, 155, 156, 157, 158, 159, 160, 161, 162, 163, 165, 166, 167, 168, 169, 171, 172, 173, 174, 175, 176, 177, 182, 183, 184, 186, 187, 188, 189, 190, 191, 192, 193, 194, 195, 196, 197, 198, 199, 201, 202, 203, 205, 206, 207, 208, 209, 210, 211, 212, 213, 214, 215, 216, 217, 219, 221, 222, 223, 224, 225, 226, 227, 228, 229, 230, 231, 232, 233, 235, 236, 238, 239, 240, 241, 242, 244, 245, 246, 247, 248, 249, 251, 252, 253, 255, 256, 257, 259, 261, 262, 263, 264, 265, 266, 267, 269, 270, 271, 272, 273, 274, 275, 277, 278, 279, 280, 281, 282, 283, 284, 286, 287, 289, 290, 292, 293, 294, 295, 296]
Linhas de Teste [3, 9, 10, 12, 19, 20, 30, 34, 35, 54, 55, 59, 61, 63, 64, 68, 72, 75, 76, 80, 84, 85, 87, 88, 94, 98, 112, 120, 121, 127, 130, 133, 139, 140, 144, 145, 148, 164, 170, 178, 179, 180, 181, 185, 200, 204, 218, 220, 234, 237, 243, 250, 254, 258, 260, 268, 276, 285, 288, 291]
R2 de Treino = 76.6
R2 de Teste = 77.63

147 / 150  98.0 %
Tempo restante 0:00:00.359664

#################  Rodada 150 / 150  100.0 %
Parâmetros ('EV_CE', 'PRE_CE', 'WAI_CE', 'saz_sin', 'saz_cos')
Linhas de Treino [0, 1, 2, 3, 7, 8, 9, 10, 12, 13, 14, 15, 16, 17, 18, 19, 20, 21, 22, 24, 26, 27, 28, 30, 31, 32, 33, 34, 35, 37, 38, 39, 40, 42, 44, 45, 47, 49, 50, 51, 52, 53, 54, 55, 56, 57, 58, 59, 60, 61, 63, 64, 65, 67, 68, 69, 70, 72, 73, 74, 75, 76, 77, 78, 79, 80, 81, 82, 83, 84, 85, 86, 87, 88, 89, 90, 93, 94, 95, 96, 98, 100, 101, 103, 104, 106, 107, 108, 109, 110, 111, 112, 113, 114, 116, 118, 119, 120, 121, 122, 123, 124, 125, 127, 128, 129, 130, 131, 132, 133, 136, 137, 138, 139, 140, 142, 143, 144, 145, 146, 147, 148, 149, 150, 151, 152, 153, 154, 156, 158, 159, 160, 163, 164, 165, 168, 169, 170, 171, 172, 173, 175, 176, 177, 178, 179, 180, 181, 182, 183, 185, 186, 187, 188, 189, 190, 191, 192, 193, 194, 195, 196, 197, 199, 200, 201, 203, 204, 206, 207, 208, 210, 211, 212, 214, 215, 216, 217, 218, 220, 222, 223, 226, 227, 229, 230, 231, 232, 234, 235, 237, 238, 239, 240, 241, 242, 243, 244, 246, 247, 248, 249, 250, 251, 252, 253, 254, 255, 256, 258, 259, 260, 262, 263, 264, 265, 266, 267, 268, 269, 270, 271, 272, 274, 275, 276, 277, 278, 281, 283, 284, 285, 287, 288, 289, 291, 293, 296]
Linhas de Teste [4, 5, 6, 11, 23, 25, 29, 36, 41, 43, 46, 48, 62, 66, 71, 91, 92, 97, 99, 102, 105, 115, 117, 126, 134, 135, 141, 155, 157, 161, 162, 166, 167, 174, 184, 198, 202, 205, 209, 213, 219, 221, 224, 225, 228, 233, 236, 245, 257, 261, 273, 279, 280, 282, 286, 290, 292, 294, 295]
R2 de Treino = 97.42
R2 de Teste = 95.97

150 / 150  100.0 %
Tempo restante 0:00:00

Diretório atual: /home/user/Controle-Gas/npp_modis/modelo/modelo_psn_tese

===== ESTATÍSTICAS GERAIS =====
R2 Treino médio: 97.25
R2 Treino desvio padrão: 0.15
R2 Ajustado Treino médio: 97.0
R2 Ajustado Treino desvio padrão: 0.16
R2 Teste médio: 96.66
R2 Teste desvio padrão: 0.64
RMSE Teste médio: 6.74
MAE Teste médio: 5.43
MAE Teste desvio padrão: 0.44

Intervalo empírico 95% R² Teste: [95.40% - 97.71%]

===== VALIDAÇÃO TEMPORAL (ROBUSTEZ) =====

#################  Rodada 148 / 150  98.67 %
Parâmetros ('EV_MA', 'TST_MA', 'WAI_MA', 'saz_sin', 'saz_cos')
Linhas de Treino [3, 4, 5, 6, 8, 9, 10, 11, 12, 13, 14, 15, 17, 18, 19, 20, 22, 23, 24, 25, 26, 27, 28, 29, 30, 33, 34, 35, 36, 38, 40, 41, 42, 43, 44, 46, 47, 48, 49, 50, 52, 54, 55, 57, 58, 59, 60, 61, 62, 63, 64, 65, 66, 67, 68, 69, 70, 71, 72, 73, 74, 75, 76, 77, 78, 79, 80, 81, 82, 84, 85, 87, 88, 89, 90, 91, 92, 93, 94, 97, 98, 99, 101, 102, 103, 105, 107, 108, 109, 110, 111, 112, 113, 114, 115, 116, 117, 118, 120, 121, 122, 123, 124, 126, 127, 128, 129, 130, 131, 132, 133, 134, 135, 137, 138, 139, 140, 141, 143, 144, 145, 146, 147, 148, 150, 152, 155, 157, 158, 159, 160, 161, 162, 163, 164, 165, 166, 167, 168, 170, 172, 174, 176, 178, 179, 180, 181, 183, 184, 185, 186, 188, 189, 191, 193, 196, 197, 198, 200, 201, 202, 203, 204, 205, 206, 207, 209, 210, 211, 212, 213, 214, 216, 218, 219, 220, 221, 222, 223, 224, 225, 226, 227, 228, 229, 231, 232, 233, 234, 235, 236, 237, 242, 243, 244, 245, 246, 247, 248, 249, 250, 254, 255, 256, 257, 258, 259, 260, 261, 262, 263, 266, 267, 268, 269, 270, 271, 272, 273, 274, 276, 277, 279, 280, 281, 282, 283, 284, 285, 286, 288, 289, 290, 291, 292, 293, 294, 295]
Linhas de Teste [0, 1, 2, 7, 16, 21, 31, 32, 37, 39, 45, 51, 53, 56, 83, 86, 95, 96, 100, 104, 106, 119, 125, 136, 142, 149, 151, 153, 154, 156, 169, 171, 173, 175, 177, 182, 187, 190, 192, 194, 195, 199, 208, 215, 217, 230, 238, 239, 240, 241, 251, 252, 253, 264, 265, 275, 278, 287, 296]
R2 de Treino = 78.8
R2 de Teste = 74.27

148 / 150  98.67 %
Tempo restante 0:00:00.237674

#################  Rodada 149 / 150  99.33 %
Parâmetros ('EV_MA', 'TST_MA', 'WAI_MA', 'saz_sin', 'saz_cos')
Linhas de Treino [0, 1, 2, 3, 4, 5, 6, 7, 9, 10, 11, 12, 13, 14, 15, 16, 17, 18, 19, 20, 21, 22, 23, 25, 28, 29, 30, 31, 32, 34, 35, 36, 37, 39, 41, 42, 43, 44, 45, 46, 48, 49, 50, 51, 53, 54, 55, 56, 58, 59, 60, 61, 62, 63, 64, 65, 66, 68, 69, 70, 71, 72, 74, 75, 76, 80, 81, 83, 84, 85, 86, 87, 88, 89, 90, 91, 92, 93, 94, 95, 96, 97, 98, 99, 100, 101, 102, 104, 105, 106, 108, 112, 113, 115, 116, 117, 119, 120, 121, 124, 125, 126, 127, 128, 129, 130, 132, 133, 134, 135, 136, 139, 140, 141, 142, 143, 144, 145, 148, 149, 151, 153, 154, 155, 156, 157, 158, 159, 161, 162, 163, 164, 165, 166, 167, 168, 169, 170, 171, 173, 174, 175, 176, 177, 178, 179, 180, 181, 182, 183, 184, 185, 186, 187, 190, 191, 192, 194, 195, 197, 198, 199, 200, 201, 202, 204, 205, 207, 208, 209, 211, 212, 213, 215, 217, 218, 219, 220, 221, 224, 225, 227, 228, 230, 231, 233, 234, 236, 237, 238, 239, 240, 241, 243, 244, 245, 246, 247, 248, 250, 251, 252, 253, 254, 255, 256, 257, 258, 260, 261, 264, 265, 267, 268, 269, 272, 273, 274, 275, 276, 277, 278, 279, 280, 281, 282, 284, 285, 286, 287, 288, 289, 290, 291, 292, 294, 295, 296]
Linhas de Teste [8, 24, 26, 27, 33, 38, 40, 47, 52, 57, 67, 73, 77, 78, 79, 82, 103, 107, 109, 110, 111, 114, 118, 122, 123, 131, 137, 138, 146, 147, 150, 152, 160, 172, 188, 189, 193, 196, 203, 206, 210, 214, 216, 222, 223, 226, 229, 232, 235, 242, 249, 259, 262, 263, 266, 270, 271, 283, 293]
R2 de Treino = 79.01
R2 de Teste = 73.5

149 / 150  99.33 %
Tempo restante 0:00:00.124315

#################  Rodada 150 / 150  100.0 %
Parâmetros ('EV_MA', 'TST_MA', 'WAI_MA', 'saz_sin', 'saz_cos')
Linhas de Treino [0, 1, 2, 3, 7, 8, 9, 10, 12, 13, 14, 15, 16, 17, 18, 19, 20, 21, 22, 24, 26, 27, 28, 30, 31, 32, 33, 34, 35, 37, 38, 39, 40, 42, 44, 45, 47, 49, 50, 51, 52, 53, 54, 55, 56, 57, 58, 59, 60, 61, 63, 64, 65, 67, 68, 69, 70, 72, 73, 74, 75, 76, 77, 78, 79, 80, 81, 82, 83, 84, 85, 86, 87, 88, 89, 90, 93, 94, 95, 96, 98, 100, 101, 103, 104, 106, 107, 108, 109, 110, 111, 112, 113, 114, 116, 118, 119, 120, 121, 122, 123, 124, 125, 127, 128, 129, 130, 131, 132, 133, 136, 137, 138, 139, 140, 142, 143, 144, 145, 146, 147, 148, 149, 150, 151, 152, 153, 154, 156, 158, 159, 160, 163, 164, 165, 168, 169, 170, 171, 172, 173, 175, 176, 177, 178, 179, 180, 181, 182, 183, 185, 186, 187, 188, 189, 190, 191, 192, 193, 194, 195, 196, 197, 199, 200, 201, 203, 204, 206, 207, 208, 210, 211, 212, 214, 215, 216, 217, 218, 220, 222, 223, 226, 227, 229, 230, 231, 232, 234, 235, 237, 238, 239, 240, 241, 242, 243, 244, 246, 247, 248, 249, 250, 251, 252, 253, 254, 255, 256, 258, 259, 260, 262, 263, 264, 265, 266, 267, 268, 269, 270, 271, 272, 274, 275, 276, 277, 278, 281, 283, 284, 285, 287, 288, 289, 291, 293, 296]
Linhas de Teste [4, 5, 6, 11, 23, 25, 29, 36, 41, 43, 46, 48, 62, 66, 71, 91, 92, 97, 99, 102, 105, 115, 117, 126, 134, 135, 141, 155, 157, 161, 162, 166, 167, 174, 184, 198, 202, 205, 209, 213, 219, 221, 224, 225, 228, 233, 236, 245, 257, 261, 273, 279, 280, 282, 286, 290, 292, 294, 295]
R2 de Treino = 78.55
R2 de Teste = 75.76

150 / 150  100.0 %
Tempo restante 0:00:00

Diretório atual: /home/user/Controle-Gas/npp_modis/modelo/modelo_psn_tese

===== ESTATÍSTICAS GERAIS =====
R2 Treino médio: 78.84
R2 Treino desvio padrão: 1.34
R2 Ajustado Treino médio: 76.88
R2 Ajustado Treino desvio padrão: 1.47
R2 Teste médio: 73.65
R2 Teste desvio padrão: 5.91
RMSE Teste médio: 7.97
MAE Teste médio: 6.29
MAE Teste desvio padrão: 0.56

Intervalo empírico 95% R² Teste: [60.06% - 83.40%]

===== VALIDAÇÃO TEMPORAL (ROBUSTEZ) =====
R² teste - RepeatedKFold (principal) : 94.16%
R² teste - GroupKFold por ano        : 93.81%  (folds: 91.4, 95.6, 94.9, 91.5, 95.5)
R² teste - TimeSeriesSplit expansível: 91.20%  (folds: 90.2, 87.4, 90.5, 93.7, 94.2)

Queda RKF:GroupKFold  : +0.36 pp
Queda RKF:TimeSeries  : +2.97 pp
Desempenho ROBUSTO à validação temporal (quedas < 10 pp): o R² não é artefato de vazamento por autocorrelação.

===== VIF =====
  Variável       VIF
0    EV_CA  5.017854
1   PRE_CA  1.682580
2   TST_CA  3.896364
3  saz_sin  2.630587
4  saz_cos  3.757459
Alpha médio utilizado na análise de resíduos: 0.1000
Arquivo coeficientes_ridge_CA.csv salvo com sucesso!
            feature       coef bioma
0             EV_CA  33.124104    CA
1            PRE_CA  -4.536289    CA
2            TST_CA  -4.081717    CA
3           saz_sin  -5.936446    CA
4           saz_cos  -6.494056    CA
5           EV_CA^2  -4.284906    CA
6      EV_CA PRE_CA  -2.363569    CA
7      EV_CA TST_CA  -4.481743    CA
8     EV_CA saz_sin   3.328126    CA
9     EV_CA saz_cos   5.524011    CA
10         PRE_CA^2  -0.476395    CA
11    PRE_CA TST_CA  -1.599238    CA
12   PRE_CA saz_sin   0.791682    CA
13   PRE_CA saz_cos   2.952643    CA
14         TST_CA^2  -0.125897    CA
15   TST_CA saz_sin   3.844826    CA
16   TST_CA saz_cos   4.674443    CA
17        saz_sin^2   0.929923    CA
18  saz_sin saz_cos   1.991251    CA
19        saz_cos^2  -1.005241    CA

===== NORMALIDADE DOS RESÍDUOS =====
Shapiro-Wilk: stat=0.9833, p=0.0015
Resíduos NÃO normais

===== AUTOCORRELAÇÃO DOS RESÍDUOS =====
ACF lag1=+0.420 | lag2=+0.207 | lag3=+0.205
Ljung-Box(12): p=0.0000
Autocorrelação residual presente - limitação a reportar.
R² teste - RepeatedKFold (principal) : 96.66%
R² teste - GroupKFold por ano        : 96.38%  (folds: 96.0, 97.4, 96.9, 95.1, 96.6)
R² teste - TimeSeriesSplit expansível: 95.73%  (folds: 94.0, 94.8, 96.3, 96.2, 97.2)

Queda RKF:GroupKFold  : +0.28 pp
Queda RKF:TimeSeries  : +0.93 pp
Desempenho ROBUSTO à validação temporal (quedas < 10 pp): o R² não é artefato de vazamento por autocorrelação.

===== VIF =====
  Variável        VIF
0    EV_CE  36.990854
1   PRE_CE   4.016550
2   WAI_CE  31.610105
3  saz_sin   4.492597
4  saz_cos   3.588023
Alpha médio utilizado na análise de resíduos: 0.1000
Arquivo coeficientes_ridge_CE.csv salvo com sucesso!
            feature       coef bioma
0             EV_CE  56.481573    CE
1            PRE_CE -12.182035    CE
2            WAI_CE  -6.567842    CE
3           saz_sin  -7.726826    CE
4           saz_cos -11.620144    CE
5           EV_CE^2   6.857044    CE
6      EV_CE PRE_CE   5.052205    CE
7      EV_CE WAI_CE -13.043183    CE
8     EV_CE saz_sin -10.902837    CE
9     EV_CE saz_cos  -9.052828    CE
10         PRE_CE^2   1.189200    CE
11    PRE_CE WAI_CE  -1.793431    CE
12   PRE_CE saz_sin  -3.136984    CE
13   PRE_CE saz_cos   1.367584    CE
14         WAI_CE^2  -3.294032    CE
15   WAI_CE saz_sin  16.498936    CE
16   WAI_CE saz_cos   7.204918    CE
17        saz_sin^2  -3.939337    CE
18  saz_sin saz_cos  10.537573    CE
19        saz_cos^2   3.805043    CE

===== NORMALIDADE DOS RESÍDUOS =====
Shapiro-Wilk: stat=0.9949, p=0.4232
Resíduos normais

===== AUTOCORRELAÇÃO DOS RESÍDUOS =====
ACF lag1=+0.201 | lag2=+0.086 | lag3=+0.074
Ljung-Box(12): p=0.0052
Autocorrelação residual presente - limitação a reportar.
R² teste - RepeatedKFold (principal) : 73.65%
R² teste - GroupKFold por ano        : 73.73%  (folds: 64.5, 81.2, 74.1, 77.6, 71.3)
R² teste - TimeSeriesSplit expansível: 66.98%  (folds: 66.5, 70.5, 73.3, 72.1, 52.5)

Queda RKF:GroupKFold  : -0.08 pp
Queda RKF:TimeSeries  : +6.66 pp
Desempenho ROBUSTO à validação temporal (quedas < 10 pp): o R² não é artefato de vazamento por autocorrelação.

===== VIF =====
  Variável       VIF
0    EV_MA  2.653714
1   TST_MA  4.229459
2   WAI_MA  3.544828
3  saz_sin  1.646029
4  saz_cos  3.921375
Alpha médio utilizado na análise de resíduos: 0.7060
Arquivo coeficientes_ridge_MA.csv salvo com sucesso!
            feature       coef bioma
0             EV_MA  22.786442    MA
1            TST_MA -11.111419    MA
2            WAI_MA -16.659441    MA
3           saz_sin  -8.883965    MA
4           saz_cos  -8.838866    MA
5           EV_MA^2  -1.181118    MA
6      EV_MA TST_MA  -3.681573    MA
7      EV_MA WAI_MA  -1.567621    MA
8     EV_MA saz_sin   0.029051    MA
9     EV_MA saz_cos   3.968882    MA
10         TST_MA^2  -0.769489    MA
11    TST_MA WAI_MA   0.008173    MA
12   TST_MA saz_sin   0.705973    MA
13   TST_MA saz_cos   1.614297    MA
14         WAI_MA^2   1.168188    MA
15   WAI_MA saz_sin   3.054121    MA
16   WAI_MA saz_cos  -0.969162    MA
17        saz_sin^2  -1.676628    MA
18  saz_sin saz_cos   8.852239    MA
19        saz_cos^2   1.604761    MA

===== NORMALIDADE DOS RESÍDUOS =====
Shapiro-Wilk: stat=0.9959, p=0.6299
Resíduos normais

===== AUTOCORRELAÇÃO DOS RESÍDUOS =====
ACF lag1=+0.505 | lag2=+0.346 | lag3=+0.294
Ljung-Box(12): p=0.0000
Autocorrelação residual presente - limitação a reportar.
Gráfico salvo em analise_residuos_CA.png (600 dpi)
Gráfico salvo em analise_residuos_CE.png (600 dpi)
Gráfico salvo em analise_residuos_MA.png (600 dpi)
Gráfico salvo em obs_vs_pred_CE.png (600 dpi)
R² out-of-fold (Figura 3): 96.88%  |  R² RepeatedKFold (tabelas): 96.66%

===== Y-RANDOMIZATION DESATIVADA (RODAR_YRANDOMIZATION = False) =====
Bloco de Y-randomization pulado. Defina RODAR_YRANDOMIZATION = True para rodar.
>>> Bioma CE concluído.
Gráfico salvo em obs_vs_pred_CA.png (600 dpi)
R² out-of-fold (Figura 3): 94.65%  |  R² RepeatedKFold (tabelas): 94.16%

===== Y-RANDOMIZATION DESATIVADA (RODAR_YRANDOMIZATION = False) =====
Bloco de Y-randomization pulado. Defina RODAR_YRANDOMIZATION = True para rodar.
>>> Bioma CA concluído.
Gráfico salvo em obs_vs_pred_MA.png (600 dpi)
R² out-of-fold (Figura 3): 73.85%  |  R² RepeatedKFold (tabelas): 73.65%

===== Y-RANDOMIZATION DESATIVADA (RODAR_YRANDOMIZATION = False) =====
Bloco de Y-randomization pulado. Defina RODAR_YRANDOMIZATION = True para rodar.
>>> Bioma MA concluído.


===== RESUMO COMPARATIVO — TODOS OS BIOMAS =====
bioma           nome  r2_treino_medio  r2_treino_dp  r2aj_treino_medio  r2_teste_medio  r2_teste_dp  ic95_lower  ic95_upper  gap_overfitting_pp  rmse_teste_medio  mae_teste_medio  r2_groupkfold_ano  r2_timeseriessplit  queda_groupkfold_pp  queda_timeseries_pp  vif_max  shapiro_p residuos_normais  ljungbox_p  acf_lag1 yrand_diferenca_pp yrand_p_empirico yrand_status              arquivo_coef
   MA Mata Atlântica            78.84          1.34              76.88           73.65         5.91       60.06       83.40                5.19              7.97             6.29              73.73               66.98                -0.08                 6.66     4.23     0.6299              Sim      0.0000     0.505               None             None   NAO_RODADO coeficientes_ridge_MA.csv
   CE        Cerrado            97.25          0.15              97.00           96.66         0.64       95.40       97.71                0.59              6.74             5.43              96.38               95.73                 0.28                 0.93    36.99     0.4232              Sim      0.0052     0.201               None             None   NAO_RODADO coeficientes_ridge_CE.csv
   CA       Caatinga            95.19          0.32              94.75           94.16         1.47       90.79       96.25                1.03              6.69             5.08              93.81               91.20                 0.36                 2.97     5.02     0.0015              Não      0.0000     0.420               None             None   NAO_RODADO coeficientes_ridge_CA.csv

Tabela comparativa salva em resumo_geral.csv (pasta 'saidas_figuras/')
