
********* Melhor Resultado do Fold ************
Linhas de Treino [0, 1, 2, 3, 4, 8, 10, 11, 12, 13, 14, 15, 16, 18, 19, 20, 21, 22, 23, 26, 27, 28, 29, 30, 31, 32, 34, 35, 36, 37, 38, 39, 40, 41, 43, 44, 47, 48, 49, 50, 51, 52, 53, 54, 55, 56, 57, 58, 61, 62, 64, 65, 66, 67, 68, 69, 70, 71, 72, 74, 76, 79, 80, 81, 83, 85, 86, 87, 88, 89, 91, 94, 95, 96, 98, 99, 100, 102, 103, 104, 105, 106, 107, 109, 110, 112, 113, 114, 115, 117, 118, 119, 120, 121, 122, 123, 125, 127, 128, 129, 130, 131, 132, 133, 134, 135, 136, 137, 138, 140, 141, 142, 143, 144, 145, 146, 147, 149, 150, 151, 152, 153, 155, 156, 157, 159, 160, 161, 162, 163, 164, 165, 166, 168, 169, 170, 171, 172, 173, 174, 177, 178, 179, 180, 184, 186, 187, 188, 189, 190, 191, 193, 194, 196, 197, 198, 199, 200, 201, 202, 203, 204, 205, 206, 207, 209, 210, 212, 213, 214, 215, 216, 217, 218, 220, 221, 223, 225, 226, 227, 228, 229, 230, 231, 232, 235, 236, 238, 239, 240, 241, 242, 243, 244, 246, 247, 248, 249, 250, 251, 252, 253, 254, 255, 256, 257, 258, 259, 260, 261, 262, 264, 265, 266, 267, 268, 269, 270, 271, 272, 273, 274, 276, 277, 280, 281, 282, 284, 286, 287, 288, 289, 290, 291, 293, 295, 296]
Linhas de Teste [5, 6, 7, 9, 17, 24, 25, 33, 42, 45, 46, 59, 60, 63, 73, 75, 77, 78, 82, 84, 90, 92, 93, 97, 101, 108, 111, 116, 124, 126, 139, 148, 154, 158, 167, 175, 176, 181, 182, 183, 185, 192, 195, 208, 211, 219, 222, 224, 233, 234, 237, 245, 263, 275, 278, 279, 283, 285, 292, 294]

Rodada 1 / 150  0.67 %
Parâmetros ('EV_CE', 'PRE_CE', 'WAI_CE', 'saz_sin', 'saz_cos')
R2 de Treino = 97.22
R2 de Teste = 97.23
Coeficientes (pesos): [ 51.51395472 -13.52457038  -3.01688383  -6.64815465  -9.85171968
  12.51740178   5.96442647 -16.34958048 -12.26852    -10.74493171
   0.75518532  -0.46383349  -2.91288817   2.09923809  -3.92275983
  15.41015977   6.686846    -2.99382387  10.60937734   3.97724474]
Interceptor (constante): 98.48579788526669


********* Melhor Resultado do Fold ************
Linhas de Treino [0, 1, 2, 3, 4, 5, 6, 7, 8, 9, 11, 12, 13, 14, 17, 20, 21, 23, 24, 25, 26, 27, 28, 29, 32, 33, 34, 35, 36, 38, 39, 40, 41, 42, 43, 44, 45, 46, 47, 48, 49, 50, 51, 52, 53, 54, 57, 58, 59, 60, 61, 62, 63, 64, 65, 70, 71, 73, 74, 75, 77, 78, 80, 81, 82, 83, 84, 85, 87, 88, 89, 90, 91, 92, 93, 94, 95, 97, 98, 99, 100, 101, 102, 103, 105, 106, 107, 108, 110, 111, 112, 115, 116, 117, 120, 121, 122, 123, 124, 126, 127, 128, 129, 130, 131, 133, 134, 135, 136, 138, 139, 140, 141, 142, 143, 145, 148, 149, 150, 151, 152, 153, 154, 155, 156, 158, 160, 161, 162, 163, 164, 165, 166, 167, 169, 171, 172, 173, 174, 175, 176, 179, 181, 182, 183, 185, 186, 187, 188, 189, 190, 191, 192, 193, 194, 195, 196, 198, 199, 200, 201, 204, 205, 206, 207, 208, 209, 211, 212, 213, 214, 215, 216, 217, 218, 219, 220, 222, 224, 225, 227, 229, 230, 231, 232, 233, 234, 235, 236, 237, 238, 239, 240, 241, 243, 245, 247, 248, 249, 250, 251, 252, 254, 255, 256, 257, 258, 260, 261, 262, 263, 264, 265, 268, 269, 270, 271, 272, 274, 275, 276, 278, 279, 281, 282, 283, 284, 285, 287, 288, 290, 291, 292, 293, 294, 295, 296]
Linhas de Teste [10, 15, 16, 18, 19, 22, 30, 31, 37, 55, 56, 66, 67, 68, 69, 72, 76, 79, 86, 96, 104, 109, 113, 114, 118, 119, 125, 132, 137, 144, 146, 147, 157, 159, 168, 170, 177, 178, 180, 184, 197, 202, 203, 210, 221, 223, 226, 228, 242, 244, 246, 253, 259, 266, 267, 273, 277, 280, 286, 289]

Rodada 2 / 150  1.33 %
Parâmetros ('EV_CE', 'PRE_CE', 'WAI_CE', 'saz_sin', 'saz_cos')
R2 de Treino = 97.33
R2 de Teste = 96.68
Coeficientes (pesos): [ 51.60254594 -12.62126188  -2.28054483  -6.97403631 -10.37342995
  12.33384968   4.31175148 -16.72763287 -12.76397747  -9.95479606
   1.29973581  -1.66345022  -2.30398873   1.69714457  -3.74602953
  17.05898312   7.4396234   -3.56653227   9.93054257   3.51137613]
Interceptor (constante): 99.29620496306148


********* Melhor Resultado do Fold ************
Linhas de Treino [1, 3, 4, 5, 6, 7, 8, 9, 10, 11, 13, 14, 15, 16, 17, 18, 19, 20, 21, 22, 23, 24, 25, 27, 30, 31, 32, 33, 34, 36, 37, 39, 40, 42, 43, 44, 45, 46, 47, 48, 49, 50, 52, 53, 54, 55, 56, 58, 59, 60, 61, 62, 63, 64, 66, 67, 68, 69, 70, 71, 72, 73, 75, 76, 77, 78, 79, 80, 81, 82, 84, 86, 87, 88, 90, 91, 92, 93, 94, 96, 97, 98, 99, 100, 101, 102, 103, 104, 105, 106, 108, 109, 110, 111, 113, 114, 116, 118, 119, 121, 122, 123, 124, 125, 126, 128, 130, 131, 132, 133, 134, 135, 137, 138, 139, 144, 145, 146, 147, 148, 149, 150, 151, 153, 154, 156, 157, 158, 159, 160, 161, 162, 163, 166, 167, 168, 169, 170, 171, 174, 175, 176, 177, 178, 180, 181, 182, 183, 184, 185, 187, 188, 189, 190, 191, 192, 195, 197, 198, 199, 200, 201, 202, 203, 205, 207, 208, 210, 211, 212, 214, 215, 216, 217, 219, 220, 221, 222, 223, 224, 226, 227, 228, 229, 231, 232, 233, 234, 235, 236, 237, 238, 241, 242, 243, 244, 245, 246, 247, 251, 252, 253, 254, 255, 256, 257, 258, 259, 260, 261, 263, 264, 266, 267, 269, 270, 271, 272, 273, 275, 276, 277, 278, 279, 280, 283, 284, 285, 286, 287, 288, 289, 291, 292, 293, 294, 295, 296]
Linhas de Teste [0, 2, 12, 26, 28, 29, 35, 38, 41, 51, 57, 65, 74, 83, 85, 89, 95, 107, 112, 115, 117, 120, 127, 129, 136, 140, 141, 142, 143, 152, 155, 164, 165, 172, 173, 179, 186, 193, 194, 196, 204, 206, 209, 213, 218, 225, 230, 239, 240, 248, 249, 250, 262, 265, 268, 274, 281, 282, 290]

Rodada 3 / 150  2.0 %
Parâmetros ('EV_CE', 'PRE_CE', 'WAI_CE', 'saz_sin', 'saz_cos')
R2 de Treino = 97.24
R2 de Teste = 96.81
Coeficientes (pesos): [ 50.44777476 -13.06756844  -0.30864908  -7.78734551 -10.48934832
  11.11533929   6.88502229 -13.7895327  -12.6571415  -10.48342369
   1.33957701  -3.0400995   -3.53377554   1.65947956  -5.5194117
  17.51203639   7.13782397  -4.11306433  10.13529701   3.15510769]
Interceptor (constante): 98.84711228667022


********* Melhor Resultado do Fold ************
Linhas de Treino [0, 1, 2, 3, 5, 6, 7, 9, 10, 12, 13, 15, 16, 17, 18, 19, 20, 21, 22, 24, 25, 26, 28, 29, 30, 31, 33, 34, 35, 37, 38, 41, 42, 43, 45, 46, 48, 49, 50, 51, 52, 53, 54, 55, 56, 57, 58, 59, 60, 63, 65, 66, 67, 68, 69, 71, 72, 73, 74, 75, 76, 77, 78, 79, 80, 82, 83, 84, 85, 86, 87, 88, 89, 90, 91, 92, 93, 95, 96, 97, 99, 101, 102, 103, 104, 105, 106, 107, 108, 109, 111, 112, 113, 114, 115, 116, 117, 118, 119, 120, 121, 124, 125, 126, 127, 129, 130, 131, 132, 133, 134, 136, 137, 139, 140, 141, 142, 143, 144, 145, 146, 147, 148, 149, 151, 152, 154, 155, 157, 158, 159, 160, 161, 163, 164, 165, 166, 167, 168, 169, 170, 172, 173, 174, 175, 176, 177, 178, 179, 180, 181, 182, 183, 184, 185, 186, 187, 188, 189, 190, 191, 192, 193, 194, 195, 196, 197, 202, 203, 204, 205, 206, 208, 209, 210, 211, 213, 214, 217, 218, 219, 220, 221, 222, 223, 224, 225, 226, 228, 230, 233, 234, 235, 237, 239, 240, 241, 242, 243, 244, 245, 246, 247, 248, 249, 250, 252, 253, 257, 259, 262, 263, 265, 266, 267, 268, 270, 273, 274, 275, 276, 277, 278, 279, 280, 281, 282, 283, 284, 285, 286, 289, 290, 291, 292, 294, 295, 296]
Linhas de Teste [4, 8, 11, 14, 23, 27, 32, 36, 39, 40, 44, 47, 61, 62, 64, 70, 81, 94, 98, 100, 110, 122, 123, 128, 135, 138, 150, 153, 156, 162, 171, 198, 199, 200, 201, 207, 212, 215, 216, 227, 229, 231, 232, 236, 238, 251, 254, 255, 256, 258, 260, 261, 264, 269, 271, 272, 287, 288, 293]

Rodada 4 / 150  2.67 %
Parâmetros ('EV_CE', 'PRE_CE', 'WAI_CE', 'saz_sin', 'saz_cos')
R2 de Treino = 97.42
R2 de Teste = 96.54
Coeficientes (pesos): [ 50.2508125  -13.96104     -1.15884587  -7.09826532  -9.74979633
   3.0346959    5.42324039  -4.0958655   -8.37612438  -7.90703611
   1.44613108  -1.3118477   -2.97780814   0.72515248  -7.58524385
  13.68670449   5.71169437  -4.12428679  10.13078077   3.63796558]
Interceptor (constante): 99.34226539724591


********* Melhor Resultado do Fold ************
Linhas de Treino [0, 2, 4, 5, 6, 7, 8, 9, 10, 11, 12, 14, 15, 16, 17, 18, 19, 22, 23, 24, 25, 26, 27, 28, 29, 30, 31, 32, 33, 35, 36, 37, 38, 39, 40, 41, 42, 44, 45, 46, 47, 51, 55, 56, 57, 59, 60, 61, 62, 63, 64, 65, 66, 67, 68, 69, 70, 72, 73, 74, 75, 76, 77, 78, 79, 81, 82, 83, 84, 85, 86, 89, 90, 92, 93, 94, 95, 96, 97, 98, 100, 101, 104, 107, 108, 109, 110, 111, 112, 113, 114, 115, 116, 117, 118, 119, 120, 122, 123, 124, 125, 126, 127, 128, 129, 132, 135, 136, 137, 138, 139, 140, 141, 142, 143, 144, 146, 147, 148, 150, 152, 153, 154, 155, 156, 157, 158, 159, 162, 164, 165, 167, 168, 170, 171, 172, 173, 175, 176, 177, 178, 179, 180, 181, 182, 183, 184, 185, 186, 192, 193, 194, 195, 196, 197, 198, 199, 200, 201, 202, 203, 204, 206, 207, 208, 209, 210, 211, 212, 213, 215, 216, 218, 219, 221, 222, 223, 224, 225, 226, 227, 228, 229, 230, 231, 232, 233, 234, 236, 237, 238, 239, 240, 242, 244, 245, 246, 248, 249, 250, 251, 253, 254, 255, 256, 258, 259, 260, 261, 262, 263, 264, 265, 266, 267, 268, 269, 271, 272, 273, 274, 275, 277, 278, 279, 280, 281, 282, 283, 285, 286, 287, 288, 289, 290, 292, 293, 294]
Linhas de Teste [1, 3, 13, 20, 21, 34, 43, 48, 49, 50, 52, 53, 54, 58, 71, 80, 87, 88, 91, 99, 102, 103, 105, 106, 121, 130, 131, 133, 134, 145, 149, 151, 160, 161, 163, 166, 169, 174, 187, 188, 189, 190, 191, 205, 214, 217, 220, 235, 241, 243, 247, 252, 257, 270, 276, 284, 291, 295, 296]

Rodada 5 / 150  3.33 %
Parâmetros ('EV_CE', 'PRE_CE', 'WAI_CE', 'saz_sin', 'saz_cos')
R2 de Treino = 97.07
R2 de Teste = 97.07
Coeficientes (pesos): [ 47.15631142 -13.01964533   0.23205506  -5.99422435  -9.60397543
   9.87447555   9.99089071 -15.85494249  -6.11927387  -9.97114958
   1.88500747  -5.87434461  -4.29292679   1.32720277  -2.85667206
  12.38129707   6.63504094  -3.84938897  10.78383823   3.70494606]
Interceptor (constante): 97.73489485156902


********* Melhor Resultado do Fold ************
Linhas de Treino [0, 1, 3, 4, 5, 6, 7, 9, 11, 12, 14, 15, 16, 17, 18, 19, 20, 21, 22, 23, 25, 26, 28, 31, 32, 33, 34, 35, 36, 37, 38, 39, 42, 43, 45, 46, 47, 48, 49, 50, 51, 52, 53, 54, 56, 57, 59, 60, 61, 62, 63, 64, 65, 66, 67, 68, 69, 73, 75, 77, 79, 82, 83, 84, 85, 88, 89, 90, 91, 92, 93, 94, 95, 96, 97, 98, 99, 100, 101, 102, 103, 104, 105, 106, 107, 108, 110, 112, 113, 114, 115, 116, 117, 118, 119, 120, 121, 122, 123, 124, 125, 126, 127, 128, 129, 132, 134, 135, 136, 139, 140, 141, 142, 143, 144, 146, 147, 148, 149, 150, 151, 152, 153, 154, 155, 157, 159, 160, 161, 162, 163, 164, 165, 167, 168, 169, 171, 172, 173, 174, 175, 177, 178, 179, 180, 181, 185, 187, 188, 189, 190, 191, 193, 195, 196, 197, 198, 199, 200, 202, 203, 205, 206, 207, 209, 212, 213, 215, 216, 217, 218, 219, 220, 221, 222, 224, 225, 226, 227, 228, 229, 230, 231, 232, 233, 234, 235, 236, 237, 239, 241, 242, 245, 247, 248, 249, 250, 251, 252, 253, 254, 255, 256, 257, 258, 261, 262, 263, 264, 265, 266, 267, 268, 269, 271, 272, 273, 274, 275, 276, 277, 278, 279, 281, 282, 283, 284, 285, 286, 287, 288, 290, 291, 292, 293, 295, 296]
Linhas de Teste [2, 8, 10, 13, 24, 27, 29, 30, 40, 41, 44, 55, 58, 70, 71, 72, 74, 76, 78, 80, 81, 86, 87, 109, 111, 130, 131, 133, 137, 138, 145, 156, 158, 166, 170, 176, 182, 183, 184, 186, 192, 194, 201, 204, 208, 210, 211, 214, 223, 238, 240, 243, 244, 246, 259, 260, 270, 280, 289, 294]

Rodada 6 / 150  4.0 %
Parâmetros ('EV_CE', 'PRE_CE', 'WAI_CE', 'saz_sin', 'saz_cos')
R2 de Treino = 97.24
R2 de Teste = 96.87
Coeficientes (pesos): [ 46.0483379  -15.22472573   1.71918131  -5.37355486  -8.54307972
   9.29916107   6.48312281 -12.8135922  -10.99190059  -8.53386398
   1.43709932  -1.36804725  -4.06891322   2.01130329  -6.18903866
  16.69870273   5.22521288  -3.13604559  10.8144507    3.00697236]
Interceptor (constante): 98.16793581638468


********* Melhor Resultado do Fold ************
Linhas de Treino [0, 2, 3, 4, 5, 7, 8, 9, 10, 12, 13, 14, 15, 16, 17, 18, 19, 21, 22, 23, 24, 25, 26, 27, 28, 29, 30, 31, 32, 33, 34, 35, 36, 37, 38, 40, 41, 42, 44, 45, 46, 47, 48, 49, 50, 51, 52, 53, 54, 55, 56, 57, 58, 59, 61, 62, 64, 65, 66, 68, 69, 70, 71, 72, 74, 75, 76, 78, 80, 81, 84, 85, 86, 87, 88, 89, 91, 92, 93, 94, 95, 96, 97, 98, 99, 100, 102, 103, 105, 107, 108, 109, 111, 113, 114, 115, 116, 117, 119, 121, 123, 124, 125, 126, 127, 128, 129, 130, 131, 132, 133, 134, 136, 137, 138, 139, 140, 141, 142, 143, 144, 145, 146, 147, 149, 150, 151, 152, 153, 154, 156, 157, 158, 159, 160, 161, 166, 167, 168, 169, 170, 171, 172, 173, 174, 175, 176, 178, 179, 180, 182, 183, 184, 185, 186, 187, 189, 190, 191, 192, 193, 194, 195, 197, 198, 199, 201, 202, 203, 204, 207, 208, 210, 211, 212, 214, 215, 217, 218, 219, 220, 222, 223, 224, 225, 226, 227, 228, 229, 230, 232, 233, 234, 235, 237, 238, 240, 241, 243, 244, 245, 246, 248, 250, 251, 252, 254, 255, 256, 257, 259, 260, 262, 263, 264, 265, 266, 267, 270, 271, 272, 273, 275, 276, 278, 279, 280, 282, 283, 284, 285, 288, 289, 292, 294, 295, 296]
Linhas de Teste [1, 6, 11, 20, 39, 43, 60, 63, 67, 73, 77, 79, 82, 83, 90, 101, 104, 106, 110, 112, 118, 120, 122, 135, 148, 155, 162, 163, 164, 165, 177, 181, 188, 196, 200, 205, 206, 209, 213, 216, 221, 231, 236, 239, 242, 247, 249, 253, 258, 261, 268, 269, 274, 277, 281, 286, 287, 290, 291, 293]

Rodada 7 / 150  4.67 %
Parâmetros ('EV_CE', 'PRE_CE', 'WAI_CE', 'saz_sin', 'saz_cos')
R2 de Treino = 97.49
R2 de Teste = 96.02
Coeficientes (pesos): [ 52.70010999 -12.70036642  -2.82052651  -7.71719737 -10.94306761
   6.58685547   6.01790437 -10.74897644  -9.22410427  -9.223744
   1.39250038  -2.51260719  -3.11432457   0.85454374  -4.50384491
  14.32369515   6.75909261  -3.85901383  10.20467757   3.95852888]
Interceptor (constante): 99.27377749316688


********* Melhor Resultado do Fold ************
Linhas de Treino [1, 2, 3, 4, 5, 6, 7, 8, 10, 11, 12, 13, 14, 16, 17, 19, 20, 23, 24, 25, 26, 27, 29, 30, 31, 34, 35, 36, 37, 38, 39, 40, 41, 42, 43, 44, 45, 48, 49, 50, 52, 53, 55, 56, 57, 58, 59, 60, 62, 63, 64, 65, 66, 67, 69, 70, 71, 72, 73, 74, 76, 77, 78, 79, 80, 81, 82, 83, 85, 86, 87, 90, 91, 93, 94, 96, 97, 98, 100, 101, 102, 103, 104, 106, 107, 108, 109, 110, 111, 112, 113, 114, 115, 118, 120, 122, 124, 126, 127, 129, 130, 131, 133, 134, 135, 136, 137, 138, 141, 142, 143, 145, 146, 148, 149, 150, 151, 152, 154, 155, 156, 157, 158, 160, 162, 163, 164, 165, 166, 169, 170, 171, 172, 173, 174, 175, 176, 177, 179, 180, 181, 182, 183, 184, 185, 186, 187, 188, 189, 190, 191, 192, 193, 194, 196, 199, 200, 201, 203, 204, 205, 206, 207, 208, 209, 210, 211, 213, 214, 216, 217, 218, 219, 220, 221, 222, 223, 225, 228, 229, 231, 232, 233, 236, 237, 238, 239, 240, 242, 243, 244, 246, 247, 248, 249, 250, 252, 253, 254, 255, 256, 257, 258, 259, 260, 261, 262, 263, 264, 265, 266, 267, 268, 269, 270, 271, 272, 273, 274, 276, 277, 278, 279, 280, 281, 282, 283, 285, 286, 287, 288, 289, 290, 291, 292, 293, 294, 295]
Linhas de Teste [0, 9, 15, 18, 21, 22, 28, 32, 33, 46, 47, 51, 54, 61, 68, 75, 84, 88, 89, 92, 95, 99, 105, 116, 117, 119, 121, 123, 125, 128, 132, 139, 140, 144, 147, 153, 159, 161, 167, 168, 178, 195, 197, 198, 202, 212, 215, 224, 226, 227, 230, 234, 235, 241, 245, 251, 275, 284, 296]

Rodada 8 / 150  5.33 %
Parâmetros ('EV_CE', 'PRE_CE', 'WAI_CE', 'saz_sin', 'saz_cos')
R2 de Treino = 97.26
R2 de Teste = 95.9
Coeficientes (pesos): [ 48.65214724 -13.67500484   0.29172681  -7.21614814  -9.08592282
  12.78299213   8.04502789 -14.55956303 -10.37600195 -11.21971111
   1.23427744  -3.88458623  -2.92629515   2.26556103  -4.75209376
  14.55992238   7.06418543  -3.85675339   9.69548242   3.76125103]
Interceptor (constante): 99.21733465141945


********* Melhor Resultado do Fold ************
Linhas de Treino [0, 1, 2, 3, 5, 6, 8, 9, 10, 11, 13, 15, 16, 17, 18, 20, 21, 22, 23, 24, 26, 27, 28, 29, 30, 31, 32, 33, 34, 36, 37, 39, 40, 41, 43, 44, 45, 46, 47, 48, 50, 51, 53, 54, 55, 57, 58, 60, 61, 63, 66, 67, 68, 70, 71, 72, 73, 74, 75, 76, 77, 78, 79, 80, 81, 82, 83, 84, 85, 86, 87, 88, 89, 90, 92, 94, 95, 96, 98, 99, 101, 103, 104, 105, 106, 109, 110, 111, 112, 113, 115, 116, 117, 118, 119, 120, 121, 122, 123, 125, 126, 127, 128, 129, 130, 131, 132, 133, 135, 137, 138, 139, 140, 144, 145, 146, 147, 148, 150, 153, 154, 155, 156, 157, 158, 159, 160, 161, 162, 163, 164, 165, 166, 167, 168, 170, 171, 173, 174, 176, 177, 178, 180, 181, 182, 183, 184, 186, 187, 188, 190, 191, 192, 193, 194, 195, 196, 197, 198, 200, 201, 202, 204, 205, 206, 208, 209, 210, 211, 212, 213, 214, 215, 216, 217, 219, 221, 222, 223, 224, 225, 226, 227, 229, 230, 231, 232, 233, 234, 235, 236, 237, 238, 239, 240, 241, 242, 243, 244, 245, 246, 247, 249, 251, 252, 253, 254, 255, 258, 259, 260, 261, 262, 263, 268, 269, 270, 272, 274, 275, 276, 277, 278, 280, 281, 282, 283, 284, 285, 286, 287, 289, 290, 291, 293, 294, 295, 296]
Linhas de Teste [4, 7, 12, 14, 19, 25, 35, 38, 42, 49, 52, 56, 59, 62, 64, 65, 69, 91, 93, 97, 100, 102, 107, 108, 114, 124, 134, 136, 141, 142, 143, 149, 151, 152, 169, 172, 175, 179, 185, 189, 199, 203, 207, 218, 220, 228, 248, 250, 256, 257, 264, 265, 266, 267, 271, 273, 279, 288, 292]

Rodada 9 / 150  6.0 %
Parâmetros ('EV_CE', 'PRE_CE', 'WAI_CE', 'saz_sin', 'saz_cos')
R2 de Treino = 97.05
R2 de Teste = 97.46
Coeficientes (pesos): [ 53.65839345 -12.31785443  -4.94283359  -7.24644731 -11.16972357
   9.49393986   4.58757948  -8.97483101 -13.77403554 -12.72083297
   0.93739347   0.06492266  -3.54908497   1.13409864  -7.73512177
  16.74379237   8.53526741  -3.94411775  11.66844256   3.8439065 ]
Interceptor (constante): 98.82596174640283


********* Melhor Resultado do Fold ************
Linhas de Treino [0, 1, 2, 4, 6, 7, 8, 9, 10, 11, 12, 13, 14, 15, 18, 19, 20, 21, 22, 24, 25, 27, 28, 29, 30, 32, 33, 35, 38, 39, 40, 41, 42, 43, 44, 46, 47, 49, 51, 52, 54, 55, 56, 58, 59, 60, 61, 62, 63, 64, 65, 67, 68, 69, 70, 71, 72, 73, 74, 75, 76, 77, 78, 79, 80, 81, 82, 83, 84, 86, 87, 88, 89, 90, 91, 92, 93, 95, 97, 99, 100, 101, 102, 104, 105, 106, 107, 108, 109, 110, 111, 112, 114, 116, 117, 118, 119, 120, 121, 122, 123, 124, 125, 128, 130, 131, 132, 133, 134, 135, 136, 137, 138, 139, 140, 141, 142, 143, 144, 145, 147, 148, 149, 151, 152, 153, 155, 156, 158, 159, 161, 162, 163, 164, 165, 166, 167, 168, 169, 170, 172, 175, 176, 177, 178, 179, 181, 182, 183, 184, 185, 186, 188, 189, 192, 194, 195, 196, 197, 198, 199, 200, 201, 202, 203, 204, 205, 206, 207, 208, 209, 210, 211, 212, 213, 214, 215, 216, 218, 220, 221, 223, 224, 226, 227, 228, 230, 231, 234, 235, 236, 238, 239, 240, 241, 242, 243, 244, 245, 246, 247, 248, 249, 250, 251, 253, 256, 257, 258, 259, 260, 261, 264, 265, 266, 267, 268, 269, 270, 271, 273, 274, 275, 277, 279, 280, 281, 284, 286, 287, 288, 289, 290, 291, 292, 293, 294, 296]
Linhas de Teste [3, 5, 16, 17, 23, 26, 31, 34, 36, 37, 45, 48, 50, 53, 57, 66, 85, 94, 96, 98, 103, 113, 115, 126, 127, 129, 146, 150, 154, 157, 160, 171, 173, 174, 180, 187, 190, 191, 193, 217, 219, 222, 225, 229, 232, 233, 237, 252, 254, 255, 262, 263, 272, 276, 278, 282, 283, 285, 295]

Rodada 10 / 150  6.67 %
Parâmetros ('EV_CE', 'PRE_CE', 'WAI_CE', 'saz_sin', 'saz_cos')
R2 de Treino = 97.17
R2 de Teste = 97.07
Coeficientes (pesos): [ 48.35837053 -12.35835599   0.59239877  -6.77204411 -10.18863526
  12.49638213   4.40966963 -15.61119759 -11.74836611  -8.47441856
   1.72429292  -2.61315238  -1.43550228   1.60261822  -4.61015264
  15.34816143   5.89101397  -3.3557365    9.72242626   3.20157366]
Interceptor (constante): 98.77292486567892


********* Melhor Resultado do Fold ************
Linhas de Treino [0, 2, 3, 4, 5, 6, 7, 8, 9, 10, 11, 13, 15, 16, 18, 19, 20, 21, 22, 24, 25, 26, 27, 28, 29, 31, 32, 33, 34, 37, 38, 40, 41, 42, 43, 45, 46, 48, 49, 50, 51, 52, 53, 54, 55, 56, 57, 58, 59, 60, 62, 63, 64, 65, 66, 68, 69, 71, 73, 74, 76, 77, 78, 79, 80, 81, 82, 83, 84, 85, 87, 89, 90, 91, 94, 96, 97, 98, 100, 101, 102, 104, 105, 107, 108, 109, 111, 112, 114, 115, 116, 117, 118, 119, 120, 121, 122, 124, 125, 126, 127, 128, 131, 132, 133, 135, 136, 137, 139, 140, 142, 143, 144, 145, 146, 147, 148, 150, 151, 152, 153, 154, 155, 156, 157, 158, 159, 160, 161, 162, 163, 164, 165, 166, 167, 168, 169, 171, 172, 173, 174, 176, 177, 179, 181, 182, 183, 184, 185, 186, 187, 188, 189, 190, 191, 193, 195, 196, 197, 198, 199, 201, 202, 203, 204, 206, 209, 210, 211, 212, 213, 214, 216, 217, 219, 220, 221, 222, 223, 224, 226, 227, 228, 229, 230, 232, 236, 237, 238, 240, 241, 242, 243, 244, 245, 246, 247, 248, 249, 250, 251, 252, 253, 256, 257, 258, 259, 260, 261, 262, 263, 264, 265, 266, 267, 268, 269, 270, 272, 273, 274, 275, 276, 277, 280, 281, 282, 283, 284, 286, 287, 288, 289, 290, 293, 294, 295]
Linhas de Teste [1, 12, 14, 17, 23, 30, 35, 36, 39, 44, 47, 61, 67, 70, 72, 75, 86, 88, 92, 93, 95, 99, 103, 106, 110, 113, 123, 129, 130, 134, 138, 141, 149, 170, 175, 178, 180, 192, 194, 200, 205, 207, 208, 215, 218, 225, 231, 233, 234, 235, 239, 254, 255, 271, 278, 279, 285, 291, 292, 296]

Rodada 11 / 150  7.33 %
Parâmetros ('EV_CE', 'PRE_CE', 'WAI_CE', 'saz_sin', 'saz_cos')
R2 de Treino = 97.17
R2 de Teste = 96.98
Coeficientes (pesos): [ 48.80204438 -11.4734924   -1.45631103  -5.7636612  -10.75742661
   7.64239684   5.22940194 -12.9173848   -5.17062235  -8.23969248
   1.0530268   -1.15689654  -3.36368659   0.6667092   -4.00851623
  11.5862632    5.2436753   -5.02539036  10.54101113   3.90107443]
Interceptor (constante): 98.88987626610373


********* Melhor Resultado do Fold ************
Linhas de Treino [0, 1, 2, 3, 4, 5, 6, 7, 8, 9, 10, 11, 12, 13, 14, 15, 17, 18, 19, 22, 23, 25, 26, 27, 28, 29, 30, 31, 32, 33, 34, 35, 36, 37, 38, 39, 40, 43, 44, 45, 46, 47, 48, 49, 50, 52, 53, 54, 55, 56, 57, 58, 59, 60, 61, 62, 63, 64, 65, 67, 69, 70, 71, 72, 73, 74, 75, 77, 79, 81, 82, 84, 85, 86, 88, 89, 90, 91, 92, 93, 94, 95, 97, 98, 99, 100, 101, 102, 103, 104, 106, 108, 109, 110, 111, 112, 113, 114, 116, 117, 118, 121, 122, 123, 124, 125, 128, 129, 130, 131, 132, 133, 134, 135, 136, 138, 140, 141, 142, 143, 144, 145, 146, 147, 148, 149, 151, 152, 154, 155, 156, 157, 158, 159, 160, 163, 164, 166, 167, 168, 169, 170, 172, 173, 174, 175, 176, 177, 178, 179, 180, 181, 184, 185, 187, 188, 189, 190, 191, 192, 193, 194, 196, 197, 199, 200, 201, 202, 203, 205, 207, 208, 209, 210, 212, 214, 215, 216, 217, 218, 219, 221, 225, 226, 227, 228, 229, 230, 231, 232, 233, 234, 235, 236, 237, 238, 239, 241, 242, 243, 244, 246, 248, 249, 251, 252, 253, 254, 255, 256, 257, 258, 260, 262, 265, 266, 267, 268, 269, 271, 274, 278, 279, 280, 281, 282, 284, 285, 286, 289, 290, 291, 292, 293, 294, 295, 296]
Linhas de Teste [16, 20, 21, 24, 41, 42, 51, 66, 68, 76, 78, 80, 83, 87, 96, 105, 107, 115, 119, 120, 126, 127, 137, 139, 150, 153, 161, 162, 165, 171, 182, 183, 186, 195, 198, 204, 206, 211, 213, 220, 222, 223, 224, 240, 245, 247, 250, 259, 261, 263, 264, 270, 272, 273, 275, 276, 277, 283, 287, 288]

Rodada 12 / 150  8.0 %
Parâmetros ('EV_CE', 'PRE_CE', 'WAI_CE', 'saz_sin', 'saz_cos')
R2 de Treino = 97.48
R2 de Teste = 95.4
Coeficientes (pesos): [ 47.98324264 -13.43770975   0.05804951  -6.74836882  -8.83091125
  11.92940201   6.49119481 -13.68070051 -12.50777716  -9.81763892
   1.19534961  -1.42741167  -3.65863726   1.67911224  -6.58494042
  16.22038685   5.33943774  -2.75851842  11.02290114   4.02603575]
Interceptor (constante): 100.24132738726442


********* Melhor Resultado do Fold ************
Linhas de Treino [0, 1, 2, 4, 6, 7, 8, 9, 11, 12, 13, 14, 15, 16, 17, 18, 19, 20, 21, 23, 24, 27, 28, 29, 30, 32, 34, 35, 36, 38, 39, 40, 41, 42, 43, 44, 45, 46, 47, 48, 51, 53, 55, 57, 59, 60, 61, 66, 67, 68, 69, 70, 72, 73, 75, 76, 78, 79, 80, 81, 83, 86, 87, 88, 89, 90, 91, 92, 93, 95, 96, 99, 100, 101, 103, 105, 106, 107, 108, 110, 113, 114, 115, 116, 117, 118, 119, 120, 121, 123, 125, 126, 127, 129, 130, 131, 133, 134, 135, 137, 138, 139, 140, 141, 142, 143, 144, 145, 146, 147, 148, 149, 150, 151, 152, 153, 154, 155, 156, 158, 159, 160, 161, 162, 163, 164, 165, 166, 167, 169, 170, 171, 172, 173, 175, 177, 178, 180, 181, 182, 183, 184, 185, 186, 189, 190, 191, 192, 193, 194, 195, 198, 199, 200, 201, 202, 203, 204, 205, 206, 207, 208, 211, 212, 213, 214, 215, 216, 218, 219, 220, 222, 223, 224, 225, 226, 227, 228, 229, 231, 232, 233, 234, 235, 236, 238, 239, 240, 241, 242, 244, 245, 246, 247, 249, 250, 251, 252, 253, 254, 255, 256, 257, 258, 259, 260, 261, 262, 263, 264, 266, 267, 268, 270, 271, 272, 273, 274, 275, 276, 277, 278, 279, 280, 281, 282, 283, 284, 285, 286, 287, 288, 290, 291, 292, 293, 295, 296]
Linhas de Teste [3, 5, 10, 22, 25, 26, 31, 33, 37, 49, 50, 52, 54, 56, 58, 62, 63, 64, 65, 71, 74, 77, 82, 84, 85, 94, 97, 98, 102, 104, 109, 111, 112, 122, 124, 128, 132, 136, 157, 168, 174, 176, 179, 187, 188, 196, 197, 209, 210, 217, 221, 230, 237, 243, 248, 265, 269, 289, 294]

Rodada 13 / 150  8.67 %
Parâmetros ('EV_CE', 'PRE_CE', 'WAI_CE', 'saz_sin', 'saz_cos')
R2 de Treino = 97.19
R2 de Teste = 96.84
Coeficientes (pesos): [ 51.19754895 -13.47270296  -1.57174028  -7.09483228 -10.64740879
   8.40685891   5.91574069 -12.00742913 -11.13318007 -11.10833963
   1.1741958   -2.12658443  -2.66984192   1.64828354  -4.90830678
  15.79683677   8.79328203  -3.5220213    9.600285     3.0765742 ]
Interceptor (constante): 97.60647460347091


********* Melhor Resultado do Fold ************
Linhas de Treino [0, 1, 3, 4, 5, 6, 8, 10, 12, 14, 16, 17, 18, 19, 20, 21, 22, 23, 24, 25, 26, 28, 30, 31, 33, 35, 36, 37, 38, 39, 41, 42, 43, 44, 46, 47, 49, 50, 51, 52, 54, 56, 57, 58, 60, 61, 62, 63, 64, 65, 66, 67, 68, 69, 70, 71, 72, 73, 74, 75, 76, 77, 78, 79, 80, 82, 83, 84, 85, 86, 87, 88, 90, 92, 93, 94, 95, 96, 97, 98, 99, 102, 103, 104, 105, 106, 107, 109, 110, 111, 112, 113, 115, 116, 117, 119, 120, 121, 122, 123, 124, 125, 126, 127, 128, 129, 130, 131, 132, 133, 134, 135, 136, 137, 138, 139, 140, 141, 144, 146, 147, 148, 149, 150, 153, 157, 159, 161, 162, 163, 164, 165, 166, 167, 168, 169, 170, 171, 172, 173, 174, 175, 176, 178, 179, 180, 181, 182, 183, 184, 186, 187, 188, 189, 190, 192, 193, 194, 195, 196, 197, 198, 200, 201, 202, 204, 205, 206, 207, 208, 209, 210, 211, 212, 213, 215, 216, 217, 218, 219, 220, 221, 222, 223, 224, 225, 226, 228, 229, 230, 231, 233, 234, 235, 237, 239, 240, 241, 243, 245, 247, 248, 250, 251, 252, 253, 254, 255, 259, 261, 262, 263, 264, 265, 267, 268, 269, 270, 271, 272, 273, 274, 275, 276, 277, 278, 279, 282, 283, 285, 287, 288, 289, 290, 291, 292, 294, 296]
Linhas de Teste [2, 7, 9, 11, 13, 15, 27, 29, 32, 34, 40, 45, 48, 53, 55, 59, 81, 89, 91, 100, 101, 108, 114, 118, 142, 143, 145, 151, 152, 154, 155, 156, 158, 160, 177, 185, 191, 199, 203, 214, 227, 232, 236, 238, 242, 244, 246, 249, 256, 257, 258, 260, 266, 280, 281, 284, 286, 293, 295]

Rodada 14 / 150  9.33 %
Parâmetros ('EV_CE', 'PRE_CE', 'WAI_CE', 'saz_sin', 'saz_cos')
R2 de Treino = 97.12
R2 de Teste = 98.16
Coeficientes (pesos): [ 53.85225616 -13.80099029  -3.4142642   -7.71764678  -9.81055261
   7.93563505   5.90405669 -10.7977691  -11.59038723  -8.54182644
   1.26322124  -1.16607255  -3.85319709   2.34457141  -5.61535058
  16.46553144   4.99917981  -2.93192314  11.03815833   3.88519198]
Interceptor (constante): 97.77784971942964


********* Melhor Resultado do Fold ************
Linhas de Treino [1, 2, 3, 5, 7, 9, 10, 11, 12, 13, 14, 15, 16, 17, 20, 21, 22, 23, 24, 25, 26, 27, 29, 30, 31, 32, 33, 34, 35, 36, 37, 39, 40, 41, 42, 44, 45, 47, 48, 49, 50, 51, 52, 53, 54, 55, 56, 58, 59, 61, 62, 63, 64, 65, 66, 67, 68, 70, 71, 72, 74, 75, 76, 77, 78, 80, 81, 82, 83, 84, 85, 86, 87, 88, 89, 91, 92, 93, 94, 95, 96, 97, 98, 99, 100, 101, 102, 103, 104, 105, 106, 107, 108, 109, 110, 111, 112, 113, 114, 115, 118, 119, 120, 122, 123, 124, 126, 127, 128, 129, 130, 132, 134, 136, 137, 138, 139, 141, 142, 143, 145, 149, 150, 151, 152, 153, 154, 155, 156, 157, 158, 160, 161, 162, 165, 168, 170, 171, 174, 175, 176, 177, 178, 179, 180, 182, 183, 185, 186, 187, 188, 191, 192, 194, 195, 196, 197, 198, 199, 200, 203, 204, 205, 206, 207, 208, 209, 210, 211, 213, 214, 215, 217, 218, 220, 221, 222, 223, 224, 225, 227, 230, 231, 232, 233, 234, 235, 236, 237, 238, 239, 240, 242, 243, 244, 245, 246, 247, 248, 249, 250, 254, 255, 256, 257, 258, 259, 260, 261, 263, 264, 265, 266, 269, 270, 271, 272, 273, 275, 276, 277, 278, 279, 280, 281, 283, 284, 285, 286, 287, 288, 289, 291, 292, 293, 294, 295, 296]
Linhas de Teste [0, 4, 6, 8, 18, 19, 28, 38, 43, 46, 57, 60, 69, 73, 79, 90, 116, 117, 121, 125, 131, 133, 135, 140, 144, 146, 147, 148, 159, 163, 164, 166, 167, 169, 172, 173, 181, 184, 189, 190, 193, 201, 202, 212, 216, 219, 226, 228, 229, 241, 251, 252, 253, 262, 267, 268, 274, 282, 290]

Rodada 15 / 150  10.0 %
Parâmetros ('EV_CE', 'PRE_CE', 'WAI_CE', 'saz_sin', 'saz_cos')
R2 de Treino = 97.29
R2 de Teste = 96.35
Coeficientes (pesos): [ 47.18284242 -12.92233047   0.81745855  -6.68138834 -10.2443676
  12.71553734   6.76614625 -15.24679389 -12.76428581 -10.00458183
   1.28100916  -4.20323831  -2.34781123   1.53187277  -4.04586504
  16.38766027   7.37449931  -4.12499222   9.5959706    2.923595  ]
Interceptor (constante): 99.64426219197432


********* Melhor Resultado do Fold ************
Linhas de Treino [0, 1, 2, 3, 4, 5, 7, 8, 9, 10, 11, 12, 13, 14, 16, 18, 19, 22, 24, 25, 26, 28, 29, 30, 31, 32, 33, 34, 35, 36, 37, 38, 39, 40, 41, 42, 43, 44, 45, 46, 48, 50, 51, 52, 54, 55, 59, 61, 62, 63, 64, 65, 66, 67, 68, 69, 71, 72, 73, 74, 75, 76, 77, 78, 80, 82, 83, 85, 87, 88, 89, 91, 92, 93, 94, 95, 96, 99, 100, 101, 102, 103, 104, 105, 108, 109, 110, 111, 112, 113, 114, 115, 116, 117, 118, 119, 122, 124, 125, 126, 128, 129, 130, 131, 132, 133, 135, 136, 137, 138, 139, 141, 142, 143, 144, 145, 146, 147, 148, 149, 150, 151, 152, 153, 155, 156, 158, 159, 160, 161, 162, 163, 164, 166, 167, 170, 171, 172, 173, 174, 175, 176, 177, 178, 179, 180, 181, 183, 184, 186, 189, 191, 192, 193, 194, 195, 196, 197, 198, 199, 200, 201, 202, 203, 204, 206, 207, 208, 209, 210, 211, 213, 214, 215, 216, 217, 218, 219, 221, 222, 224, 225, 226, 227, 228, 229, 230, 231, 232, 233, 235, 237, 239, 242, 243, 244, 245, 246, 247, 248, 249, 250, 253, 254, 255, 256, 257, 258, 260, 261, 262, 263, 264, 265, 266, 267, 269, 271, 272, 273, 275, 276, 277, 278, 279, 280, 281, 283, 285, 286, 287, 289, 290, 292, 293, 295, 296]
Linhas de Teste [6, 15, 17, 20, 21, 23, 27, 47, 49, 53, 56, 57, 58, 60, 70, 79, 81, 84, 86, 90, 97, 98, 106, 107, 120, 121, 123, 127, 134, 140, 154, 157, 165, 168, 169, 182, 185, 187, 188, 190, 205, 212, 220, 223, 234, 236, 238, 240, 241, 251, 252, 259, 268, 270, 274, 282, 284, 288, 291, 294]

Rodada 16 / 150  10.67 %
Parâmetros ('EV_CE', 'PRE_CE', 'WAI_CE', 'saz_sin', 'saz_cos')
R2 de Treino = 97.1
R2 de Teste = 97.18
Coeficientes (pesos): [ 47.99640785 -13.59269801  -1.14821909  -6.93084888  -9.9278097
   4.55278191   5.36441541  -8.84241524  -1.46897662  -5.21822354
   1.22216104  -2.05873613  -1.95047467   2.60132733  -4.28534628
   8.64766284   3.82334709  -4.44412234   7.21040619   3.63006417]
Interceptor (constante): 97.30426034404717


********* Melhor Resultado do Fold ************
Linhas de Treino [0, 2, 3, 4, 5, 6, 8, 9, 10, 12, 13, 14, 15, 16, 17, 18, 19, 20, 21, 22, 23, 24, 25, 26, 27, 29, 30, 31, 32, 33, 34, 35, 36, 37, 38, 39, 41, 43, 46, 47, 48, 49, 52, 53, 54, 56, 57, 58, 59, 60, 61, 62, 63, 64, 65, 66, 67, 68, 69, 70, 71, 72, 74, 75, 76, 77, 78, 79, 81, 82, 83, 84, 85, 86, 88, 89, 90, 92, 93, 94, 96, 97, 98, 99, 100, 103, 104, 106, 107, 108, 110, 111, 112, 116, 117, 119, 120, 121, 122, 123, 124, 125, 127, 129, 130, 131, 132, 133, 134, 135, 136, 137, 138, 139, 140, 141, 142, 143, 144, 145, 146, 147, 149, 150, 151, 152, 153, 154, 156, 157, 160, 161, 162, 164, 165, 167, 168, 169, 170, 171, 172, 173, 175, 177, 178, 179, 181, 182, 183, 184, 185, 187, 188, 189, 190, 191, 193, 195, 196, 197, 200, 202, 205, 206, 208, 209, 211, 212, 214, 217, 218, 219, 220, 221, 222, 223, 224, 225, 227, 228, 229, 231, 232, 234, 235, 236, 238, 239, 240, 241, 242, 243, 244, 245, 246, 247, 248, 249, 250, 251, 252, 254, 255, 259, 260, 263, 264, 265, 266, 267, 268, 269, 270, 271, 272, 274, 275, 276, 277, 278, 279, 280, 281, 282, 283, 284, 285, 286, 288, 289, 290, 291, 292, 293, 294, 295, 296]
Linhas de Teste [1, 7, 11, 28, 40, 42, 44, 45, 50, 51, 55, 73, 80, 87, 91, 95, 101, 102, 105, 109, 113, 114, 115, 118, 126, 128, 148, 155, 158, 159, 163, 166, 174, 176, 180, 186, 192, 194, 198, 199, 201, 203, 204, 207, 210, 213, 215, 216, 226, 230, 233, 237, 253, 256, 257, 258, 261, 262, 273, 287]

Rodada 17 / 150  11.33 %
Parâmetros ('EV_CE', 'PRE_CE', 'WAI_CE', 'saz_sin', 'saz_cos')
R2 de Treino = 97.53
R2 de Teste = 94.92
Coeficientes (pesos): [ 48.90176495 -14.00954971   1.76492056  -7.94645461  -8.53554391
   9.73321211   5.45585824 -13.731932    -9.17764069  -9.01645681
   2.384368    -3.75966134  -0.87047665  -0.07814318  -4.38081834
  12.81225942   7.50409748  -3.07500214   8.42800016   3.88278137]
Interceptor (constante): 99.14645619697909


********* Melhor Resultado do Fold ************
Linhas de Treino [0, 1, 2, 3, 4, 5, 6, 7, 8, 9, 11, 12, 15, 16, 17, 18, 19, 20, 21, 23, 24, 25, 27, 28, 30, 33, 35, 36, 37, 39, 40, 41, 42, 43, 44, 45, 46, 47, 48, 49, 50, 51, 53, 55, 56, 57, 58, 60, 61, 62, 63, 64, 65, 66, 67, 68, 69, 70, 72, 73, 74, 76, 77, 78, 79, 80, 81, 82, 83, 84, 86, 87, 89, 90, 91, 93, 94, 95, 97, 98, 99, 100, 101, 102, 105, 106, 107, 108, 109, 110, 111, 112, 113, 114, 115, 116, 117, 118, 119, 120, 121, 123, 125, 126, 127, 128, 129, 132, 133, 134, 135, 136, 137, 138, 139, 140, 141, 142, 144, 145, 148, 149, 150, 151, 153, 154, 155, 157, 158, 159, 160, 162, 163, 165, 166, 167, 168, 169, 171, 172, 174, 176, 177, 178, 179, 180, 182, 184, 185, 186, 187, 188, 190, 192, 193, 194, 197, 198, 199, 201, 202, 203, 204, 205, 207, 208, 210, 211, 212, 213, 215, 216, 217, 219, 220, 222, 223, 224, 225, 226, 227, 228, 229, 230, 232, 233, 234, 235, 236, 237, 238, 239, 240, 241, 242, 243, 244, 246, 247, 248, 249, 250, 251, 252, 253, 254, 256, 257, 258, 259, 261, 262, 263, 265, 266, 267, 268, 269, 270, 272, 273, 274, 275, 276, 280, 282, 283, 284, 285, 287, 288, 290, 291, 292, 293, 294, 295, 296]
Linhas de Teste [10, 13, 14, 22, 26, 29, 31, 32, 34, 38, 52, 54, 59, 71, 75, 85, 88, 92, 96, 103, 104, 122, 124, 130, 131, 143, 146, 147, 152, 156, 161, 164, 170, 173, 175, 181, 183, 189, 191, 195, 196, 200, 206, 209, 214, 218, 221, 231, 245, 255, 260, 264, 271, 277, 278, 279, 281, 286, 289]

Rodada 18 / 150  12.0 %
Parâmetros ('EV_CE', 'PRE_CE', 'WAI_CE', 'saz_sin', 'saz_cos')
R2 de Treino = 97.14
R2 de Teste = 97.43
Coeficientes (pesos): [ 49.99110874 -12.54285948  -1.18267855  -6.2036547  -11.16209653
  13.79506954   6.07520613 -18.44482318 -14.00427877 -11.31090047
   0.7224426   -1.22183751  -4.08177079   2.13570316  -3.52996024
  18.01142298   6.89079963  -3.57084385  11.9116159    2.77862169]
Interceptor (constante): 98.05873877035293


********* Melhor Resultado do Fold ************
Linhas de Treino [1, 3, 5, 6, 7, 10, 11, 12, 13, 14, 15, 17, 20, 21, 22, 23, 24, 26, 27, 28, 29, 30, 31, 32, 33, 34, 35, 38, 39, 40, 41, 42, 44, 45, 47, 49, 50, 51, 52, 53, 54, 55, 56, 57, 58, 59, 60, 61, 65, 66, 67, 69, 70, 71, 73, 74, 75, 78, 79, 80, 81, 82, 84, 85, 86, 87, 88, 90, 91, 92, 93, 94, 95, 96, 97, 98, 100, 101, 102, 103, 104, 105, 106, 107, 108, 109, 110, 111, 112, 113, 114, 115, 117, 118, 120, 121, 122, 123, 124, 125, 126, 127, 128, 130, 131, 133, 134, 135, 136, 140, 143, 144, 145, 146, 147, 148, 149, 151, 152, 154, 155, 156, 157, 158, 159, 161, 163, 164, 165, 166, 168, 169, 170, 173, 174, 175, 176, 178, 179, 180, 181, 182, 183, 184, 185, 186, 187, 188, 189, 190, 191, 192, 193, 194, 195, 196, 197, 198, 199, 200, 201, 202, 203, 204, 205, 206, 207, 209, 210, 211, 212, 213, 214, 215, 216, 218, 219, 220, 221, 222, 223, 225, 226, 227, 228, 229, 230, 231, 232, 233, 234, 235, 236, 237, 238, 240, 241, 242, 245, 246, 250, 251, 252, 253, 255, 256, 257, 258, 259, 260, 261, 262, 263, 264, 267, 268, 270, 271, 272, 273, 274, 275, 277, 278, 279, 281, 282, 283, 284, 285, 286, 287, 288, 289, 291, 292, 294, 295]
Linhas de Teste [0, 2, 4, 8, 9, 16, 18, 19, 25, 36, 37, 43, 46, 48, 62, 63, 64, 68, 72, 76, 77, 83, 89, 99, 116, 119, 129, 132, 137, 138, 139, 141, 142, 150, 153, 160, 162, 167, 171, 172, 177, 208, 217, 224, 239, 243, 244, 247, 248, 249, 254, 265, 266, 269, 276, 280, 290, 293, 296]

Rodada 19 / 150  12.67 %
Parâmetros ('EV_CE', 'PRE_CE', 'WAI_CE', 'saz_sin', 'saz_cos')
R2 de Treino = 97.2
R2 de Teste = 96.7
Coeficientes (pesos): [ 53.0994882  -12.56815932  -4.76984023  -6.74162377 -10.76197818
  10.36566931   7.5089248  -13.81410752 -11.99440887 -12.42330494
   1.15243948  -3.17633255  -3.65034966   1.83582201  -3.79261398
  16.15012556   8.61608269  -3.91000793  11.28003114   4.14616131]
Interceptor (constante): 99.11929560942387


********* Melhor Resultado do Fold ************
Linhas de Treino [0, 1, 2, 4, 6, 7, 8, 9, 10, 11, 13, 14, 15, 16, 17, 18, 19, 20, 21, 22, 23, 25, 26, 27, 28, 29, 31, 32, 34, 36, 37, 38, 40, 42, 43, 44, 45, 46, 47, 48, 49, 50, 51, 52, 53, 54, 55, 56, 57, 58, 59, 60, 62, 63, 64, 68, 70, 71, 72, 73, 75, 76, 77, 79, 80, 81, 83, 84, 85, 86, 87, 88, 89, 90, 91, 92, 95, 96, 97, 98, 99, 101, 102, 103, 104, 105, 106, 107, 109, 113, 114, 115, 116, 118, 119, 120, 121, 122, 123, 124, 126, 127, 128, 129, 130, 131, 132, 134, 137, 138, 139, 140, 141, 142, 143, 146, 147, 148, 150, 152, 153, 154, 155, 156, 157, 158, 159, 160, 161, 162, 163, 164, 165, 166, 167, 168, 169, 170, 171, 172, 173, 174, 175, 176, 177, 180, 181, 182, 183, 185, 186, 187, 188, 189, 190, 191, 192, 194, 195, 196, 198, 199, 200, 201, 203, 204, 205, 206, 207, 208, 209, 210, 212, 213, 214, 215, 216, 217, 218, 220, 221, 223, 224, 226, 230, 231, 233, 234, 236, 237, 238, 239, 240, 241, 243, 244, 245, 247, 248, 249, 251, 252, 253, 254, 255, 256, 257, 258, 259, 260, 261, 262, 264, 265, 266, 268, 269, 270, 271, 273, 274, 276, 277, 278, 279, 280, 281, 282, 284, 286, 287, 288, 289, 290, 291, 293, 294, 296]
Linhas de Teste [3, 5, 12, 24, 30, 33, 35, 39, 41, 61, 65, 66, 67, 69, 74, 78, 82, 93, 94, 100, 108, 110, 111, 112, 117, 125, 133, 135, 136, 144, 145, 149, 151, 178, 179, 184, 193, 197, 202, 211, 219, 222, 225, 227, 228, 229, 232, 235, 242, 246, 250, 263, 267, 272, 275, 283, 285, 292, 295]

Rodada 20 / 150  13.33 %
Parâmetros ('EV_CE', 'PRE_CE', 'WAI_CE', 'saz_sin', 'saz_cos')
R2 de Treino = 97.35
R2 de Teste = 96.51
Coeficientes (pesos): [ 4.96486095e+01 -1.36578208e+01 -1.30171086e-01 -6.36559505e+00
 -9.61750831e+00  1.11851406e+01  6.60125551e+00 -8.96490447e+00
 -1.75942747e+01 -1.19777453e+01  9.91752499e-01 -2.60400407e-02
 -5.42762936e+00  1.32872724e+00 -1.05876139e+01  2.10826882e+01
  6.30653093e+00 -3.38213017e+00  1.31592761e+01  3.56590953e+00]
Interceptor (constante): 100.24040793697228


********* Melhor Resultado do Fold ************
Linhas de Treino [0, 1, 2, 3, 4, 6, 7, 8, 9, 10, 11, 13, 14, 15, 16, 17, 18, 19, 20, 21, 22, 23, 24, 25, 26, 28, 30, 31, 32, 33, 34, 35, 36, 38, 39, 40, 41, 42, 43, 45, 46, 47, 48, 50, 52, 53, 54, 55, 56, 58, 60, 61, 63, 65, 66, 68, 69, 71, 72, 73, 74, 75, 77, 79, 80, 81, 82, 84, 85, 86, 87, 88, 90, 91, 93, 95, 96, 97, 98, 99, 100, 101, 102, 103, 105, 106, 107, 108, 110, 111, 112, 113, 114, 115, 116, 118, 119, 121, 122, 124, 125, 126, 127, 128, 129, 130, 131, 133, 135, 136, 137, 138, 139, 140, 141, 142, 143, 144, 145, 146, 147, 148, 149, 150, 152, 153, 154, 155, 157, 158, 159, 160, 161, 162, 164, 165, 166, 168, 169, 171, 172, 174, 175, 177, 179, 181, 182, 184, 185, 186, 187, 188, 192, 193, 194, 195, 196, 197, 198, 199, 200, 201, 204, 207, 208, 209, 210, 211, 212, 213, 214, 217, 219, 220, 221, 222, 223, 224, 228, 229, 230, 231, 232, 233, 234, 235, 236, 238, 239, 240, 241, 243, 244, 245, 246, 247, 248, 249, 250, 252, 253, 254, 255, 256, 257, 258, 259, 261, 262, 263, 264, 265, 266, 267, 268, 269, 270, 271, 272, 274, 276, 277, 279, 280, 281, 282, 283, 284, 285, 288, 289, 290, 291, 292, 293, 294, 295]
Linhas de Teste [5, 12, 27, 29, 37, 44, 49, 51, 57, 59, 62, 64, 67, 70, 76, 78, 83, 89, 92, 94, 104, 109, 117, 120, 123, 132, 134, 151, 156, 163, 167, 170, 173, 176, 178, 180, 183, 189, 190, 191, 202, 203, 205, 206, 215, 216, 218, 225, 226, 227, 237, 242, 251, 260, 273, 275, 278, 286, 287, 296]

Rodada 21 / 150  14.0 %
Parâmetros ('EV_CE', 'PRE_CE', 'WAI_CE', 'saz_sin', 'saz_cos')
R2 de Treino = 97.41
R2 de Teste = 95.84
Coeficientes (pesos): [ 48.19344599 -13.68749074   1.57205828  -8.41900934  -9.62855985
   9.90723957   3.91406756 -12.70628484  -9.81962501  -9.54447223
   2.26336643  -2.1021441   -1.9493724   -0.18477527  -5.44815594
  13.93035192   7.3852599   -4.60455917   9.48530312   2.69867424]
Interceptor (constante): 102.1732398731214


********* Melhor Resultado do Fold ************
Linhas de Treino [1, 3, 4, 5, 6, 7, 8, 10, 11, 12, 13, 16, 17, 18, 19, 21, 23, 24, 25, 26, 27, 28, 29, 30, 31, 32, 33, 35, 36, 37, 38, 39, 40, 41, 44, 45, 46, 49, 50, 51, 52, 53, 54, 55, 56, 57, 58, 59, 62, 63, 64, 65, 66, 67, 68, 69, 70, 72, 73, 74, 75, 76, 77, 78, 80, 81, 83, 84, 85, 86, 87, 89, 91, 92, 94, 95, 96, 97, 98, 99, 102, 104, 105, 106, 107, 108, 109, 110, 111, 112, 113, 114, 116, 117, 118, 119, 120, 121, 123, 124, 125, 127, 128, 129, 130, 131, 132, 133, 134, 136, 137, 139, 140, 141, 142, 143, 144, 145, 146, 147, 148, 149, 150, 151, 152, 153, 154, 155, 156, 157, 159, 160, 161, 163, 164, 165, 166, 167, 169, 170, 171, 173, 174, 175, 176, 177, 178, 180, 181, 183, 184, 185, 186, 187, 188, 189, 190, 191, 193, 194, 195, 196, 197, 199, 201, 202, 203, 204, 205, 206, 207, 209, 210, 211, 212, 213, 214, 215, 216, 218, 219, 220, 221, 222, 225, 226, 227, 228, 229, 230, 231, 234, 235, 237, 238, 240, 242, 243, 246, 248, 249, 251, 252, 253, 254, 256, 260, 261, 263, 265, 266, 267, 268, 271, 272, 273, 274, 275, 276, 277, 278, 279, 280, 281, 282, 283, 284, 285, 286, 287, 289, 290, 292, 293, 294, 295, 296]
Linhas de Teste [0, 2, 9, 14, 15, 20, 22, 34, 42, 43, 47, 48, 60, 61, 71, 79, 82, 88, 90, 93, 100, 101, 103, 115, 122, 126, 135, 138, 158, 162, 168, 172, 179, 182, 192, 198, 200, 208, 217, 223, 224, 232, 233, 236, 239, 241, 244, 245, 247, 250, 255, 257, 258, 259, 262, 264, 269, 270, 288, 291]

Rodada 22 / 150  14.67 %
Parâmetros ('EV_CE', 'PRE_CE', 'WAI_CE', 'saz_sin', 'saz_cos')
R2 de Treino = 97.43
R2 de Teste = 95.94
Coeficientes (pesos): [ 50.06113291 -12.67444022  -0.44053197  -6.47113085  -9.46842407
  12.88701993   4.05482454 -15.31398679 -12.71685677  -7.96807737
  -0.0852061    0.74880239  -2.34871226   3.68055235  -5.80634246
  16.64713457   3.95422393  -2.8350271   10.13688524   3.5368127 ]
Interceptor (constante): 97.35500877910144


********* Melhor Resultado do Fold ************
Linhas de Treino [0, 1, 2, 3, 4, 5, 6, 7, 8, 9, 10, 12, 13, 14, 15, 17, 18, 19, 20, 21, 22, 23, 24, 27, 28, 29, 31, 34, 35, 36, 37, 39, 42, 43, 44, 45, 46, 47, 48, 49, 50, 51, 52, 53, 54, 57, 58, 59, 60, 61, 62, 64, 66, 67, 69, 70, 71, 73, 74, 76, 77, 78, 79, 80, 81, 82, 83, 84, 85, 86, 87, 88, 89, 90, 91, 92, 93, 94, 95, 96, 97, 98, 100, 101, 102, 103, 104, 107, 108, 109, 111, 112, 113, 114, 115, 117, 118, 119, 120, 122, 123, 124, 126, 127, 128, 129, 130, 131, 132, 134, 135, 136, 138, 139, 140, 141, 143, 145, 146, 147, 150, 151, 153, 156, 157, 158, 160, 161, 162, 163, 164, 165, 167, 168, 170, 171, 172, 173, 174, 175, 176, 177, 178, 179, 180, 181, 182, 183, 185, 187, 189, 190, 191, 192, 193, 194, 195, 196, 198, 199, 200, 201, 202, 203, 205, 206, 208, 209, 210, 212, 213, 214, 215, 216, 217, 218, 221, 222, 223, 224, 225, 226, 227, 228, 229, 232, 233, 234, 236, 237, 238, 239, 240, 241, 242, 243, 244, 245, 246, 247, 248, 250, 251, 252, 254, 255, 256, 257, 258, 259, 260, 262, 263, 264, 265, 267, 269, 270, 271, 273, 275, 276, 278, 279, 281, 283, 284, 285, 286, 287, 288, 289, 290, 291, 292, 293, 295, 296]
Linhas de Teste [11, 16, 25, 26, 30, 32, 33, 38, 40, 41, 55, 56, 63, 65, 68, 72, 75, 99, 105, 106, 110, 116, 121, 125, 133, 137, 142, 144, 148, 149, 152, 154, 155, 159, 166, 169, 184, 186, 188, 197, 204, 207, 211, 219, 220, 230, 231, 235, 249, 253, 261, 266, 268, 272, 274, 277, 280, 282, 294]

Rodada 23 / 150  15.33 %
Parâmetros ('EV_CE', 'PRE_CE', 'WAI_CE', 'saz_sin', 'saz_cos')
R2 de Treino = 97.27
R2 de Teste = 96.95
Coeficientes (pesos): [ 50.12377355 -13.8653691   -0.72057651  -6.1476924  -10.0304452
   7.79500286   7.4559475   -9.5888018  -12.22963535 -11.12106433
   1.34470618  -1.91143047  -5.1362852    1.81155509  -7.33053759
  18.38679258   7.16479159  -3.57527861  11.2744822    3.80747645]
Interceptor (constante): 97.46999677726798


********* Melhor Resultado do Fold ************
Linhas de Treino [0, 2, 5, 6, 7, 9, 11, 12, 14, 15, 16, 17, 18, 20, 22, 25, 26, 27, 29, 30, 31, 32, 33, 34, 37, 38, 40, 41, 42, 43, 44, 45, 47, 48, 49, 50, 51, 53, 54, 55, 56, 57, 59, 60, 61, 62, 63, 64, 65, 66, 67, 68, 70, 71, 72, 73, 75, 76, 77, 78, 79, 82, 83, 86, 87, 88, 89, 90, 91, 92, 93, 94, 95, 96, 99, 100, 101, 103, 104, 105, 106, 109, 110, 112, 113, 115, 116, 117, 119, 120, 121, 122, 123, 125, 126, 130, 131, 132, 133, 134, 135, 137, 138, 140, 141, 142, 143, 144, 148, 149, 151, 152, 154, 155, 156, 157, 158, 159, 161, 162, 163, 164, 165, 166, 167, 168, 169, 170, 172, 173, 174, 175, 176, 177, 178, 179, 180, 181, 182, 183, 184, 186, 188, 189, 190, 191, 192, 193, 195, 197, 198, 200, 202, 203, 204, 205, 206, 207, 208, 209, 210, 211, 212, 214, 215, 216, 217, 218, 219, 220, 221, 222, 223, 224, 225, 226, 227, 228, 230, 231, 232, 233, 234, 235, 236, 237, 238, 239, 240, 241, 242, 243, 244, 245, 246, 247, 248, 249, 250, 251, 253, 254, 255, 256, 257, 258, 259, 260, 261, 262, 263, 264, 265, 266, 268, 269, 270, 271, 272, 273, 274, 275, 276, 277, 278, 280, 282, 284, 285, 286, 287, 288, 289, 290, 291, 293, 294, 296]
Linhas de Teste [1, 3, 4, 8, 10, 13, 19, 21, 23, 24, 28, 35, 36, 39, 46, 52, 58, 69, 74, 80, 81, 84, 85, 97, 98, 102, 107, 108, 111, 114, 118, 124, 127, 128, 129, 136, 139, 145, 146, 147, 150, 153, 160, 171, 185, 187, 194, 196, 199, 201, 213, 229, 252, 267, 279, 281, 283, 292, 295]

Rodada 24 / 150  16.0 %
Parâmetros ('EV_CE', 'PRE_CE', 'WAI_CE', 'saz_sin', 'saz_cos')
R2 de Treino = 97.17
R2 de Teste = 97.02
Coeficientes (pesos): [ 51.70568521 -13.17646147  -3.20487011  -6.84945011 -10.30315109
   5.50175156   5.39230046  -9.27438428  -5.23942039  -5.66058214
   1.42382381  -2.63149798  -1.88132865   1.55496302  -3.88293335
   9.51688152   4.51370957  -3.74015028   8.64659569   3.32364154]
Interceptor (constante): 98.51950371243986


********* Melhor Resultado do Fold ************
Linhas de Treino [0, 1, 2, 3, 4, 5, 8, 9, 10, 11, 12, 13, 14, 15, 16, 19, 20, 21, 22, 23, 24, 25, 26, 27, 28, 29, 30, 32, 33, 34, 35, 36, 37, 38, 39, 40, 41, 42, 43, 44, 46, 47, 48, 49, 51, 52, 55, 56, 57, 58, 59, 60, 61, 62, 63, 64, 65, 67, 68, 69, 70, 71, 72, 74, 75, 76, 78, 79, 80, 81, 82, 83, 84, 85, 88, 89, 90, 92, 93, 94, 97, 98, 99, 100, 101, 102, 103, 104, 105, 106, 107, 108, 109, 110, 111, 114, 115, 116, 117, 118, 120, 121, 122, 123, 124, 125, 126, 127, 128, 129, 132, 133, 134, 135, 136, 137, 138, 139, 142, 144, 145, 146, 147, 148, 149, 150, 151, 152, 153, 154, 155, 156, 158, 159, 160, 162, 163, 166, 167, 168, 169, 170, 171, 172, 173, 176, 178, 179, 180, 182, 183, 184, 185, 186, 187, 188, 189, 190, 191, 192, 194, 196, 197, 198, 199, 200, 201, 202, 203, 204, 205, 206, 207, 208, 211, 213, 215, 216, 217, 218, 219, 220, 223, 224, 225, 226, 227, 229, 230, 231, 232, 233, 235, 236, 237, 239, 241, 242, 244, 245, 247, 249, 250, 251, 252, 253, 255, 257, 258, 259, 260, 261, 262, 264, 266, 267, 268, 269, 270, 272, 273, 274, 275, 277, 278, 279, 280, 281, 282, 283, 286, 287, 288, 291, 292, 294, 295, 296]
Linhas de Teste [6, 7, 17, 18, 31, 45, 50, 53, 54, 66, 73, 77, 86, 87, 91, 95, 96, 112, 113, 119, 130, 131, 140, 141, 143, 157, 161, 164, 165, 174, 175, 177, 181, 193, 195, 209, 210, 212, 214, 221, 222, 228, 234, 238, 240, 243, 246, 248, 254, 256, 263, 265, 271, 276, 284, 285, 289, 290, 293]

Rodada 25 / 150  16.67 %
Parâmetros ('EV_CE', 'PRE_CE', 'WAI_CE', 'saz_sin', 'saz_cos')
R2 de Treino = 97.03
R2 de Teste = 97.48
Coeficientes (pesos): [ 50.54456132 -12.36143978  -3.38460182  -6.81736252 -10.36911628
  10.97477248   9.39301903 -16.92169425 -11.66422099 -13.20086895
   1.68047309  -5.38349053  -3.86047648   0.7494612   -1.85453409
  16.8028004    9.89911044  -3.71240888  11.13541081   4.693773  ]
Interceptor (constante): 97.90882918176939


********* Melhor Resultado do Fold ************
Linhas de Treino [0, 1, 2, 3, 4, 5, 6, 8, 10, 11, 12, 13, 14, 16, 18, 19, 20, 21, 22, 23, 24, 25, 26, 27, 28, 30, 31, 32, 33, 34, 35, 36, 37, 38, 39, 44, 45, 46, 47, 48, 49, 50, 51, 53, 55, 56, 57, 58, 59, 60, 61, 62, 63, 64, 66, 67, 68, 69, 71, 72, 73, 74, 75, 76, 77, 78, 79, 80, 81, 83, 86, 87, 88, 89, 90, 91, 92, 93, 94, 95, 96, 97, 98, 99, 100, 102, 103, 104, 105, 106, 108, 110, 111, 112, 113, 114, 117, 119, 120, 121, 122, 123, 124, 127, 129, 131, 132, 135, 136, 137, 138, 139, 141, 142, 144, 145, 146, 147, 148, 149, 150, 151, 152, 153, 154, 155, 156, 157, 158, 159, 160, 162, 163, 165, 166, 167, 168, 169, 170, 171, 172, 173, 174, 175, 176, 177, 178, 180, 183, 184, 185, 186, 188, 189, 190, 191, 192, 193, 194, 196, 197, 198, 199, 200, 202, 203, 204, 205, 206, 208, 209, 211, 213, 214, 215, 217, 218, 219, 221, 222, 225, 226, 227, 228, 229, 230, 232, 233, 234, 236, 238, 239, 240, 241, 242, 243, 244, 245, 246, 248, 249, 250, 251, 253, 254, 255, 258, 259, 260, 261, 262, 265, 267, 268, 269, 271, 272, 273, 275, 276, 277, 278, 280, 281, 282, 283, 284, 285, 286, 288, 289, 290, 291, 292, 293, 294, 295]
Linhas de Teste [7, 9, 15, 17, 29, 40, 41, 42, 43, 52, 54, 65, 70, 82, 84, 85, 101, 107, 109, 115, 116, 118, 125, 126, 128, 130, 133, 134, 140, 143, 161, 164, 179, 181, 182, 187, 195, 201, 207, 210, 212, 216, 220, 223, 224, 231, 235, 237, 247, 252, 256, 257, 263, 264, 266, 270, 274, 279, 287, 296]

Rodada 26 / 150  17.33 %
Parâmetros ('EV_CE', 'PRE_CE', 'WAI_CE', 'saz_sin', 'saz_cos')
R2 de Treino = 97.37
R2 de Teste = 96.21
Coeficientes (pesos): [ 48.47505319 -13.67834013   0.40114193  -7.11150192  -9.10737385
   6.96604646   8.33208849  -9.85793448  -5.41361071  -9.50225058
   2.61446759  -5.21359626  -2.94133495  -0.67699287  -5.53949376
  11.38090844   7.76755589  -3.9925763    8.81232648   5.07663447]
Interceptor (constante): 97.01280771681652


********* Melhor Resultado do Fold ************
Linhas de Treino [1, 2, 4, 5, 6, 7, 8, 9, 10, 11, 12, 13, 15, 16, 17, 19, 21, 22, 24, 27, 28, 29, 30, 32, 36, 37, 38, 39, 40, 41, 42, 43, 44, 45, 46, 47, 49, 51, 52, 53, 54, 55, 57, 58, 59, 60, 61, 62, 63, 64, 65, 66, 67, 69, 70, 71, 72, 73, 75, 76, 78, 79, 80, 81, 82, 84, 85, 87, 88, 89, 90, 91, 92, 95, 96, 97, 98, 99, 100, 101, 103, 104, 106, 107, 108, 109, 112, 113, 114, 115, 116, 117, 118, 119, 122, 123, 124, 125, 126, 128, 130, 132, 133, 134, 135, 136, 137, 138, 139, 140, 141, 143, 144, 145, 146, 147, 151, 152, 154, 155, 156, 157, 159, 161, 162, 164, 165, 167, 168, 169, 170, 172, 173, 174, 175, 176, 177, 178, 179, 181, 182, 183, 185, 186, 187, 188, 189, 192, 194, 195, 196, 197, 198, 200, 201, 203, 204, 205, 206, 207, 208, 209, 210, 212, 214, 215, 216, 217, 218, 219, 220, 221, 222, 223, 224, 225, 226, 227, 228, 229, 230, 231, 233, 235, 236, 237, 238, 239, 240, 241, 242, 243, 244, 245, 247, 249, 250, 252, 253, 254, 256, 257, 258, 259, 260, 261, 262, 263, 264, 265, 266, 268, 270, 271, 272, 273, 274, 275, 276, 277, 279, 280, 281, 282, 283, 284, 285, 286, 287, 288, 290, 291, 292, 293, 294, 295, 296]
Linhas de Teste [0, 3, 14, 18, 20, 23, 25, 26, 31, 33, 34, 35, 48, 50, 56, 68, 74, 77, 83, 86, 93, 94, 102, 105, 110, 111, 120, 121, 127, 129, 131, 142, 148, 149, 150, 153, 158, 160, 163, 166, 171, 180, 184, 190, 191, 193, 199, 202, 211, 213, 232, 234, 246, 248, 251, 255, 267, 269, 278, 289]

Rodada 27 / 150  18.0 %
Parâmetros ('EV_CE', 'PRE_CE', 'WAI_CE', 'saz_sin', 'saz_cos')
R2 de Treino = 97.36
R2 de Teste = 96.06
Coeficientes (pesos): [ 49.94287148 -11.08669755  -1.24153986  -7.15540072 -11.55335495
  11.59042969   5.53109364 -15.14933035 -12.77410857  -9.65512075
   1.88901757  -3.14310407  -3.66982411   0.89414708  -3.83878772
  17.0258664    6.93229963  -3.89280519  10.97402834   3.01167947]
Interceptor (constante): 99.76044692166981


********* Melhor Resultado do Fold ************
Linhas de Treino [0, 2, 3, 4, 5, 7, 8, 9, 10, 12, 14, 15, 17, 18, 19, 20, 23, 24, 25, 26, 27, 28, 29, 31, 32, 33, 34, 35, 36, 37, 39, 40, 41, 42, 43, 44, 46, 48, 50, 51, 52, 53, 54, 55, 56, 58, 59, 60, 61, 62, 64, 65, 66, 67, 68, 70, 71, 72, 74, 75, 77, 79, 80, 81, 82, 83, 84, 85, 86, 88, 89, 90, 91, 92, 93, 94, 96, 97, 98, 100, 101, 102, 104, 105, 106, 107, 109, 110, 111, 113, 114, 115, 116, 118, 119, 120, 121, 122, 123, 124, 125, 126, 127, 128, 129, 130, 131, 132, 133, 134, 136, 138, 139, 140, 141, 142, 143, 144, 145, 146, 147, 148, 149, 150, 152, 153, 157, 158, 159, 160, 161, 162, 163, 164, 166, 167, 169, 171, 175, 176, 177, 179, 180, 181, 182, 183, 184, 185, 186, 187, 189, 190, 191, 192, 193, 194, 195, 196, 197, 198, 199, 201, 202, 205, 206, 207, 208, 210, 211, 212, 213, 214, 215, 216, 217, 218, 219, 220, 223, 224, 225, 226, 227, 229, 231, 232, 233, 234, 235, 237, 238, 240, 242, 243, 246, 247, 248, 249, 251, 252, 253, 254, 255, 256, 257, 258, 259, 260, 261, 263, 264, 265, 266, 267, 268, 269, 270, 274, 275, 277, 278, 279, 280, 281, 282, 283, 284, 285, 286, 287, 288, 289, 290, 291, 293, 294, 295, 296]
Linhas de Teste [1, 6, 11, 13, 16, 21, 22, 30, 38, 45, 47, 49, 57, 63, 69, 73, 76, 78, 87, 95, 99, 103, 108, 112, 117, 135, 137, 151, 154, 155, 156, 165, 168, 170, 172, 173, 174, 178, 188, 200, 203, 204, 209, 221, 222, 228, 230, 236, 239, 241, 244, 245, 250, 262, 271, 272, 273, 276, 292]

Rodada 28 / 150  18.67 %
Parâmetros ('EV_CE', 'PRE_CE', 'WAI_CE', 'saz_sin', 'saz_cos')
R2 de Treino = 97.28
R2 de Teste = 96.6
Coeficientes (pesos): [ 51.6774025  -13.23729612  -1.4048902   -7.73372392 -10.1243193
   9.99243238   4.77573165 -13.18167002  -9.91247066  -8.91813628
   0.87400404  -1.50085489  -1.9631838    2.39193528  -4.49524507
  13.73608099   5.53283593  -3.62012986   9.92974308   3.32547979]
Interceptor (constante): 99.29509601254841


********* Melhor Resultado do Fold ************
Linhas de Treino [0, 1, 2, 3, 4, 6, 7, 8, 9, 10, 11, 12, 13, 14, 15, 16, 17, 18, 19, 20, 21, 22, 23, 25, 26, 29, 30, 31, 33, 34, 35, 38, 40, 41, 42, 43, 45, 46, 47, 48, 49, 50, 51, 52, 53, 54, 56, 57, 58, 60, 61, 62, 63, 64, 65, 68, 69, 70, 71, 72, 73, 74, 76, 77, 78, 81, 82, 83, 84, 85, 86, 87, 88, 93, 94, 95, 98, 99, 101, 102, 103, 105, 106, 107, 108, 109, 110, 111, 112, 115, 116, 117, 118, 119, 120, 121, 122, 124, 125, 126, 127, 128, 129, 130, 131, 133, 134, 135, 137, 139, 140, 141, 142, 143, 144, 145, 147, 148, 149, 150, 151, 152, 153, 154, 155, 156, 157, 158, 159, 160, 161, 162, 163, 164, 165, 166, 168, 170, 171, 172, 173, 174, 176, 177, 178, 179, 180, 181, 182, 184, 186, 187, 188, 190, 191, 192, 193, 195, 197, 198, 199, 200, 201, 202, 203, 204, 207, 209, 210, 211, 212, 213, 214, 215, 216, 217, 220, 221, 222, 223, 224, 225, 226, 228, 229, 230, 231, 232, 233, 234, 235, 236, 237, 238, 239, 240, 241, 242, 244, 245, 246, 247, 248, 250, 251, 252, 255, 256, 257, 258, 259, 260, 261, 262, 263, 264, 266, 267, 268, 269, 270, 271, 272, 273, 274, 276, 278, 279, 281, 282, 285, 287, 289, 290, 292, 294, 295, 296]
Linhas de Teste [5, 24, 27, 28, 32, 36, 37, 39, 44, 55, 59, 66, 67, 75, 79, 80, 89, 90, 91, 92, 96, 97, 100, 104, 113, 114, 123, 132, 136, 138, 146, 167, 169, 175, 183, 185, 189, 194, 196, 205, 206, 208, 218, 219, 227, 243, 249, 253, 254, 265, 275, 277, 280, 283, 284, 286, 288, 291, 293]

Rodada 29 / 150  19.33 %
Parâmetros ('EV_CE', 'PRE_CE', 'WAI_CE', 'saz_sin', 'saz_cos')
R2 de Treino = 97.01
R2 de Teste = 97.91
Coeficientes (pesos): [ 49.96862395 -13.13317217  -2.59473716  -5.58778061 -10.1403601
  12.71359222   7.23347266 -15.46024431 -15.53589791 -13.80004173
   0.97075766  -1.73403745  -4.32323327   1.44934297  -4.67322942
  18.49529398   8.50218168  -3.51971975  12.60762658   3.50301523]
Interceptor (constante): 99.43098432052484


********* Melhor Resultado do Fold ************
Linhas de Treino [0, 1, 3, 5, 6, 7, 9, 11, 13, 14, 15, 16, 17, 18, 20, 21, 22, 23, 24, 25, 26, 27, 28, 29, 30, 31, 32, 33, 34, 35, 36, 37, 38, 39, 40, 41, 42, 43, 44, 45, 47, 48, 49, 50, 52, 54, 55, 56, 57, 59, 63, 65, 66, 67, 68, 69, 70, 73, 74, 75, 76, 77, 78, 79, 80, 82, 83, 84, 85, 86, 87, 89, 90, 91, 92, 93, 94, 95, 96, 97, 99, 100, 101, 102, 103, 104, 105, 107, 108, 109, 110, 111, 112, 113, 114, 115, 116, 117, 118, 120, 121, 123, 125, 126, 127, 128, 129, 130, 131, 132, 133, 134, 135, 136, 137, 138, 140, 142, 143, 146, 148, 149, 150, 151, 153, 154, 155, 156, 158, 160, 161, 163, 164, 165, 166, 167, 168, 169, 170, 171, 172, 173, 174, 175, 178, 179, 180, 181, 182, 183, 184, 185, 187, 188, 189, 190, 191, 193, 194, 195, 196, 199, 200, 201, 202, 203, 204, 205, 206, 207, 208, 209, 210, 211, 212, 213, 216, 218, 219, 220, 221, 222, 223, 224, 227, 228, 230, 231, 232, 234, 235, 236, 237, 239, 241, 243, 244, 245, 246, 247, 248, 249, 250, 251, 252, 253, 254, 255, 256, 257, 262, 263, 264, 265, 266, 267, 269, 270, 271, 272, 273, 274, 275, 276, 277, 278, 279, 280, 283, 284, 286, 287, 288, 289, 291, 292, 293, 296]
Linhas de Teste [2, 4, 8, 10, 12, 19, 46, 51, 53, 58, 60, 61, 62, 64, 71, 72, 81, 88, 98, 106, 119, 122, 124, 139, 141, 144, 145, 147, 152, 157, 159, 162, 176, 177, 186, 192, 197, 198, 214, 215, 217, 225, 226, 229, 233, 238, 240, 242, 258, 259, 260, 261, 268, 281, 282, 285, 290, 294, 295]

Rodada 30 / 150  20.0 %
Parâmetros ('EV_CE', 'PRE_CE', 'WAI_CE', 'saz_sin', 'saz_cos')
R2 de Treino = 97.31
R2 de Teste = 97.11
Coeficientes (pesos): [ 5.18857925e+01 -1.45326760e+01 -2.61533640e+00 -6.97181099e+00
 -9.67944733e+00  7.65674368e+00  3.12604241e+00 -9.81942427e+00
 -1.16014086e+01 -6.50998961e+00  5.08355113e-02  3.16441647e+00
 -3.49837060e+00  3.58827741e+00 -7.89088913e+00  1.73683106e+01
  2.98105142e+00 -3.43874158e+00  1.03962957e+01  3.05755495e+00]
Interceptor (constante): 98.80178629778115


********* Melhor Resultado do Fold ************
Linhas de Treino [0, 1, 2, 3, 4, 5, 6, 7, 8, 9, 11, 13, 17, 19, 20, 21, 22, 23, 24, 25, 27, 28, 30, 31, 32, 33, 34, 36, 37, 38, 39, 40, 41, 42, 43, 44, 45, 46, 48, 49, 50, 51, 52, 54, 55, 56, 58, 59, 60, 61, 63, 65, 68, 69, 72, 75, 76, 77, 78, 79, 81, 82, 83, 84, 85, 86, 88, 89, 91, 92, 93, 95, 96, 97, 98, 99, 100, 102, 103, 104, 105, 106, 107, 108, 109, 110, 111, 114, 115, 116, 117, 118, 119, 121, 122, 123, 124, 125, 126, 127, 128, 129, 130, 131, 134, 135, 136, 137, 138, 140, 141, 142, 144, 145, 146, 147, 148, 149, 150, 151, 153, 155, 157, 158, 159, 160, 161, 162, 163, 165, 166, 167, 168, 169, 172, 173, 174, 175, 176, 177, 178, 179, 181, 182, 183, 185, 186, 187, 188, 189, 190, 191, 192, 193, 194, 195, 197, 198, 199, 201, 202, 203, 204, 205, 206, 207, 208, 209, 210, 211, 212, 213, 214, 215, 216, 217, 218, 219, 220, 221, 222, 224, 225, 228, 229, 231, 232, 233, 234, 237, 238, 239, 240, 241, 242, 244, 245, 246, 247, 248, 249, 250, 251, 253, 254, 255, 259, 261, 262, 263, 264, 265, 266, 267, 268, 269, 272, 273, 274, 275, 276, 279, 280, 281, 282, 283, 284, 285, 286, 287, 288, 289, 290, 291, 293, 294, 296]
Linhas de Teste [10, 12, 14, 15, 16, 18, 26, 29, 35, 47, 53, 57, 62, 64, 66, 67, 70, 71, 73, 74, 80, 87, 90, 94, 101, 112, 113, 120, 132, 133, 139, 143, 152, 154, 156, 164, 170, 171, 180, 184, 196, 200, 223, 226, 227, 230, 235, 236, 243, 252, 256, 257, 258, 260, 270, 271, 277, 278, 292, 295]

Rodada 31 / 150  20.67 %
Parâmetros ('EV_CE', 'PRE_CE', 'WAI_CE', 'saz_sin', 'saz_cos')
R2 de Treino = 97.42
R2 de Teste = 96.03
Coeficientes (pesos): [ 50.59714768 -11.85651835  -1.41851269  -6.71822849 -10.57486658
   9.05854165   3.25559548 -10.13847261 -10.44055038  -9.70382655
   1.29982788  -0.67809433  -2.52087784   1.04546185  -6.36188632
  14.42636023   6.31670527  -3.97978005  10.71986569   4.16272409]
Interceptor (constante): 99.37984004607257


********* Melhor Resultado do Fold ************
Linhas de Treino [0, 1, 2, 3, 4, 5, 6, 7, 8, 9, 10, 11, 12, 13, 14, 15, 16, 17, 18, 19, 20, 21, 23, 24, 25, 26, 27, 29, 30, 31, 34, 35, 36, 38, 39, 40, 41, 42, 43, 44, 45, 46, 47, 48, 49, 50, 52, 53, 54, 55, 56, 57, 58, 59, 61, 62, 63, 64, 65, 66, 67, 68, 69, 70, 71, 72, 73, 74, 75, 76, 77, 78, 79, 80, 81, 83, 85, 86, 87, 88, 89, 90, 91, 92, 93, 94, 95, 96, 97, 98, 99, 101, 102, 104, 105, 107, 110, 112, 113, 114, 115, 116, 117, 118, 120, 121, 122, 124, 125, 126, 128, 129, 130, 131, 132, 133, 134, 135, 137, 138, 139, 140, 142, 143, 144, 145, 146, 147, 149, 151, 152, 153, 154, 155, 156, 158, 159, 160, 161, 162, 163, 164, 165, 166, 169, 170, 171, 172, 173, 175, 176, 177, 178, 180, 181, 182, 183, 184, 185, 186, 187, 188, 190, 192, 193, 194, 196, 197, 198, 200, 201, 202, 203, 204, 206, 207, 209, 210, 212, 213, 217, 219, 220, 221, 222, 223, 224, 226, 227, 230, 232, 233, 235, 236, 237, 238, 241, 242, 243, 245, 246, 247, 248, 249, 250, 251, 252, 253, 254, 256, 257, 258, 259, 260, 261, 262, 263, 264, 265, 267, 268, 270, 271, 272, 273, 274, 275, 277, 278, 279, 286, 288, 290, 292, 293, 295, 296]
Linhas de Teste [22, 28, 32, 33, 37, 51, 60, 82, 84, 100, 103, 106, 108, 109, 111, 119, 123, 127, 136, 141, 148, 150, 157, 167, 168, 174, 179, 189, 191, 195, 199, 205, 208, 211, 214, 215, 216, 218, 225, 228, 229, 231, 234, 239, 240, 244, 255, 266, 269, 276, 280, 281, 282, 283, 284, 285, 287, 289, 291, 294]

Rodada 32 / 150  21.33 %
Parâmetros ('EV_CE', 'PRE_CE', 'WAI_CE', 'saz_sin', 'saz_cos')
R2 de Treino = 97.28
R2 de Teste = 96.78
Coeficientes (pesos): [ 52.51011813 -14.51166474  -2.47723869  -7.39701102 -10.38213453
   7.51882677   6.82230454 -11.29310694  -8.16715606  -8.54816465
   1.59738647  -2.11428464  -2.87329287   1.38507597  -5.52635553
  13.90300255   6.38296153  -4.42669281   9.2047837    3.42823396]
Interceptor (constante): 96.97959841589639


********* Melhor Resultado do Fold ************
Linhas de Treino [1, 2, 3, 5, 6, 8, 10, 11, 12, 13, 14, 15, 16, 18, 19, 21, 22, 23, 24, 26, 28, 29, 31, 32, 33, 34, 35, 36, 37, 40, 43, 44, 45, 47, 48, 49, 50, 51, 52, 53, 54, 55, 57, 58, 60, 62, 64, 65, 66, 67, 70, 71, 72, 73, 74, 75, 76, 78, 79, 80, 81, 82, 83, 84, 85, 86, 87, 89, 90, 91, 92, 93, 94, 95, 96, 97, 99, 100, 101, 102, 103, 104, 105, 106, 107, 108, 109, 110, 111, 112, 113, 115, 116, 118, 119, 120, 121, 122, 123, 125, 126, 127, 130, 132, 133, 134, 135, 136, 139, 140, 141, 142, 143, 145, 146, 147, 148, 149, 150, 151, 152, 153, 154, 155, 156, 157, 158, 159, 160, 161, 163, 164, 165, 167, 168, 170, 171, 172, 173, 174, 176, 177, 178, 179, 180, 181, 182, 184, 185, 186, 187, 188, 189, 190, 191, 193, 195, 196, 197, 199, 200, 201, 202, 203, 205, 206, 207, 208, 209, 210, 211, 213, 214, 215, 216, 218, 219, 220, 221, 222, 223, 224, 225, 226, 227, 228, 229, 230, 231, 232, 234, 235, 236, 237, 239, 240, 241, 243, 244, 245, 247, 250, 252, 253, 255, 256, 257, 258, 260, 261, 263, 265, 266, 267, 268, 269, 270, 271, 273, 275, 276, 277, 278, 280, 281, 282, 283, 284, 285, 287, 288, 289, 290, 291, 292, 294, 295, 296]
Linhas de Teste [0, 4, 7, 9, 17, 20, 25, 27, 30, 38, 39, 41, 42, 46, 56, 59, 61, 63, 68, 69, 77, 88, 98, 114, 117, 124, 128, 129, 131, 137, 138, 144, 162, 166, 169, 175, 183, 192, 194, 198, 204, 212, 217, 233, 238, 242, 246, 248, 249, 251, 254, 259, 262, 264, 272, 274, 279, 286, 293]

Rodada 33 / 150  22.0 %
Parâmetros ('EV_CE', 'PRE_CE', 'WAI_CE', 'saz_sin', 'saz_cos')
R2 de Treino = 97.24
R2 de Teste = 96.8
Coeficientes (pesos): [ 47.65870998 -13.49164873   0.69508307  -6.29029078  -9.2473752
  13.38690016   5.83698145 -16.97679165 -15.06881821 -10.55040474
   0.95122416  -2.01009471  -3.01727959   2.07627095  -4.63176144
  18.60801482   7.02280832  -2.62012528  10.61017815   2.91102672]
Interceptor (constante): 99.81934015035392


********* Melhor Resultado do Fold ************
Linhas de Treino [0, 1, 2, 4, 6, 7, 8, 9, 10, 11, 12, 13, 14, 15, 16, 17, 18, 20, 21, 22, 24, 25, 26, 27, 28, 29, 30, 32, 33, 35, 37, 38, 39, 40, 41, 42, 44, 45, 46, 47, 51, 53, 54, 56, 57, 59, 60, 61, 62, 63, 64, 66, 67, 68, 69, 70, 71, 72, 73, 74, 75, 76, 77, 79, 80, 82, 83, 84, 85, 86, 87, 88, 89, 90, 91, 94, 98, 100, 101, 102, 103, 105, 106, 108, 109, 110, 111, 112, 113, 114, 115, 117, 119, 120, 121, 122, 123, 124, 126, 127, 128, 129, 131, 132, 133, 136, 137, 138, 139, 140, 141, 142, 143, 144, 146, 147, 148, 150, 152, 153, 154, 156, 157, 159, 160, 162, 164, 165, 166, 167, 168, 169, 170, 171, 173, 174, 175, 177, 179, 180, 183, 184, 187, 189, 191, 192, 193, 194, 195, 196, 198, 199, 200, 201, 202, 203, 204, 205, 207, 208, 209, 211, 212, 214, 215, 216, 217, 218, 222, 223, 224, 225, 226, 227, 228, 229, 230, 231, 232, 233, 234, 235, 236, 237, 238, 239, 240, 241, 242, 243, 244, 245, 246, 247, 248, 249, 250, 251, 252, 254, 255, 256, 257, 258, 259, 260, 261, 262, 263, 264, 265, 266, 267, 269, 270, 271, 272, 273, 274, 275, 276, 277, 278, 279, 280, 281, 282, 283, 284, 285, 286, 287, 289, 291, 292, 293, 294, 295]
Linhas de Teste [3, 5, 19, 23, 31, 34, 36, 43, 48, 49, 50, 52, 55, 58, 65, 78, 81, 92, 93, 95, 96, 97, 99, 104, 107, 116, 118, 125, 130, 134, 135, 145, 149, 151, 155, 158, 161, 163, 172, 176, 178, 181, 182, 185, 186, 188, 190, 197, 206, 210, 213, 219, 220, 221, 253, 268, 288, 290, 296]

Rodada 34 / 150  22.67 %
Parâmetros ('EV_CE', 'PRE_CE', 'WAI_CE', 'saz_sin', 'saz_cos')
R2 de Treino = 97.17
R2 de Teste = 97.61
Coeficientes (pesos): [ 49.8701315  -11.84671278  -1.82803986  -7.47342708 -10.53407204
   8.22072532   6.18011567 -12.35762233  -8.07716719  -8.74413244
   1.09521133  -3.05735996  -2.99099239   1.59833371  -5.03410087
  14.96773759   7.32822788  -3.93510963   9.05107437   4.12193737]
Interceptor (constante): 98.25018611892617


********* Melhor Resultado do Fold ************
Linhas de Treino [0, 3, 4, 5, 7, 9, 10, 12, 14, 15, 16, 17, 18, 19, 20, 22, 23, 25, 26, 27, 28, 29, 30, 31, 32, 33, 34, 35, 36, 37, 38, 39, 41, 42, 43, 46, 47, 48, 49, 50, 51, 52, 53, 55, 56, 57, 58, 59, 60, 61, 62, 63, 64, 65, 66, 67, 68, 69, 70, 71, 73, 74, 77, 78, 80, 81, 82, 84, 87, 88, 90, 92, 93, 94, 95, 96, 97, 98, 99, 100, 101, 103, 104, 106, 107, 108, 109, 111, 112, 113, 114, 116, 117, 118, 119, 120, 123, 124, 125, 127, 128, 129, 130, 131, 132, 133, 134, 135, 136, 137, 138, 139, 141, 143, 144, 145, 148, 149, 150, 151, 152, 154, 155, 156, 157, 158, 161, 162, 163, 164, 166, 167, 168, 169, 170, 171, 172, 174, 175, 176, 178, 179, 180, 181, 182, 183, 184, 185, 186, 188, 189, 190, 191, 192, 194, 195, 196, 197, 198, 199, 200, 204, 205, 206, 208, 210, 211, 212, 213, 214, 215, 216, 217, 218, 219, 220, 221, 223, 225, 226, 227, 228, 229, 230, 231, 233, 234, 235, 236, 238, 239, 240, 242, 243, 244, 246, 248, 249, 251, 252, 253, 254, 255, 256, 257, 258, 259, 260, 262, 264, 266, 268, 269, 270, 271, 272, 274, 276, 277, 278, 279, 280, 281, 282, 283, 284, 285, 286, 287, 288, 289, 290, 291, 292, 293, 294, 295, 296]
Linhas de Teste [1, 2, 6, 8, 11, 13, 21, 24, 40, 44, 45, 54, 72, 75, 76, 79, 83, 85, 86, 89, 91, 102, 105, 110, 115, 121, 122, 126, 140, 142, 146, 147, 153, 159, 160, 165, 173, 177, 187, 193, 201, 202, 203, 207, 209, 222, 224, 232, 237, 241, 245, 247, 250, 261, 263, 265, 267, 273, 275]

Rodada 35 / 150  23.33 %
Parâmetros ('EV_CE', 'PRE_CE', 'WAI_CE', 'saz_sin', 'saz_cos')
R2 de Treino = 97.11
R2 de Teste = 96.51
Coeficientes (pesos): [ 48.22303683 -14.30192938   0.54868784  -6.78842078  -9.22861328
  12.15466869   8.44116528 -13.65129335 -12.87095983 -10.86364309
   1.4912061   -2.70629413  -4.2533474    1.66449108  -4.70229629
  15.02029058   5.11816475  -3.27318935  12.27699645   3.06483994]
Interceptor (constante): 99.70390655432894


********* Melhor Resultado do Fold ************
Linhas de Treino [1, 2, 4, 5, 6, 7, 8, 9, 10, 11, 12, 13, 14, 15, 16, 18, 20, 21, 22, 23, 25, 26, 29, 30, 31, 32, 34, 35, 36, 37, 38, 41, 42, 43, 45, 46, 48, 49, 50, 51, 53, 54, 55, 57, 59, 61, 63, 64, 65, 66, 67, 68, 69, 70, 71, 72, 73, 75, 76, 77, 79, 80, 81, 83, 84, 85, 86, 88, 89, 90, 91, 92, 93, 94, 95, 96, 97, 98, 99, 100, 101, 102, 103, 104, 105, 106, 107, 108, 109, 112, 115, 116, 117, 118, 119, 120, 121, 122, 123, 124, 125, 126, 127, 128, 129, 130, 131, 132, 133, 134, 135, 136, 137, 138, 139, 140, 142, 143, 145, 146, 148, 149, 150, 151, 152, 153, 154, 155, 156, 157, 158, 159, 160, 161, 162, 163, 166, 168, 169, 170, 171, 172, 174, 175, 176, 178, 179, 180, 181, 182, 183, 184, 185, 186, 187, 188, 190, 191, 192, 193, 195, 197, 198, 199, 202, 203, 204, 205, 206, 208, 212, 213, 214, 215, 216, 217, 218, 220, 221, 223, 226, 227, 228, 229, 230, 231, 232, 234, 236, 238, 241, 243, 244, 246, 247, 248, 249, 250, 251, 252, 254, 255, 257, 258, 259, 261, 263, 264, 265, 266, 267, 268, 269, 270, 271, 272, 273, 275, 276, 277, 278, 279, 280, 281, 282, 283, 284, 285, 287, 289, 290, 291, 292, 293, 294, 295, 296]
Linhas de Teste [0, 3, 17, 19, 24, 27, 28, 33, 39, 40, 44, 47, 52, 56, 58, 60, 62, 74, 78, 82, 87, 110, 111, 113, 114, 141, 144, 147, 164, 165, 167, 173, 177, 189, 194, 196, 200, 201, 207, 209, 210, 211, 219, 222, 224, 225, 233, 235, 237, 239, 240, 242, 245, 253, 256, 260, 262, 274, 286, 288]

Rodada 36 / 150  24.0 %
Parâmetros ('EV_CE', 'PRE_CE', 'WAI_CE', 'saz_sin', 'saz_cos')
R2 de Treino = 97.11
R2 de Teste = 97.47
Coeficientes (pesos): [ 49.52444347 -13.12168429  -0.74516172  -6.7543471   -9.79105468
  12.9061791    5.85764363 -15.93242222 -12.83347143  -9.50885111
   0.65450909  -1.6411092   -2.56988129   2.84017828  -4.62923059
  16.21391006   6.07490358  -3.11296823  10.46885009   3.32242825]
Interceptor (constante): 98.26946831756489


********* Melhor Resultado do Fold ************
Linhas de Treino [0, 1, 2, 3, 4, 6, 7, 8, 9, 10, 11, 12, 14, 17, 18, 19, 20, 23, 24, 25, 26, 27, 28, 31, 33, 34, 35, 36, 38, 39, 40, 41, 42, 43, 44, 45, 46, 47, 48, 49, 50, 51, 52, 53, 55, 56, 57, 58, 59, 60, 62, 63, 64, 66, 67, 68, 69, 70, 71, 72, 73, 74, 75, 76, 77, 78, 80, 82, 83, 84, 85, 86, 87, 88, 89, 90, 92, 93, 94, 96, 97, 99, 101, 105, 106, 107, 108, 109, 110, 111, 113, 114, 116, 117, 118, 119, 120, 121, 122, 123, 124, 127, 128, 129, 130, 131, 132, 133, 135, 136, 137, 140, 141, 142, 143, 144, 145, 146, 147, 148, 149, 151, 152, 153, 154, 155, 156, 157, 158, 159, 160, 161, 162, 163, 164, 165, 166, 167, 168, 169, 171, 172, 173, 174, 175, 176, 177, 178, 179, 182, 183, 184, 185, 188, 189, 190, 192, 193, 194, 195, 196, 197, 198, 199, 200, 201, 202, 203, 206, 207, 209, 210, 211, 212, 213, 216, 217, 218, 219, 220, 222, 223, 224, 225, 227, 228, 229, 230, 232, 233, 234, 235, 236, 237, 238, 239, 240, 241, 242, 244, 245, 246, 247, 249, 252, 253, 254, 255, 256, 257, 258, 259, 260, 261, 262, 263, 264, 265, 266, 267, 270, 271, 274, 277, 278, 279, 280, 281, 282, 283, 286, 287, 288, 290, 291, 294, 296]
Linhas de Teste [5, 13, 15, 16, 21, 22, 29, 30, 32, 37, 54, 61, 65, 79, 81, 91, 95, 98, 100, 102, 103, 104, 112, 115, 125, 126, 134, 138, 139, 150, 170, 180, 181, 186, 187, 191, 204, 205, 208, 214, 215, 221, 226, 231, 243, 248, 250, 251, 268, 269, 272, 273, 275, 276, 284, 285, 289, 292, 293, 295]

Rodada 37 / 150  24.67 %
Parâmetros ('EV_CE', 'PRE_CE', 'WAI_CE', 'saz_sin', 'saz_cos')
R2 de Treino = 97.28
R2 de Teste = 96.69
Coeficientes (pesos): [ 52.09639118 -13.12238566  -3.57266789  -6.92505943  -9.41014191
   9.93213302   3.76099304  -9.68247611 -15.54061285 -11.36072065
   1.30420123   0.52217084  -2.84584658   2.02281982  -7.83510373
  18.93472889   6.66540385  -2.85063924  11.25408626   4.04101235]
Interceptor (constante): 99.24523754150235


********* Melhor Resultado do Fold ************
Linhas de Treino [0, 1, 2, 3, 5, 6, 8, 9, 11, 13, 14, 15, 16, 17, 18, 19, 20, 21, 22, 24, 25, 26, 27, 28, 29, 30, 32, 33, 35, 36, 37, 38, 39, 40, 41, 42, 44, 46, 47, 48, 49, 50, 51, 52, 53, 54, 55, 56, 58, 59, 60, 61, 62, 64, 65, 67, 68, 70, 71, 73, 74, 75, 76, 78, 79, 81, 82, 83, 84, 87, 88, 89, 90, 91, 92, 93, 94, 95, 98, 99, 100, 101, 102, 103, 104, 105, 106, 107, 109, 110, 111, 112, 113, 114, 115, 116, 117, 118, 119, 120, 121, 122, 123, 124, 125, 126, 128, 131, 132, 134, 135, 136, 138, 139, 140, 141, 142, 143, 144, 145, 146, 147, 148, 149, 150, 151, 152, 153, 155, 156, 157, 158, 160, 163, 164, 165, 166, 167, 169, 170, 171, 172, 173, 174, 176, 177, 180, 181, 182, 183, 186, 187, 188, 189, 190, 191, 194, 195, 196, 198, 200, 201, 202, 203, 204, 205, 207, 208, 209, 210, 211, 212, 213, 214, 215, 217, 218, 219, 220, 221, 222, 223, 224, 225, 226, 227, 229, 231, 233, 235, 236, 237, 238, 239, 240, 241, 242, 243, 244, 245, 246, 247, 248, 249, 250, 251, 253, 255, 256, 257, 260, 262, 264, 265, 266, 267, 268, 269, 270, 271, 272, 273, 274, 275, 276, 278, 280, 281, 284, 285, 286, 288, 289, 292, 293, 294, 295, 296]
Linhas de Teste [4, 7, 10, 12, 23, 31, 34, 43, 45, 57, 63, 66, 69, 72, 77, 80, 85, 86, 96, 97, 108, 127, 129, 130, 133, 137, 154, 159, 161, 162, 168, 175, 178, 179, 184, 185, 192, 193, 197, 199, 206, 216, 228, 230, 232, 234, 252, 254, 258, 259, 261, 263, 277, 279, 282, 283, 287, 290, 291]

Rodada 38 / 150  25.33 %
Parâmetros ('EV_CE', 'PRE_CE', 'WAI_CE', 'saz_sin', 'saz_cos')
R2 de Treino = 97.44
R2 de Teste = 95.77
Coeficientes (pesos): [ 49.96080583 -13.4494492   -1.2126548   -6.69370264 -10.16568949
   8.43327241   7.92447257 -11.61041752 -11.39357197 -10.6041203
   2.32199968  -4.40591541  -4.00110521  -0.9385395   -5.45819937
  16.62188001   8.54857077  -4.56225058  10.42989372   4.03152796]
Interceptor (constante): 100.51591220945485


********* Melhor Resultado do Fold ************
Linhas de Treino [0, 1, 2, 3, 4, 5, 6, 7, 10, 11, 12, 13, 15, 16, 17, 19, 20, 21, 22, 23, 24, 26, 27, 28, 29, 30, 31, 32, 33, 34, 37, 38, 39, 40, 42, 43, 44, 45, 47, 50, 51, 52, 54, 56, 57, 58, 60, 61, 62, 63, 64, 65, 66, 69, 70, 72, 73, 74, 75, 76, 77, 78, 79, 80, 81, 82, 84, 85, 86, 87, 88, 89, 91, 92, 93, 94, 95, 96, 97, 98, 100, 101, 102, 103, 104, 105, 106, 107, 108, 109, 110, 111, 112, 113, 114, 115, 116, 123, 125, 126, 127, 129, 130, 131, 132, 133, 134, 135, 137, 138, 139, 140, 141, 142, 143, 144, 145, 147, 150, 152, 153, 154, 155, 156, 157, 158, 159, 161, 162, 164, 165, 167, 168, 170, 173, 175, 176, 177, 178, 179, 180, 181, 184, 185, 186, 187, 189, 190, 191, 192, 193, 194, 196, 197, 198, 199, 200, 201, 202, 204, 205, 206, 207, 208, 209, 210, 211, 212, 214, 215, 216, 219, 220, 221, 222, 223, 224, 225, 226, 227, 228, 230, 231, 232, 233, 234, 235, 237, 238, 239, 240, 242, 243, 245, 248, 250, 251, 252, 253, 254, 256, 258, 259, 260, 261, 262, 263, 264, 265, 266, 267, 268, 269, 270, 272, 273, 274, 275, 276, 277, 279, 280, 281, 282, 283, 284, 285, 286, 287, 288, 289, 290, 291, 292, 293, 294, 295, 296]
Linhas de Teste [8, 9, 14, 18, 25, 35, 36, 41, 46, 48, 49, 53, 55, 59, 67, 68, 71, 83, 90, 99, 117, 118, 119, 120, 121, 122, 124, 128, 136, 146, 148, 149, 151, 160, 163, 166, 169, 171, 172, 174, 182, 183, 188, 195, 203, 213, 217, 218, 229, 236, 241, 244, 246, 247, 249, 255, 257, 271, 278]

Rodada 39 / 150  26.0 %
Parâmetros ('EV_CE', 'PRE_CE', 'WAI_CE', 'saz_sin', 'saz_cos')
R2 de Treino = 97.36
R2 de Teste = 96.01
Coeficientes (pesos): [ 49.39622354 -13.05585433   0.28523843  -6.62292926 -10.32613778
  10.70718988   6.21378932 -13.93252582 -10.60185542  -8.30102266
   0.83681575  -1.62019183  -3.34168755   2.14693488  -5.39397195
  15.33811905   5.18518184  -3.54685228  10.15621814   3.16523164]
Interceptor (constante): 98.61174192086624


********* Melhor Resultado do Fold ************
Linhas de Treino [0, 3, 4, 5, 7, 8, 9, 10, 12, 13, 14, 15, 16, 17, 18, 19, 21, 22, 23, 24, 25, 27, 28, 29, 30, 31, 32, 33, 34, 35, 36, 37, 39, 40, 41, 43, 44, 45, 46, 47, 48, 49, 52, 53, 54, 55, 56, 57, 58, 59, 60, 61, 62, 63, 65, 66, 67, 68, 69, 71, 72, 74, 77, 78, 79, 80, 81, 82, 83, 85, 86, 87, 90, 91, 95, 96, 97, 98, 99, 100, 102, 103, 104, 108, 110, 111, 112, 113, 114, 115, 117, 118, 119, 120, 121, 122, 124, 125, 126, 127, 128, 129, 130, 133, 134, 136, 137, 138, 139, 141, 144, 146, 147, 148, 149, 150, 151, 154, 159, 160, 161, 162, 163, 164, 165, 166, 167, 168, 169, 170, 171, 172, 173, 174, 175, 177, 178, 179, 180, 181, 182, 183, 184, 185, 186, 187, 188, 189, 191, 192, 193, 194, 195, 196, 197, 199, 200, 201, 203, 204, 205, 206, 207, 208, 209, 210, 211, 213, 214, 215, 216, 217, 218, 219, 221, 222, 224, 225, 226, 228, 229, 230, 231, 232, 233, 234, 235, 236, 237, 239, 240, 241, 242, 243, 244, 245, 246, 247, 248, 249, 250, 251, 252, 253, 254, 255, 256, 257, 258, 259, 260, 261, 262, 263, 268, 269, 271, 272, 273, 274, 275, 276, 277, 278, 279, 282, 283, 284, 285, 286, 287, 288, 289, 290, 291, 292, 293, 295]
Linhas de Teste [1, 2, 6, 11, 20, 26, 38, 42, 50, 51, 64, 70, 73, 75, 76, 84, 88, 89, 92, 93, 94, 101, 105, 106, 107, 109, 116, 123, 131, 132, 135, 140, 142, 143, 145, 152, 153, 155, 156, 157, 158, 176, 190, 198, 202, 212, 220, 223, 227, 238, 264, 265, 266, 267, 270, 280, 281, 294, 296]

Rodada 40 / 150  26.67 %
Parâmetros ('EV_CE', 'PRE_CE', 'WAI_CE', 'saz_sin', 'saz_cos')
R2 de Treino = 96.99
R2 de Teste = 96.89
Coeficientes (pesos): [ 46.11737718 -13.17093025   1.6494774   -7.0647317  -10.0174238
   6.08658173   7.95102772 -11.81927618  -1.46526958  -9.05209056
   1.77195964  -3.64780847  -4.36805992   0.94064983  -2.96940152
   8.45121979   5.73436846  -4.51286384  10.25506015   3.46476579]
Interceptor (constante): 97.33658919831292


********* Melhor Resultado do Fold ************
Linhas de Treino [1, 4, 6, 7, 9, 10, 11, 12, 13, 14, 15, 16, 17, 19, 20, 21, 22, 24, 25, 26, 27, 28, 29, 30, 31, 33, 35, 37, 38, 39, 40, 41, 42, 43, 45, 46, 47, 48, 49, 50, 51, 52, 54, 55, 57, 58, 59, 61, 62, 63, 64, 67, 68, 69, 71, 72, 76, 77, 78, 79, 80, 81, 82, 83, 84, 85, 86, 87, 88, 89, 90, 91, 92, 93, 94, 95, 96, 97, 98, 99, 100, 102, 103, 104, 106, 107, 108, 109, 110, 111, 112, 113, 115, 116, 118, 119, 120, 121, 122, 123, 124, 125, 127, 128, 129, 130, 132, 133, 134, 136, 137, 138, 140, 142, 144, 145, 147, 148, 150, 151, 152, 154, 155, 156, 157, 159, 161, 163, 165, 166, 168, 169, 170, 171, 172, 174, 175, 176, 177, 179, 180, 182, 183, 184, 185, 186, 187, 188, 189, 190, 192, 193, 194, 195, 196, 198, 199, 200, 203, 205, 207, 208, 209, 210, 211, 212, 213, 214, 216, 217, 218, 219, 220, 221, 223, 224, 225, 226, 227, 228, 229, 230, 231, 232, 233, 234, 235, 236, 237, 238, 240, 242, 243, 244, 245, 246, 248, 250, 251, 252, 253, 254, 255, 257, 258, 259, 260, 261, 262, 263, 265, 266, 267, 268, 272, 273, 274, 275, 276, 277, 278, 279, 280, 282, 283, 284, 286, 287, 288, 289, 290, 291, 292, 293, 294, 295, 296]
Linhas de Teste [0, 2, 3, 5, 8, 18, 23, 32, 34, 36, 44, 53, 56, 60, 65, 66, 70, 73, 74, 75, 101, 105, 114, 117, 126, 131, 135, 139, 141, 143, 146, 149, 153, 158, 160, 162, 164, 167, 173, 178, 181, 191, 197, 201, 202, 204, 206, 215, 222, 239, 241, 247, 249, 256, 264, 269, 270, 271, 281, 285]

Rodada 41 / 150  27.33 %
Parâmetros ('EV_CE', 'PRE_CE', 'WAI_CE', 'saz_sin', 'saz_cos')
R2 de Treino = 97.39
R2 de Teste = 95.9
Coeficientes (pesos): [ 50.24255238 -11.70850323  -0.96680533  -7.70962058 -10.76160807
  12.69750249   5.70792313 -16.29827544 -11.32720673 -10.31976194
   0.3759333   -1.12693987  -2.97341321   2.5031685   -4.44983496
  15.29596082   5.67895353  -3.24592642  10.99400576   3.81956028]
Interceptor (constante): 98.73222610160934


********* Melhor Resultado do Fold ************
Linhas de Treino [0, 2, 3, 4, 5, 6, 7, 8, 9, 11, 12, 13, 16, 18, 19, 20, 23, 24, 25, 27, 28, 30, 32, 33, 34, 35, 36, 37, 39, 40, 41, 42, 44, 47, 48, 50, 51, 53, 55, 56, 57, 59, 60, 61, 62, 63, 64, 65, 66, 67, 68, 70, 72, 73, 74, 75, 76, 77, 78, 79, 80, 81, 82, 85, 86, 87, 88, 91, 93, 95, 96, 98, 100, 101, 102, 103, 104, 105, 108, 109, 110, 111, 112, 113, 114, 115, 116, 117, 118, 119, 121, 123, 125, 126, 127, 128, 129, 131, 132, 134, 135, 136, 137, 138, 139, 140, 141, 142, 143, 144, 145, 146, 147, 148, 149, 150, 151, 153, 154, 155, 156, 157, 158, 159, 160, 162, 163, 164, 165, 166, 167, 168, 169, 170, 172, 173, 174, 175, 176, 177, 178, 179, 180, 181, 182, 183, 187, 188, 189, 190, 191, 192, 193, 194, 195, 197, 198, 200, 201, 202, 204, 205, 206, 208, 209, 210, 211, 212, 213, 214, 215, 216, 217, 218, 220, 221, 222, 223, 224, 225, 226, 227, 228, 229, 230, 231, 232, 233, 234, 235, 237, 238, 239, 240, 241, 244, 245, 246, 247, 248, 249, 251, 252, 253, 254, 255, 256, 257, 259, 261, 262, 263, 264, 265, 266, 268, 269, 270, 271, 272, 273, 275, 276, 277, 279, 280, 281, 282, 283, 285, 287, 288, 289, 291, 293, 294, 295]
Linhas de Teste [1, 10, 14, 15, 17, 21, 22, 26, 29, 31, 38, 43, 45, 46, 49, 52, 54, 58, 69, 71, 83, 84, 89, 90, 92, 94, 97, 99, 106, 107, 120, 122, 124, 130, 133, 152, 161, 171, 184, 185, 186, 196, 199, 203, 207, 219, 236, 242, 243, 250, 258, 260, 267, 274, 278, 284, 286, 290, 292, 296]

Rodada 42 / 150  28.0 %
Parâmetros ('EV_CE', 'PRE_CE', 'WAI_CE', 'saz_sin', 'saz_cos')
R2 de Treino = 97.06
R2 de Teste = 96.89
Coeficientes (pesos): [ 48.58134698 -14.65526173  -0.17291412  -6.33786808  -9.22188845
   9.50565185   9.1971241  -14.21347547  -6.4350862   -8.54126884
   2.04269904  -5.04898009  -3.84241978   1.8698639   -3.23141682
  12.49613953   6.270288    -3.7669249    9.33989733   3.43050616]
Interceptor (constante): 96.88684552055632


********* Melhor Resultado do Fold ************
Linhas de Treino [0, 1, 2, 3, 4, 5, 6, 8, 10, 11, 12, 13, 14, 15, 16, 17, 18, 19, 20, 21, 22, 23, 24, 25, 26, 28, 29, 30, 31, 32, 33, 34, 36, 38, 39, 41, 42, 43, 44, 45, 46, 47, 49, 51, 52, 53, 54, 55, 56, 57, 58, 59, 60, 61, 62, 64, 65, 66, 67, 69, 70, 71, 73, 74, 75, 78, 79, 81, 82, 83, 84, 85, 89, 90, 91, 92, 94, 95, 96, 97, 98, 99, 100, 101, 102, 104, 105, 106, 107, 111, 112, 114, 115, 116, 117, 119, 120, 122, 123, 124, 126, 127, 128, 129, 130, 131, 132, 133, 135, 136, 137, 138, 139, 140, 141, 143, 145, 146, 148, 149, 150, 152, 153, 154, 155, 156, 158, 159, 160, 161, 162, 163, 164, 165, 166, 167, 168, 171, 172, 173, 177, 178, 179, 180, 181, 182, 184, 185, 186, 187, 189, 190, 191, 193, 195, 196, 197, 198, 199, 201, 202, 203, 204, 205, 206, 207, 208, 212, 213, 214, 215, 217, 218, 219, 220, 222, 223, 225, 226, 227, 228, 229, 230, 231, 233, 234, 235, 236, 239, 241, 242, 243, 245, 246, 247, 248, 249, 250, 251, 252, 253, 254, 255, 256, 258, 259, 260, 261, 262, 263, 264, 265, 266, 267, 268, 269, 270, 271, 272, 273, 274, 275, 278, 279, 280, 281, 283, 284, 285, 286, 287, 288, 290, 291, 292, 293, 295, 296]
Linhas de Teste [7, 9, 27, 35, 37, 40, 48, 50, 63, 68, 72, 76, 77, 80, 86, 87, 88, 93, 103, 108, 109, 110, 113, 118, 121, 125, 134, 142, 144, 147, 151, 157, 169, 170, 174, 175, 176, 183, 188, 192, 194, 200, 209, 210, 211, 216, 221, 224, 232, 237, 238, 240, 244, 257, 276, 277, 282, 289, 294]

Rodada 43 / 150  28.67 %
Parâmetros ('EV_CE', 'PRE_CE', 'WAI_CE', 'saz_sin', 'saz_cos')
R2 de Treino = 97.26
R2 de Teste = 96.84
Coeficientes (pesos): [ 50.21040129 -13.6856338   -0.60996514  -6.71203041  -9.81874178
   7.67893205   7.66160099 -10.36566873 -11.35289179 -10.21556512
   1.87781737  -4.02657604  -3.7773765    0.89973551  -5.58799087
  15.5839479    6.91500618  -3.60592402  11.56289739   3.19154868]
Interceptor (constante): 99.04395617401812


********* Melhor Resultado do Fold ************
Linhas de Treino [0, 1, 2, 3, 4, 5, 6, 7, 8, 9, 10, 11, 13, 14, 15, 17, 18, 19, 21, 22, 23, 24, 26, 27, 29, 30, 31, 32, 34, 35, 36, 37, 38, 39, 40, 42, 43, 44, 45, 46, 48, 49, 50, 51, 52, 53, 54, 55, 56, 58, 59, 60, 61, 62, 63, 65, 66, 67, 68, 69, 70, 71, 72, 73, 74, 75, 76, 77, 78, 79, 80, 82, 83, 84, 86, 87, 88, 89, 90, 91, 92, 93, 94, 95, 96, 97, 98, 99, 100, 101, 102, 103, 105, 106, 107, 108, 109, 110, 113, 114, 115, 117, 118, 120, 121, 122, 123, 124, 125, 126, 127, 129, 130, 131, 133, 134, 135, 139, 140, 141, 142, 143, 144, 145, 146, 147, 148, 149, 150, 151, 152, 153, 154, 155, 157, 158, 159, 160, 161, 162, 163, 164, 165, 167, 169, 170, 171, 172, 173, 174, 175, 176, 177, 178, 181, 183, 184, 185, 186, 188, 189, 190, 191, 192, 194, 196, 197, 198, 199, 200, 201, 202, 203, 204, 206, 207, 209, 210, 211, 213, 215, 216, 219, 220, 221, 222, 224, 226, 228, 230, 232, 236, 237, 238, 239, 240, 241, 242, 243, 244, 247, 249, 250, 251, 252, 253, 256, 257, 258, 259, 260, 261, 262, 264, 265, 266, 267, 269, 270, 271, 273, 274, 276, 277, 278, 280, 281, 282, 284, 285, 286, 287, 288, 289, 290, 292, 294, 296]
Linhas de Teste [12, 16, 20, 25, 28, 33, 41, 47, 57, 64, 81, 85, 104, 111, 112, 116, 119, 128, 132, 136, 137, 138, 156, 166, 168, 179, 180, 182, 187, 193, 195, 205, 208, 212, 214, 217, 218, 223, 225, 227, 229, 231, 233, 234, 235, 245, 246, 248, 254, 255, 263, 268, 272, 275, 279, 283, 291, 293, 295]

Rodada 44 / 150  29.33 %
Parâmetros ('EV_CE', 'PRE_CE', 'WAI_CE', 'saz_sin', 'saz_cos')
R2 de Treino = 97.14
R2 de Teste = 97.68
Coeficientes (pesos): [ 52.62803229 -12.24541539  -4.64263974  -6.68784893 -10.91164704
  11.44342595   4.8844063  -15.04750042 -13.99444145 -11.55878034
   1.37353755  -0.9687175   -3.27650354   1.0214452   -4.18610847
  18.09440214   7.75384968  -4.01518282  11.29846044   3.92218795]
Interceptor (constante): 99.7523981370348


********* Melhor Resultado do Fold ************
Linhas de Treino [0, 1, 2, 3, 5, 7, 8, 9, 10, 12, 14, 15, 16, 17, 18, 20, 21, 22, 23, 25, 26, 27, 28, 29, 31, 32, 33, 34, 35, 36, 37, 38, 40, 41, 43, 44, 45, 46, 47, 48, 49, 50, 52, 53, 54, 56, 57, 58, 60, 63, 64, 65, 66, 68, 69, 70, 71, 72, 73, 74, 75, 76, 77, 80, 81, 83, 84, 85, 86, 87, 88, 89, 90, 92, 93, 94, 97, 99, 101, 103, 104, 105, 106, 107, 108, 109, 110, 111, 112, 113, 114, 116, 117, 118, 119, 120, 121, 122, 124, 125, 126, 128, 130, 131, 132, 133, 134, 135, 136, 137, 138, 139, 141, 142, 143, 144, 146, 147, 149, 151, 152, 153, 156, 157, 158, 160, 161, 162, 164, 166, 167, 168, 169, 170, 171, 173, 174, 175, 176, 178, 179, 180, 181, 182, 183, 184, 185, 186, 187, 188, 191, 192, 193, 194, 195, 196, 197, 199, 200, 201, 202, 203, 204, 205, 206, 207, 208, 209, 210, 211, 212, 214, 215, 216, 217, 218, 219, 221, 222, 223, 224, 225, 227, 229, 231, 232, 233, 234, 235, 236, 237, 238, 239, 240, 241, 242, 243, 244, 245, 246, 247, 248, 249, 250, 254, 255, 256, 257, 258, 260, 263, 264, 267, 268, 269, 270, 271, 272, 274, 275, 276, 277, 278, 279, 281, 282, 283, 284, 285, 286, 289, 290, 291, 292, 293, 294, 295, 296]
Linhas de Teste [4, 6, 11, 13, 19, 24, 30, 39, 42, 51, 55, 59, 61, 62, 67, 78, 79, 82, 91, 95, 96, 98, 100, 102, 115, 123, 127, 129, 140, 145, 148, 150, 154, 155, 159, 163, 165, 172, 177, 189, 190, 198, 213, 220, 226, 228, 230, 251, 252, 253, 259, 261, 262, 265, 266, 273, 280, 287, 288]

Rodada 45 / 150  30.0 %
Parâmetros ('EV_CE', 'PRE_CE', 'WAI_CE', 'saz_sin', 'saz_cos')
R2 de Treino = 97.45
R2 de Teste = 96.05
Coeficientes (pesos): [ 48.16331869 -13.60599189   1.13436466  -7.23682532  -9.56777202
   8.68533769   3.61038994  -7.90704957 -11.91280481  -8.89636063
   0.79519124  -0.25000391  -1.8803763    1.84536767  -9.00669182
  15.76715341   6.42036304  -3.50245075   9.11940951   3.35868006]
Interceptor (constante): 99.66254806274459


********* Melhor Resultado do Fold ************
Linhas de Treino [1, 2, 3, 4, 6, 7, 9, 13, 14, 15, 16, 18, 19, 20, 21, 23, 24, 25, 26, 27, 29, 30, 31, 32, 34, 35, 37, 38, 39, 40, 41, 42, 43, 44, 45, 46, 48, 49, 50, 54, 56, 57, 58, 59, 60, 62, 63, 64, 65, 67, 68, 69, 70, 72, 73, 74, 75, 76, 77, 79, 80, 81, 83, 84, 85, 86, 87, 88, 89, 92, 93, 97, 99, 102, 103, 105, 106, 107, 108, 110, 111, 112, 114, 115, 116, 117, 118, 119, 120, 122, 123, 124, 125, 126, 127, 128, 129, 130, 131, 134, 136, 137, 139, 140, 141, 142, 143, 144, 145, 146, 147, 148, 149, 150, 151, 152, 153, 154, 157, 158, 159, 160, 161, 162, 163, 164, 166, 167, 168, 169, 170, 172, 173, 174, 175, 177, 178, 179, 181, 182, 183, 185, 186, 187, 188, 189, 191, 192, 193, 194, 195, 197, 198, 199, 200, 201, 202, 203, 204, 207, 208, 209, 210, 211, 212, 213, 215, 216, 217, 218, 219, 220, 221, 222, 223, 224, 225, 226, 227, 228, 229, 231, 232, 233, 234, 235, 236, 237, 238, 239, 240, 241, 242, 244, 246, 247, 248, 249, 250, 251, 252, 253, 254, 256, 258, 259, 261, 262, 263, 264, 265, 267, 268, 269, 271, 272, 274, 276, 277, 278, 279, 280, 281, 282, 283, 284, 285, 286, 287, 288, 289, 291, 292, 293, 294, 295, 296]
Linhas de Teste [0, 5, 8, 10, 11, 12, 17, 22, 28, 33, 36, 47, 51, 52, 53, 55, 61, 66, 71, 78, 82, 90, 91, 94, 95, 96, 98, 100, 101, 104, 109, 113, 121, 132, 133, 135, 138, 155, 156, 165, 171, 176, 180, 184, 190, 196, 205, 206, 214, 230, 243, 245, 255, 257, 260, 266, 270, 273, 275, 290]

Rodada 46 / 150  30.67 %
Parâmetros ('EV_CE', 'PRE_CE', 'WAI_CE', 'saz_sin', 'saz_cos')
R2 de Treino = 97.18
R2 de Teste = 96.71
Coeficientes (pesos): [ 47.23272368 -13.83849025   2.92592711  -6.83400718  -9.66732455
  15.71549605   4.58124637 -16.89783995 -16.50739959 -11.6690654
   1.4690205   -1.0459026   -2.49071819   1.54788569  -6.10239268
  18.98445718   8.09521515  -3.2629194   10.95093908   2.60968118]
Interceptor (constante): 100.09711556542838


********* Melhor Resultado do Fold ************
Linhas de Treino [0, 2, 3, 4, 5, 6, 8, 10, 11, 12, 13, 17, 18, 19, 20, 22, 23, 28, 29, 30, 32, 33, 34, 35, 36, 37, 38, 40, 43, 44, 45, 46, 47, 48, 49, 50, 51, 52, 53, 54, 55, 56, 57, 59, 60, 61, 62, 63, 66, 68, 69, 70, 71, 72, 73, 74, 75, 77, 78, 79, 80, 81, 82, 83, 84, 85, 86, 88, 89, 90, 91, 92, 93, 94, 95, 96, 98, 99, 100, 101, 102, 104, 105, 106, 107, 108, 109, 110, 112, 113, 114, 115, 116, 117, 118, 119, 120, 121, 123, 125, 126, 127, 128, 130, 131, 132, 133, 134, 135, 136, 137, 138, 141, 142, 143, 144, 145, 146, 147, 148, 150, 151, 152, 153, 154, 155, 156, 157, 158, 159, 160, 161, 162, 163, 164, 165, 167, 169, 171, 172, 173, 174, 175, 176, 177, 178, 180, 181, 182, 183, 184, 185, 186, 187, 188, 190, 191, 193, 194, 196, 197, 199, 201, 202, 203, 204, 205, 206, 207, 208, 210, 211, 214, 215, 216, 218, 219, 220, 222, 223, 224, 226, 227, 228, 229, 230, 231, 232, 234, 235, 236, 237, 239, 240, 241, 242, 243, 244, 245, 246, 250, 252, 253, 254, 255, 256, 257, 258, 259, 260, 262, 263, 265, 266, 267, 268, 269, 270, 271, 272, 273, 274, 275, 277, 278, 279, 280, 281, 282, 283, 285, 286, 287, 290, 291, 293, 294]
Linhas de Teste [1, 7, 9, 14, 15, 16, 21, 24, 25, 26, 27, 31, 39, 41, 42, 58, 64, 65, 67, 76, 87, 97, 103, 111, 122, 124, 129, 139, 140, 149, 166, 168, 170, 179, 189, 192, 195, 198, 200, 209, 212, 213, 217, 221, 225, 233, 238, 247, 248, 249, 251, 261, 264, 276, 284, 288, 289, 292, 295, 296]

Rodada 47 / 150  31.33 %
Parâmetros ('EV_CE', 'PRE_CE', 'WAI_CE', 'saz_sin', 'saz_cos')
R2 de Treino = 97.09
R2 de Teste = 96.71
Coeficientes (pesos): [ 46.05649204 -13.40035597   1.96141755  -6.38052789  -8.95353178
  14.41957963   6.56671381 -15.47507258 -13.77691012 -11.65437984
   0.76795044  -0.37198504  -4.07998188   1.85482192  -7.19716493
  17.82975595   6.33674865  -3.34416632  11.6362219    3.44772281]
Interceptor (constante): 100.14375043195783


********* Melhor Resultado do Fold ************
Linhas de Treino [0, 1, 2, 3, 4, 5, 7, 8, 9, 10, 11, 12, 13, 14, 15, 16, 17, 18, 19, 21, 22, 23, 24, 25, 26, 27, 28, 29, 31, 33, 34, 36, 37, 38, 39, 40, 41, 42, 44, 45, 46, 47, 48, 49, 50, 51, 52, 53, 54, 55, 56, 58, 59, 60, 61, 62, 63, 64, 65, 66, 67, 68, 69, 70, 71, 73, 74, 75, 76, 77, 78, 80, 81, 82, 87, 89, 90, 91, 92, 93, 94, 95, 96, 97, 98, 99, 100, 101, 102, 103, 104, 106, 108, 109, 110, 111, 112, 113, 115, 116, 117, 118, 121, 122, 123, 124, 125, 128, 129, 131, 132, 133, 135, 136, 137, 138, 139, 140, 142, 143, 144, 145, 146, 147, 148, 149, 151, 153, 155, 156, 157, 158, 160, 161, 162, 164, 165, 166, 168, 169, 170, 171, 172, 173, 176, 179, 180, 181, 182, 184, 185, 187, 189, 190, 191, 192, 193, 194, 195, 196, 197, 198, 200, 201, 202, 204, 205, 206, 209, 210, 212, 213, 214, 215, 217, 218, 219, 220, 221, 222, 224, 225, 226, 227, 228, 229, 230, 231, 233, 234, 236, 237, 238, 241, 242, 243, 244, 245, 246, 247, 248, 249, 250, 251, 252, 253, 254, 255, 257, 258, 259, 260, 261, 262, 264, 265, 266, 270, 271, 272, 273, 275, 276, 277, 280, 283, 284, 285, 286, 288, 289, 290, 291, 292, 293, 294, 295, 296]
Linhas de Teste [6, 20, 30, 32, 35, 43, 57, 72, 79, 83, 84, 85, 86, 88, 105, 107, 114, 119, 120, 126, 127, 130, 134, 141, 150, 152, 154, 159, 163, 167, 174, 175, 177, 178, 183, 186, 188, 199, 203, 207, 208, 211, 216, 223, 232, 235, 239, 240, 256, 263, 267, 268, 269, 274, 278, 279, 281, 282, 287]

Rodada 48 / 150  32.0 %
Parâmetros ('EV_CE', 'PRE_CE', 'WAI_CE', 'saz_sin', 'saz_cos')
R2 de Treino = 97.4
R2 de Teste = 96.21
Coeficientes (pesos): [ 54.75564907 -12.66452504  -5.6561486   -7.85472583 -10.21065875
   5.38777994   6.43859249 -11.21996887  -4.71817707  -6.85693607
   2.27553598  -3.99434987  -2.48511184  -0.25998173  -2.63806272
  10.86283522   5.9564414   -4.15580445   8.67286747   5.11932261]
Interceptor (constante): 97.85337120485013


********* Melhor Resultado do Fold ************
Linhas de Treino [0, 1, 2, 3, 5, 6, 7, 8, 9, 10, 11, 12, 13, 14, 15, 16, 17, 18, 19, 20, 21, 22, 23, 24, 25, 26, 27, 28, 29, 30, 31, 32, 33, 35, 36, 37, 39, 41, 42, 43, 44, 46, 47, 51, 52, 53, 54, 55, 56, 57, 58, 59, 61, 62, 64, 65, 66, 67, 70, 71, 72, 75, 76, 78, 79, 81, 82, 83, 84, 85, 86, 87, 88, 90, 91, 93, 94, 95, 96, 97, 98, 100, 101, 103, 104, 105, 107, 108, 109, 110, 111, 112, 113, 114, 115, 116, 117, 118, 119, 120, 121, 122, 124, 126, 127, 129, 130, 131, 132, 133, 134, 135, 138, 139, 140, 141, 144, 145, 149, 150, 151, 152, 153, 154, 155, 156, 157, 158, 159, 160, 161, 163, 165, 166, 167, 168, 170, 171, 172, 174, 175, 176, 177, 178, 179, 180, 182, 183, 184, 185, 186, 187, 188, 189, 190, 191, 192, 195, 196, 198, 199, 200, 201, 202, 203, 205, 206, 207, 208, 209, 210, 211, 212, 213, 214, 215, 216, 217, 219, 220, 221, 223, 224, 225, 226, 227, 228, 229, 230, 232, 233, 235, 238, 239, 240, 243, 245, 247, 248, 249, 251, 252, 253, 255, 256, 257, 259, 260, 261, 263, 264, 266, 267, 268, 269, 270, 272, 273, 274, 275, 276, 278, 279, 281, 282, 283, 284, 285, 286, 287, 288, 289, 290, 292, 293, 294, 295, 296]
Linhas de Teste [4, 34, 38, 40, 45, 48, 49, 50, 60, 63, 68, 69, 73, 74, 77, 80, 89, 92, 99, 102, 106, 123, 125, 128, 136, 137, 142, 143, 146, 147, 148, 162, 164, 169, 173, 181, 193, 194, 197, 204, 218, 222, 231, 234, 236, 237, 241, 242, 244, 246, 250, 254, 258, 262, 265, 271, 277, 280, 291]

Rodada 49 / 150  32.67 %
Parâmetros ('EV_CE', 'PRE_CE', 'WAI_CE', 'saz_sin', 'saz_cos')
R2 de Treino = 97.17
R2 de Teste = 96.59
Coeficientes (pesos): [ 49.99997745 -12.57373892  -1.4565618   -5.82246357 -10.74000517
   6.37585847   9.72954494 -10.5941571  -10.23592891 -12.078787
   1.02246217  -5.22902592  -3.47873993   2.58608385  -4.89198866
  15.28460723   8.4047451   -3.55524385  10.71168166   3.36445117]
Interceptor (constante): 96.08300753854


********* Melhor Resultado do Fold ************
Linhas de Treino [0, 1, 4, 5, 6, 7, 8, 9, 10, 11, 12, 14, 15, 16, 17, 20, 21, 22, 24, 25, 26, 27, 28, 30, 31, 32, 33, 34, 35, 36, 38, 39, 40, 41, 42, 43, 45, 47, 48, 49, 50, 51, 52, 53, 55, 57, 58, 60, 61, 63, 64, 65, 66, 67, 68, 69, 71, 72, 73, 74, 76, 77, 78, 79, 80, 82, 83, 84, 85, 86, 87, 88, 89, 90, 91, 92, 94, 95, 96, 97, 98, 99, 100, 101, 102, 103, 104, 105, 106, 107, 109, 111, 113, 114, 119, 120, 121, 122, 123, 124, 125, 126, 127, 128, 129, 130, 132, 133, 134, 135, 136, 137, 138, 139, 140, 141, 142, 143, 146, 147, 148, 149, 150, 152, 154, 155, 156, 159, 162, 163, 164, 165, 166, 167, 168, 169, 170, 171, 173, 174, 175, 176, 177, 178, 179, 180, 181, 183, 184, 186, 188, 189, 190, 192, 193, 194, 195, 196, 197, 198, 199, 200, 203, 204, 205, 206, 207, 208, 209, 211, 212, 213, 214, 216, 217, 218, 221, 222, 223, 225, 230, 231, 232, 233, 234, 235, 236, 237, 238, 239, 240, 241, 242, 243, 244, 245, 246, 247, 248, 249, 250, 251, 254, 255, 256, 257, 258, 260, 261, 262, 263, 264, 265, 266, 267, 268, 269, 270, 271, 273, 274, 275, 276, 277, 278, 279, 280, 281, 282, 284, 287, 288, 289, 290, 291, 292, 295, 296]
Linhas de Teste [2, 3, 13, 18, 19, 23, 29, 37, 44, 46, 54, 56, 59, 62, 70, 75, 81, 93, 108, 110, 112, 115, 116, 117, 118, 131, 144, 145, 151, 153, 157, 158, 160, 161, 172, 182, 185, 187, 191, 201, 202, 210, 215, 219, 220, 224, 226, 227, 228, 229, 252, 253, 259, 272, 283, 285, 286, 293, 294]

Rodada 50 / 150  33.33 %
Parâmetros ('EV_CE', 'PRE_CE', 'WAI_CE', 'saz_sin', 'saz_cos')
R2 de Treino = 97.47
R2 de Teste = 96.82
Coeficientes (pesos): [ 53.68988326 -13.51500608  -5.11712417  -7.59886918 -10.8372973
   6.16529628   4.84241202 -10.23392759  -9.18196344  -7.60505015
   1.29035947  -1.17736096  -3.50647175   1.75944866  -4.35807659
  15.04936066   5.30052759  -4.13605915   9.93909152   3.5925667 ]
Interceptor (constante): 99.41763826890895


********* Melhor Resultado do Fold ************
Linhas de Treino [0, 1, 3, 5, 7, 8, 10, 11, 12, 13, 14, 15, 16, 18, 19, 20, 21, 24, 25, 26, 27, 28, 29, 33, 34, 37, 38, 39, 40, 41, 42, 44, 45, 46, 47, 48, 49, 50, 51, 52, 53, 54, 55, 56, 58, 59, 60, 61, 62, 63, 64, 65, 66, 67, 68, 70, 71, 72, 74, 75, 76, 77, 81, 82, 83, 84, 85, 86, 87, 88, 90, 91, 92, 93, 97, 98, 99, 100, 101, 103, 104, 106, 107, 109, 111, 112, 113, 114, 116, 117, 118, 119, 120, 121, 123, 124, 126, 127, 129, 130, 131, 132, 133, 134, 135, 136, 138, 139, 140, 141, 142, 143, 144, 145, 146, 147, 148, 149, 150, 152, 153, 155, 157, 158, 160, 161, 162, 163, 164, 165, 166, 167, 169, 170, 171, 172, 173, 174, 175, 176, 177, 178, 179, 180, 181, 183, 184, 185, 186, 188, 189, 190, 191, 192, 195, 196, 197, 198, 199, 200, 202, 203, 204, 205, 206, 207, 209, 210, 211, 212, 214, 215, 217, 219, 220, 222, 223, 224, 225, 226, 227, 228, 229, 231, 232, 233, 234, 235, 237, 238, 239, 240, 241, 242, 243, 245, 246, 247, 248, 249, 250, 251, 252, 254, 255, 256, 257, 258, 259, 261, 262, 264, 265, 266, 267, 268, 269, 270, 271, 272, 273, 275, 276, 278, 279, 280, 281, 282, 283, 284, 285, 287, 288, 289, 290, 291, 294]
Linhas de Teste [2, 4, 6, 9, 17, 22, 23, 30, 31, 32, 35, 36, 43, 57, 69, 73, 78, 79, 80, 89, 94, 95, 96, 102, 105, 108, 110, 115, 122, 125, 128, 137, 151, 154, 156, 159, 168, 182, 187, 193, 194, 201, 208, 213, 216, 218, 221, 230, 236, 244, 253, 260, 263, 274, 277, 286, 292, 293, 295, 296]

Rodada 51 / 150  34.0 %
Parâmetros ('EV_CE', 'PRE_CE', 'WAI_CE', 'saz_sin', 'saz_cos')
R2 de Treino = 97.13
R2 de Teste = 97.14
Coeficientes (pesos): [ 4.86967243e+01 -1.20093785e+01 -8.40510639e-01 -7.53127444e+00
 -1.03808167e+01  1.04486383e+01  6.42839385e+00 -1.36848588e+01
 -9.73748492e+00 -1.08037308e+01  1.45021820e+00 -3.23334934e+00
 -2.85543061e+00  8.98164843e-03 -3.23712518e+00  1.29259811e+01
  7.96229191e+00 -3.77003626e+00  1.04693961e+01  3.83357131e+00]
Interceptor (constante): 101.4978332476253


********* Melhor Resultado do Fold ************
Linhas de Treino [0, 1, 2, 3, 4, 6, 7, 8, 9, 10, 11, 13, 14, 15, 17, 18, 19, 20, 21, 22, 23, 24, 25, 27, 29, 30, 31, 32, 33, 34, 35, 36, 37, 38, 40, 43, 44, 45, 46, 47, 49, 51, 52, 56, 57, 58, 59, 60, 61, 62, 63, 64, 65, 66, 67, 68, 69, 70, 71, 72, 73, 74, 75, 76, 77, 78, 79, 80, 82, 83, 85, 86, 87, 88, 89, 90, 92, 94, 95, 96, 97, 98, 99, 100, 101, 102, 103, 104, 105, 107, 108, 109, 110, 112, 114, 115, 116, 118, 119, 120, 122, 123, 124, 125, 126, 127, 128, 130, 132, 133, 136, 137, 138, 141, 142, 144, 145, 146, 147, 149, 150, 151, 152, 153, 154, 155, 156, 157, 158, 159, 160, 161, 162, 163, 164, 165, 166, 167, 168, 169, 170, 172, 173, 174, 175, 176, 177, 178, 179, 180, 182, 185, 186, 187, 188, 189, 190, 192, 193, 194, 195, 197, 198, 199, 200, 201, 202, 203, 205, 206, 208, 209, 210, 211, 212, 213, 215, 216, 217, 218, 219, 221, 222, 223, 225, 226, 227, 228, 229, 230, 233, 235, 236, 237, 238, 243, 244, 245, 246, 247, 249, 251, 253, 254, 255, 259, 260, 261, 262, 263, 264, 268, 270, 271, 272, 273, 274, 275, 276, 277, 279, 280, 281, 282, 284, 285, 286, 287, 288, 289, 290, 291, 292, 293, 294, 295, 296]
Linhas de Teste [5, 12, 16, 26, 28, 39, 41, 42, 48, 50, 53, 54, 55, 81, 84, 91, 93, 106, 111, 113, 117, 121, 129, 131, 134, 135, 139, 140, 143, 148, 171, 181, 183, 184, 191, 196, 204, 207, 214, 220, 224, 231, 232, 234, 239, 240, 241, 242, 248, 250, 252, 256, 257, 258, 265, 266, 267, 269, 278, 283]

Rodada 52 / 150  34.67 %
Parâmetros ('EV_CE', 'PRE_CE', 'WAI_CE', 'saz_sin', 'saz_cos')
R2 de Treino = 97.05
R2 de Teste = 97.94
Coeficientes (pesos): [ 53.04842811 -13.19541069  -4.1534843   -6.55143199 -10.75317402
   6.00044848   9.16199292 -13.86515983  -6.73085024  -8.10540314
   1.93003784  -5.59618509  -3.60183213   1.70157568  -1.7249756
  13.75187175   6.738307    -3.69355874   9.12243393   3.62853595]
Interceptor (constante): 94.37032595106193


********* Melhor Resultado do Fold ************
Linhas de Treino [0, 2, 3, 4, 5, 6, 9, 12, 13, 16, 17, 18, 20, 22, 23, 24, 26, 27, 28, 29, 30, 31, 32, 33, 34, 35, 36, 37, 38, 39, 40, 41, 42, 43, 45, 46, 48, 50, 53, 54, 55, 56, 57, 58, 59, 62, 65, 66, 69, 70, 71, 72, 73, 74, 75, 76, 77, 78, 79, 80, 81, 82, 83, 84, 86, 87, 89, 90, 91, 93, 94, 95, 96, 97, 98, 99, 101, 102, 105, 106, 107, 108, 109, 110, 111, 112, 113, 114, 115, 116, 117, 118, 119, 121, 122, 123, 125, 127, 128, 129, 130, 131, 132, 133, 134, 135, 136, 137, 138, 139, 140, 141, 142, 143, 144, 146, 147, 148, 149, 150, 151, 152, 153, 154, 155, 156, 159, 161, 162, 166, 167, 168, 169, 171, 172, 175, 178, 179, 180, 181, 182, 183, 184, 185, 186, 187, 188, 189, 190, 191, 193, 194, 195, 196, 197, 199, 200, 201, 203, 204, 206, 207, 208, 209, 210, 211, 212, 213, 214, 215, 216, 217, 218, 220, 221, 222, 224, 225, 226, 227, 228, 229, 230, 231, 232, 234, 236, 237, 239, 240, 241, 242, 243, 244, 246, 247, 248, 249, 250, 252, 253, 254, 256, 257, 258, 259, 260, 261, 262, 263, 264, 265, 266, 267, 268, 269, 270, 271, 273, 274, 277, 278, 279, 280, 282, 283, 284, 286, 287, 288, 289, 290, 291, 292, 293, 294, 295, 296]
Linhas de Teste [1, 7, 8, 10, 11, 14, 15, 19, 21, 25, 44, 47, 49, 51, 52, 60, 61, 63, 64, 67, 68, 85, 88, 92, 100, 103, 104, 120, 124, 126, 145, 157, 158, 160, 163, 164, 165, 170, 173, 174, 176, 177, 192, 198, 202, 205, 219, 223, 233, 235, 238, 245, 251, 255, 272, 275, 276, 281, 285]

Rodada 53 / 150  35.33 %
Parâmetros ('EV_CE', 'PRE_CE', 'WAI_CE', 'saz_sin', 'saz_cos')
R2 de Treino = 97.09
R2 de Teste = 96.62
Coeficientes (pesos): [ 46.67092359 -14.42847299   1.39095048  -6.00903784  -8.65986446
  13.5977605    5.40946034 -12.29761629 -13.29352645 -11.24731024
   0.41216602   1.55592638  -3.44154371   2.74754601  -8.40384821
  15.43705127   4.88462993  -3.20578883  11.87395025   3.16408956]
Interceptor (constante): 99.1834140496893


********* Melhor Resultado do Fold ************
Linhas de Treino [0, 1, 2, 3, 4, 5, 6, 7, 8, 9, 10, 11, 12, 14, 15, 16, 17, 19, 21, 22, 23, 24, 25, 26, 28, 30, 31, 32, 33, 35, 36, 39, 40, 41, 42, 43, 44, 46, 47, 48, 49, 50, 51, 52, 53, 54, 55, 57, 58, 59, 60, 61, 63, 64, 65, 66, 67, 68, 69, 73, 74, 75, 78, 79, 80, 81, 84, 85, 86, 88, 89, 91, 92, 93, 94, 95, 96, 100, 101, 102, 103, 104, 105, 106, 107, 108, 110, 111, 113, 115, 117, 120, 121, 122, 123, 124, 125, 126, 127, 128, 129, 130, 131, 132, 133, 134, 135, 137, 138, 139, 140, 143, 145, 147, 148, 149, 151, 152, 153, 154, 155, 156, 157, 158, 159, 160, 161, 162, 163, 164, 165, 166, 168, 170, 171, 173, 174, 175, 176, 177, 179, 181, 182, 183, 184, 185, 187, 188, 189, 190, 191, 192, 193, 194, 195, 196, 197, 198, 199, 200, 201, 202, 204, 205, 207, 208, 210, 211, 212, 213, 214, 215, 216, 217, 218, 219, 220, 221, 222, 223, 224, 225, 226, 230, 231, 232, 233, 234, 235, 236, 238, 239, 240, 241, 242, 244, 245, 246, 247, 248, 250, 251, 252, 253, 254, 255, 256, 257, 258, 259, 260, 263, 264, 265, 266, 267, 269, 270, 271, 272, 274, 275, 276, 277, 278, 280, 281, 282, 283, 285, 286, 287, 290, 291, 292, 293, 295, 296]
Linhas de Teste [13, 18, 20, 27, 29, 34, 37, 38, 45, 56, 62, 70, 71, 72, 76, 77, 82, 83, 87, 90, 97, 98, 99, 109, 112, 114, 116, 118, 119, 136, 141, 142, 144, 146, 150, 167, 169, 172, 178, 180, 186, 203, 206, 209, 227, 228, 229, 237, 243, 249, 261, 262, 268, 273, 279, 284, 288, 289, 294]

Rodada 54 / 150  36.0 %
Parâmetros ('EV_CE', 'PRE_CE', 'WAI_CE', 'saz_sin', 'saz_cos')
R2 de Treino = 97.42
R2 de Teste = 96.06
Coeficientes (pesos): [ 51.54806808 -13.20270114  -1.5225104   -7.51470891 -10.42217757
   7.1328785    2.51259383  -7.79702649 -11.19387815  -7.7638954
   1.26140634  -0.24326329  -2.31207667   2.02630461  -7.31687216
  15.74824798   4.93484562  -4.11981085  10.17254598   2.6728356 ]
Interceptor (constante): 100.07751080966368


********* Melhor Resultado do Fold ************
Linhas de Treino [1, 2, 4, 5, 6, 7, 8, 9, 10, 11, 12, 13, 14, 15, 16, 17, 18, 19, 20, 21, 22, 23, 25, 26, 27, 28, 29, 30, 31, 32, 34, 35, 36, 37, 38, 39, 41, 42, 43, 44, 45, 47, 48, 49, 50, 51, 52, 53, 54, 55, 56, 57, 60, 61, 62, 63, 64, 67, 68, 69, 70, 71, 72, 73, 76, 77, 78, 79, 80, 81, 82, 83, 84, 85, 87, 88, 89, 90, 91, 92, 93, 94, 95, 96, 97, 98, 99, 100, 102, 103, 104, 105, 106, 108, 109, 110, 111, 112, 113, 114, 115, 116, 117, 118, 119, 120, 121, 122, 124, 125, 126, 128, 129, 131, 134, 135, 136, 137, 139, 140, 141, 142, 143, 144, 145, 146, 148, 150, 151, 154, 156, 157, 158, 159, 160, 163, 164, 165, 167, 168, 169, 170, 171, 172, 173, 174, 176, 177, 178, 180, 181, 182, 183, 184, 186, 187, 191, 192, 193, 194, 196, 198, 201, 202, 203, 204, 205, 206, 207, 208, 209, 213, 214, 216, 218, 219, 220, 221, 223, 224, 227, 228, 229, 230, 231, 232, 233, 234, 235, 236, 237, 238, 239, 240, 241, 242, 243, 244, 245, 248, 249, 250, 251, 252, 253, 255, 256, 257, 258, 260, 261, 262, 263, 265, 266, 267, 268, 269, 272, 273, 274, 275, 276, 277, 278, 279, 281, 283, 284, 285, 286, 288, 289, 292, 293, 294, 295, 296]
Linhas de Teste [0, 3, 24, 33, 40, 46, 58, 59, 65, 66, 74, 75, 86, 101, 107, 123, 127, 130, 132, 133, 138, 147, 149, 152, 153, 155, 161, 162, 166, 175, 179, 185, 188, 189, 190, 195, 197, 199, 200, 210, 211, 212, 215, 217, 222, 225, 226, 246, 247, 254, 259, 264, 270, 271, 280, 282, 287, 290, 291]

Rodada 55 / 150  36.67 %
Parâmetros ('EV_CE', 'PRE_CE', 'WAI_CE', 'saz_sin', 'saz_cos')
R2 de Treino = 97.53
R2 de Teste = 95.56
Coeficientes (pesos): [ 50.22344077 -12.92886741  -0.9957611   -6.97099481  -9.72508843
  11.77828169   7.34466896 -16.46194689 -12.71388565 -11.38112266
   1.23059285  -2.76756762  -3.86039672   1.21764637  -5.07501449
  18.8879044    8.44241781  -3.69735827  10.38213519   4.67902445]
Interceptor (constante): 98.91084917953076


********* Melhor Resultado do Fold ************
Linhas de Treino [1, 3, 4, 5, 6, 7, 10, 11, 12, 14, 16, 17, 18, 19, 20, 21, 22, 23, 25, 26, 27, 28, 29, 30, 32, 33, 34, 35, 36, 37, 38, 40, 41, 43, 44, 45, 46, 47, 48, 49, 50, 51, 52, 53, 54, 55, 56, 58, 60, 61, 62, 63, 64, 66, 67, 68, 69, 71, 72, 74, 76, 77, 78, 80, 81, 82, 83, 84, 85, 86, 87, 90, 91, 92, 93, 95, 97, 98, 99, 100, 101, 102, 103, 104, 106, 107, 108, 110, 112, 113, 114, 115, 116, 117, 118, 119, 121, 122, 123, 124, 125, 126, 127, 128, 130, 131, 132, 133, 135, 136, 138, 140, 142, 143, 144, 145, 146, 147, 148, 149, 151, 153, 154, 155, 156, 157, 158, 159, 160, 161, 162, 164, 165, 166, 167, 169, 170, 171, 173, 174, 175, 176, 177, 179, 180, 181, 183, 184, 185, 186, 187, 188, 190, 192, 193, 194, 195, 196, 198, 200, 201, 203, 204, 205, 206, 208, 209, 210, 211, 212, 213, 214, 215, 216, 217, 218, 219, 220, 221, 222, 224, 225, 228, 229, 230, 231, 232, 234, 235, 236, 237, 238, 239, 240, 241, 244, 246, 247, 248, 249, 250, 252, 253, 254, 255, 256, 257, 258, 260, 261, 262, 263, 264, 265, 266, 267, 268, 269, 270, 271, 272, 274, 275, 276, 277, 279, 281, 282, 284, 285, 288, 289, 291, 292, 294, 295, 296]
Linhas de Teste [0, 2, 8, 9, 13, 15, 24, 31, 39, 42, 57, 59, 65, 70, 73, 75, 79, 88, 89, 94, 96, 105, 109, 111, 120, 129, 134, 137, 139, 141, 150, 152, 163, 168, 172, 178, 182, 189, 191, 197, 199, 202, 207, 223, 226, 227, 233, 242, 243, 245, 251, 259, 273, 278, 280, 283, 286, 287, 290, 293]

Rodada 56 / 150  37.33 %
Parâmetros ('EV_CE', 'PRE_CE', 'WAI_CE', 'saz_sin', 'saz_cos')
R2 de Treino = 97.38
R2 de Teste = 95.97
Coeficientes (pesos): [ 52.10983016 -13.3276988   -2.05111395  -7.39660873  -9.92411774
  11.28628718   4.81833373 -15.44320527  -8.72592904 -10.52722093
   0.7098794    0.40843896  -2.94786442   1.96654351  -6.34391682
  16.27597133   7.38058502  -4.74578589   8.91435934   4.59186451]
Interceptor (constante): 98.22368657030626


********* Melhor Resultado do Fold ************
Linhas de Treino [0, 1, 2, 3, 4, 5, 6, 7, 8, 9, 13, 15, 16, 17, 18, 20, 21, 22, 23, 24, 27, 28, 29, 30, 31, 33, 34, 35, 36, 37, 38, 39, 40, 41, 42, 43, 44, 46, 47, 48, 49, 50, 52, 55, 56, 57, 58, 59, 61, 62, 63, 64, 65, 66, 67, 68, 70, 72, 73, 74, 75, 76, 79, 80, 81, 83, 84, 85, 86, 87, 88, 89, 90, 91, 92, 94, 96, 97, 98, 99, 100, 102, 103, 104, 105, 106, 108, 109, 110, 111, 112, 115, 116, 117, 119, 120, 121, 122, 123, 124, 125, 126, 128, 129, 130, 131, 133, 134, 135, 137, 138, 139, 140, 141, 142, 144, 145, 147, 148, 150, 151, 152, 153, 154, 155, 156, 157, 158, 159, 160, 161, 162, 163, 164, 165, 166, 168, 169, 170, 171, 172, 173, 175, 177, 178, 179, 181, 182, 183, 184, 185, 186, 187, 188, 189, 190, 191, 192, 194, 195, 197, 199, 200, 201, 202, 203, 204, 205, 207, 208, 209, 211, 212, 213, 214, 215, 217, 218, 219, 220, 221, 222, 223, 224, 225, 226, 227, 228, 230, 233, 234, 236, 239, 241, 242, 243, 244, 245, 246, 248, 249, 250, 251, 254, 255, 257, 258, 259, 260, 262, 263, 264, 265, 266, 267, 268, 269, 270, 271, 273, 274, 275, 278, 280, 282, 283, 284, 285, 286, 287, 288, 289, 290, 292, 293, 295, 296]
Linhas de Teste [10, 11, 12, 14, 19, 25, 26, 32, 45, 51, 53, 54, 60, 69, 71, 77, 78, 82, 93, 95, 101, 107, 113, 114, 118, 127, 132, 136, 143, 146, 149, 167, 174, 176, 180, 193, 196, 198, 206, 210, 216, 229, 231, 232, 235, 237, 238, 240, 247, 252, 253, 256, 261, 272, 276, 277, 279, 281, 291, 294]

Rodada 57 / 150  38.0 %
Parâmetros ('EV_CE', 'PRE_CE', 'WAI_CE', 'saz_sin', 'saz_cos')
R2 de Treino = 97.52
R2 de Teste = 95.41
Coeficientes (pesos): [ 48.29521373 -14.14894065   2.40132234  -7.60045319  -9.53999737
  11.20145516   5.05902923 -13.59073737 -11.41882817  -9.10134072
   1.95038604  -3.03132803  -1.29800619   1.48952208  -4.80150913
  14.11375582   6.53279512  -2.94976884   9.4514944    2.66761075]
Interceptor (constante): 98.555906514797


********* Melhor Resultado do Fold ************
Linhas de Treino [0, 1, 2, 3, 5, 6, 8, 9, 10, 11, 12, 13, 14, 15, 18, 19, 22, 24, 25, 26, 27, 29, 30, 31, 32, 33, 37, 38, 39, 40, 42, 44, 45, 46, 47, 48, 49, 50, 51, 53, 54, 55, 56, 57, 58, 59, 60, 61, 62, 63, 64, 65, 66, 68, 69, 70, 71, 72, 73, 74, 75, 77, 78, 79, 80, 82, 83, 87, 88, 89, 92, 93, 94, 95, 96, 98, 99, 101, 103, 104, 105, 106, 107, 108, 109, 111, 112, 113, 114, 115, 116, 117, 118, 119, 120, 121, 123, 124, 125, 126, 127, 129, 131, 132, 134, 135, 136, 137, 138, 139, 141, 142, 143, 145, 146, 147, 149, 150, 151, 152, 153, 154, 155, 156, 157, 159, 160, 161, 162, 163, 164, 165, 166, 167, 168, 169, 170, 171, 172, 173, 174, 175, 176, 177, 178, 180, 182, 183, 184, 186, 187, 189, 191, 192, 193, 194, 195, 196, 197, 198, 199, 200, 201, 202, 203, 206, 207, 209, 210, 212, 214, 216, 217, 218, 219, 222, 223, 226, 227, 229, 231, 232, 233, 234, 235, 237, 238, 239, 240, 241, 242, 243, 245, 247, 249, 250, 251, 252, 253, 254, 256, 257, 258, 259, 260, 261, 262, 263, 264, 265, 267, 268, 269, 271, 272, 273, 274, 275, 276, 277, 278, 279, 280, 281, 282, 283, 284, 286, 287, 288, 289, 290, 291, 292, 293, 294, 295, 296]
Linhas de Teste [4, 7, 16, 17, 20, 21, 23, 28, 34, 35, 36, 41, 43, 52, 67, 76, 81, 84, 85, 86, 90, 91, 97, 100, 102, 110, 122, 128, 130, 133, 140, 144, 148, 158, 179, 181, 185, 188, 190, 204, 205, 208, 211, 213, 215, 220, 221, 224, 225, 228, 230, 236, 244, 246, 248, 255, 266, 270, 285]

Rodada 58 / 150  38.67 %
Parâmetros ('EV_CE', 'PRE_CE', 'WAI_CE', 'saz_sin', 'saz_cos')
R2 de Treino = 97.04
R2 de Teste = 97.4
Coeficientes (pesos): [ 50.3151157  -12.68012095  -2.23059678  -7.20908123 -10.32977254
   8.03828793   6.28365779 -12.47084592  -8.30117906  -8.05228074
   1.37936217  -2.73904726  -2.65666958   0.60164001  -3.4074159
  13.01582748   6.65135712  -3.59066518   8.95454056   3.81777986]
Interceptor (constante): 99.5667263645337


********* Melhor Resultado do Fold ************
Linhas de Treino [0, 1, 2, 4, 6, 7, 8, 9, 10, 11, 12, 13, 14, 15, 16, 17, 19, 20, 21, 22, 23, 24, 25, 26, 27, 28, 29, 31, 32, 33, 34, 35, 36, 38, 39, 40, 41, 42, 43, 45, 47, 48, 50, 51, 52, 53, 54, 56, 57, 59, 60, 61, 62, 65, 67, 69, 70, 71, 72, 73, 74, 75, 76, 77, 78, 79, 80, 81, 82, 83, 84, 85, 86, 88, 89, 90, 91, 92, 93, 94, 95, 96, 97, 98, 99, 100, 101, 102, 103, 104, 105, 106, 107, 109, 110, 111, 113, 114, 116, 117, 118, 120, 121, 122, 123, 126, 127, 128, 129, 130, 132, 133, 134, 136, 137, 139, 140, 141, 143, 144, 145, 146, 148, 149, 150, 151, 152, 154, 155, 158, 159, 160, 163, 164, 165, 166, 167, 168, 171, 172, 174, 176, 178, 179, 180, 181, 182, 183, 185, 187, 188, 189, 190, 191, 193, 194, 196, 197, 198, 199, 200, 201, 202, 204, 205, 206, 207, 208, 209, 210, 211, 212, 213, 215, 216, 220, 221, 222, 223, 224, 225, 226, 227, 228, 229, 230, 231, 232, 233, 234, 235, 236, 237, 238, 240, 242, 243, 244, 245, 246, 247, 248, 249, 250, 251, 252, 253, 255, 256, 257, 258, 259, 260, 261, 265, 266, 267, 270, 272, 273, 276, 277, 278, 279, 280, 281, 283, 284, 285, 286, 287, 288, 290, 291, 293, 294, 295, 296]
Linhas de Teste [3, 5, 18, 30, 37, 44, 46, 49, 55, 58, 63, 64, 66, 68, 87, 108, 112, 115, 119, 124, 125, 131, 135, 138, 142, 147, 153, 156, 157, 161, 162, 169, 170, 173, 175, 177, 184, 186, 192, 195, 203, 214, 217, 218, 219, 239, 241, 254, 262, 263, 264, 268, 269, 271, 274, 275, 282, 289, 292]

Rodada 59 / 150  39.33 %
Parâmetros ('EV_CE', 'PRE_CE', 'WAI_CE', 'saz_sin', 'saz_cos')
R2 de Treino = 97.28
R2 de Teste = 96.58
Coeficientes (pesos): [ 51.31367562 -12.21465873  -2.41082456  -6.53820919 -11.02729175
  12.51794192   6.20795064 -14.69977709 -14.65654991 -11.15690997
   1.09052277  -1.11149424  -4.43116184   1.14862208  -5.72658268
  18.39826357   5.83661923  -4.02142983  12.63270641   3.93157293]
Interceptor (constante): 97.96616424805889


********* Melhor Resultado do Fold ************
Linhas de Treino [0, 2, 3, 4, 5, 7, 8, 9, 10, 11, 12, 13, 14, 15, 16, 17, 18, 19, 20, 21, 23, 24, 25, 26, 28, 30, 31, 32, 34, 35, 36, 37, 39, 41, 42, 43, 44, 45, 46, 49, 51, 52, 53, 54, 55, 57, 58, 59, 60, 63, 64, 65, 66, 67, 68, 69, 70, 71, 73, 75, 76, 77, 78, 79, 81, 82, 84, 85, 86, 87, 88, 89, 90, 91, 93, 94, 95, 96, 97, 100, 101, 102, 105, 107, 108, 109, 110, 111, 112, 113, 114, 115, 118, 119, 120, 122, 124, 125, 127, 128, 129, 130, 131, 132, 133, 134, 135, 136, 137, 138, 139, 140, 141, 142, 143, 144, 146, 147, 148, 149, 150, 152, 153, 156, 157, 158, 161, 162, 163, 167, 168, 169, 170, 172, 173, 174, 175, 176, 177, 178, 179, 180, 181, 182, 184, 185, 186, 188, 189, 190, 191, 192, 193, 195, 196, 197, 198, 199, 202, 203, 204, 205, 206, 207, 208, 210, 211, 213, 214, 215, 216, 217, 218, 219, 220, 221, 223, 224, 225, 226, 227, 228, 229, 230, 231, 232, 233, 235, 236, 237, 238, 239, 240, 241, 242, 243, 244, 245, 246, 247, 248, 251, 252, 253, 254, 255, 256, 259, 261, 262, 263, 264, 266, 268, 269, 270, 271, 272, 273, 274, 275, 276, 277, 278, 279, 280, 281, 282, 283, 285, 286, 287, 289, 290, 291, 292, 293, 294]
Linhas de Teste [1, 6, 22, 27, 29, 33, 38, 40, 47, 48, 50, 56, 61, 62, 72, 74, 80, 83, 92, 98, 99, 103, 104, 106, 116, 117, 121, 123, 126, 145, 151, 154, 155, 159, 160, 164, 165, 166, 171, 183, 187, 194, 200, 201, 209, 212, 222, 234, 249, 250, 257, 258, 260, 265, 267, 284, 288, 295, 296]

Rodada 60 / 150  40.0 %
Parâmetros ('EV_CE', 'PRE_CE', 'WAI_CE', 'saz_sin', 'saz_cos')
R2 de Treino = 96.96
R2 de Teste = 97.31
Coeficientes (pesos): [ 47.63701387 -14.77167026  -1.14546004  -5.35717532  -8.43595779
   6.9673028    7.43390843  -8.03345622 -11.43833694  -8.97064149
   1.01202933  -2.40760556  -4.55753224   3.64881537  -6.17059006
  15.53657718   4.68732726  -2.94407577  11.72353656   2.73687917]
Interceptor (constante): 98.6523141126035


********* Melhor Resultado do Fold ************
Linhas de Treino [1, 2, 3, 5, 6, 7, 9, 10, 11, 12, 13, 15, 16, 17, 20, 21, 22, 23, 24, 26, 27, 28, 29, 30, 31, 32, 33, 34, 35, 36, 37, 39, 40, 41, 42, 43, 44, 45, 46, 47, 48, 49, 50, 51, 52, 53, 54, 55, 56, 57, 58, 59, 60, 63, 64, 65, 68, 69, 72, 73, 74, 75, 78, 79, 80, 81, 82, 83, 84, 85, 86, 87, 89, 91, 92, 93, 95, 96, 97, 98, 99, 100, 101, 102, 103, 104, 106, 107, 108, 110, 111, 112, 115, 116, 117, 118, 119, 120, 121, 122, 123, 124, 125, 126, 127, 129, 130, 132, 133, 134, 135, 136, 137, 138, 139, 140, 141, 142, 143, 144, 145, 146, 147, 148, 149, 150, 151, 153, 154, 155, 156, 157, 158, 159, 160, 161, 162, 164, 165, 167, 168, 170, 171, 173, 174, 175, 176, 177, 178, 179, 180, 181, 182, 183, 184, 185, 187, 188, 189, 190, 191, 192, 194, 195, 196, 199, 200, 201, 203, 204, 205, 208, 209, 210, 211, 213, 214, 215, 217, 218, 220, 221, 222, 225, 226, 228, 230, 231, 232, 233, 234, 236, 237, 238, 239, 240, 242, 243, 244, 247, 248, 249, 250, 251, 253, 257, 258, 259, 260, 261, 263, 264, 265, 266, 267, 268, 269, 270, 271, 272, 273, 275, 276, 277, 278, 279, 280, 281, 282, 283, 286, 289, 290, 291, 293, 294, 295]
Linhas de Teste [0, 4, 8, 14, 18, 19, 25, 38, 61, 62, 66, 67, 70, 71, 76, 77, 88, 90, 94, 105, 109, 113, 114, 128, 131, 152, 163, 166, 169, 172, 186, 193, 197, 198, 202, 206, 207, 212, 216, 219, 223, 224, 227, 229, 235, 241, 245, 246, 252, 254, 255, 256, 262, 274, 284, 285, 287, 288, 292, 296]

Rodada 61 / 150  40.67 %
Parâmetros ('EV_CE', 'PRE_CE', 'WAI_CE', 'saz_sin', 'saz_cos')
R2 de Treino = 97.46
R2 de Teste = 95.77
Coeficientes (pesos): [ 47.62889714 -13.00680707  -0.4358762   -6.26042136  -9.24408251
   7.826604     5.78935271 -10.05009894  -9.21113705  -8.82787408
   1.62390948  -3.61235004  -2.38725033   0.83584309  -4.55615115
  13.36085261   6.62989914  -3.80126976  10.03589315   3.94045444]
Interceptor (constante): 98.45727570201355


********* Melhor Resultado do Fold ************
Linhas de Treino [0, 2, 3, 4, 6, 7, 8, 9, 10, 11, 12, 13, 14, 15, 16, 17, 18, 19, 20, 21, 22, 23, 24, 25, 26, 27, 29, 30, 31, 33, 35, 36, 37, 38, 40, 41, 43, 46, 47, 48, 49, 50, 51, 52, 53, 54, 55, 56, 58, 59, 60, 61, 62, 63, 64, 65, 66, 67, 68, 69, 70, 71, 72, 73, 74, 76, 77, 78, 81, 82, 83, 86, 87, 88, 90, 92, 93, 94, 95, 97, 98, 99, 100, 102, 104, 105, 106, 107, 108, 109, 110, 111, 113, 114, 117, 118, 119, 120, 122, 123, 124, 126, 128, 129, 131, 133, 134, 136, 137, 138, 139, 140, 142, 143, 144, 145, 146, 147, 148, 149, 152, 153, 154, 155, 156, 157, 158, 159, 160, 161, 162, 163, 164, 166, 168, 169, 171, 172, 174, 176, 177, 178, 180, 181, 182, 183, 184, 185, 186, 187, 189, 190, 191, 192, 193, 195, 197, 198, 199, 202, 203, 204, 205, 206, 207, 208, 209, 211, 212, 213, 214, 215, 216, 217, 218, 219, 220, 222, 223, 224, 225, 226, 227, 229, 230, 231, 232, 233, 234, 235, 236, 237, 238, 241, 242, 244, 245, 246, 248, 249, 250, 252, 254, 255, 256, 257, 260, 261, 262, 263, 264, 265, 267, 268, 269, 270, 271, 272, 273, 274, 276, 277, 279, 282, 283, 284, 285, 286, 287, 288, 289, 290, 291, 292, 293, 295, 296]
Linhas de Teste [1, 5, 28, 32, 34, 39, 42, 44, 45, 57, 75, 79, 80, 84, 85, 89, 91, 96, 101, 103, 112, 115, 116, 121, 125, 127, 130, 132, 135, 141, 150, 151, 165, 167, 170, 173, 175, 179, 188, 194, 196, 200, 201, 210, 221, 228, 239, 240, 243, 247, 251, 253, 258, 259, 266, 275, 278, 280, 281, 294]

Rodada 62 / 150  41.33 %
Parâmetros ('EV_CE', 'PRE_CE', 'WAI_CE', 'saz_sin', 'saz_cos')
R2 de Treino = 97.38
R2 de Teste = 96.04
Coeficientes (pesos): [ 52.8906349  -13.84629496  -4.21228937  -6.71781523  -9.23877829
  10.83764623   7.93509117 -17.30704472  -8.57606152  -9.9425094
   1.70386523  -3.37835404  -3.08796566   1.40617838  -0.8849067
  12.35204502   5.55094618  -3.60909016  10.40441585   4.58030645]
Interceptor (constante): 98.7226190159004


********* Melhor Resultado do Fold ************
Linhas de Treino [0, 1, 3, 4, 5, 7, 8, 9, 11, 12, 13, 14, 15, 17, 18, 19, 20, 21, 22, 25, 26, 28, 29, 30, 31, 32, 33, 34, 37, 38, 39, 42, 44, 45, 48, 49, 50, 51, 52, 53, 54, 55, 57, 58, 59, 60, 61, 62, 63, 64, 65, 66, 67, 68, 70, 71, 73, 74, 75, 76, 77, 78, 79, 80, 81, 82, 84, 85, 86, 87, 88, 89, 90, 91, 92, 94, 95, 96, 97, 99, 100, 101, 103, 104, 105, 106, 109, 110, 111, 112, 113, 114, 115, 116, 117, 118, 119, 120, 121, 122, 125, 126, 127, 128, 130, 131, 132, 133, 135, 136, 137, 138, 140, 141, 142, 143, 144, 146, 147, 148, 150, 151, 152, 153, 154, 155, 156, 157, 158, 159, 160, 161, 163, 164, 165, 166, 167, 168, 169, 170, 171, 172, 173, 174, 175, 176, 177, 178, 179, 182, 183, 184, 185, 186, 187, 188, 189, 190, 193, 194, 195, 196, 197, 198, 200, 201, 202, 203, 204, 205, 206, 207, 208, 209, 210, 212, 213, 214, 215, 216, 217, 218, 219, 220, 221, 222, 223, 224, 227, 228, 229, 230, 232, 233, 235, 239, 240, 241, 242, 243, 245, 246, 247, 249, 251, 252, 253, 254, 255, 256, 258, 259, 262, 266, 267, 268, 270, 271, 273, 274, 275, 276, 278, 280, 281, 282, 283, 284, 285, 286, 287, 288, 290, 291, 292, 294, 295, 296]
Linhas de Teste [2, 6, 10, 16, 23, 24, 27, 35, 36, 40, 41, 43, 46, 47, 56, 69, 72, 83, 93, 98, 102, 107, 108, 123, 124, 129, 134, 139, 145, 149, 162, 180, 181, 191, 192, 199, 211, 225, 226, 231, 234, 236, 237, 238, 244, 248, 250, 257, 260, 261, 263, 264, 265, 269, 272, 277, 279, 289, 293]

Rodada 63 / 150  42.0 %
Parâmetros ('EV_CE', 'PRE_CE', 'WAI_CE', 'saz_sin', 'saz_cos')
R2 de Treino = 97.2
R2 de Teste = 97.01
Coeficientes (pesos): [ 50.3400551  -12.954024    -0.38619291  -7.99010692 -10.3391033
  11.04817599   3.72690673 -11.33092537 -14.97651617  -9.61548819
   1.18046491   0.45817272  -3.07129982   1.62761246  -8.89756398
  19.22111236   5.4197774   -3.7619607   11.40929112   3.10795734]
Interceptor (constante): 100.769814234888


********* Melhor Resultado do Fold ************
Linhas de Treino [0, 1, 2, 3, 4, 5, 6, 7, 8, 9, 10, 11, 12, 13, 14, 15, 16, 18, 19, 20, 21, 22, 23, 24, 25, 26, 27, 28, 29, 30, 31, 32, 33, 34, 35, 36, 38, 39, 40, 41, 42, 43, 44, 45, 46, 47, 51, 52, 53, 54, 56, 57, 58, 60, 61, 62, 65, 66, 67, 69, 70, 71, 72, 73, 74, 75, 76, 77, 79, 80, 81, 82, 83, 84, 85, 88, 89, 90, 91, 93, 94, 96, 97, 98, 101, 102, 103, 104, 105, 107, 108, 109, 110, 112, 113, 114, 115, 116, 117, 118, 119, 121, 122, 123, 124, 125, 126, 127, 128, 129, 130, 131, 132, 134, 135, 139, 141, 143, 144, 145, 147, 149, 150, 151, 152, 157, 158, 159, 161, 162, 163, 165, 166, 167, 169, 170, 172, 173, 175, 177, 179, 180, 181, 182, 183, 186, 187, 188, 190, 191, 192, 193, 194, 196, 197, 198, 199, 200, 201, 202, 204, 205, 206, 207, 209, 210, 211, 212, 213, 214, 216, 219, 220, 221, 223, 224, 225, 226, 227, 228, 229, 230, 231, 232, 233, 234, 235, 236, 237, 238, 239, 240, 241, 243, 244, 245, 246, 247, 248, 250, 251, 252, 253, 254, 255, 256, 257, 258, 259, 260, 261, 262, 263, 264, 265, 266, 268, 269, 271, 272, 274, 275, 276, 277, 278, 279, 280, 281, 283, 284, 285, 287, 288, 289, 292, 293, 294, 296]
Linhas de Teste [17, 37, 48, 49, 50, 55, 59, 63, 64, 68, 78, 86, 87, 92, 95, 99, 100, 106, 111, 120, 133, 136, 137, 138, 140, 142, 146, 148, 153, 154, 155, 156, 160, 164, 168, 171, 174, 176, 178, 184, 185, 189, 195, 203, 208, 215, 217, 218, 222, 242, 249, 267, 270, 273, 282, 286, 290, 291, 295]

Rodada 64 / 150  42.67 %
Parâmetros ('EV_CE', 'PRE_CE', 'WAI_CE', 'saz_sin', 'saz_cos')
R2 de Treino = 97.11
R2 de Teste = 97.53
Coeficientes (pesos): [ 49.49642616 -12.82937911  -0.821194    -6.40925249 -10.59886952
   9.15455232   7.84574135 -10.31703984  -9.36726714 -11.76615552
   1.43551908  -3.39596738  -3.80711607   1.53540157  -7.20932686
  14.61122336   8.51204407  -4.11116284  10.46848672   3.75237912]
Interceptor (constante): 97.86072682469337


********* Melhor Resultado do Fold ************
Linhas de Treino [0, 1, 2, 4, 5, 6, 8, 10, 14, 16, 17, 18, 19, 23, 24, 25, 27, 28, 32, 34, 35, 36, 37, 38, 39, 40, 41, 42, 43, 44, 45, 46, 47, 48, 49, 50, 55, 56, 57, 59, 61, 62, 63, 64, 66, 67, 68, 69, 70, 71, 72, 75, 76, 77, 78, 79, 80, 83, 84, 85, 86, 87, 88, 89, 90, 91, 92, 93, 94, 95, 96, 98, 99, 100, 101, 102, 103, 105, 106, 107, 108, 109, 111, 112, 113, 114, 115, 116, 120, 121, 123, 124, 125, 127, 128, 129, 130, 131, 132, 133, 134, 135, 136, 137, 138, 139, 140, 141, 142, 145, 146, 148, 149, 150, 151, 152, 153, 154, 155, 156, 160, 162, 163, 164, 165, 166, 167, 168, 169, 170, 171, 172, 173, 174, 175, 176, 178, 179, 180, 181, 184, 185, 186, 188, 189, 191, 192, 193, 194, 195, 196, 197, 198, 199, 200, 201, 202, 203, 206, 207, 208, 210, 211, 212, 215, 216, 217, 218, 219, 221, 222, 223, 224, 225, 226, 227, 228, 229, 231, 234, 235, 236, 237, 238, 239, 240, 241, 242, 243, 244, 245, 246, 247, 248, 249, 250, 251, 252, 253, 254, 255, 256, 257, 258, 259, 260, 261, 262, 263, 264, 265, 266, 267, 269, 270, 272, 273, 274, 275, 277, 278, 279, 280, 281, 282, 284, 285, 286, 287, 288, 289, 290, 291, 292, 293, 294, 295, 296]
Linhas de Teste [3, 7, 9, 11, 12, 13, 15, 20, 21, 22, 26, 29, 30, 31, 33, 51, 52, 53, 54, 58, 60, 65, 73, 74, 81, 82, 97, 104, 110, 117, 118, 119, 122, 126, 143, 144, 147, 157, 158, 159, 161, 177, 182, 183, 187, 190, 204, 205, 209, 213, 214, 220, 230, 232, 233, 268, 271, 276, 283]

Rodada 65 / 150  43.33 %
Parâmetros ('EV_CE', 'PRE_CE', 'WAI_CE', 'saz_sin', 'saz_cos')
R2 de Treino = 97.22
R2 de Teste = 97.37
Coeficientes (pesos): [ 51.9577537  -13.0622262   -1.87447681  -7.3963253  -11.02696108
   9.78207458   5.09154041 -13.77876639 -12.58583687  -9.29777615
   0.74754427  -0.66159894  -3.3496604    2.26379836  -5.16561096
  17.47075758   7.01185215  -3.23931185   9.98545677   2.52291995]
Interceptor (constante): 98.77628470502407


********* Melhor Resultado do Fold ************
Linhas de Treino [0, 2, 3, 5, 6, 7, 8, 9, 10, 12, 14, 15, 16, 17, 18, 20, 21, 22, 23, 24, 25, 26, 28, 29, 33, 35, 36, 37, 38, 39, 40, 42, 43, 45, 46, 47, 48, 49, 50, 52, 53, 54, 55, 56, 57, 58, 59, 60, 61, 62, 63, 64, 65, 66, 67, 68, 69, 70, 73, 75, 77, 79, 80, 81, 83, 84, 85, 86, 87, 88, 89, 90, 92, 93, 94, 95, 97, 98, 99, 100, 102, 103, 104, 105, 106, 107, 108, 110, 111, 112, 113, 114, 115, 116, 117, 119, 120, 121, 123, 124, 126, 128, 129, 131, 132, 133, 134, 136, 137, 138, 139, 140, 141, 142, 144, 145, 147, 148, 149, 150, 152, 153, 154, 155, 156, 157, 158, 159, 160, 161, 162, 163, 164, 166, 167, 168, 169, 170, 171, 172, 174, 175, 179, 180, 181, 183, 184, 185, 186, 187, 188, 189, 190, 191, 192, 193, 194, 195, 196, 198, 199, 200, 201, 202, 203, 204, 205, 207, 208, 209, 210, 212, 214, 216, 217, 218, 219, 220, 221, 222, 223, 224, 225, 227, 228, 230, 231, 233, 234, 236, 237, 238, 239, 240, 241, 242, 243, 244, 245, 250, 251, 253, 255, 256, 257, 259, 260, 261, 262, 263, 265, 266, 267, 268, 269, 271, 272, 273, 274, 275, 276, 277, 278, 280, 281, 283, 285, 286, 287, 288, 289, 290, 291, 292, 293, 295, 296]
Linhas de Teste [1, 4, 11, 13, 19, 27, 30, 31, 32, 34, 41, 44, 51, 71, 72, 74, 76, 78, 82, 91, 96, 101, 109, 118, 122, 125, 127, 130, 135, 143, 146, 151, 165, 173, 176, 177, 178, 182, 197, 206, 211, 213, 215, 226, 229, 232, 235, 246, 247, 248, 249, 252, 254, 258, 264, 270, 279, 282, 284, 294]

Rodada 66 / 150  44.0 %
Parâmetros ('EV_CE', 'PRE_CE', 'WAI_CE', 'saz_sin', 'saz_cos')
R2 de Treino = 97.27
R2 de Teste = 96.46
Coeficientes (pesos): [ 46.48527052 -13.40763427   0.97841423  -6.964966    -9.17637482
  10.05174458   6.73644908 -16.04544733  -8.20487119  -5.69412479
   1.31766     -3.40316053  -2.47905801   2.06433313  -1.77008587
  11.86611743   2.93622008  -2.57183955  10.03338776   3.1789842 ]
Interceptor (constante): 99.02903607923032


********* Melhor Resultado do Fold ************
Linhas de Treino [0, 1, 2, 4, 5, 7, 8, 9, 10, 11, 13, 14, 16, 17, 18, 19, 21, 22, 23, 25, 26, 27, 28, 30, 31, 32, 33, 34, 35, 36, 38, 39, 40, 41, 42, 43, 44, 45, 46, 47, 49, 51, 53, 54, 55, 57, 58, 60, 61, 64, 65, 66, 67, 69, 70, 71, 72, 73, 74, 75, 76, 77, 78, 79, 80, 81, 82, 83, 85, 86, 87, 88, 89, 90, 91, 92, 93, 95, 96, 97, 98, 100, 101, 102, 103, 104, 105, 106, 107, 108, 109, 110, 111, 112, 113, 114, 115, 116, 118, 120, 121, 122, 124, 125, 127, 128, 130, 131, 132, 133, 135, 136, 138, 140, 143, 144, 145, 146, 147, 148, 149, 151, 153, 154, 155, 157, 158, 159, 160, 161, 162, 164, 165, 166, 167, 168, 169, 170, 171, 172, 173, 175, 176, 177, 178, 180, 181, 182, 183, 186, 187, 188, 189, 190, 193, 194, 196, 197, 198, 199, 201, 203, 205, 206, 207, 208, 209, 210, 211, 212, 213, 214, 215, 217, 219, 220, 221, 222, 223, 225, 226, 227, 228, 229, 230, 232, 234, 235, 236, 237, 239, 241, 242, 243, 244, 246, 247, 248, 249, 250, 251, 252, 253, 254, 255, 256, 257, 258, 259, 260, 261, 262, 263, 264, 265, 266, 269, 270, 273, 274, 275, 276, 277, 278, 279, 281, 282, 284, 285, 286, 288, 289, 290, 292, 293, 294, 295]
Linhas de Teste [3, 6, 12, 15, 20, 24, 29, 37, 48, 50, 52, 56, 59, 62, 63, 68, 84, 94, 99, 117, 119, 123, 126, 129, 134, 137, 139, 141, 142, 150, 152, 156, 163, 174, 179, 184, 185, 191, 192, 195, 200, 202, 204, 216, 218, 224, 231, 233, 238, 240, 245, 267, 268, 271, 272, 280, 283, 287, 291, 296]

Rodada 67 / 150  44.67 %
Parâmetros ('EV_CE', 'PRE_CE', 'WAI_CE', 'saz_sin', 'saz_cos')
R2 de Treino = 97.3
R2 de Teste = 96.61
Coeficientes (pesos): [ 52.9045475  -12.97573695  -3.60029211  -7.26400182 -10.71600026
   7.09572508   8.90262769 -11.69604998  -8.27351398 -11.19187293
   2.5391619   -5.35536117  -4.01526824  -0.87736048  -4.46932261
  14.5428648    9.69638916  -4.67901621   9.59923673   4.46137115]
Interceptor (constante): 99.73256966086828


********* Melhor Resultado do Fold ************
Linhas de Treino [1, 2, 3, 4, 5, 6, 7, 8, 9, 10, 11, 12, 13, 14, 15, 16, 18, 19, 20, 21, 24, 27, 28, 29, 30, 31, 32, 33, 34, 35, 37, 38, 41, 42, 43, 44, 45, 47, 48, 49, 50, 51, 52, 53, 54, 56, 58, 59, 60, 61, 62, 63, 64, 65, 66, 67, 68, 69, 70, 71, 72, 73, 74, 76, 77, 78, 79, 80, 82, 83, 84, 85, 87, 88, 89, 90, 91, 92, 93, 94, 95, 96, 97, 98, 99, 100, 101, 102, 103, 105, 106, 107, 109, 112, 114, 116, 117, 118, 119, 120, 121, 122, 123, 124, 125, 126, 127, 128, 129, 130, 134, 135, 136, 137, 138, 139, 140, 141, 142, 143, 146, 147, 150, 151, 152, 153, 154, 155, 156, 159, 160, 161, 162, 163, 164, 165, 168, 169, 170, 172, 173, 174, 175, 176, 177, 178, 179, 181, 182, 183, 184, 185, 186, 191, 192, 193, 194, 195, 197, 199, 200, 201, 202, 203, 204, 205, 206, 208, 209, 211, 212, 213, 215, 216, 217, 218, 219, 220, 221, 222, 223, 224, 225, 226, 227, 228, 229, 231, 232, 233, 234, 235, 236, 237, 238, 239, 240, 242, 243, 244, 245, 246, 247, 248, 249, 251, 252, 254, 256, 258, 259, 261, 262, 264, 267, 268, 269, 270, 271, 272, 273, 275, 276, 277, 278, 279, 280, 281, 282, 283, 284, 286, 287, 289, 291, 294, 295, 296]
Linhas de Teste [0, 17, 22, 23, 25, 26, 36, 39, 40, 46, 55, 57, 75, 81, 86, 104, 108, 110, 111, 113, 115, 131, 132, 133, 144, 145, 148, 149, 157, 158, 166, 167, 171, 180, 187, 188, 189, 190, 196, 198, 207, 210, 214, 230, 241, 250, 253, 255, 257, 260, 263, 265, 266, 274, 285, 288, 290, 292, 293]

Rodada 68 / 150  45.33 %
Parâmetros ('EV_CE', 'PRE_CE', 'WAI_CE', 'saz_sin', 'saz_cos')
R2 de Treino = 97.34
R2 de Teste = 96.77
Coeficientes (pesos): [ 50.61829973 -14.02705692  -0.79592966  -7.06966764 -10.46912452
  12.84962969   5.64073841 -17.48050631 -15.33644236  -9.70561908
   2.26902976  -3.43591431  -2.26398595   1.42724352  -3.58844581
  19.88821149   7.56497986  -4.16862717  10.12268732   2.26861982]
Interceptor (constante): 98.80758035884087


********* Melhor Resultado do Fold ************
Linhas de Treino [0, 1, 2, 3, 4, 5, 6, 7, 10, 11, 12, 13, 14, 15, 16, 17, 18, 19, 20, 22, 23, 24, 25, 26, 27, 28, 29, 30, 31, 32, 34, 36, 37, 39, 40, 41, 42, 44, 45, 46, 47, 48, 49, 50, 51, 52, 53, 55, 56, 57, 58, 59, 60, 61, 62, 63, 67, 68, 69, 71, 72, 74, 75, 76, 77, 78, 79, 81, 82, 84, 85, 86, 88, 89, 91, 92, 94, 95, 96, 97, 99, 101, 104, 105, 106, 107, 108, 109, 110, 111, 113, 114, 115, 117, 118, 119, 121, 122, 123, 124, 125, 126, 127, 129, 130, 131, 132, 133, 134, 135, 137, 138, 139, 140, 141, 142, 143, 144, 145, 146, 148, 149, 150, 151, 152, 153, 155, 156, 157, 158, 160, 161, 163, 165, 166, 167, 168, 171, 173, 174, 176, 177, 178, 179, 180, 182, 183, 184, 185, 186, 187, 188, 189, 190, 191, 192, 193, 195, 196, 197, 198, 200, 201, 202, 204, 206, 207, 208, 209, 210, 211, 213, 214, 215, 216, 218, 221, 222, 223, 224, 225, 226, 229, 230, 231, 232, 233, 234, 235, 238, 239, 240, 241, 243, 244, 245, 246, 247, 248, 249, 250, 251, 252, 253, 254, 255, 257, 258, 260, 263, 264, 265, 266, 267, 268, 270, 271, 272, 274, 275, 276, 277, 279, 280, 281, 282, 283, 284, 285, 287, 288, 290, 291, 292, 293, 294, 295, 296]
Linhas de Teste [8, 9, 21, 33, 35, 38, 43, 54, 64, 65, 66, 70, 73, 80, 83, 87, 90, 93, 98, 100, 102, 103, 112, 116, 120, 128, 136, 147, 154, 159, 162, 164, 169, 170, 172, 175, 181, 194, 199, 203, 205, 212, 217, 219, 220, 227, 228, 236, 237, 242, 256, 259, 261, 262, 269, 273, 278, 286, 289]

Rodada 69 / 150  46.0 %
Parâmetros ('EV_CE', 'PRE_CE', 'WAI_CE', 'saz_sin', 'saz_cos')
R2 de Treino = 97.14
R2 de Teste = 96.92
Coeficientes (pesos): [ 50.19362964 -13.50293851  -0.91814632  -7.16062409 -10.20316362
   8.22241897   3.09720078  -7.28769623  -9.99273788 -11.84511966
   0.71853899   0.88626334  -2.32900502   1.72525703  -9.07679899
  14.04880885   7.81306115  -3.99637233  10.20871965   3.92638734]
Interceptor (constante): 99.18904815578126


********* Melhor Resultado do Fold ************
Linhas de Treino [0, 1, 3, 4, 6, 8, 9, 11, 12, 13, 15, 17, 19, 20, 21, 22, 23, 24, 25, 26, 27, 29, 30, 31, 32, 33, 34, 35, 36, 37, 38, 39, 40, 41, 43, 44, 46, 48, 50, 51, 52, 54, 55, 56, 57, 59, 62, 63, 64, 65, 66, 68, 70, 71, 72, 73, 74, 75, 76, 78, 80, 81, 82, 83, 84, 86, 87, 90, 91, 93, 94, 96, 98, 99, 100, 101, 102, 103, 104, 108, 109, 110, 111, 112, 113, 115, 116, 117, 118, 119, 120, 122, 123, 125, 126, 127, 128, 129, 130, 131, 132, 133, 134, 135, 136, 137, 139, 141, 142, 143, 144, 145, 146, 147, 148, 149, 150, 151, 152, 154, 156, 157, 158, 159, 162, 163, 164, 165, 166, 167, 169, 170, 171, 172, 173, 174, 175, 176, 177, 178, 179, 180, 181, 182, 184, 185, 187, 188, 189, 190, 191, 192, 194, 195, 196, 197, 198, 199, 200, 202, 203, 204, 205, 206, 207, 210, 211, 212, 213, 214, 215, 216, 217, 218, 219, 220, 224, 226, 227, 228, 229, 230, 231, 232, 233, 235, 236, 237, 238, 240, 241, 242, 245, 246, 247, 248, 249, 250, 252, 253, 254, 255, 256, 257, 258, 259, 260, 261, 262, 263, 264, 265, 266, 267, 268, 269, 270, 271, 272, 273, 274, 278, 279, 280, 282, 283, 284, 285, 286, 287, 288, 289, 290, 291, 292, 293, 294, 296]
Linhas de Teste [2, 5, 7, 10, 14, 16, 18, 28, 42, 45, 47, 49, 53, 58, 60, 61, 67, 69, 77, 79, 85, 88, 89, 92, 95, 97, 105, 106, 107, 114, 121, 124, 138, 140, 153, 155, 160, 161, 168, 183, 186, 193, 201, 208, 209, 221, 222, 223, 225, 234, 239, 243, 244, 251, 275, 276, 277, 281, 295]

Rodada 70 / 150  46.67 %
Parâmetros ('EV_CE', 'PRE_CE', 'WAI_CE', 'saz_sin', 'saz_cos')
R2 de Treino = 97.27
R2 de Teste = 96.27
Coeficientes (pesos): [ 49.74470123 -12.00481606  -1.44966916  -5.94349353  -9.53272493
  11.52562565   5.49113883 -11.48160185 -12.0266121  -11.21977444
   0.31407897  -0.15409003  -3.68650613   2.69030787  -6.47742408
  14.91707965   5.75408593  -3.05946842  11.93562258   3.9182139 ]
Interceptor (constante): 98.05311831814107


********* Melhor Resultado do Fold ************
Linhas de Treino [1, 2, 3, 4, 5, 6, 7, 8, 9, 11, 12, 13, 14, 15, 16, 17, 18, 19, 21, 22, 23, 24, 25, 26, 27, 28, 31, 32, 33, 34, 35, 36, 37, 38, 39, 40, 41, 42, 44, 45, 46, 47, 48, 49, 50, 51, 52, 53, 55, 56, 57, 58, 59, 60, 61, 62, 64, 65, 66, 67, 68, 69, 70, 72, 73, 74, 77, 78, 79, 81, 82, 83, 84, 88, 91, 92, 94, 95, 96, 97, 99, 102, 104, 105, 107, 110, 111, 112, 113, 115, 117, 120, 121, 122, 123, 125, 127, 128, 129, 130, 131, 132, 133, 134, 135, 136, 137, 139, 140, 145, 146, 147, 148, 149, 150, 151, 152, 153, 154, 155, 156, 157, 159, 160, 161, 163, 164, 165, 166, 167, 168, 169, 170, 172, 173, 174, 175, 176, 178, 179, 180, 181, 182, 183, 184, 186, 187, 188, 189, 190, 191, 192, 193, 195, 196, 197, 199, 200, 201, 203, 204, 205, 206, 207, 208, 209, 211, 212, 213, 214, 215, 216, 217, 218, 219, 220, 221, 222, 223, 224, 225, 226, 228, 229, 230, 231, 232, 233, 235, 236, 237, 238, 239, 241, 243, 244, 246, 247, 248, 249, 250, 251, 253, 254, 255, 256, 257, 258, 259, 261, 262, 263, 266, 267, 268, 269, 270, 271, 272, 273, 274, 275, 276, 278, 279, 280, 282, 283, 284, 286, 288, 289, 290, 293, 294, 295, 296]
Linhas de Teste [0, 10, 20, 29, 30, 43, 54, 63, 71, 75, 76, 80, 85, 86, 87, 89, 90, 93, 98, 100, 101, 103, 106, 108, 109, 114, 116, 118, 119, 124, 126, 138, 141, 142, 143, 144, 158, 162, 171, 177, 185, 194, 198, 202, 210, 227, 234, 240, 242, 245, 252, 260, 264, 265, 277, 281, 285, 287, 291, 292]

Rodada 71 / 150  47.33 %
Parâmetros ('EV_CE', 'PRE_CE', 'WAI_CE', 'saz_sin', 'saz_cos')
R2 de Treino = 97.27
R2 de Teste = 96.97
Coeficientes (pesos): [ 50.16794851 -13.5345016   -0.67423053  -7.06879827  -9.51610752
   8.76184231   6.74049206 -11.9737103   -9.520595    -9.80590721
   1.24700616  -2.42958484  -3.21171439   1.75364146  -5.44898741
  14.43948916   6.65745511  -3.40800869  10.16387907   3.75455009]
Interceptor (constante): 97.10597085094597


********* Melhor Resultado do Fold ************
Linhas de Treino [0, 1, 4, 5, 6, 9, 10, 11, 12, 13, 16, 18, 19, 20, 21, 23, 24, 26, 27, 28, 29, 30, 31, 32, 33, 34, 38, 40, 42, 43, 44, 45, 46, 47, 48, 49, 52, 53, 54, 56, 57, 58, 61, 62, 63, 64, 65, 66, 67, 68, 69, 70, 71, 72, 73, 75, 76, 77, 78, 79, 80, 81, 82, 83, 84, 85, 86, 87, 88, 89, 90, 93, 94, 95, 96, 97, 98, 99, 100, 101, 103, 104, 105, 106, 107, 108, 109, 110, 111, 112, 113, 114, 115, 116, 117, 118, 119, 122, 123, 124, 125, 126, 127, 128, 130, 133, 134, 135, 136, 138, 139, 140, 141, 142, 143, 144, 145, 146, 147, 148, 149, 150, 153, 155, 156, 157, 158, 159, 161, 162, 163, 164, 165, 166, 167, 168, 169, 170, 171, 173, 175, 176, 177, 178, 180, 181, 182, 185, 186, 188, 189, 190, 191, 192, 193, 194, 195, 196, 197, 198, 199, 200, 201, 202, 203, 204, 205, 207, 208, 209, 210, 213, 214, 215, 217, 218, 219, 220, 221, 223, 225, 226, 227, 228, 230, 232, 233, 234, 235, 236, 238, 239, 240, 242, 243, 245, 246, 247, 248, 249, 251, 252, 253, 254, 255, 256, 258, 259, 260, 263, 264, 265, 266, 267, 269, 270, 271, 272, 273, 274, 275, 276, 277, 278, 279, 281, 282, 283, 284, 285, 287, 288, 290, 291, 292, 293, 296]
Linhas de Teste [2, 3, 7, 8, 14, 15, 17, 22, 25, 35, 36, 37, 39, 41, 50, 51, 55, 59, 60, 74, 91, 92, 102, 120, 121, 129, 131, 132, 137, 151, 152, 154, 160, 172, 174, 179, 183, 184, 187, 206, 211, 212, 216, 222, 224, 229, 231, 237, 241, 244, 250, 257, 261, 262, 268, 280, 286, 289, 294, 295]

Rodada 72 / 150  48.0 %
Parâmetros ('EV_CE', 'PRE_CE', 'WAI_CE', 'saz_sin', 'saz_cos')
R2 de Treino = 97.21
R2 de Teste = 96.9
Coeficientes (pesos): [ 4.91262990e+01 -1.41808155e+01 -4.34009259e-02 -6.49185660e+00
 -9.74405350e+00  1.28909024e+01  7.77291731e+00 -1.57160687e+01
 -1.62017094e+01 -1.32118587e+01  1.34456305e+00 -3.04158470e+00
 -3.78151431e+00  1.34727236e+00 -5.09630547e+00  1.96168264e+01
  9.11767680e+00 -3.31397048e+00  1.13907875e+01  3.11141609e+00]
Interceptor (constante): 100.22149307446884


********* Melhor Resultado do Fold ************
Linhas de Treino [0, 1, 2, 3, 4, 5, 6, 7, 8, 9, 10, 11, 12, 13, 14, 15, 16, 17, 18, 19, 20, 21, 22, 23, 25, 28, 29, 30, 32, 34, 35, 36, 37, 38, 39, 40, 41, 42, 43, 46, 49, 50, 51, 52, 53, 54, 55, 56, 57, 58, 59, 60, 61, 62, 63, 65, 68, 70, 71, 73, 74, 75, 76, 77, 78, 79, 80, 81, 82, 83, 85, 86, 87, 88, 89, 90, 91, 92, 93, 94, 96, 97, 98, 100, 101, 102, 103, 104, 106, 107, 108, 109, 111, 112, 113, 114, 116, 117, 118, 119, 120, 121, 122, 123, 124, 125, 126, 127, 129, 130, 131, 132, 134, 135, 137, 138, 139, 140, 141, 142, 143, 144, 146, 147, 150, 151, 152, 153, 154, 155, 156, 158, 160, 161, 162, 165, 166, 167, 168, 170, 171, 172, 174, 176, 177, 178, 179, 181, 182, 183, 184, 185, 187, 188, 192, 193, 194, 195, 196, 198, 201, 202, 203, 204, 205, 206, 208, 209, 210, 211, 212, 213, 214, 215, 216, 217, 218, 219, 220, 221, 222, 223, 224, 225, 226, 227, 228, 229, 231, 232, 234, 235, 237, 238, 239, 240, 241, 242, 244, 245, 246, 248, 250, 251, 252, 254, 255, 257, 258, 259, 260, 261, 262, 264, 265, 267, 268, 269, 274, 275, 277, 278, 279, 280, 281, 282, 283, 284, 285, 286, 287, 288, 289, 291, 292, 294, 295, 296]
Linhas de Teste [24, 26, 27, 31, 33, 44, 45, 47, 48, 64, 66, 67, 69, 72, 84, 95, 99, 105, 110, 115, 128, 133, 136, 145, 148, 149, 157, 159, 163, 164, 169, 173, 175, 180, 186, 189, 190, 191, 197, 199, 200, 207, 230, 233, 236, 243, 247, 249, 253, 256, 263, 266, 270, 271, 272, 273, 276, 290, 293]

Rodada 73 / 150  48.67 %
Parâmetros ('EV_CE', 'PRE_CE', 'WAI_CE', 'saz_sin', 'saz_cos')
R2 de Treino = 97.38
R2 de Teste = 96.17
Coeficientes (pesos): [ 50.58103153 -12.28944553  -1.29625115  -7.13518395 -10.52901995
   9.38650284   4.34606979 -10.8000987  -10.11924459  -8.05667906
   1.59417228  -1.19932414  -2.77878413   1.32831868  -7.0097435
  15.49918917   5.45112526  -4.13001433  10.13899801   4.1024919 ]
Interceptor (constante): 99.01581415125457


********* Melhor Resultado do Fold ************
Linhas de Treino [0, 1, 2, 3, 4, 6, 7, 8, 10, 11, 12, 14, 15, 17, 18, 20, 21, 22, 24, 25, 26, 27, 29, 30, 31, 32, 33, 35, 36, 37, 39, 41, 42, 43, 44, 45, 46, 47, 48, 49, 50, 51, 52, 54, 55, 56, 58, 59, 60, 61, 63, 64, 66, 67, 68, 69, 71, 72, 74, 75, 76, 77, 79, 80, 82, 83, 84, 85, 86, 87, 88, 89, 90, 91, 92, 93, 94, 95, 96, 98, 99, 100, 101, 102, 103, 105, 106, 108, 109, 110, 111, 112, 113, 114, 115, 116, 117, 118, 119, 120, 121, 122, 123, 124, 125, 126, 128, 129, 131, 132, 133, 136, 137, 138, 139, 140, 141, 142, 143, 144, 145, 146, 147, 148, 149, 150, 151, 152, 154, 157, 158, 159, 160, 161, 162, 163, 164, 166, 167, 169, 171, 172, 173, 174, 175, 177, 178, 179, 180, 181, 183, 184, 185, 186, 187, 188, 189, 190, 191, 192, 193, 194, 195, 196, 197, 198, 199, 200, 202, 203, 205, 206, 207, 209, 210, 211, 212, 213, 215, 216, 221, 222, 224, 227, 229, 230, 231, 232, 233, 234, 236, 237, 239, 240, 241, 242, 243, 244, 245, 246, 247, 249, 250, 252, 253, 255, 256, 257, 260, 261, 262, 263, 264, 265, 266, 268, 269, 270, 271, 272, 273, 276, 277, 280, 281, 282, 285, 286, 287, 288, 289, 290, 291, 292, 293, 294, 295, 296]
Linhas de Teste [5, 9, 13, 16, 19, 23, 28, 34, 38, 40, 53, 57, 62, 65, 70, 73, 78, 81, 97, 104, 107, 127, 130, 134, 135, 153, 155, 156, 165, 168, 170, 176, 182, 201, 204, 208, 214, 217, 218, 219, 220, 223, 225, 226, 228, 235, 238, 248, 251, 254, 258, 259, 267, 274, 275, 278, 279, 283, 284]

Rodada 74 / 150  49.33 %
Parâmetros ('EV_CE', 'PRE_CE', 'WAI_CE', 'saz_sin', 'saz_cos')
R2 de Treino = 97.03
R2 de Teste = 97.46
Coeficientes (pesos): [ 50.05525391 -12.81701909  -2.71715877  -6.58253646 -10.34212363
  11.80116243   4.06567318 -16.17493136  -8.58386817 -10.30660854
   0.40958554   0.63167319  -2.80674035   2.39629391  -3.2886528
  13.32788943   6.01724273  -4.63537006  10.21534227   3.58741093]
Interceptor (constante): 99.30161204657628


********* Melhor Resultado do Fold ************
Linhas de Treino [0, 2, 3, 5, 7, 8, 9, 10, 13, 14, 15, 16, 17, 19, 20, 22, 23, 24, 25, 26, 27, 28, 29, 30, 31, 33, 34, 35, 36, 37, 38, 39, 40, 41, 43, 44, 45, 47, 48, 50, 51, 53, 54, 55, 57, 59, 60, 62, 63, 64, 65, 66, 67, 69, 70, 71, 72, 73, 74, 75, 76, 78, 80, 81, 84, 85, 86, 87, 89, 90, 91, 92, 93, 95, 97, 98, 99, 100, 101, 102, 103, 104, 105, 106, 107, 108, 109, 110, 114, 115, 116, 118, 119, 120, 121, 124, 126, 127, 128, 129, 130, 131, 132, 133, 134, 135, 136, 137, 138, 141, 142, 143, 144, 145, 148, 149, 151, 152, 153, 154, 155, 156, 157, 158, 159, 160, 162, 163, 164, 165, 168, 169, 170, 171, 172, 173, 174, 175, 176, 177, 179, 180, 182, 183, 184, 185, 186, 187, 189, 190, 191, 194, 197, 198, 199, 200, 201, 202, 204, 206, 207, 208, 210, 211, 212, 214, 216, 217, 218, 219, 220, 222, 223, 224, 225, 226, 227, 228, 229, 230, 231, 233, 234, 235, 236, 237, 238, 240, 241, 242, 243, 244, 245, 247, 248, 249, 250, 251, 252, 253, 254, 256, 257, 258, 259, 260, 261, 262, 263, 264, 265, 266, 267, 268, 270, 271, 272, 273, 274, 275, 276, 277, 278, 279, 280, 281, 283, 284, 285, 286, 287, 289, 290, 291, 292, 293, 294, 295]
Linhas de Teste [1, 4, 6, 11, 12, 18, 21, 32, 42, 46, 49, 52, 56, 58, 61, 68, 77, 79, 82, 83, 88, 94, 96, 111, 112, 113, 117, 122, 123, 125, 139, 140, 146, 147, 150, 161, 166, 167, 178, 181, 188, 192, 193, 195, 196, 203, 205, 209, 213, 215, 221, 232, 239, 246, 255, 269, 282, 288, 296]

Rodada 75 / 150  50.0 %
Parâmetros ('EV_CE', 'PRE_CE', 'WAI_CE', 'saz_sin', 'saz_cos')
R2 de Treino = 97.33
R2 de Teste = 96.31
Coeficientes (pesos): [ 50.42952607 -12.9614487   -1.60154775  -7.02442286 -10.02756556
   8.03907413   6.53115242 -11.4904094  -10.44527096  -7.54893765
   1.59381991  -3.22610423  -3.31461216   1.2968821   -4.16643347
  14.37108952   4.95509749  -2.98876931  10.28662462   3.24996954]
Interceptor (constante): 98.51798525847789


********* Melhor Resultado do Fold ************
Linhas de Treino [1, 2, 5, 6, 7, 8, 9, 10, 11, 12, 14, 15, 16, 17, 18, 19, 20, 21, 24, 25, 27, 28, 29, 30, 31, 32, 34, 35, 38, 39, 41, 43, 44, 45, 46, 47, 48, 49, 50, 52, 53, 54, 55, 56, 57, 58, 59, 60, 61, 63, 64, 65, 66, 68, 70, 71, 72, 73, 74, 75, 76, 78, 79, 80, 81, 82, 84, 85, 86, 87, 88, 90, 91, 92, 93, 95, 96, 97, 98, 99, 100, 102, 103, 105, 106, 107, 108, 109, 110, 111, 112, 113, 114, 115, 116, 117, 118, 119, 121, 122, 123, 124, 125, 126, 127, 128, 129, 130, 131, 133, 135, 136, 137, 138, 139, 140, 141, 142, 143, 145, 146, 147, 149, 150, 151, 152, 153, 154, 155, 156, 158, 159, 161, 162, 163, 164, 165, 166, 167, 168, 169, 170, 172, 174, 175, 176, 177, 178, 179, 180, 181, 182, 183, 185, 186, 188, 189, 190, 192, 193, 194, 196, 197, 198, 200, 201, 202, 203, 204, 205, 206, 207, 208, 209, 210, 211, 212, 213, 215, 216, 218, 219, 221, 222, 224, 225, 227, 229, 231, 232, 233, 234, 235, 236, 238, 239, 240, 242, 243, 244, 245, 246, 249, 250, 253, 254, 255, 256, 257, 258, 259, 260, 262, 263, 266, 269, 270, 271, 272, 274, 275, 276, 277, 278, 279, 280, 281, 282, 283, 284, 285, 287, 288, 289, 290, 292, 294]
Linhas de Teste [0, 3, 4, 13, 22, 23, 26, 33, 36, 37, 40, 42, 51, 62, 67, 69, 77, 83, 89, 94, 101, 104, 120, 132, 134, 144, 148, 157, 160, 171, 173, 184, 187, 191, 195, 199, 214, 217, 220, 223, 226, 228, 230, 237, 241, 247, 248, 251, 252, 261, 264, 265, 267, 268, 273, 286, 291, 293, 295, 296]

Rodada 76 / 150  50.67 %
Parâmetros ('EV_CE', 'PRE_CE', 'WAI_CE', 'saz_sin', 'saz_cos')
R2 de Treino = 97.12
R2 de Teste = 97.15
Coeficientes (pesos): [ 50.23514002 -13.11400205  -0.35286098  -7.15424216 -10.50400337
  12.60002047   6.19886788 -19.11285917 -10.6625762  -10.04085061
   1.01151066  -2.96332336  -2.29344482   1.8999721   -1.58071613
  14.37565736   7.33972179  -3.63237184   9.12096416   2.6074802 ]
Interceptor (constante): 99.44594859501935


********* Melhor Resultado do Fold ************
Linhas de Treino [0, 1, 2, 3, 4, 5, 6, 8, 10, 12, 13, 14, 16, 17, 18, 19, 21, 22, 23, 24, 25, 26, 27, 28, 29, 30, 31, 32, 33, 34, 35, 36, 37, 38, 39, 40, 42, 44, 45, 46, 47, 48, 51, 52, 53, 54, 55, 56, 57, 58, 59, 60, 61, 62, 63, 64, 65, 66, 67, 68, 69, 70, 71, 72, 73, 74, 75, 76, 77, 78, 79, 81, 82, 83, 84, 85, 86, 87, 89, 90, 91, 92, 93, 94, 95, 96, 97, 101, 102, 103, 104, 106, 107, 108, 109, 111, 114, 115, 116, 117, 119, 120, 121, 122, 123, 125, 126, 127, 128, 130, 131, 132, 133, 134, 135, 136, 137, 138, 140, 142, 143, 144, 145, 146, 148, 149, 150, 151, 152, 153, 155, 156, 157, 159, 160, 161, 162, 163, 164, 165, 166, 167, 168, 170, 171, 172, 173, 174, 175, 176, 177, 184, 187, 189, 190, 191, 192, 193, 194, 195, 197, 199, 200, 201, 202, 204, 205, 206, 207, 208, 209, 211, 212, 213, 214, 215, 217, 218, 220, 223, 224, 225, 226, 228, 229, 230, 231, 232, 233, 234, 235, 236, 237, 238, 239, 241, 242, 243, 245, 246, 247, 248, 251, 252, 254, 255, 258, 259, 260, 261, 262, 264, 265, 266, 267, 268, 269, 270, 271, 273, 274, 275, 279, 281, 282, 283, 284, 285, 286, 288, 289, 291, 292, 293, 294, 295, 296]
Linhas de Teste [7, 9, 11, 15, 20, 41, 43, 49, 50, 80, 88, 98, 99, 100, 105, 110, 112, 113, 118, 124, 129, 139, 141, 147, 154, 158, 169, 178, 179, 180, 181, 182, 183, 185, 186, 188, 196, 198, 203, 210, 216, 219, 221, 222, 227, 240, 244, 249, 250, 253, 256, 257, 263, 272, 276, 277, 278, 280, 287, 290]

Rodada 77 / 150  51.33 %
Parâmetros ('EV_CE', 'PRE_CE', 'WAI_CE', 'saz_sin', 'saz_cos')
R2 de Treino = 97.49
R2 de Teste = 95.52
Coeficientes (pesos): [ 53.67390862 -14.84355516  -2.63456887  -6.92958332  -9.74697369
   8.75058317   8.56797927  -9.55010361 -12.3581203  -14.01230778
   2.60540074  -4.63461599  -2.91544985   0.31122138  -8.18689364
  17.21665264  10.88193504  -4.43443161  10.07682006   3.95088171]
Interceptor (constante): 98.78245871467433


********* Melhor Resultado do Fold ************
Linhas de Treino [0, 3, 4, 5, 6, 7, 9, 10, 11, 12, 13, 15, 16, 17, 18, 20, 22, 23, 24, 25, 26, 27, 28, 31, 32, 33, 34, 35, 36, 37, 38, 40, 41, 42, 43, 44, 45, 46, 47, 48, 49, 50, 51, 52, 53, 54, 57, 60, 61, 62, 63, 67, 68, 69, 70, 71, 72, 73, 75, 77, 80, 83, 84, 86, 87, 88, 89, 92, 93, 94, 96, 97, 98, 99, 100, 101, 102, 103, 104, 105, 106, 107, 108, 109, 110, 111, 112, 113, 114, 116, 117, 118, 120, 121, 123, 124, 125, 126, 127, 128, 129, 130, 132, 133, 134, 136, 137, 139, 140, 141, 142, 143, 144, 146, 147, 148, 149, 151, 154, 155, 156, 157, 158, 159, 160, 161, 163, 164, 166, 167, 169, 170, 171, 173, 174, 175, 176, 177, 178, 179, 180, 181, 182, 183, 184, 185, 186, 187, 188, 189, 190, 191, 192, 194, 195, 196, 198, 199, 200, 201, 202, 203, 204, 205, 206, 207, 208, 210, 212, 213, 214, 216, 217, 219, 220, 221, 222, 223, 224, 225, 226, 227, 228, 229, 230, 231, 233, 234, 237, 238, 239, 240, 241, 244, 245, 246, 247, 248, 249, 250, 251, 252, 253, 254, 256, 257, 259, 260, 261, 262, 263, 264, 265, 267, 268, 270, 272, 273, 274, 275, 276, 277, 278, 280, 281, 282, 283, 284, 285, 286, 287, 289, 290, 291, 292, 293, 295, 296]
Linhas de Teste [1, 2, 8, 14, 19, 21, 29, 30, 39, 55, 56, 58, 59, 64, 65, 66, 74, 76, 78, 79, 81, 82, 85, 90, 91, 95, 115, 119, 122, 131, 135, 138, 145, 150, 152, 153, 162, 165, 168, 172, 193, 197, 209, 211, 215, 218, 232, 235, 236, 242, 243, 255, 258, 266, 269, 271, 279, 288, 294]

Rodada 78 / 150  52.0 %
Parâmetros ('EV_CE', 'PRE_CE', 'WAI_CE', 'saz_sin', 'saz_cos')
R2 de Treino = 97.3
R2 de Teste = 96.95
Coeficientes (pesos): [ 52.173307   -12.76458692  -3.76708027  -6.49802694  -9.95579364
   8.90651217   6.21697094 -12.95925978 -11.72799258  -9.39785585
   1.14666249  -1.7601273   -3.60007118   1.85065932  -3.95657645
  16.14406598   5.91216226  -2.83257255  11.17429295   3.99015112]
Interceptor (constante): 97.95597153591368


********* Melhor Resultado do Fold ************
Linhas de Treino [0, 1, 2, 3, 4, 5, 7, 8, 9, 10, 11, 13, 14, 15, 17, 19, 20, 21, 22, 23, 26, 27, 29, 30, 31, 33, 34, 35, 36, 37, 38, 39, 40, 41, 42, 43, 44, 45, 46, 49, 50, 51, 54, 55, 56, 58, 59, 62, 64, 65, 66, 67, 69, 74, 75, 76, 77, 78, 79, 80, 81, 82, 83, 84, 85, 86, 88, 89, 90, 91, 93, 94, 95, 96, 98, 99, 100, 101, 103, 104, 105, 107, 108, 109, 110, 111, 112, 113, 114, 115, 117, 118, 119, 120, 121, 122, 124, 125, 126, 129, 131, 132, 133, 134, 135, 136, 137, 138, 139, 140, 141, 142, 144, 145, 146, 147, 148, 149, 150, 151, 152, 153, 154, 155, 157, 158, 159, 160, 161, 162, 163, 164, 165, 166, 168, 169, 171, 172, 173, 176, 178, 179, 180, 181, 182, 183, 184, 185, 186, 187, 188, 191, 193, 195, 196, 197, 198, 199, 200, 203, 205, 208, 209, 210, 211, 212, 213, 214, 215, 216, 217, 218, 219, 220, 221, 222, 223, 226, 227, 228, 230, 232, 233, 234, 235, 236, 237, 238, 240, 241, 242, 243, 244, 245, 246, 247, 248, 249, 250, 251, 252, 253, 255, 256, 257, 258, 260, 261, 262, 263, 264, 265, 266, 267, 268, 269, 270, 271, 272, 273, 276, 277, 278, 279, 280, 281, 282, 283, 284, 286, 287, 288, 290, 291, 293, 294, 295, 296]
Linhas de Teste [6, 12, 16, 18, 24, 25, 28, 32, 47, 48, 52, 53, 57, 60, 61, 63, 68, 70, 71, 72, 73, 87, 92, 97, 102, 106, 116, 123, 127, 128, 130, 143, 156, 167, 170, 174, 175, 177, 189, 190, 192, 194, 201, 202, 204, 206, 207, 224, 225, 229, 231, 239, 254, 259, 274, 275, 285, 289, 292]

Rodada 79 / 150  52.67 %
Parâmetros ('EV_CE', 'PRE_CE', 'WAI_CE', 'saz_sin', 'saz_cos')
R2 de Treino = 97.23
R2 de Teste = 96.81
Coeficientes (pesos): [ 49.73808449 -12.85939787  -2.01326966  -6.94365486 -10.76949817
   9.29206512   4.28344372  -7.58304078 -12.62506631 -11.06509542
  -0.07930749   2.17082182  -4.47472953   2.82779542  -8.68912475
  15.76433981   4.38047216  -4.76914367  13.37118526   2.95024098]
Interceptor (constante): 100.65774109689086


********* Melhor Resultado do Fold ************
Linhas de Treino [0, 1, 2, 3, 4, 6, 7, 8, 9, 11, 12, 13, 14, 15, 16, 18, 19, 20, 21, 22, 23, 24, 25, 26, 28, 29, 30, 32, 33, 36, 37, 39, 40, 41, 42, 43, 47, 48, 49, 50, 51, 52, 53, 55, 56, 57, 58, 59, 60, 61, 62, 63, 64, 65, 66, 67, 68, 69, 70, 71, 72, 73, 74, 76, 77, 78, 79, 80, 81, 82, 83, 85, 87, 88, 89, 90, 91, 92, 94, 95, 97, 98, 99, 100, 101, 102, 104, 105, 106, 110, 112, 113, 115, 116, 118, 119, 120, 122, 123, 124, 127, 128, 129, 130, 131, 132, 134, 135, 138, 139, 141, 143, 144, 145, 147, 148, 150, 152, 153, 154, 156, 157, 158, 160, 162, 165, 167, 168, 169, 170, 171, 172, 173, 174, 175, 177, 178, 179, 180, 181, 182, 183, 184, 185, 186, 187, 188, 189, 190, 191, 192, 193, 194, 195, 196, 197, 198, 199, 201, 202, 203, 204, 206, 207, 209, 210, 211, 214, 215, 216, 217, 218, 219, 220, 221, 222, 223, 224, 225, 226, 227, 228, 229, 230, 231, 232, 235, 236, 237, 239, 240, 241, 242, 243, 244, 247, 248, 249, 250, 251, 252, 253, 254, 255, 256, 257, 258, 259, 261, 263, 264, 265, 266, 267, 268, 269, 271, 272, 273, 274, 275, 276, 277, 278, 279, 280, 285, 286, 287, 288, 289, 290, 291, 292, 293, 294, 295, 296]
Linhas de Teste [5, 10, 17, 27, 31, 34, 35, 38, 44, 45, 46, 54, 75, 84, 86, 93, 96, 103, 107, 108, 109, 111, 114, 117, 121, 125, 126, 133, 136, 137, 140, 142, 146, 149, 151, 155, 159, 161, 163, 164, 166, 176, 200, 205, 208, 212, 213, 233, 234, 238, 245, 246, 260, 262, 270, 281, 282, 283, 284]

Rodada 80 / 150  53.33 %
Parâmetros ('EV_CE', 'PRE_CE', 'WAI_CE', 'saz_sin', 'saz_cos')
R2 de Treino = 97.19
R2 de Teste = 96.9
Coeficientes (pesos): [ 45.72483511 -12.56885115   1.6448868   -6.6387151   -8.79698828
   9.63864459   5.42285562 -13.05304168  -8.34171811  -5.84099583
   1.4128903   -2.59794393  -3.08686179   1.23937519  -5.10465042
  14.58490417   4.60210806  -2.96154101   8.84854599   4.30902406]
Interceptor (constante): 97.89082199851322


********* Melhor Resultado do Fold ************
Linhas de Treino [1, 2, 3, 6, 7, 8, 9, 10, 11, 12, 13, 14, 16, 17, 18, 19, 20, 21, 22, 23, 24, 25, 26, 27, 28, 30, 31, 33, 35, 36, 37, 38, 39, 41, 42, 43, 44, 45, 47, 48, 49, 50, 51, 52, 54, 55, 56, 57, 58, 59, 60, 61, 62, 63, 64, 65, 66, 67, 68, 70, 71, 72, 73, 74, 76, 79, 81, 82, 83, 84, 85, 86, 87, 88, 89, 90, 92, 93, 94, 95, 97, 100, 101, 103, 106, 107, 109, 110, 111, 112, 113, 114, 115, 116, 117, 118, 119, 120, 122, 123, 124, 125, 126, 127, 128, 130, 131, 132, 137, 138, 139, 140, 141, 142, 143, 144, 145, 147, 148, 149, 150, 151, 152, 153, 154, 155, 156, 157, 159, 160, 162, 163, 165, 166, 167, 168, 169, 170, 171, 173, 174, 175, 176, 177, 178, 179, 181, 182, 183, 184, 185, 186, 187, 188, 190, 191, 192, 193, 194, 195, 196, 197, 198, 199, 201, 202, 203, 204, 205, 206, 207, 208, 209, 210, 211, 212, 213, 214, 215, 217, 218, 219, 220, 221, 222, 223, 225, 227, 228, 229, 230, 231, 232, 233, 234, 235, 236, 238, 241, 242, 243, 244, 245, 246, 247, 248, 249, 251, 252, 255, 256, 257, 258, 259, 260, 261, 266, 267, 268, 271, 272, 273, 275, 276, 278, 279, 280, 281, 283, 284, 285, 286, 287, 291, 294, 295, 296]
Linhas de Teste [0, 4, 5, 15, 29, 32, 34, 40, 46, 53, 69, 75, 77, 78, 80, 91, 96, 98, 99, 102, 104, 105, 108, 121, 129, 133, 134, 135, 136, 146, 158, 161, 164, 172, 180, 189, 200, 216, 224, 226, 237, 239, 240, 250, 253, 254, 262, 263, 264, 265, 269, 270, 274, 277, 282, 288, 289, 290, 292, 293]

Rodada 81 / 150  54.0 %
Parâmetros ('EV_CE', 'PRE_CE', 'WAI_CE', 'saz_sin', 'saz_cos')
R2 de Treino = 97.32
R2 de Teste = 96.37
Coeficientes (pesos): [ 51.45149122 -12.98139369  -0.95695245  -7.88349619 -10.65093075
  10.39105225   6.30666932 -12.87913106 -13.47621017 -10.23672794
   2.48626457  -5.15190857  -2.17254467   0.40424236  -5.78928619
  18.51833157   8.58630461  -4.38101602  10.0136095    3.49728557]
Interceptor (constante): 98.94167859342171


********* Melhor Resultado do Fold ************
Linhas de Treino [0, 2, 3, 4, 5, 6, 7, 10, 11, 12, 13, 14, 15, 16, 18, 19, 20, 22, 24, 25, 26, 27, 28, 29, 31, 32, 33, 34, 35, 36, 37, 39, 40, 41, 42, 44, 46, 47, 49, 50, 51, 52, 53, 54, 55, 56, 57, 58, 60, 61, 63, 64, 65, 67, 69, 70, 71, 72, 73, 74, 75, 77, 78, 80, 82, 83, 85, 86, 87, 88, 89, 90, 91, 92, 93, 94, 96, 97, 98, 99, 101, 102, 103, 104, 105, 107, 108, 109, 111, 112, 113, 115, 116, 117, 118, 119, 120, 121, 123, 124, 125, 126, 127, 129, 130, 131, 132, 133, 134, 135, 136, 137, 138, 139, 141, 142, 143, 145, 146, 147, 148, 149, 150, 152, 154, 155, 156, 157, 158, 160, 161, 162, 164, 165, 166, 167, 168, 169, 170, 171, 172, 173, 174, 175, 176, 177, 180, 181, 182, 183, 185, 186, 187, 188, 189, 190, 191, 192, 193, 194, 195, 196, 197, 200, 201, 202, 203, 206, 207, 209, 210, 211, 213, 214, 216, 217, 218, 219, 221, 222, 224, 225, 226, 227, 228, 230, 231, 233, 234, 236, 237, 238, 239, 240, 241, 243, 245, 247, 248, 250, 251, 252, 253, 254, 255, 256, 257, 258, 261, 262, 263, 264, 265, 266, 267, 268, 269, 270, 272, 273, 274, 275, 277, 278, 280, 282, 284, 285, 286, 287, 288, 289, 290, 292, 293, 295, 296]
Linhas de Teste [1, 8, 9, 17, 21, 23, 30, 38, 43, 45, 48, 59, 62, 66, 68, 76, 79, 81, 84, 95, 100, 106, 110, 114, 122, 128, 140, 144, 151, 153, 159, 163, 178, 179, 184, 198, 199, 204, 205, 208, 212, 215, 220, 223, 229, 232, 235, 242, 244, 246, 249, 259, 260, 271, 276, 279, 281, 283, 291, 294]

Rodada 82 / 150  54.67 %
Parâmetros ('EV_CE', 'PRE_CE', 'WAI_CE', 'saz_sin', 'saz_cos')
R2 de Treino = 97.27
R2 de Teste = 96.55
Coeficientes (pesos): [ 50.66381402 -13.72547261  -3.11217175  -6.20870284  -9.09148821
   5.27204062   5.54243794  -9.2920366   -6.07038905  -6.5738617
   1.17019763  -1.72740901  -2.55333176   2.51398289  -3.96670006
  11.20917066   4.22913544  -3.16348762   8.883088     3.89798897]
Interceptor (constante): 98.77475892374196


********* Melhor Resultado do Fold ************
Linhas de Treino [0, 1, 2, 3, 4, 5, 8, 9, 11, 12, 13, 15, 17, 18, 19, 20, 21, 23, 24, 26, 27, 28, 29, 30, 31, 32, 34, 35, 36, 37, 38, 39, 40, 42, 43, 45, 46, 47, 48, 49, 50, 53, 54, 58, 59, 60, 62, 63, 64, 65, 66, 67, 68, 69, 70, 73, 74, 75, 76, 77, 78, 79, 80, 81, 82, 84, 85, 86, 88, 89, 90, 91, 92, 93, 95, 96, 98, 99, 100, 102, 103, 104, 105, 106, 108, 109, 110, 111, 112, 113, 114, 117, 118, 119, 121, 122, 124, 128, 129, 130, 131, 132, 133, 134, 135, 136, 137, 138, 139, 140, 141, 142, 144, 145, 146, 147, 148, 149, 151, 152, 153, 154, 155, 158, 159, 160, 161, 162, 163, 164, 165, 168, 169, 170, 171, 172, 173, 174, 175, 176, 177, 178, 179, 180, 181, 182, 183, 184, 186, 187, 188, 189, 190, 192, 196, 198, 199, 200, 201, 202, 203, 204, 205, 206, 207, 208, 209, 210, 211, 212, 214, 215, 216, 217, 220, 221, 223, 224, 226, 229, 231, 232, 234, 235, 237, 238, 239, 240, 241, 242, 244, 245, 246, 248, 249, 250, 251, 252, 253, 254, 255, 258, 259, 260, 261, 262, 263, 264, 265, 267, 268, 269, 270, 271, 272, 274, 275, 276, 277, 278, 279, 280, 281, 282, 283, 284, 285, 286, 287, 288, 289, 290, 291, 292, 293, 294, 295, 296]
Linhas de Teste [6, 7, 10, 14, 16, 22, 25, 33, 41, 44, 51, 52, 55, 56, 57, 61, 71, 72, 83, 87, 94, 97, 101, 107, 115, 116, 120, 123, 125, 126, 127, 143, 150, 156, 157, 166, 167, 185, 191, 193, 194, 195, 197, 213, 218, 219, 222, 225, 227, 228, 230, 233, 236, 243, 247, 256, 257, 266, 273]

Rodada 83 / 150  55.33 %
Parâmetros ('EV_CE', 'PRE_CE', 'WAI_CE', 'saz_sin', 'saz_cos')
R2 de Treino = 97.27
R2 de Teste = 96.99
Coeficientes (pesos): [ 49.75238879 -12.67666151  -0.42215992  -7.18394529 -10.65138852
  11.14127864   5.0764225  -13.31463275 -11.68618976  -8.62810799
   0.99086785  -0.6706992   -3.44634609   1.63095793  -5.72122654
  15.38294605   4.95165037  -3.4151503   10.98112006   3.15520351]
Interceptor (constante): 98.77814142363528


********* Melhor Resultado do Fold ************
Linhas de Treino [0, 1, 2, 4, 5, 6, 7, 8, 9, 10, 11, 13, 14, 15, 16, 17, 18, 21, 22, 23, 24, 25, 26, 27, 28, 29, 30, 32, 33, 34, 37, 38, 40, 41, 43, 44, 45, 46, 47, 48, 49, 50, 51, 52, 53, 55, 56, 57, 58, 59, 60, 61, 62, 66, 67, 68, 69, 71, 72, 73, 75, 76, 77, 78, 79, 80, 81, 83, 84, 85, 87, 90, 91, 94, 95, 96, 97, 98, 99, 100, 101, 102, 104, 105, 106, 107, 108, 109, 110, 112, 113, 114, 115, 116, 120, 121, 122, 123, 124, 125, 126, 127, 128, 129, 131, 132, 133, 134, 135, 136, 137, 138, 139, 140, 142, 143, 144, 146, 148, 150, 151, 152, 153, 156, 157, 158, 159, 161, 162, 163, 164, 165, 166, 167, 169, 170, 172, 175, 178, 179, 180, 181, 182, 184, 185, 186, 189, 190, 191, 193, 194, 195, 196, 197, 198, 199, 200, 202, 204, 205, 206, 207, 208, 210, 211, 212, 213, 215, 216, 218, 219, 220, 222, 223, 224, 225, 226, 227, 228, 229, 230, 232, 233, 234, 235, 236, 237, 239, 240, 242, 243, 244, 245, 246, 247, 249, 250, 252, 253, 254, 255, 256, 257, 259, 260, 261, 262, 263, 264, 265, 266, 267, 268, 269, 270, 271, 272, 273, 274, 275, 276, 277, 278, 279, 280, 281, 282, 283, 286, 287, 288, 289, 290, 291, 292, 293, 294, 295]
Linhas de Teste [3, 12, 19, 20, 31, 35, 36, 39, 42, 54, 63, 64, 65, 70, 74, 82, 86, 88, 89, 92, 93, 103, 111, 117, 118, 119, 130, 141, 145, 147, 149, 154, 155, 160, 168, 171, 173, 174, 176, 177, 183, 187, 188, 192, 201, 203, 209, 214, 217, 221, 231, 238, 241, 248, 251, 258, 284, 285, 296]

Rodada 84 / 150  56.0 %
Parâmetros ('EV_CE', 'PRE_CE', 'WAI_CE', 'saz_sin', 'saz_cos')
R2 de Treino = 96.76
R2 de Teste = 97.2
Coeficientes (pesos): [ 44.81944852 -13.58569317   2.68466183  -6.49418821  -8.75914812
  10.25004901   5.88179517 -11.20326886  -9.34911776  -9.85860171
   0.94323706  -1.15449412  -3.35782568   1.71570601  -6.45900065
  13.78778299   5.97104264  -3.20175765  10.2353959    3.47342389]
Interceptor (constante): 98.88570416472312


********* Melhor Resultado do Fold ************
Linhas de Treino [0, 1, 3, 4, 5, 6, 7, 8, 9, 10, 12, 14, 15, 16, 17, 19, 20, 21, 22, 23, 25, 29, 30, 31, 32, 33, 34, 35, 36, 38, 39, 40, 41, 42, 43, 44, 45, 46, 48, 51, 52, 53, 54, 55, 56, 57, 59, 61, 62, 63, 64, 65, 66, 68, 69, 70, 71, 72, 74, 75, 76, 77, 78, 79, 80, 81, 82, 83, 84, 86, 87, 88, 89, 91, 92, 93, 94, 95, 96, 97, 98, 99, 100, 101, 102, 103, 104, 105, 106, 107, 108, 110, 111, 114, 115, 116, 117, 118, 119, 120, 121, 122, 123, 125, 126, 127, 128, 129, 130, 133, 134, 135, 136, 140, 141, 143, 144, 145, 146, 147, 149, 150, 151, 153, 154, 155, 156, 157, 158, 159, 160, 161, 163, 164, 166, 167, 168, 171, 172, 173, 174, 176, 177, 178, 179, 180, 183, 184, 185, 187, 188, 189, 191, 192, 193, 194, 195, 197, 198, 199, 200, 201, 203, 204, 205, 208, 209, 212, 213, 214, 215, 216, 217, 218, 219, 220, 221, 222, 223, 224, 225, 226, 227, 228, 229, 230, 231, 232, 233, 235, 236, 237, 238, 239, 240, 241, 242, 243, 244, 246, 247, 248, 249, 250, 251, 253, 254, 256, 257, 258, 259, 260, 262, 263, 264, 265, 266, 269, 270, 271, 273, 274, 276, 277, 279, 281, 282, 283, 284, 285, 288, 289, 290, 291, 292, 293, 294, 296]
Linhas de Teste [2, 11, 13, 18, 24, 26, 27, 28, 37, 47, 49, 50, 58, 60, 67, 73, 85, 90, 109, 112, 113, 124, 131, 132, 137, 138, 139, 142, 148, 152, 162, 165, 169, 170, 175, 181, 182, 186, 190, 196, 202, 206, 207, 210, 211, 234, 245, 252, 255, 261, 267, 268, 272, 275, 278, 280, 286, 287, 295]

Rodada 85 / 150  56.67 %
Parâmetros ('EV_CE', 'PRE_CE', 'WAI_CE', 'saz_sin', 'saz_cos')
R2 de Treino = 97.5
R2 de Teste = 95.68
Coeficientes (pesos): [ 52.27148177 -12.93675241  -3.16878004  -6.35619718 -10.74360518
  13.5907371    6.75574822 -18.89891438 -13.76953767 -12.42196459
   0.818827    -1.32743146  -4.07210981   1.71799779  -3.53104225
  18.51230462   7.99044316  -4.37948869  11.47684793   3.80592827]
Interceptor (constante): 98.24322200678533


********* Melhor Resultado do Fold ************
Linhas de Treino [0, 1, 2, 4, 5, 8, 9, 10, 11, 12, 14, 16, 17, 20, 22, 24, 25, 26, 27, 29, 30, 31, 33, 36, 37, 38, 39, 41, 42, 43, 44, 45, 46, 47, 48, 50, 51, 52, 53, 54, 55, 56, 57, 58, 59, 60, 61, 62, 63, 64, 65, 66, 67, 68, 69, 71, 72, 74, 75, 77, 78, 80, 82, 83, 84, 85, 86, 87, 88, 90, 91, 93, 94, 95, 96, 97, 98, 101, 102, 103, 104, 106, 107, 108, 109, 110, 111, 112, 113, 114, 115, 116, 117, 118, 120, 121, 123, 125, 126, 127, 128, 129, 130, 131, 133, 134, 135, 136, 138, 139, 140, 141, 142, 143, 144, 145, 146, 147, 148, 149, 150, 151, 152, 154, 155, 156, 157, 158, 159, 160, 162, 163, 164, 166, 167, 168, 169, 170, 171, 172, 173, 174, 175, 176, 177, 178, 179, 181, 184, 185, 186, 187, 188, 189, 190, 191, 192, 193, 194, 195, 196, 199, 200, 201, 202, 204, 205, 206, 207, 208, 209, 210, 211, 212, 214, 216, 218, 219, 220, 221, 222, 223, 224, 225, 226, 227, 228, 229, 231, 232, 233, 234, 235, 237, 238, 242, 245, 246, 249, 250, 251, 252, 253, 254, 256, 257, 258, 260, 261, 262, 263, 265, 267, 268, 269, 270, 272, 273, 274, 275, 277, 278, 279, 280, 282, 283, 286, 287, 288, 289, 290, 291, 292, 293, 294, 295, 296]
Linhas de Teste [3, 6, 7, 13, 15, 18, 19, 21, 23, 28, 32, 34, 35, 40, 49, 70, 73, 76, 79, 81, 89, 92, 99, 100, 105, 119, 122, 124, 132, 137, 153, 161, 165, 180, 182, 183, 197, 198, 203, 213, 215, 217, 230, 236, 239, 240, 241, 243, 244, 247, 248, 255, 259, 264, 266, 271, 276, 281, 284, 285]

Rodada 86 / 150  57.33 %
Parâmetros ('EV_CE', 'PRE_CE', 'WAI_CE', 'saz_sin', 'saz_cos')
R2 de Treino = 97.29
R2 de Teste = 96.37
Coeficientes (pesos): [ 50.13340602 -13.17976026  -2.15863286  -6.48102536  -9.94189685
   9.24376112   5.14803664 -12.2177848  -11.2176797   -9.62884201
   1.72217882  -2.20073106  -2.54253603   1.63559928  -4.67198495
  15.44369227   6.74287499  -3.40036111  10.4307955    3.26289176]
Interceptor (constante): 100.40791683337507


********* Melhor Resultado do Fold ************
Linhas de Treino [0, 1, 2, 3, 4, 5, 6, 7, 8, 9, 11, 12, 13, 14, 15, 16, 18, 19, 20, 21, 23, 24, 25, 26, 27, 28, 29, 30, 31, 32, 33, 34, 35, 36, 37, 39, 40, 41, 42, 43, 44, 47, 48, 49, 51, 52, 53, 54, 55, 56, 57, 62, 64, 65, 66, 67, 70, 71, 72, 73, 74, 75, 76, 79, 80, 81, 82, 83, 84, 85, 86, 87, 88, 89, 92, 93, 94, 95, 96, 97, 98, 99, 100, 101, 102, 103, 104, 105, 106, 107, 108, 110, 111, 112, 113, 114, 115, 117, 118, 119, 121, 122, 124, 126, 127, 128, 131, 132, 133, 135, 136, 137, 138, 139, 141, 142, 143, 144, 145, 146, 148, 150, 153, 154, 155, 157, 159, 160, 161, 163, 164, 165, 166, 167, 170, 171, 172, 173, 176, 177, 179, 180, 181, 182, 183, 184, 185, 186, 188, 189, 191, 193, 197, 198, 199, 200, 201, 203, 204, 205, 207, 208, 209, 210, 211, 212, 213, 214, 215, 217, 218, 219, 220, 222, 224, 226, 227, 228, 229, 230, 232, 233, 234, 235, 236, 237, 238, 239, 240, 241, 242, 243, 244, 245, 247, 248, 249, 251, 253, 254, 255, 257, 258, 259, 260, 261, 262, 263, 264, 265, 266, 268, 269, 270, 271, 272, 273, 274, 275, 276, 278, 279, 281, 283, 284, 285, 286, 287, 288, 289, 290, 291, 292, 293, 294, 295, 296]
Linhas de Teste [10, 17, 22, 38, 45, 46, 50, 58, 59, 60, 61, 63, 68, 69, 77, 78, 90, 91, 109, 116, 120, 123, 125, 129, 130, 134, 140, 147, 149, 151, 152, 156, 158, 162, 168, 169, 174, 175, 178, 187, 190, 192, 194, 195, 196, 202, 206, 216, 221, 223, 225, 231, 246, 250, 252, 256, 267, 277, 280, 282]

Rodada 87 / 150  58.0 %
Parâmetros ('EV_CE', 'PRE_CE', 'WAI_CE', 'saz_sin', 'saz_cos')
R2 de Treino = 97.32
R2 de Teste = 96.65
Coeficientes (pesos): [ 48.67540291 -13.17589675   0.76179397  -7.36038244 -10.4257965
  10.74770927   4.08807251 -10.94440907 -11.90752735  -9.03428583
   0.43108781   0.74471723  -3.15362471   2.67564765  -7.80350762
  15.5178291    4.72706192  -3.53812723  11.11063804   3.26255212]
Interceptor (constante): 98.33950879722978


********* Melhor Resultado do Fold ************
Linhas de Treino [0, 1, 3, 5, 6, 7, 8, 10, 11, 12, 13, 14, 15, 16, 17, 18, 19, 21, 22, 23, 27, 28, 31, 32, 34, 35, 38, 40, 41, 43, 44, 45, 46, 48, 49, 50, 51, 52, 53, 54, 55, 56, 57, 58, 59, 60, 61, 62, 63, 64, 68, 69, 70, 71, 73, 74, 76, 77, 78, 79, 80, 81, 82, 83, 84, 85, 87, 89, 90, 91, 92, 93, 94, 95, 97, 99, 100, 101, 102, 103, 105, 106, 107, 108, 109, 110, 111, 113, 114, 115, 116, 119, 120, 122, 123, 124, 125, 126, 127, 129, 130, 132, 133, 134, 135, 136, 137, 138, 139, 140, 142, 146, 147, 148, 149, 150, 151, 152, 153, 154, 155, 156, 157, 158, 159, 160, 161, 162, 164, 165, 167, 168, 169, 170, 173, 174, 175, 176, 177, 178, 179, 180, 181, 182, 183, 184, 186, 187, 188, 189, 190, 191, 192, 193, 194, 195, 196, 197, 198, 200, 201, 202, 203, 204, 205, 206, 207, 209, 210, 211, 212, 213, 214, 215, 216, 217, 218, 220, 221, 222, 223, 224, 225, 226, 228, 229, 230, 231, 236, 237, 239, 240, 241, 243, 244, 245, 246, 247, 248, 249, 250, 252, 253, 254, 255, 256, 258, 259, 260, 261, 263, 264, 266, 267, 268, 270, 271, 272, 274, 275, 276, 277, 278, 280, 281, 282, 284, 285, 286, 288, 289, 290, 291, 292, 293, 294, 295, 296]
Linhas de Teste [2, 4, 9, 20, 24, 25, 26, 29, 30, 33, 36, 37, 39, 42, 47, 65, 66, 67, 72, 75, 86, 88, 96, 98, 104, 112, 117, 118, 121, 128, 131, 141, 143, 144, 145, 163, 166, 171, 172, 185, 199, 208, 219, 227, 232, 233, 234, 235, 238, 242, 251, 257, 262, 265, 269, 273, 279, 283, 287]

Rodada 88 / 150  58.67 %
Parâmetros ('EV_CE', 'PRE_CE', 'WAI_CE', 'saz_sin', 'saz_cos')
R2 de Treino = 97.42
R2 de Teste = 96.02
Coeficientes (pesos): [ 52.60932101 -11.84982405  -2.92024667  -6.784362   -10.64990834
  10.80725401   3.97254084 -12.78148668 -13.17021565 -10.87407545
   0.61134617  -0.13317478  -3.26617765   0.95897729  -6.43544931
  18.34086914   7.79797178  -4.47098497  10.29904191   4.27426041]
Interceptor (constante): 98.03307986023601


********* Melhor Resultado do Fold ************
Linhas de Treino [1, 2, 3, 4, 6, 7, 9, 10, 12, 13, 15, 17, 18, 19, 20, 21, 22, 23, 24, 25, 26, 28, 29, 30, 32, 33, 34, 35, 36, 37, 38, 39, 40, 42, 44, 45, 46, 47, 49, 50, 51, 52, 54, 56, 57, 58, 59, 60, 61, 63, 65, 66, 67, 68, 69, 70, 72, 73, 75, 76, 77, 78, 79, 80, 81, 83, 86, 88, 89, 90, 91, 92, 93, 95, 96, 98, 99, 100, 104, 105, 107, 108, 109, 110, 111, 112, 113, 115, 116, 117, 118, 119, 120, 121, 122, 123, 124, 125, 126, 127, 128, 129, 130, 131, 132, 134, 137, 140, 141, 142, 143, 144, 145, 147, 148, 149, 151, 152, 153, 155, 156, 157, 158, 160, 161, 162, 163, 165, 166, 167, 168, 169, 170, 171, 172, 173, 174, 175, 176, 178, 179, 180, 182, 183, 185, 186, 187, 188, 189, 190, 192, 194, 195, 196, 197, 198, 199, 200, 201, 202, 203, 204, 206, 208, 209, 210, 212, 213, 214, 215, 216, 217, 218, 219, 220, 221, 222, 223, 225, 227, 228, 230, 231, 232, 233, 234, 235, 236, 237, 238, 239, 240, 241, 242, 243, 244, 245, 246, 247, 248, 249, 250, 251, 252, 253, 254, 255, 256, 257, 259, 261, 262, 263, 264, 265, 266, 267, 268, 269, 271, 272, 273, 275, 276, 277, 279, 280, 281, 282, 283, 284, 285, 286, 287, 288, 291, 292, 295]
Linhas de Teste [0, 5, 8, 11, 14, 16, 27, 31, 41, 43, 48, 53, 55, 62, 64, 71, 74, 82, 84, 85, 87, 94, 97, 101, 102, 103, 106, 114, 133, 135, 136, 138, 139, 146, 150, 154, 159, 164, 177, 181, 184, 191, 193, 205, 207, 211, 224, 226, 229, 258, 260, 270, 274, 278, 289, 290, 293, 294, 296]

Rodada 89 / 150  59.33 %
Parâmetros ('EV_CE', 'PRE_CE', 'WAI_CE', 'saz_sin', 'saz_cos')
R2 de Treino = 97.13
R2 de Teste = 97.17
Coeficientes (pesos): [ 49.51874237 -13.4323317   -0.75054391  -6.94701197 -10.23065636
   9.28805432   8.23634844 -14.8757556   -8.25897843  -9.38304275
   1.49436461  -3.92775408  -3.41830621   1.69738898  -4.07751852
  15.13583076   7.27491119  -3.91940367   9.42713983   3.99164629]
Interceptor (constante): 97.49753381438126


********* Melhor Resultado do Fold ************
Linhas de Treino [0, 2, 3, 4, 5, 6, 7, 8, 9, 10, 11, 13, 14, 15, 16, 17, 18, 19, 20, 21, 22, 23, 24, 25, 26, 27, 28, 29, 30, 31, 32, 33, 34, 35, 36, 37, 38, 39, 40, 41, 42, 43, 45, 46, 47, 48, 49, 50, 53, 55, 58, 59, 60, 61, 62, 63, 64, 65, 66, 67, 68, 69, 70, 71, 72, 73, 74, 75, 76, 77, 78, 79, 81, 82, 84, 85, 86, 87, 88, 89, 90, 91, 92, 94, 96, 97, 98, 99, 100, 101, 102, 103, 104, 105, 106, 109, 112, 114, 116, 117, 118, 119, 120, 121, 122, 123, 124, 125, 128, 129, 130, 131, 132, 133, 134, 135, 136, 137, 138, 139, 140, 141, 143, 144, 145, 146, 147, 149, 150, 151, 152, 153, 154, 156, 158, 159, 161, 162, 163, 164, 165, 166, 168, 169, 171, 172, 174, 175, 177, 178, 180, 181, 182, 183, 184, 185, 187, 190, 191, 192, 193, 194, 195, 196, 197, 198, 199, 202, 203, 205, 206, 207, 208, 211, 213, 215, 216, 217, 219, 221, 223, 224, 225, 226, 227, 229, 230, 231, 232, 233, 234, 235, 236, 238, 239, 240, 241, 242, 243, 244, 246, 247, 248, 250, 251, 252, 255, 256, 257, 258, 259, 260, 262, 264, 265, 266, 267, 269, 270, 271, 273, 274, 276, 277, 278, 279, 280, 281, 282, 283, 284, 285, 287, 289, 290, 293, 294, 296]
Linhas de Teste [1, 12, 44, 51, 52, 54, 56, 57, 80, 83, 93, 95, 107, 108, 110, 111, 113, 115, 126, 127, 142, 148, 155, 157, 160, 167, 170, 173, 176, 179, 186, 188, 189, 200, 201, 204, 209, 210, 212, 214, 218, 220, 222, 228, 237, 245, 249, 253, 254, 261, 263, 268, 272, 275, 286, 288, 291, 292, 295]

Rodada 90 / 150  60.0 %
Parâmetros ('EV_CE', 'PRE_CE', 'WAI_CE', 'saz_sin', 'saz_cos')
R2 de Treino = 97.08
R2 de Teste = 97.38
Coeficientes (pesos): [ 49.85630916 -13.76914393  -1.41822162  -7.19410249  -9.2494548
  10.0829317    8.08470421 -14.19744744 -10.23616473  -8.97744647
   1.89993714  -3.73571233  -3.19890135   0.86106412  -3.36248501
  13.53001492   5.28819137  -3.19543973  10.39846335   3.26009279]
Interceptor (constante): 99.58705355795321


********* Melhor Resultado do Fold ************
Linhas de Treino [1, 2, 3, 4, 5, 6, 7, 8, 9, 10, 11, 12, 13, 14, 15, 16, 17, 18, 19, 20, 21, 22, 24, 25, 26, 27, 28, 29, 31, 33, 34, 35, 36, 40, 41, 42, 43, 44, 45, 46, 47, 49, 51, 53, 54, 56, 57, 58, 59, 61, 62, 63, 64, 66, 68, 69, 70, 71, 72, 73, 74, 75, 76, 77, 78, 79, 80, 82, 84, 86, 89, 91, 92, 93, 94, 95, 97, 98, 99, 100, 102, 103, 105, 107, 108, 109, 110, 111, 112, 113, 114, 115, 116, 117, 118, 119, 120, 121, 122, 123, 124, 125, 126, 127, 129, 131, 132, 133, 134, 135, 136, 137, 138, 140, 143, 144, 145, 147, 148, 149, 150, 151, 152, 153, 155, 156, 158, 159, 160, 162, 163, 164, 165, 166, 167, 169, 170, 171, 172, 173, 174, 175, 176, 177, 178, 181, 183, 184, 185, 186, 187, 189, 190, 191, 192, 193, 194, 195, 196, 197, 200, 201, 202, 204, 206, 207, 208, 209, 210, 211, 212, 213, 214, 215, 216, 217, 219, 220, 222, 223, 224, 226, 227, 228, 229, 230, 231, 232, 233, 234, 236, 237, 238, 239, 240, 241, 242, 243, 245, 247, 248, 249, 250, 251, 252, 254, 255, 257, 258, 259, 260, 261, 263, 264, 266, 268, 269, 271, 272, 274, 275, 277, 279, 280, 281, 282, 283, 284, 285, 286, 287, 289, 290, 291, 292, 293, 294]
Linhas de Teste [0, 23, 30, 32, 37, 38, 39, 48, 50, 52, 55, 60, 65, 67, 81, 83, 85, 87, 88, 90, 96, 101, 104, 106, 128, 130, 139, 141, 142, 146, 154, 157, 161, 168, 179, 180, 182, 188, 198, 199, 203, 205, 218, 221, 225, 235, 244, 246, 253, 256, 262, 265, 267, 270, 273, 276, 278, 288, 295, 296]

Rodada 91 / 150  60.67 %
Parâmetros ('EV_CE', 'PRE_CE', 'WAI_CE', 'saz_sin', 'saz_cos')
R2 de Treino = 97.34
R2 de Teste = 96.72
Coeficientes (pesos): [ 52.54687571 -12.11717334  -4.01605002  -7.43626582 -10.84356641
  11.97580283   2.23212274 -18.52714247 -10.14652867  -8.98290087
   0.77783115  -1.03923738  -0.11114508   3.51538204  -1.20098091
  14.13947047   6.98396913  -3.45385497   8.38722469   2.64586356]
Interceptor (constante): 97.7795625019623


********* Melhor Resultado do Fold ************
Linhas de Treino [0, 1, 2, 3, 4, 5, 6, 9, 10, 11, 12, 13, 14, 15, 16, 17, 18, 19, 21, 22, 23, 24, 25, 26, 29, 30, 31, 32, 34, 37, 38, 39, 40, 41, 42, 43, 44, 45, 46, 47, 48, 49, 50, 52, 53, 55, 56, 57, 58, 59, 60, 62, 63, 64, 65, 66, 67, 68, 70, 71, 72, 73, 74, 75, 76, 77, 78, 80, 81, 82, 83, 84, 85, 86, 87, 88, 89, 90, 92, 93, 95, 96, 97, 98, 99, 101, 102, 103, 104, 105, 106, 107, 110, 111, 112, 113, 115, 116, 118, 119, 120, 121, 122, 123, 124, 125, 126, 127, 128, 129, 130, 131, 132, 133, 134, 135, 136, 138, 139, 140, 141, 142, 144, 145, 146, 148, 149, 150, 154, 155, 157, 158, 159, 160, 161, 162, 163, 166, 167, 168, 170, 172, 173, 174, 175, 179, 180, 182, 183, 184, 186, 187, 188, 189, 190, 191, 192, 193, 194, 195, 196, 197, 198, 199, 200, 201, 203, 204, 205, 207, 211, 214, 215, 216, 218, 219, 220, 221, 224, 225, 226, 227, 229, 230, 231, 233, 234, 235, 236, 237, 238, 239, 241, 242, 244, 245, 246, 247, 248, 249, 250, 251, 252, 253, 254, 256, 258, 259, 261, 262, 263, 265, 266, 267, 268, 269, 270, 271, 272, 273, 276, 277, 278, 279, 280, 282, 283, 285, 286, 287, 288, 290, 291, 292, 293, 295, 296]
Linhas de Teste [7, 8, 20, 27, 28, 33, 35, 36, 51, 54, 61, 69, 79, 91, 94, 100, 108, 109, 114, 117, 137, 143, 147, 151, 152, 153, 156, 164, 165, 169, 171, 176, 177, 178, 181, 185, 202, 206, 208, 209, 210, 212, 213, 217, 222, 223, 228, 232, 240, 243, 255, 257, 260, 264, 274, 275, 281, 284, 289, 294]

Rodada 92 / 150  61.33 %
Parâmetros ('EV_CE', 'PRE_CE', 'WAI_CE', 'saz_sin', 'saz_cos')
R2 de Treino = 97.04
R2 de Teste = 97.23
Coeficientes (pesos): [ 46.67612717 -12.46607102   0.42823203  -6.79262513  -9.38911551
  13.23399154   5.53301766 -14.14005121 -14.10454548 -10.89529384
   0.27752483  -0.16821431  -4.04584003   2.43995859  -6.49590233
  16.90749624   5.52371715  -2.89182434  12.20511669   3.20390234]
Interceptor (constante): 101.17997586276401


********* Melhor Resultado do Fold ************
Linhas de Treino [0, 2, 3, 4, 5, 7, 8, 10, 12, 13, 14, 17, 18, 19, 20, 21, 22, 23, 25, 27, 28, 29, 30, 31, 32, 33, 34, 35, 36, 37, 38, 39, 40, 42, 43, 44, 48, 49, 50, 51, 52, 54, 55, 56, 58, 59, 60, 61, 62, 64, 65, 66, 67, 69, 70, 72, 75, 79, 80, 81, 82, 83, 85, 86, 87, 88, 90, 91, 92, 93, 94, 95, 96, 97, 99, 100, 101, 102, 104, 105, 106, 107, 108, 109, 111, 112, 113, 114, 116, 117, 119, 121, 122, 124, 125, 127, 128, 130, 131, 132, 133, 135, 136, 137, 138, 139, 140, 141, 142, 143, 144, 145, 146, 147, 149, 150, 151, 152, 153, 154, 156, 157, 158, 159, 161, 162, 163, 164, 165, 166, 167, 168, 169, 170, 171, 172, 176, 177, 178, 179, 180, 181, 182, 183, 185, 186, 188, 189, 190, 192, 193, 195, 196, 197, 198, 199, 200, 201, 202, 203, 205, 206, 207, 208, 209, 210, 211, 212, 213, 214, 216, 217, 218, 219, 220, 221, 222, 223, 224, 225, 226, 228, 229, 231, 232, 233, 235, 236, 238, 240, 241, 243, 244, 245, 246, 247, 248, 249, 251, 253, 254, 255, 256, 257, 258, 259, 260, 261, 262, 263, 264, 265, 266, 267, 268, 269, 270, 272, 273, 274, 275, 276, 277, 278, 279, 281, 282, 284, 285, 287, 288, 289, 290, 291, 293, 294, 295, 296]
Linhas de Teste [1, 6, 9, 11, 15, 16, 24, 26, 41, 45, 46, 47, 53, 57, 63, 68, 71, 73, 74, 76, 77, 78, 84, 89, 98, 103, 110, 115, 118, 120, 123, 126, 129, 134, 148, 155, 160, 173, 174, 175, 184, 187, 191, 194, 204, 215, 227, 230, 234, 237, 239, 242, 250, 252, 271, 280, 283, 286, 292]

Rodada 93 / 150  62.0 %
Parâmetros ('EV_CE', 'PRE_CE', 'WAI_CE', 'saz_sin', 'saz_cos')
R2 de Treino = 97.42
R2 de Teste = 95.7
Coeficientes (pesos): [ 53.35340491 -13.67346294  -2.13592206  -7.57140412 -10.30886946
   7.79145731   6.96171213 -12.00995603  -7.93849208  -6.61596918
   1.69447542  -2.72556823  -2.93460627   1.28561574  -4.76062193
  13.29077817   4.29791763  -3.9326661    9.25605121   3.78556163]
Interceptor (constante): 97.15531478753857


********* Melhor Resultado do Fold ************
Linhas de Treino [0, 1, 4, 6, 7, 8, 9, 11, 12, 13, 15, 16, 18, 19, 20, 23, 24, 25, 26, 27, 28, 29, 30, 32, 33, 35, 36, 37, 38, 39, 41, 43, 44, 45, 46, 47, 48, 49, 50, 51, 52, 53, 54, 55, 56, 57, 58, 59, 60, 61, 62, 63, 64, 65, 67, 68, 69, 70, 71, 73, 74, 76, 77, 78, 79, 81, 83, 84, 85, 87, 88, 89, 90, 91, 94, 96, 97, 98, 99, 100, 101, 102, 103, 104, 106, 108, 109, 110, 113, 114, 115, 116, 117, 118, 120, 121, 123, 124, 125, 126, 127, 128, 129, 130, 134, 135, 137, 139, 140, 141, 142, 143, 144, 145, 146, 147, 148, 151, 152, 153, 154, 155, 156, 157, 158, 160, 161, 162, 163, 164, 165, 166, 168, 169, 170, 171, 173, 174, 175, 176, 177, 178, 179, 180, 181, 182, 184, 185, 186, 187, 188, 189, 191, 193, 194, 196, 197, 198, 199, 200, 201, 202, 203, 204, 205, 206, 207, 208, 209, 210, 212, 213, 215, 217, 218, 219, 220, 221, 222, 223, 225, 226, 227, 228, 229, 230, 232, 233, 234, 235, 236, 237, 238, 239, 240, 241, 242, 243, 244, 245, 246, 248, 250, 252, 253, 255, 256, 257, 258, 260, 261, 262, 264, 265, 267, 269, 270, 271, 272, 273, 274, 275, 276, 278, 280, 281, 282, 283, 284, 285, 286, 288, 289, 290, 292, 294, 295, 296]
Linhas de Teste [2, 3, 5, 10, 14, 17, 21, 22, 31, 34, 40, 42, 66, 72, 75, 80, 82, 86, 92, 93, 95, 105, 107, 111, 112, 119, 122, 131, 132, 133, 136, 138, 149, 150, 159, 167, 172, 183, 190, 192, 195, 211, 214, 216, 224, 231, 247, 249, 251, 254, 259, 263, 266, 268, 277, 279, 287, 291, 293]

Rodada 94 / 150  62.67 %
Parâmetros ('EV_CE', 'PRE_CE', 'WAI_CE', 'saz_sin', 'saz_cos')
R2 de Treino = 97.46
R2 de Teste = 95.39
Coeficientes (pesos): [ 50.10371148 -14.06265532  -0.55157309  -6.17544127 -10.08243379
   9.75666851   9.12603484 -13.09524159 -15.13738592 -12.34593515
   2.18989776  -4.24740603  -5.6075264   -0.25824536  -5.66252179
  20.69062785   8.77425884  -4.11448109  12.2051702    3.52313982]
Interceptor (constante): 100.42167584027594


********* Melhor Resultado do Fold ************
Linhas de Treino [0, 1, 2, 3, 5, 6, 7, 8, 9, 10, 11, 14, 15, 16, 17, 20, 21, 22, 23, 24, 26, 27, 28, 30, 31, 32, 33, 34, 35, 36, 37, 38, 39, 40, 41, 42, 45, 46, 47, 48, 50, 51, 52, 53, 54, 55, 57, 60, 61, 63, 65, 66, 67, 68, 69, 71, 72, 73, 74, 75, 76, 77, 78, 79, 80, 81, 82, 83, 84, 85, 86, 87, 88, 89, 90, 91, 92, 93, 94, 95, 96, 98, 100, 101, 103, 104, 105, 106, 107, 108, 109, 110, 111, 112, 114, 115, 117, 118, 119, 120, 122, 123, 126, 128, 129, 130, 131, 132, 133, 134, 136, 137, 138, 139, 141, 142, 143, 146, 147, 148, 149, 150, 151, 152, 153, 154, 155, 156, 157, 159, 160, 161, 164, 165, 167, 168, 169, 171, 172, 173, 174, 175, 176, 177, 178, 179, 180, 181, 182, 183, 184, 185, 187, 188, 190, 191, 192, 194, 195, 198, 199, 202, 203, 204, 205, 206, 208, 209, 210, 211, 212, 213, 214, 215, 216, 217, 218, 221, 222, 223, 224, 225, 227, 228, 230, 231, 232, 234, 235, 237, 239, 240, 242, 243, 244, 246, 247, 249, 250, 251, 252, 253, 254, 255, 256, 257, 259, 260, 262, 263, 264, 265, 266, 267, 268, 270, 271, 273, 274, 275, 276, 277, 278, 279, 280, 281, 283, 284, 286, 287, 288, 289, 291, 292, 293, 294, 295, 296]
Linhas de Teste [4, 12, 13, 18, 19, 25, 29, 43, 44, 49, 56, 58, 59, 62, 64, 70, 97, 99, 102, 113, 116, 121, 124, 125, 127, 135, 140, 144, 145, 158, 162, 163, 166, 170, 186, 189, 193, 196, 197, 200, 201, 207, 219, 220, 226, 229, 233, 236, 238, 241, 245, 248, 258, 261, 269, 272, 282, 285, 290]

Rodada 95 / 150  63.33 %
Parâmetros ('EV_CE', 'PRE_CE', 'WAI_CE', 'saz_sin', 'saz_cos')
R2 de Treino = 97.05
R2 de Teste = 97.27
Coeficientes (pesos): [ 48.69790628 -13.34055646  -0.75770325  -6.73993907  -9.76942842
   8.33750135   5.64203041  -8.58942952  -8.79275012  -9.68336484
   1.33011921  -1.85318144  -2.63226442   1.40498236  -7.09129992
  13.3861066    6.91678449  -3.8110114    9.64500797   4.43662976]
Interceptor (constante): 97.51166371201249


********* Melhor Resultado do Fold ************
Linhas de Treino [2, 3, 4, 5, 7, 8, 9, 10, 11, 12, 14, 15, 16, 17, 18, 19, 21, 22, 23, 25, 26, 27, 28, 29, 30, 31, 32, 34, 35, 37, 38, 40, 41, 42, 43, 44, 45, 46, 50, 51, 52, 53, 54, 55, 56, 57, 58, 59, 60, 63, 64, 65, 68, 69, 71, 72, 74, 75, 76, 77, 78, 79, 80, 82, 83, 85, 86, 87, 88, 89, 90, 91, 92, 94, 95, 96, 97, 98, 99, 100, 101, 102, 103, 105, 107, 108, 109, 110, 111, 112, 114, 115, 116, 117, 119, 120, 121, 122, 123, 124, 126, 127, 128, 129, 132, 133, 134, 135, 137, 138, 139, 140, 141, 142, 143, 144, 145, 147, 148, 149, 150, 151, 152, 153, 154, 155, 156, 157, 158, 159, 160, 161, 162, 163, 164, 165, 166, 167, 168, 170, 171, 172, 173, 174, 175, 176, 178, 179, 180, 181, 183, 184, 186, 187, 188, 190, 191, 192, 193, 194, 195, 196, 197, 198, 199, 200, 205, 206, 207, 208, 210, 211, 212, 213, 214, 215, 217, 218, 219, 220, 222, 224, 225, 226, 227, 229, 232, 233, 234, 235, 236, 237, 238, 240, 241, 242, 245, 246, 247, 249, 250, 252, 253, 254, 259, 260, 261, 262, 263, 264, 265, 266, 267, 268, 269, 270, 271, 272, 275, 277, 279, 280, 281, 282, 283, 284, 285, 286, 287, 288, 289, 290, 292, 293, 294, 295, 296]
Linhas de Teste [0, 1, 6, 13, 20, 24, 33, 36, 39, 47, 48, 49, 61, 62, 66, 67, 70, 73, 81, 84, 93, 104, 106, 113, 118, 125, 130, 131, 136, 146, 169, 177, 182, 185, 189, 201, 202, 203, 204, 209, 216, 221, 223, 228, 230, 231, 239, 243, 244, 248, 251, 255, 256, 257, 258, 273, 274, 276, 278, 291]

Rodada 96 / 150  64.0 %
Parâmetros ('EV_CE', 'PRE_CE', 'WAI_CE', 'saz_sin', 'saz_cos')
R2 de Treino = 97.26
R2 de Teste = 96.82
Coeficientes (pesos): [ 5.19582076e+01 -1.20657037e+01 -3.05510379e+00 -7.23042968e+00
 -1.10487485e+01  3.28466294e+00  6.83725117e+00 -1.28167602e+01
  9.31073295e-01 -6.33976613e+00  1.72143889e+00 -5.41860912e+00
 -1.97863536e+00  6.67513389e-01 -3.12134801e-02  6.87889873e+00
  6.58561978e+00 -4.99166727e+00  8.04722178e+00  3.24187364e+00]
Interceptor (constante): 98.93824231300368


********* Melhor Resultado do Fold ************
Linhas de Treino [0, 1, 2, 4, 6, 7, 9, 11, 13, 14, 15, 16, 17, 18, 19, 20, 21, 23, 24, 26, 28, 29, 30, 31, 32, 33, 34, 35, 36, 37, 38, 39, 40, 41, 42, 43, 45, 46, 47, 48, 49, 50, 53, 56, 57, 59, 60, 61, 62, 64, 65, 66, 67, 68, 69, 70, 71, 72, 73, 74, 75, 77, 78, 79, 80, 81, 82, 83, 84, 86, 87, 88, 90, 93, 94, 95, 96, 97, 98, 99, 100, 102, 103, 104, 105, 106, 107, 108, 109, 110, 111, 113, 115, 118, 122, 123, 124, 125, 126, 127, 128, 129, 130, 131, 132, 136, 137, 139, 140, 141, 143, 144, 145, 146, 147, 148, 149, 150, 151, 152, 154, 155, 156, 158, 159, 160, 161, 163, 164, 165, 168, 169, 170, 171, 172, 175, 177, 178, 180, 181, 182, 183, 184, 185, 186, 187, 188, 189, 191, 192, 193, 194, 195, 196, 197, 198, 200, 201, 202, 203, 204, 205, 206, 207, 208, 209, 210, 211, 212, 213, 214, 215, 216, 219, 221, 222, 223, 224, 225, 227, 228, 229, 230, 231, 233, 234, 235, 236, 237, 238, 239, 240, 241, 242, 243, 244, 245, 246, 247, 248, 249, 251, 252, 254, 255, 256, 257, 258, 259, 261, 262, 264, 265, 267, 268, 271, 273, 274, 275, 276, 277, 278, 279, 280, 281, 282, 283, 284, 285, 288, 289, 290, 291, 292, 293, 294, 296]
Linhas de Teste [3, 5, 8, 10, 12, 22, 25, 27, 44, 51, 52, 54, 55, 58, 63, 76, 85, 89, 91, 92, 101, 112, 114, 116, 117, 119, 120, 121, 133, 134, 135, 138, 142, 153, 157, 162, 166, 167, 173, 174, 176, 179, 190, 199, 217, 218, 220, 226, 232, 250, 253, 260, 263, 266, 269, 270, 272, 286, 287, 295]

Rodada 97 / 150  64.67 %
Parâmetros ('EV_CE', 'PRE_CE', 'WAI_CE', 'saz_sin', 'saz_cos')
R2 de Treino = 97.37
R2 de Teste = 96.14
Coeficientes (pesos): [ 49.99648231 -13.87603333   0.51259388  -8.13355724  -9.72967442
   8.58404845   6.99266722  -9.71951989 -10.54888979  -9.01660588
   1.7478306   -3.06016116  -3.05786345   1.0958422   -6.44520838
  14.27805453   5.38625024  -3.53991581  10.65830341   3.76517227]
Interceptor (constante): 98.38986476958674


********* Melhor Resultado do Fold ************
Linhas de Treino [0, 1, 3, 5, 6, 8, 9, 10, 11, 12, 13, 14, 17, 18, 19, 20, 21, 22, 23, 24, 25, 27, 28, 29, 31, 33, 35, 36, 37, 38, 39, 40, 41, 43, 44, 45, 46, 47, 48, 49, 51, 52, 54, 55, 56, 57, 58, 59, 60, 61, 62, 63, 64, 65, 66, 67, 70, 72, 73, 75, 76, 77, 79, 80, 81, 83, 84, 85, 86, 88, 89, 91, 92, 93, 95, 99, 100, 101, 102, 103, 104, 105, 106, 107, 108, 109, 112, 113, 114, 116, 117, 118, 119, 120, 121, 122, 123, 124, 125, 126, 127, 129, 130, 131, 133, 134, 135, 136, 137, 138, 139, 141, 142, 143, 144, 145, 146, 147, 148, 149, 150, 151, 153, 154, 155, 157, 158, 159, 160, 161, 162, 163, 165, 166, 167, 168, 169, 170, 172, 173, 174, 175, 176, 177, 178, 179, 180, 181, 182, 183, 184, 185, 186, 188, 189, 190, 193, 194, 197, 198, 199, 200, 201, 202, 203, 204, 205, 207, 209, 213, 214, 215, 216, 217, 218, 220, 221, 222, 223, 224, 225, 226, 228, 229, 230, 231, 232, 235, 236, 237, 239, 240, 241, 243, 244, 245, 247, 248, 250, 251, 253, 255, 256, 257, 258, 259, 260, 261, 263, 264, 265, 266, 268, 269, 270, 271, 272, 273, 274, 275, 276, 277, 278, 279, 280, 281, 282, 283, 284, 285, 286, 287, 289, 291, 292, 293, 295, 296]
Linhas de Teste [2, 4, 7, 15, 16, 26, 30, 32, 34, 42, 50, 53, 68, 69, 71, 74, 78, 82, 87, 90, 94, 96, 97, 98, 110, 111, 115, 128, 132, 140, 152, 156, 164, 171, 187, 191, 192, 195, 196, 206, 208, 210, 211, 212, 219, 227, 233, 234, 238, 242, 246, 249, 252, 254, 262, 267, 288, 290, 294]

Rodada 98 / 150  65.33 %
Parâmetros ('EV_CE', 'PRE_CE', 'WAI_CE', 'saz_sin', 'saz_cos')
R2 de Treino = 97.13
R2 de Teste = 97.61
Coeficientes (pesos): [ 49.46295341 -12.91523275  -1.78962024  -5.99212936 -10.1047341
  13.05383735   7.58931399 -18.70835783 -14.00573135 -10.52633247
   1.16175203  -2.17734937  -4.70281173   1.3578408   -3.58831974
  19.97611515   7.00293304  -3.95203756  11.2952345    3.791878  ]
Interceptor (constante): 98.28563354453804


********* Melhor Resultado do Fold ************
Linhas de Treino [0, 1, 2, 3, 4, 5, 6, 7, 8, 9, 10, 11, 12, 13, 15, 16, 18, 19, 20, 21, 22, 24, 25, 26, 27, 28, 29, 30, 32, 33, 34, 36, 38, 39, 40, 41, 42, 44, 46, 47, 48, 49, 50, 51, 52, 53, 54, 55, 56, 58, 59, 61, 62, 63, 64, 65, 66, 67, 68, 69, 70, 71, 72, 73, 74, 75, 76, 77, 78, 81, 82, 83, 84, 85, 87, 88, 89, 90, 91, 92, 93, 94, 95, 96, 97, 98, 101, 104, 105, 106, 107, 110, 111, 112, 113, 114, 115, 116, 117, 118, 119, 120, 121, 123, 125, 128, 129, 130, 131, 132, 133, 134, 135, 136, 138, 140, 142, 143, 146, 151, 152, 153, 154, 156, 157, 158, 159, 161, 162, 163, 164, 165, 166, 167, 169, 170, 171, 173, 174, 175, 176, 177, 178, 179, 180, 181, 182, 184, 185, 187, 189, 190, 191, 192, 193, 194, 195, 196, 198, 199, 200, 201, 202, 203, 204, 206, 207, 208, 209, 210, 211, 212, 216, 217, 218, 219, 220, 221, 223, 224, 225, 226, 227, 228, 230, 231, 232, 233, 234, 236, 238, 239, 241, 242, 243, 244, 245, 246, 248, 249, 250, 251, 252, 253, 254, 255, 256, 257, 258, 259, 260, 262, 263, 265, 266, 267, 269, 270, 271, 272, 273, 274, 276, 278, 279, 281, 282, 284, 285, 286, 287, 288, 290, 291, 293, 294, 295, 296]
Linhas de Teste [14, 17, 23, 31, 35, 37, 43, 45, 57, 60, 79, 80, 86, 99, 100, 102, 103, 108, 109, 122, 124, 126, 127, 137, 139, 141, 144, 145, 147, 148, 149, 150, 155, 160, 168, 172, 183, 186, 188, 197, 205, 213, 214, 215, 222, 229, 235, 237, 240, 247, 261, 264, 268, 275, 277, 280, 283, 289, 292]

Rodada 99 / 150  66.0 %
Parâmetros ('EV_CE', 'PRE_CE', 'WAI_CE', 'saz_sin', 'saz_cos')
R2 de Treino = 97.27
R2 de Teste = 96.93
Coeficientes (pesos): [ 48.8256022  -12.6900204   -0.22514537  -6.7667525   -9.99313503
  11.78243424   3.6717532  -11.97564166 -12.48702062 -10.24802005
   0.276141     0.93355841  -2.98080056   2.82858713  -7.6166349
  15.95325211   5.65811677  -3.20575794  10.60949485   3.48965532]
Interceptor (constante): 98.94802394408582


********* Melhor Resultado do Fold ************
Linhas de Treino [0, 1, 2, 3, 4, 5, 6, 7, 8, 10, 12, 13, 14, 15, 16, 17, 20, 22, 23, 24, 25, 26, 27, 30, 31, 32, 33, 34, 35, 36, 37, 39, 42, 43, 44, 45, 47, 48, 49, 50, 51, 52, 53, 54, 55, 57, 58, 60, 61, 62, 63, 66, 67, 68, 69, 70, 71, 73, 74, 76, 78, 79, 80, 81, 82, 84, 85, 86, 87, 89, 90, 91, 92, 93, 94, 96, 97, 98, 99, 100, 101, 102, 103, 104, 106, 108, 109, 110, 111, 112, 113, 114, 115, 116, 117, 118, 119, 120, 121, 122, 124, 125, 126, 127, 128, 130, 131, 132, 133, 134, 135, 136, 137, 138, 139, 140, 141, 142, 144, 145, 146, 147, 148, 149, 150, 152, 153, 155, 156, 157, 160, 162, 164, 166, 167, 168, 169, 171, 172, 173, 174, 176, 177, 179, 182, 183, 185, 186, 187, 188, 189, 190, 191, 192, 195, 196, 197, 199, 201, 202, 203, 204, 205, 206, 208, 209, 210, 211, 212, 213, 214, 215, 216, 217, 218, 219, 220, 221, 222, 223, 226, 227, 228, 229, 230, 231, 232, 233, 234, 235, 237, 238, 239, 240, 242, 243, 244, 246, 247, 248, 249, 250, 251, 252, 253, 254, 255, 256, 257, 258, 260, 261, 262, 263, 264, 266, 267, 268, 269, 270, 272, 273, 274, 275, 276, 277, 278, 280, 283, 286, 287, 288, 289, 290, 291, 292, 294, 295]
Linhas de Teste [9, 11, 18, 19, 21, 28, 29, 38, 40, 41, 46, 56, 59, 64, 65, 72, 75, 77, 83, 88, 95, 105, 107, 123, 129, 143, 151, 154, 158, 159, 161, 163, 165, 170, 175, 178, 180, 181, 184, 193, 194, 198, 200, 207, 224, 225, 236, 241, 245, 259, 265, 271, 279, 281, 282, 284, 285, 293, 296]

Rodada 100 / 150  66.67 %
Parâmetros ('EV_CE', 'PRE_CE', 'WAI_CE', 'saz_sin', 'saz_cos')
R2 de Treino = 97.24
R2 de Teste = 96.67
Coeficientes (pesos): [ 50.64729954 -13.94573141  -2.23171601  -6.49268545  -9.54130913
  11.69734567   5.53784642 -13.23398887 -14.99262138 -11.78572308
   1.44752778  -1.16382541  -2.97367468   1.96251659  -5.69771217
  17.97631954   7.74961158  -2.9675764   11.01004486   3.71948555]
Interceptor (constante): 99.07529872782054


********* Melhor Resultado do Fold ************
Linhas de Treino [0, 1, 2, 3, 5, 7, 8, 9, 10, 11, 12, 14, 15, 16, 17, 18, 19, 21, 22, 23, 24, 25, 26, 27, 28, 29, 30, 31, 32, 34, 35, 37, 38, 40, 41, 42, 43, 44, 45, 46, 47, 49, 50, 52, 54, 55, 56, 58, 59, 61, 62, 65, 66, 67, 68, 69, 70, 71, 73, 75, 76, 77, 79, 80, 82, 83, 84, 85, 86, 88, 89, 91, 92, 93, 94, 97, 98, 100, 101, 102, 103, 104, 105, 106, 107, 109, 110, 111, 112, 113, 116, 117, 118, 119, 121, 122, 126, 127, 128, 130, 131, 133, 134, 135, 136, 137, 138, 139, 141, 142, 143, 145, 146, 147, 148, 149, 150, 151, 152, 154, 155, 156, 157, 159, 160, 161, 162, 163, 164, 165, 166, 167, 168, 169, 170, 171, 172, 173, 174, 175, 176, 177, 179, 180, 181, 183, 184, 185, 186, 187, 188, 189, 191, 192, 194, 195, 196, 197, 198, 199, 200, 201, 202, 203, 204, 206, 207, 209, 210, 212, 214, 216, 217, 219, 220, 221, 222, 223, 224, 225, 227, 228, 229, 230, 232, 234, 235, 236, 237, 238, 241, 242, 243, 244, 245, 247, 248, 249, 250, 251, 252, 254, 255, 256, 257, 258, 259, 260, 262, 263, 264, 265, 266, 268, 270, 271, 272, 273, 274, 275, 276, 277, 279, 280, 281, 282, 283, 284, 285, 286, 287, 290, 291, 292, 293, 294, 295]
Linhas de Teste [4, 6, 13, 20, 33, 36, 39, 48, 51, 53, 57, 60, 63, 64, 72, 74, 78, 81, 87, 90, 95, 96, 99, 108, 114, 115, 120, 123, 124, 125, 129, 132, 140, 144, 153, 158, 178, 182, 190, 193, 205, 208, 211, 213, 215, 218, 226, 231, 233, 239, 240, 246, 253, 261, 267, 269, 278, 288, 289, 296]

Rodada 101 / 150  67.33 %
Parâmetros ('EV_CE', 'PRE_CE', 'WAI_CE', 'saz_sin', 'saz_cos')
R2 de Treino = 97.14
R2 de Teste = 97.57
Coeficientes (pesos): [ 50.50081276 -12.04711828  -1.55027242  -7.41067617 -11.19369215
  10.31165681   3.02731026 -14.914005    -9.09342636  -7.13428907
  -0.0623882    1.19100159  -2.13839384   2.32377578  -4.06284537
  13.83849252   4.62015779  -4.50858244   9.35942209   2.95490539]
Interceptor (constante): 98.32317267083462


********* Melhor Resultado do Fold ************
Linhas de Treino [0, 1, 2, 3, 4, 5, 6, 7, 8, 9, 10, 11, 13, 14, 15, 16, 17, 18, 20, 21, 24, 28, 29, 30, 31, 32, 33, 34, 36, 37, 38, 39, 41, 43, 44, 46, 48, 51, 52, 53, 54, 57, 59, 60, 63, 64, 65, 66, 67, 69, 70, 71, 72, 73, 74, 75, 76, 77, 78, 79, 81, 82, 83, 84, 85, 86, 87, 89, 90, 91, 92, 93, 94, 95, 96, 97, 99, 100, 101, 106, 107, 108, 109, 110, 112, 114, 115, 116, 117, 118, 120, 121, 122, 123, 124, 125, 126, 129, 130, 131, 132, 133, 134, 135, 136, 137, 138, 139, 140, 141, 143, 144, 145, 146, 148, 149, 151, 152, 153, 154, 155, 156, 157, 158, 159, 160, 163, 164, 165, 166, 167, 168, 169, 170, 171, 172, 175, 176, 177, 178, 179, 180, 181, 182, 184, 185, 186, 187, 188, 189, 190, 191, 192, 193, 194, 195, 196, 198, 199, 200, 201, 202, 203, 204, 205, 208, 209, 211, 212, 213, 214, 215, 216, 217, 218, 219, 220, 221, 222, 224, 226, 228, 229, 231, 232, 233, 234, 235, 236, 237, 239, 240, 241, 242, 243, 244, 246, 247, 248, 249, 250, 251, 252, 253, 254, 256, 257, 259, 261, 263, 264, 265, 266, 267, 268, 269, 270, 271, 273, 274, 275, 277, 278, 279, 280, 281, 283, 284, 285, 286, 287, 288, 289, 290, 291, 292, 296]
Linhas de Teste [12, 19, 22, 23, 25, 26, 27, 35, 40, 42, 45, 47, 49, 50, 55, 56, 58, 61, 62, 68, 80, 88, 98, 102, 103, 104, 105, 111, 113, 119, 127, 128, 142, 147, 150, 161, 162, 173, 174, 183, 197, 206, 207, 210, 223, 225, 227, 230, 238, 245, 255, 258, 260, 262, 272, 276, 282, 293, 294, 295]

Rodada 102 / 150  68.0 %
Parâmetros ('EV_CE', 'PRE_CE', 'WAI_CE', 'saz_sin', 'saz_cos')
R2 de Treino = 97.32
R2 de Teste = 96.6
Coeficientes (pesos): [ 48.65158163 -13.58722591   0.66028956  -6.46142814  -8.83559594
  10.42248737   7.07974133 -13.45398341 -12.5108365   -9.55558233
   1.28386778  -2.24912168  -3.78086839   1.89131382  -5.98169033
  16.78154832   5.48518362  -2.71748181  11.456941     3.79299429]
Interceptor (constante): 98.98865543805539


********* Melhor Resultado do Fold ************
Linhas de Treino [0, 1, 2, 3, 4, 6, 7, 10, 11, 12, 13, 14, 15, 16, 17, 18, 19, 20, 21, 22, 23, 24, 25, 26, 27, 28, 29, 30, 31, 32, 33, 35, 36, 38, 39, 40, 42, 43, 45, 46, 47, 48, 49, 50, 51, 53, 54, 55, 56, 57, 58, 60, 61, 62, 63, 64, 65, 67, 68, 69, 70, 72, 74, 75, 78, 80, 81, 84, 85, 86, 87, 88, 89, 90, 92, 93, 94, 95, 96, 97, 98, 99, 100, 102, 103, 104, 105, 107, 108, 111, 112, 113, 114, 115, 116, 117, 119, 120, 121, 122, 123, 124, 125, 126, 127, 128, 129, 131, 132, 133, 134, 136, 137, 140, 141, 142, 143, 144, 145, 147, 148, 150, 151, 153, 154, 155, 157, 158, 160, 161, 162, 164, 165, 166, 168, 169, 170, 171, 173, 174, 177, 178, 179, 180, 181, 182, 183, 184, 185, 186, 187, 188, 189, 190, 193, 195, 197, 198, 199, 200, 201, 202, 205, 206, 207, 208, 209, 210, 211, 212, 213, 215, 217, 218, 219, 221, 223, 224, 225, 226, 227, 228, 229, 230, 231, 232, 233, 235, 236, 237, 238, 239, 240, 243, 244, 245, 246, 248, 249, 250, 252, 253, 254, 255, 256, 257, 258, 259, 260, 261, 262, 263, 266, 267, 268, 269, 270, 271, 272, 275, 276, 277, 278, 279, 282, 284, 285, 286, 287, 288, 289, 290, 291, 292, 293, 294, 295, 296]
Linhas de Teste [5, 8, 9, 34, 37, 41, 44, 52, 59, 66, 71, 73, 76, 77, 79, 82, 83, 91, 101, 106, 109, 110, 118, 130, 135, 138, 139, 146, 149, 152, 156, 159, 163, 167, 172, 175, 176, 191, 192, 194, 196, 203, 204, 214, 216, 220, 222, 234, 241, 242, 247, 251, 264, 265, 273, 274, 280, 281, 283]

Rodada 103 / 150  68.67 %
Parâmetros ('EV_CE', 'PRE_CE', 'WAI_CE', 'saz_sin', 'saz_cos')
R2 de Treino = 97.14
R2 de Teste = 97.16
Coeficientes (pesos): [ 51.35034236 -14.19650832  -2.14979361  -6.99475797  -9.70980439
   8.74237037   9.54234423 -14.98636414  -9.86773631 -10.36096367
   2.25034878  -4.41106752  -4.7350178    0.4148294   -3.407191
  16.3470626    7.15752604  -3.86384273  10.78831882   3.95931089]
Interceptor (constante): 97.55875368929597


********* Melhor Resultado do Fold ************
Linhas de Treino [0, 3, 4, 5, 6, 7, 8, 9, 12, 13, 15, 16, 17, 18, 19, 20, 22, 23, 25, 26, 27, 29, 30, 31, 33, 34, 35, 36, 37, 38, 39, 40, 41, 42, 43, 44, 45, 46, 47, 48, 49, 50, 51, 52, 53, 55, 56, 57, 58, 59, 60, 61, 62, 63, 64, 65, 66, 68, 69, 70, 71, 72, 73, 74, 76, 77, 78, 79, 80, 81, 82, 83, 85, 86, 87, 88, 89, 90, 91, 95, 96, 98, 99, 101, 102, 103, 104, 105, 106, 107, 108, 109, 110, 111, 113, 114, 115, 118, 119, 120, 122, 123, 124, 125, 126, 127, 128, 129, 130, 131, 132, 133, 135, 137, 138, 139, 140, 142, 144, 145, 146, 147, 149, 150, 151, 152, 153, 155, 156, 157, 158, 159, 160, 161, 162, 163, 167, 168, 172, 173, 174, 175, 176, 177, 178, 180, 182, 183, 185, 186, 187, 188, 190, 191, 192, 193, 194, 196, 197, 198, 199, 202, 203, 204, 205, 206, 207, 208, 209, 210, 211, 213, 214, 215, 216, 217, 218, 220, 221, 222, 223, 225, 226, 227, 229, 230, 231, 233, 234, 235, 236, 238, 239, 240, 241, 242, 243, 245, 246, 247, 248, 250, 251, 252, 253, 254, 255, 256, 258, 259, 260, 261, 262, 264, 265, 266, 267, 269, 272, 273, 274, 276, 278, 279, 280, 281, 282, 283, 284, 285, 287, 288, 289, 291, 293, 294, 295, 296]
Linhas de Teste [1, 2, 10, 11, 14, 21, 24, 28, 32, 54, 67, 75, 84, 92, 93, 94, 97, 100, 112, 116, 117, 121, 134, 136, 141, 143, 148, 154, 164, 165, 166, 169, 170, 171, 179, 181, 184, 189, 195, 200, 201, 212, 219, 224, 228, 232, 237, 244, 249, 257, 263, 268, 270, 271, 275, 277, 286, 290, 292]

Rodada 104 / 150  69.33 %
Parâmetros ('EV_CE', 'PRE_CE', 'WAI_CE', 'saz_sin', 'saz_cos')
R2 de Treino = 97.14
R2 de Teste = 96.64
Coeficientes (pesos): [ 48.6580225  -14.36122969   1.21234662  -7.25769341  -9.83023591
  11.45479813   6.74789555 -10.76409268 -11.24263238 -11.77202168
   1.20076102  -1.64905968  -3.32202528   1.85955402  -8.11455936
  15.01837007   7.05965739  -4.063866    10.59672138   3.13456072]
Interceptor (constante): 101.08675537940721


********* Melhor Resultado do Fold ************
Linhas de Treino [1, 2, 4, 5, 6, 8, 9, 10, 11, 12, 13, 14, 19, 20, 21, 22, 23, 24, 25, 26, 27, 28, 32, 33, 34, 35, 36, 37, 39, 40, 41, 42, 44, 45, 47, 48, 49, 50, 51, 52, 53, 54, 55, 56, 57, 58, 59, 60, 61, 62, 63, 64, 66, 67, 68, 71, 72, 73, 74, 75, 76, 77, 78, 79, 80, 81, 82, 83, 84, 87, 88, 90, 91, 92, 93, 94, 95, 96, 97, 98, 99, 100, 101, 102, 103, 104, 105, 106, 108, 109, 110, 111, 112, 113, 114, 115, 116, 117, 118, 119, 120, 121, 123, 124, 125, 127, 128, 129, 130, 132, 134, 135, 136, 138, 139, 140, 141, 142, 143, 144, 146, 147, 148, 149, 150, 152, 153, 154, 156, 158, 159, 161, 162, 163, 164, 165, 166, 167, 169, 170, 171, 172, 173, 174, 175, 176, 178, 179, 181, 182, 183, 184, 189, 190, 191, 192, 193, 194, 195, 196, 197, 200, 201, 203, 204, 205, 206, 207, 208, 210, 211, 212, 213, 214, 215, 216, 218, 219, 220, 222, 223, 224, 225, 226, 227, 228, 230, 231, 232, 233, 234, 237, 238, 239, 240, 241, 242, 244, 245, 246, 247, 249, 251, 253, 255, 257, 258, 260, 261, 262, 263, 264, 265, 267, 268, 269, 270, 271, 272, 273, 274, 275, 276, 277, 278, 280, 281, 282, 283, 286, 288, 289, 290, 292, 293, 294, 295, 296]
Linhas de Teste [0, 3, 7, 15, 16, 17, 18, 29, 30, 31, 38, 43, 46, 65, 69, 70, 85, 86, 89, 107, 122, 126, 131, 133, 137, 145, 151, 155, 157, 160, 168, 177, 180, 185, 186, 187, 188, 198, 199, 202, 209, 217, 221, 229, 235, 236, 243, 248, 250, 252, 254, 256, 259, 266, 279, 284, 285, 287, 291]

Rodada 105 / 150  70.0 %
Parâmetros ('EV_CE', 'PRE_CE', 'WAI_CE', 'saz_sin', 'saz_cos')
R2 de Treino = 97.48
R2 de Teste = 95.68
Coeficientes (pesos): [ 50.85096077 -11.58122594  -4.16321402  -6.11899086 -10.6202334
   9.01372562   2.5364803  -11.35275033 -11.27996535  -9.1433447
   1.33705591  -1.22860036  -1.94097607   1.40411926  -3.79560919
  15.06171836   7.49365115  -3.41988477   9.63996807   4.00986878]
Interceptor (constante): 98.24832314731283


********* Melhor Resultado do Fold ************
Linhas de Treino [0, 1, 2, 3, 4, 5, 6, 7, 8, 9, 10, 11, 12, 13, 14, 15, 16, 17, 18, 19, 20, 22, 23, 24, 25, 26, 27, 28, 29, 30, 33, 34, 35, 36, 37, 38, 39, 41, 44, 45, 47, 48, 49, 50, 51, 53, 54, 55, 57, 58, 59, 60, 61, 62, 63, 66, 67, 68, 69, 70, 71, 72, 73, 74, 76, 77, 78, 79, 80, 81, 82, 83, 84, 86, 87, 88, 89, 90, 91, 92, 94, 95, 96, 98, 99, 100, 101, 102, 103, 104, 105, 106, 107, 108, 109, 110, 111, 113, 116, 117, 118, 119, 120, 121, 122, 124, 125, 127, 128, 129, 131, 133, 134, 135, 136, 137, 138, 139, 140, 141, 142, 143, 144, 145, 146, 147, 149, 150, 151, 152, 153, 155, 156, 157, 159, 161, 163, 164, 165, 167, 169, 174, 175, 176, 179, 181, 182, 183, 185, 187, 189, 190, 192, 194, 195, 197, 198, 199, 200, 201, 202, 203, 204, 206, 207, 208, 210, 211, 212, 214, 216, 217, 218, 219, 220, 221, 222, 224, 225, 226, 228, 229, 230, 231, 232, 234, 235, 236, 237, 238, 240, 242, 243, 244, 245, 246, 247, 248, 249, 251, 252, 253, 254, 255, 256, 257, 258, 259, 260, 261, 262, 263, 266, 267, 268, 269, 270, 271, 272, 273, 275, 276, 277, 278, 279, 280, 281, 282, 283, 286, 287, 288, 290, 291, 294, 295, 296]
Linhas de Teste [21, 31, 32, 40, 42, 43, 46, 52, 56, 64, 65, 75, 85, 93, 97, 112, 114, 115, 123, 126, 130, 132, 148, 154, 158, 160, 162, 166, 168, 170, 171, 172, 173, 177, 178, 180, 184, 186, 188, 191, 193, 196, 205, 209, 213, 215, 223, 227, 233, 239, 241, 250, 264, 265, 274, 284, 285, 289, 292, 293]

Rodada 106 / 150  70.67 %
Parâmetros ('EV_CE', 'PRE_CE', 'WAI_CE', 'saz_sin', 'saz_cos')
R2 de Treino = 97.11
R2 de Teste = 97.2
Coeficientes (pesos): [ 49.28746126 -13.45074169   0.09435658  -7.10192953  -9.62501451
  13.58863258   4.81938896 -16.03908867 -15.17900461 -11.55198554
   1.45021715  -1.36334974  -2.97968434   1.91335624  -5.57536184
  19.37180461   7.94981128  -3.10383989  10.51777056   3.39289784]
Interceptor (constante): 97.6220115850626


********* Melhor Resultado do Fold ************
Linhas de Treino [0, 1, 3, 4, 6, 7, 8, 9, 10, 11, 12, 13, 14, 15, 17, 18, 19, 20, 21, 22, 24, 27, 29, 30, 31, 32, 33, 34, 36, 37, 38, 39, 40, 41, 42, 43, 44, 46, 47, 48, 49, 51, 52, 55, 56, 57, 58, 59, 61, 63, 64, 65, 66, 67, 68, 69, 72, 73, 74, 75, 76, 78, 79, 81, 82, 83, 84, 85, 87, 88, 89, 91, 92, 93, 94, 95, 97, 98, 99, 100, 101, 102, 103, 104, 105, 108, 109, 110, 111, 112, 114, 115, 116, 117, 118, 119, 120, 121, 123, 124, 125, 126, 127, 128, 129, 130, 131, 132, 133, 134, 136, 137, 140, 141, 142, 143, 145, 146, 147, 148, 150, 151, 152, 153, 154, 155, 156, 158, 160, 161, 162, 163, 165, 166, 167, 168, 169, 170, 171, 172, 173, 174, 176, 177, 178, 180, 181, 182, 183, 184, 185, 186, 187, 188, 189, 190, 191, 192, 193, 195, 196, 197, 198, 200, 201, 202, 205, 206, 207, 209, 210, 211, 212, 213, 215, 217, 219, 220, 222, 223, 224, 225, 227, 229, 230, 232, 233, 234, 235, 236, 237, 238, 239, 240, 241, 242, 243, 244, 245, 247, 248, 249, 250, 251, 253, 254, 256, 258, 259, 260, 262, 263, 264, 265, 266, 268, 270, 272, 273, 274, 275, 278, 279, 282, 284, 285, 286, 287, 288, 289, 290, 291, 292, 293, 294, 295, 296]
Linhas de Teste [2, 5, 16, 23, 25, 26, 28, 35, 45, 50, 53, 54, 60, 62, 70, 71, 77, 80, 86, 90, 96, 106, 107, 113, 122, 135, 138, 139, 144, 149, 157, 159, 164, 175, 179, 194, 199, 203, 204, 208, 214, 216, 218, 221, 226, 228, 231, 246, 252, 255, 257, 261, 267, 269, 271, 276, 277, 280, 281, 283]

Rodada 107 / 150  71.33 %
Parâmetros ('EV_CE', 'PRE_CE', 'WAI_CE', 'saz_sin', 'saz_cos')
R2 de Treino = 97.39
R2 de Teste = 96.0
Coeficientes (pesos): [ 52.27499726 -12.26483384  -2.76809568  -6.86397745 -11.13181693
   9.13301246   6.48470012 -13.19593027  -9.63397974 -10.87510803
   1.32900178  -1.91156174  -3.80430528   0.48208076  -4.79956707
  15.15645728   7.09538824  -4.63762003  10.99964039   4.28043956]
Interceptor (constante): 98.10379499205234


********* Melhor Resultado do Fold ************
Linhas de Treino [0, 1, 2, 3, 4, 5, 7, 8, 9, 12, 14, 15, 16, 17, 18, 19, 20, 21, 23, 24, 25, 26, 27, 28, 29, 30, 31, 32, 33, 34, 35, 37, 38, 40, 41, 42, 43, 44, 45, 46, 47, 49, 50, 51, 52, 53, 54, 56, 57, 60, 62, 64, 65, 66, 68, 69, 70, 71, 72, 73, 74, 75, 76, 77, 78, 79, 80, 85, 86, 87, 88, 89, 90, 91, 92, 93, 94, 95, 96, 97, 98, 100, 103, 104, 106, 107, 108, 109, 110, 111, 112, 113, 114, 115, 116, 120, 121, 122, 123, 124, 125, 126, 128, 130, 131, 132, 133, 134, 135, 136, 138, 139, 141, 142, 143, 144, 145, 146, 147, 148, 149, 150, 151, 152, 153, 154, 157, 158, 159, 160, 161, 162, 164, 166, 167, 168, 169, 170, 171, 172, 173, 175, 176, 177, 178, 179, 180, 181, 182, 184, 186, 187, 188, 189, 190, 191, 193, 194, 196, 199, 203, 204, 205, 206, 207, 208, 209, 210, 213, 214, 215, 216, 218, 220, 221, 222, 223, 224, 225, 226, 227, 228, 229, 231, 232, 233, 234, 235, 236, 239, 240, 241, 242, 243, 244, 245, 246, 247, 248, 249, 250, 252, 253, 254, 255, 257, 258, 261, 263, 264, 265, 266, 267, 268, 269, 271, 273, 274, 275, 276, 277, 279, 280, 281, 283, 284, 285, 286, 287, 288, 289, 290, 291, 292, 293, 294, 295, 296]
Linhas de Teste [6, 10, 11, 13, 22, 36, 39, 48, 55, 58, 59, 61, 63, 67, 81, 82, 83, 84, 99, 101, 102, 105, 117, 118, 119, 127, 129, 137, 140, 155, 156, 163, 165, 174, 183, 185, 192, 195, 197, 198, 200, 201, 202, 211, 212, 217, 219, 230, 237, 238, 251, 256, 259, 260, 262, 270, 272, 278, 282]

Rodada 108 / 150  72.0 %
Parâmetros ('EV_CE', 'PRE_CE', 'WAI_CE', 'saz_sin', 'saz_cos')
R2 de Treino = 97.5
R2 de Teste = 95.62
Coeficientes (pesos): [ 49.11036405 -13.72568426   1.73876581  -8.47145507  -9.58315578
   7.41925708   5.55033233 -10.76001961  -7.11718742  -6.49959691
   1.27182528  -2.10539462  -1.93356147   1.34227847  -5.65236748
  11.51144485   5.23920486  -2.63440249   8.43768471   2.92693701]
Interceptor (constante): 100.44072970757668


********* Melhor Resultado do Fold ************
Linhas de Treino [0, 2, 5, 6, 10, 11, 13, 15, 16, 18, 20, 21, 22, 23, 24, 25, 26, 27, 28, 31, 32, 34, 35, 36, 37, 39, 40, 41, 42, 43, 45, 46, 48, 49, 50, 52, 53, 54, 55, 56, 57, 58, 59, 60, 61, 62, 63, 64, 65, 67, 70, 71, 72, 74, 75, 76, 77, 80, 81, 82, 83, 84, 85, 86, 87, 88, 89, 90, 91, 93, 96, 97, 99, 100, 101, 102, 105, 106, 107, 108, 111, 112, 113, 114, 115, 116, 117, 118, 119, 122, 123, 125, 126, 127, 128, 129, 130, 132, 133, 134, 135, 136, 137, 138, 139, 140, 141, 143, 144, 145, 146, 147, 148, 149, 150, 151, 152, 154, 155, 156, 157, 158, 159, 160, 162, 163, 164, 165, 166, 167, 168, 169, 170, 171, 172, 173, 174, 175, 176, 177, 178, 179, 180, 181, 183, 184, 185, 186, 188, 189, 191, 192, 193, 194, 195, 196, 197, 198, 199, 200, 201, 202, 203, 204, 205, 208, 209, 210, 211, 212, 213, 214, 215, 216, 217, 218, 219, 220, 221, 223, 224, 225, 226, 227, 228, 230, 231, 233, 234, 236, 237, 238, 239, 240, 241, 242, 244, 245, 246, 248, 249, 250, 251, 252, 254, 255, 256, 257, 258, 259, 260, 261, 262, 264, 265, 266, 267, 269, 270, 271, 272, 274, 275, 276, 277, 278, 280, 281, 282, 283, 284, 285, 286, 289, 291, 292, 293, 295]
Linhas de Teste [1, 3, 4, 7, 8, 9, 12, 14, 17, 19, 29, 30, 33, 38, 44, 47, 51, 66, 68, 69, 73, 78, 79, 92, 94, 95, 98, 103, 104, 109, 110, 120, 121, 124, 131, 142, 153, 161, 182, 187, 190, 206, 207, 222, 229, 232, 235, 243, 247, 253, 263, 268, 273, 279, 287, 288, 290, 294, 296]

Rodada 109 / 150  72.67 %
Parâmetros ('EV_CE', 'PRE_CE', 'WAI_CE', 'saz_sin', 'saz_cos')
R2 de Treino = 97.23
R2 de Teste = 96.52
Coeficientes (pesos): [ 49.73499568 -13.84029786  -2.20982581  -6.02523288  -9.45033468
   7.51376691   5.34995727 -10.79017088  -7.07018175  -7.15146452
   1.09797767  -1.55777692  -2.42088815   2.31475669  -3.93452597
  11.22657691   4.49724081  -3.79493804   9.38361673   3.52580314]
Interceptor (constante): 98.5071950923252


********* Melhor Resultado do Fold ************
Linhas de Treino [1, 2, 3, 4, 5, 6, 7, 8, 9, 10, 11, 12, 13, 14, 16, 17, 19, 21, 22, 23, 25, 26, 28, 29, 30, 31, 32, 33, 35, 36, 38, 39, 40, 42, 43, 44, 45, 46, 47, 48, 50, 51, 52, 53, 54, 55, 56, 58, 59, 60, 61, 62, 63, 64, 65, 66, 67, 68, 69, 70, 71, 73, 75, 77, 78, 79, 80, 81, 82, 83, 84, 85, 86, 90, 92, 93, 94, 95, 96, 97, 98, 99, 101, 102, 103, 104, 105, 106, 107, 109, 110, 112, 113, 114, 115, 117, 118, 119, 120, 121, 122, 123, 124, 126, 127, 129, 130, 131, 132, 135, 137, 138, 139, 140, 142, 144, 148, 149, 153, 154, 155, 156, 157, 158, 159, 160, 161, 162, 163, 164, 165, 166, 168, 170, 171, 172, 173, 174, 175, 177, 178, 179, 180, 182, 183, 184, 185, 186, 187, 188, 190, 191, 192, 193, 194, 195, 196, 197, 198, 199, 200, 201, 202, 203, 204, 205, 206, 207, 208, 209, 211, 212, 213, 214, 215, 216, 217, 218, 219, 221, 222, 223, 226, 227, 228, 229, 230, 231, 232, 233, 235, 237, 238, 239, 241, 243, 246, 247, 250, 251, 252, 253, 255, 256, 257, 259, 260, 261, 262, 263, 264, 265, 267, 268, 269, 270, 271, 272, 273, 274, 276, 277, 278, 279, 280, 281, 282, 283, 284, 285, 287, 288, 289, 290, 292, 293, 294, 296]
Linhas de Teste [0, 15, 18, 20, 24, 27, 34, 37, 41, 49, 57, 72, 74, 76, 87, 88, 89, 91, 100, 108, 111, 116, 125, 128, 133, 134, 136, 141, 143, 145, 146, 147, 150, 151, 152, 167, 169, 176, 181, 189, 210, 220, 224, 225, 234, 236, 240, 242, 244, 245, 248, 249, 254, 258, 266, 275, 286, 291, 295]

Rodada 110 / 150  73.33 %
Parâmetros ('EV_CE', 'PRE_CE', 'WAI_CE', 'saz_sin', 'saz_cos')
R2 de Treino = 96.99
R2 de Teste = 97.62
Coeficientes (pesos): [ 49.47240632 -12.22690943  -2.38664925  -6.08793611 -10.59087234
  12.33377181   8.07252145 -14.62543304 -15.1626307  -12.59561475
   1.13241476  -3.39124406  -4.47815363   1.59675066  -4.89059899
  18.68604226   7.72123075  -3.8425702   12.71570831   3.6135179 ]
Interceptor (constante): 99.54289605389602


********* Melhor Resultado do Fold ************
Linhas de Treino [0, 1, 2, 5, 6, 8, 9, 11, 12, 13, 15, 16, 17, 18, 19, 20, 21, 22, 23, 25, 26, 27, 28, 29, 30, 31, 33, 34, 35, 37, 38, 39, 40, 41, 42, 43, 44, 45, 48, 49, 51, 53, 54, 55, 56, 57, 58, 59, 60, 61, 62, 63, 64, 66, 67, 68, 69, 70, 71, 73, 74, 75, 76, 77, 78, 79, 80, 81, 82, 83, 84, 85, 86, 88, 89, 90, 92, 93, 95, 96, 97, 98, 99, 100, 102, 103, 104, 105, 106, 107, 109, 110, 111, 112, 113, 114, 116, 117, 118, 119, 120, 121, 122, 124, 125, 127, 128, 129, 130, 131, 132, 134, 135, 136, 140, 141, 142, 143, 144, 145, 146, 147, 148, 149, 150, 152, 153, 154, 156, 157, 160, 161, 164, 165, 166, 167, 168, 169, 170, 173, 174, 175, 176, 178, 181, 182, 183, 184, 187, 188, 190, 192, 193, 195, 196, 197, 199, 200, 201, 203, 204, 205, 206, 207, 208, 210, 212, 213, 214, 215, 216, 217, 218, 219, 220, 221, 222, 223, 224, 226, 227, 228, 229, 231, 233, 234, 235, 237, 238, 239, 240, 241, 243, 244, 245, 246, 248, 249, 250, 251, 254, 256, 257, 258, 259, 261, 262, 263, 264, 265, 266, 267, 268, 269, 270, 271, 272, 273, 275, 276, 277, 278, 279, 280, 281, 282, 284, 285, 286, 287, 288, 289, 291, 293, 294, 295, 296]
Linhas de Teste [3, 4, 7, 10, 14, 24, 32, 36, 46, 47, 50, 52, 65, 72, 87, 91, 94, 101, 108, 115, 123, 126, 133, 137, 138, 139, 151, 155, 158, 159, 162, 163, 171, 172, 177, 179, 180, 185, 186, 189, 191, 194, 198, 202, 209, 211, 225, 230, 232, 236, 242, 247, 252, 253, 255, 260, 274, 283, 290, 292]

Rodada 111 / 150  74.0 %
Parâmetros ('EV_CE', 'PRE_CE', 'WAI_CE', 'saz_sin', 'saz_cos')
R2 de Treino = 97.26
R2 de Teste = 96.82
Coeficientes (pesos): [ 50.38640872 -12.38537066  -1.91942751  -6.26976896 -10.18473594
  11.19185306   3.73187429 -11.72237717 -14.75625578 -10.56477058
   1.68706801  -1.20609836  -2.59262551   1.19660463  -5.94965339
  17.15779199   7.19064872  -3.16027374  11.13417576   3.53611797]
Interceptor (constante): 99.78352504050818


********* Melhor Resultado do Fold ************
Linhas de Treino [0, 1, 3, 4, 6, 7, 8, 9, 10, 11, 12, 14, 15, 16, 17, 18, 19, 20, 21, 22, 23, 24, 25, 27, 28, 29, 30, 31, 32, 33, 34, 36, 37, 38, 39, 41, 45, 46, 47, 48, 49, 50, 51, 52, 53, 55, 56, 57, 58, 59, 60, 61, 62, 64, 65, 66, 67, 68, 69, 70, 71, 72, 73, 75, 77, 78, 79, 80, 81, 82, 84, 86, 87, 88, 91, 92, 93, 94, 95, 96, 97, 98, 99, 100, 101, 104, 105, 106, 107, 108, 109, 111, 112, 113, 115, 118, 120, 121, 122, 123, 124, 125, 126, 127, 128, 129, 131, 133, 134, 135, 137, 138, 139, 141, 145, 146, 147, 148, 150, 151, 153, 154, 155, 156, 157, 158, 159, 160, 161, 162, 163, 164, 165, 168, 169, 170, 171, 172, 174, 176, 177, 178, 179, 180, 181, 182, 183, 184, 185, 186, 187, 188, 189, 190, 191, 192, 193, 194, 195, 196, 197, 198, 199, 200, 201, 202, 204, 205, 206, 207, 208, 209, 211, 213, 214, 215, 219, 220, 221, 222, 223, 224, 225, 227, 228, 230, 231, 232, 233, 235, 236, 237, 238, 239, 240, 241, 242, 244, 245, 246, 247, 248, 250, 251, 252, 253, 255, 256, 258, 259, 260, 261, 264, 265, 267, 270, 271, 272, 273, 274, 276, 277, 278, 280, 281, 282, 283, 285, 286, 287, 288, 289, 290, 291, 292, 294, 296]
Linhas de Teste [2, 5, 13, 26, 35, 40, 42, 43, 44, 54, 63, 74, 76, 83, 85, 89, 90, 102, 103, 110, 114, 116, 117, 119, 130, 132, 136, 140, 142, 143, 144, 149, 152, 166, 167, 173, 175, 203, 210, 212, 216, 217, 218, 226, 229, 234, 243, 249, 254, 257, 262, 263, 266, 268, 269, 275, 279, 284, 293, 295]

Rodada 112 / 150  74.67 %
Parâmetros ('EV_CE', 'PRE_CE', 'WAI_CE', 'saz_sin', 'saz_cos')
R2 de Treino = 97.33
R2 de Teste = 96.48
Coeficientes (pesos): [ 50.18850669 -13.48763337  -0.57219242  -6.73771227  -9.43286519
  11.22036657   8.91918639 -14.93943364 -14.04370568 -10.86850946
   1.88467676  -4.43867842  -4.40491102   0.70714528  -4.79011906
  19.27361858   7.09144259  -3.57161566  11.25001587   3.89314967]
Interceptor (constante): 98.14095293563189


********* Melhor Resultado do Fold ************
Linhas de Treino [0, 2, 3, 4, 5, 6, 7, 8, 10, 12, 13, 14, 15, 17, 19, 21, 23, 24, 26, 27, 28, 29, 31, 32, 33, 35, 36, 38, 39, 40, 41, 42, 43, 44, 46, 47, 48, 50, 51, 52, 54, 55, 57, 58, 59, 61, 62, 63, 64, 65, 66, 67, 68, 69, 70, 71, 72, 74, 75, 76, 77, 78, 80, 81, 82, 83, 84, 85, 86, 87, 88, 89, 90, 91, 92, 93, 94, 96, 97, 98, 99, 101, 102, 103, 104, 105, 106, 108, 110, 112, 113, 114, 115, 116, 117, 119, 121, 123, 124, 126, 127, 129, 130, 131, 132, 133, 136, 137, 138, 139, 140, 142, 143, 144, 145, 147, 148, 149, 150, 151, 152, 154, 155, 156, 158, 159, 160, 161, 162, 163, 164, 165, 166, 167, 169, 170, 171, 172, 173, 174, 175, 177, 178, 179, 180, 181, 182, 183, 184, 185, 186, 187, 188, 189, 191, 192, 193, 194, 195, 196, 198, 199, 200, 202, 203, 204, 207, 208, 209, 210, 211, 212, 213, 215, 216, 217, 218, 221, 223, 225, 226, 227, 228, 229, 230, 231, 232, 233, 234, 235, 236, 237, 240, 241, 242, 243, 244, 246, 247, 249, 250, 251, 252, 253, 254, 255, 256, 257, 259, 260, 261, 262, 263, 264, 265, 266, 268, 269, 271, 272, 273, 274, 275, 276, 279, 282, 283, 284, 285, 286, 288, 290, 291, 292, 293, 294, 295, 296]
Linhas de Teste [1, 9, 11, 16, 18, 20, 22, 25, 30, 34, 37, 45, 49, 53, 56, 60, 73, 79, 95, 100, 107, 109, 111, 118, 120, 122, 125, 128, 134, 135, 141, 146, 153, 157, 168, 176, 190, 197, 201, 205, 206, 214, 219, 220, 222, 224, 238, 239, 245, 248, 258, 267, 270, 277, 278, 280, 281, 287, 289]

Rodada 113 / 150  75.33 %
Parâmetros ('EV_CE', 'PRE_CE', 'WAI_CE', 'saz_sin', 'saz_cos')
R2 de Treino = 97.23
R2 de Teste = 96.78
Coeficientes (pesos): [ 50.76656355 -13.91362159  -2.11535344  -7.17935872 -10.5211449
  13.06279043   5.77397525 -18.41458174  -9.22900175 -10.17725656
   0.76279122  -1.48571411  -1.72647695   2.53201112  -2.01392962
  12.67570516   6.60316281  -4.44812754   9.43825226   3.28072425]
Interceptor (constante): 98.49905058121655


********* Melhor Resultado do Fold ************
Linhas de Treino [0, 1, 2, 3, 4, 5, 7, 9, 10, 11, 13, 14, 15, 16, 17, 18, 20, 21, 22, 24, 25, 26, 27, 30, 31, 32, 33, 34, 35, 36, 37, 40, 42, 43, 44, 45, 46, 47, 49, 50, 52, 53, 54, 55, 56, 58, 60, 61, 63, 65, 68, 69, 72, 73, 74, 76, 79, 80, 81, 83, 84, 85, 86, 87, 88, 89, 90, 91, 92, 93, 94, 95, 96, 99, 100, 101, 102, 103, 104, 105, 107, 108, 109, 110, 111, 112, 113, 114, 115, 116, 117, 118, 119, 120, 121, 122, 123, 124, 125, 126, 127, 128, 129, 130, 131, 132, 133, 134, 135, 136, 137, 138, 139, 140, 141, 142, 143, 144, 146, 147, 149, 151, 152, 153, 155, 156, 157, 158, 159, 160, 161, 162, 163, 164, 166, 167, 168, 170, 171, 172, 173, 175, 176, 177, 179, 180, 182, 184, 185, 186, 187, 189, 190, 191, 194, 196, 197, 198, 200, 201, 202, 203, 205, 206, 207, 208, 209, 210, 211, 212, 213, 214, 215, 216, 217, 218, 219, 220, 222, 224, 225, 226, 227, 229, 230, 232, 234, 236, 238, 239, 242, 243, 244, 245, 247, 248, 249, 250, 251, 252, 253, 254, 255, 257, 258, 259, 260, 261, 262, 263, 264, 265, 266, 267, 268, 269, 270, 271, 272, 274, 275, 276, 277, 278, 279, 280, 281, 282, 283, 284, 287, 289, 290, 291, 292, 293, 294, 295]
Linhas de Teste [6, 8, 12, 19, 23, 28, 29, 38, 39, 41, 48, 51, 57, 59, 62, 64, 66, 67, 70, 71, 75, 77, 78, 82, 97, 98, 106, 145, 148, 150, 154, 165, 169, 174, 178, 181, 183, 188, 192, 193, 195, 199, 204, 221, 223, 228, 231, 233, 235, 237, 240, 241, 246, 256, 273, 285, 286, 288, 296]

Rodada 114 / 150  76.0 %
Parâmetros ('EV_CE', 'PRE_CE', 'WAI_CE', 'saz_sin', 'saz_cos')
R2 de Treino = 97.05
R2 de Teste = 97.44
Coeficientes (pesos): [ 49.4214772  -13.79836159  -0.47429427  -6.80474408  -9.87050665
   6.69963957   5.10906431  -8.34463206  -8.68095543  -9.745265
   0.87384637   0.08421     -3.60205508   1.56489041  -7.69298349
  14.23191495   6.33030064  -3.90936589  10.69913072   3.68807193]
Interceptor (constante): 98.7192801565442


********* Melhor Resultado do Fold ************
Linhas de Treino [1, 2, 3, 4, 5, 6, 7, 8, 9, 10, 11, 12, 13, 14, 16, 18, 19, 20, 22, 23, 24, 25, 26, 28, 29, 30, 32, 34, 35, 36, 37, 38, 39, 40, 41, 42, 43, 44, 45, 46, 47, 48, 49, 50, 51, 52, 53, 54, 56, 57, 59, 60, 62, 63, 64, 65, 66, 67, 70, 71, 72, 73, 74, 75, 76, 77, 78, 79, 82, 83, 85, 87, 89, 90, 91, 94, 95, 97, 98, 100, 101, 102, 103, 106, 107, 108, 109, 110, 111, 114, 115, 116, 117, 118, 119, 120, 122, 123, 125, 126, 128, 130, 132, 133, 134, 135, 136, 137, 138, 139, 140, 141, 142, 143, 144, 145, 146, 148, 149, 150, 151, 152, 153, 154, 155, 157, 158, 159, 162, 163, 165, 166, 167, 168, 169, 171, 172, 173, 174, 175, 176, 177, 178, 179, 180, 181, 183, 185, 186, 188, 189, 190, 191, 192, 193, 194, 195, 197, 198, 199, 201, 202, 203, 204, 205, 206, 209, 210, 211, 212, 214, 216, 217, 218, 219, 220, 221, 222, 223, 224, 225, 226, 228, 229, 230, 231, 232, 233, 234, 235, 236, 237, 238, 239, 240, 241, 242, 243, 245, 246, 247, 248, 249, 252, 253, 254, 255, 256, 257, 258, 260, 262, 263, 266, 267, 268, 269, 270, 273, 274, 275, 277, 278, 279, 280, 281, 283, 284, 285, 286, 287, 288, 289, 290, 292, 293, 295, 296]
Linhas de Teste [0, 15, 17, 21, 27, 31, 33, 55, 58, 61, 68, 69, 80, 81, 84, 86, 88, 92, 93, 96, 99, 104, 105, 112, 113, 121, 124, 127, 129, 131, 147, 156, 160, 161, 164, 170, 182, 184, 187, 196, 200, 207, 208, 213, 215, 227, 244, 250, 251, 259, 261, 264, 265, 271, 272, 276, 282, 291, 294]

Rodada 115 / 150  76.67 %
Parâmetros ('EV_CE', 'PRE_CE', 'WAI_CE', 'saz_sin', 'saz_cos')
R2 de Treino = 97.4
R2 de Teste = 96.76
Coeficientes (pesos): [ 49.53690434 -12.17567513  -0.74728714  -7.65817173 -10.48380092
   7.5484074    5.66159904 -11.22990753  -8.45315105  -7.03656017
   1.26295241  -2.90283423  -2.78704019   1.82222961  -5.14895604
  13.77283716   5.49796029  -2.99172979   9.25732749   3.15453287]
Interceptor (constante): 99.29291275018242


********* Melhor Resultado do Fold ************
Linhas de Treino [0, 1, 3, 5, 6, 7, 8, 9, 10, 11, 12, 13, 14, 15, 16, 17, 18, 19, 20, 21, 22, 24, 25, 29, 33, 34, 35, 36, 37, 38, 39, 40, 41, 42, 43, 44, 45, 46, 47, 48, 49, 50, 51, 52, 53, 54, 56, 60, 61, 62, 64, 65, 66, 67, 68, 70, 71, 72, 73, 75, 77, 78, 79, 80, 81, 82, 83, 84, 85, 86, 89, 90, 91, 92, 93, 94, 96, 97, 98, 99, 100, 102, 103, 104, 105, 106, 107, 109, 110, 115, 116, 117, 118, 119, 120, 121, 122, 123, 124, 125, 126, 127, 128, 129, 130, 131, 133, 134, 135, 136, 137, 138, 139, 140, 141, 142, 143, 144, 145, 147, 148, 151, 153, 154, 155, 156, 157, 159, 160, 161, 162, 164, 166, 167, 168, 172, 173, 175, 176, 178, 179, 180, 181, 182, 183, 184, 185, 187, 188, 189, 190, 191, 192, 193, 194, 195, 196, 197, 198, 199, 202, 204, 205, 206, 207, 208, 209, 210, 211, 212, 213, 214, 215, 216, 218, 220, 221, 222, 223, 224, 225, 227, 230, 231, 233, 235, 236, 237, 238, 239, 240, 241, 242, 243, 244, 245, 246, 247, 248, 250, 252, 253, 254, 255, 256, 257, 258, 259, 260, 262, 264, 265, 266, 267, 268, 269, 271, 272, 273, 274, 275, 279, 280, 281, 282, 283, 284, 285, 287, 288, 289, 290, 291, 292, 293, 294, 296]
Linhas de Teste [2, 4, 23, 26, 27, 28, 30, 31, 32, 55, 57, 58, 59, 63, 69, 74, 76, 87, 88, 95, 101, 108, 111, 112, 113, 114, 132, 146, 149, 150, 152, 158, 163, 165, 169, 170, 171, 174, 177, 186, 200, 201, 203, 217, 219, 226, 228, 229, 232, 234, 249, 251, 261, 263, 270, 276, 277, 278, 286, 295]

Rodada 116 / 150  77.33 %
Parâmetros ('EV_CE', 'PRE_CE', 'WAI_CE', 'saz_sin', 'saz_cos')
R2 de Treino = 97.26
R2 de Teste = 96.98
Coeficientes (pesos): [ 51.94056074 -13.02338306  -2.15849812  -7.06124747 -10.43375912
   9.76214921   6.67472969 -13.64795466 -11.35089468  -9.39844262
   1.15628176  -2.6488652   -3.15118881   1.81615126  -3.91284639
  15.86553374   6.03441645  -3.97012929  10.60312669   3.72119964]
Interceptor (constante): 98.3608590397648


********* Melhor Resultado do Fold ************
Linhas de Treino [1, 2, 4, 5, 6, 8, 9, 10, 11, 12, 13, 14, 15, 16, 17, 18, 19, 21, 22, 23, 24, 25, 26, 27, 28, 29, 30, 31, 32, 34, 36, 37, 39, 41, 42, 43, 44, 45, 46, 47, 48, 50, 51, 52, 53, 54, 55, 57, 58, 59, 61, 62, 63, 65, 67, 68, 69, 70, 71, 72, 73, 74, 75, 76, 77, 78, 79, 80, 81, 82, 83, 86, 87, 88, 89, 91, 92, 93, 95, 97, 98, 99, 100, 101, 105, 106, 107, 108, 111, 112, 113, 114, 116, 117, 118, 120, 121, 122, 123, 124, 125, 126, 127, 128, 129, 130, 131, 132, 133, 134, 135, 139, 141, 142, 143, 145, 146, 147, 148, 149, 150, 151, 152, 153, 154, 155, 156, 157, 158, 160, 161, 162, 163, 165, 167, 169, 170, 171, 172, 173, 174, 175, 176, 177, 179, 180, 182, 183, 184, 185, 186, 187, 188, 189, 191, 194, 195, 198, 199, 200, 201, 202, 203, 204, 205, 207, 208, 211, 212, 213, 214, 215, 216, 217, 218, 219, 220, 221, 222, 223, 225, 226, 228, 229, 230, 232, 233, 234, 235, 236, 241, 242, 243, 244, 246, 247, 248, 249, 250, 251, 252, 254, 255, 256, 258, 260, 261, 262, 263, 264, 265, 266, 267, 268, 269, 270, 271, 273, 274, 275, 276, 277, 278, 279, 280, 282, 284, 285, 286, 288, 290, 291, 292, 293, 294, 295, 296]
Linhas de Teste [0, 3, 7, 20, 33, 35, 38, 40, 49, 56, 60, 64, 66, 84, 85, 90, 94, 96, 102, 103, 104, 109, 110, 115, 119, 136, 137, 138, 140, 144, 159, 164, 166, 168, 178, 181, 190, 192, 193, 196, 197, 206, 209, 210, 224, 227, 231, 237, 238, 239, 240, 245, 253, 257, 259, 272, 281, 283, 287, 289]

Rodada 117 / 150  78.0 %
Parâmetros ('EV_CE', 'PRE_CE', 'WAI_CE', 'saz_sin', 'saz_cos')
R2 de Treino = 97.4
R2 de Teste = 96.18
Coeficientes (pesos): [ 51.78764735 -12.76451723  -2.45691003  -7.83290354 -10.37482862
   7.57089122   3.89424795 -10.9009249   -7.45427626  -8.66909197
   0.51745195  -1.10847502  -1.3118208    2.83434691  -5.27723006
  12.56278167   6.57154661  -3.93226917   8.06896342   3.59182453]
Interceptor (constante): 98.07242161409536


********* Melhor Resultado do Fold ************
Linhas de Treino [0, 1, 2, 3, 4, 6, 7, 9, 12, 13, 16, 18, 20, 22, 23, 24, 25, 26, 27, 28, 29, 30, 31, 32, 33, 35, 38, 40, 41, 42, 43, 44, 45, 46, 47, 48, 49, 51, 53, 54, 55, 56, 57, 58, 59, 60, 61, 62, 63, 64, 65, 66, 67, 69, 70, 72, 73, 74, 75, 76, 77, 78, 79, 80, 81, 83, 84, 85, 86, 87, 88, 89, 90, 91, 93, 94, 95, 96, 97, 98, 99, 100, 101, 102, 103, 104, 106, 107, 108, 109, 110, 111, 112, 113, 114, 115, 116, 117, 119, 120, 123, 125, 128, 129, 130, 131, 132, 133, 136, 137, 138, 139, 140, 141, 143, 144, 146, 147, 148, 149, 150, 151, 152, 153, 154, 155, 156, 158, 159, 160, 163, 164, 165, 166, 167, 168, 169, 170, 171, 173, 174, 176, 177, 178, 179, 180, 181, 182, 183, 185, 186, 188, 189, 190, 192, 193, 194, 196, 197, 198, 199, 200, 201, 202, 203, 204, 206, 207, 209, 210, 211, 213, 214, 216, 217, 218, 219, 220, 222, 224, 226, 227, 228, 229, 230, 231, 232, 234, 235, 237, 238, 239, 240, 241, 244, 245, 246, 248, 249, 250, 251, 252, 253, 254, 257, 259, 260, 261, 262, 263, 264, 265, 266, 267, 269, 270, 271, 272, 273, 274, 275, 276, 277, 278, 279, 281, 283, 284, 286, 287, 288, 289, 290, 292, 293, 294, 295, 296]
Linhas de Teste [5, 8, 10, 11, 14, 15, 17, 19, 21, 34, 36, 37, 39, 50, 52, 68, 71, 82, 92, 105, 118, 121, 122, 124, 126, 127, 134, 135, 142, 145, 157, 161, 162, 172, 175, 184, 187, 191, 195, 205, 208, 212, 215, 221, 223, 225, 233, 236, 242, 243, 247, 255, 256, 258, 268, 280, 282, 285, 291]

Rodada 118 / 150  78.67 %
Parâmetros ('EV_CE', 'PRE_CE', 'WAI_CE', 'saz_sin', 'saz_cos')
R2 de Treino = 97.06
R2 de Teste = 96.95
Coeficientes (pesos): [ 47.90281803 -13.07426403   1.02918564  -6.28449685  -9.78775543
  13.06781389   5.5534028  -14.47655358 -12.55046265  -9.47757497
   0.83308684   0.39727696  -3.9744556    1.20384738  -6.263246
  16.04496665   5.56213299  -3.01084027  10.96538828   3.61287214]
Interceptor (constante): 98.10382839725722


********* Melhor Resultado do Fold ************
Linhas de Treino [0, 2, 3, 4, 5, 6, 7, 8, 10, 11, 13, 14, 15, 16, 17, 18, 19, 20, 21, 23, 25, 26, 27, 28, 30, 31, 32, 33, 34, 35, 36, 37, 38, 39, 40, 41, 44, 45, 46, 48, 49, 50, 51, 52, 53, 54, 55, 56, 57, 58, 59, 60, 63, 64, 66, 68, 69, 71, 72, 73, 74, 75, 76, 78, 81, 82, 84, 85, 87, 88, 90, 91, 92, 93, 94, 95, 96, 98, 99, 100, 101, 102, 103, 104, 105, 106, 107, 108, 109, 110, 111, 112, 113, 114, 115, 116, 117, 118, 119, 121, 122, 124, 126, 127, 130, 131, 132, 134, 135, 136, 137, 138, 140, 142, 143, 144, 145, 146, 148, 149, 150, 151, 152, 153, 154, 156, 157, 158, 159, 161, 162, 163, 164, 165, 166, 167, 168, 169, 170, 171, 172, 173, 174, 175, 176, 177, 178, 180, 181, 182, 183, 184, 186, 187, 188, 190, 191, 192, 193, 195, 196, 197, 199, 200, 201, 202, 203, 204, 205, 206, 208, 209, 210, 211, 212, 215, 216, 217, 219, 221, 222, 223, 224, 225, 226, 227, 228, 229, 231, 232, 233, 234, 236, 237, 238, 239, 240, 242, 243, 244, 245, 246, 247, 248, 249, 251, 253, 255, 256, 257, 258, 259, 260, 261, 263, 264, 265, 268, 270, 272, 273, 275, 276, 277, 278, 280, 281, 282, 283, 285, 286, 287, 288, 289, 290, 291, 295, 296]
Linhas de Teste [1, 9, 12, 22, 24, 29, 42, 43, 47, 61, 62, 65, 67, 70, 77, 79, 80, 83, 86, 89, 97, 120, 123, 125, 128, 129, 133, 139, 141, 147, 155, 160, 179, 185, 189, 194, 198, 207, 213, 214, 218, 220, 230, 235, 241, 250, 252, 254, 262, 266, 267, 269, 271, 274, 279, 284, 292, 293, 294]

Rodada 119 / 150  79.33 %
Parâmetros ('EV_CE', 'PRE_CE', 'WAI_CE', 'saz_sin', 'saz_cos')
R2 de Treino = 97.34
R2 de Teste = 96.43
Coeficientes (pesos): [ 4.91015068e+01 -1.38819334e+01 -1.34263239e-04 -6.65499284e+00
 -9.48273464e+00  8.87662240e+00  6.17537255e+00 -1.17255207e+01
 -1.03424332e+01 -9.67051079e+00  1.38423487e+00 -2.26843513e+00
 -3.02844472e+00  1.52872902e+00 -5.23929669e+00  1.41940601e+01
  6.01530551e+00 -3.36037739e+00  1.08147640e+01  3.16367624e+00]
Interceptor (constante): 98.39922624946709


********* Melhor Resultado do Fold ************
Linhas de Treino [0, 1, 2, 3, 4, 5, 7, 8, 9, 10, 11, 12, 14, 15, 17, 19, 20, 21, 22, 23, 24, 26, 27, 28, 29, 30, 31, 32, 33, 34, 35, 36, 37, 38, 39, 40, 42, 43, 47, 49, 50, 52, 55, 56, 57, 58, 59, 60, 61, 62, 63, 64, 65, 66, 67, 68, 69, 70, 71, 74, 76, 77, 79, 80, 82, 83, 84, 85, 86, 87, 88, 89, 90, 92, 94, 95, 96, 97, 101, 102, 103, 104, 105, 108, 109, 110, 111, 112, 113, 114, 115, 118, 119, 120, 121, 122, 123, 124, 125, 126, 127, 128, 129, 132, 133, 134, 135, 136, 137, 138, 139, 140, 141, 142, 144, 145, 146, 147, 149, 150, 152, 155, 157, 158, 159, 160, 161, 162, 163, 164, 165, 166, 168, 169, 170, 171, 172, 174, 175, 177, 178, 179, 181, 184, 185, 186, 187, 189, 190, 191, 192, 193, 194, 195, 196, 197, 198, 200, 201, 203, 205, 206, 207, 208, 209, 210, 212, 213, 214, 215, 217, 218, 219, 220, 221, 223, 224, 225, 226, 227, 228, 229, 230, 231, 232, 233, 234, 235, 236, 237, 238, 239, 240, 241, 242, 243, 245, 247, 249, 250, 251, 252, 253, 254, 255, 256, 257, 258, 259, 261, 262, 263, 266, 267, 268, 269, 270, 271, 272, 274, 276, 277, 278, 279, 280, 281, 282, 283, 284, 285, 286, 287, 289, 291, 292, 293, 294, 295]
Linhas de Teste [6, 13, 16, 18, 25, 41, 44, 45, 46, 48, 51, 53, 54, 72, 73, 75, 78, 81, 91, 93, 98, 99, 100, 106, 107, 116, 117, 130, 131, 143, 148, 151, 153, 154, 156, 167, 173, 176, 180, 182, 183, 188, 199, 202, 204, 211, 216, 222, 244, 246, 248, 260, 264, 265, 273, 275, 288, 290, 296]

Rodada 120 / 150  80.0 %
Parâmetros ('EV_CE', 'PRE_CE', 'WAI_CE', 'saz_sin', 'saz_cos')
R2 de Treino = 97.25
R2 de Teste = 96.98
Coeficientes (pesos): [ 48.43590145 -13.09632533  -1.28429057  -6.87566715 -10.1167769
  10.14899922   8.54262836 -14.31663073 -11.48031643 -11.57016621
   2.7104399   -5.69934256  -4.05470907   0.06910813  -4.31418314
  17.29027033   9.0599315   -4.03192163  11.11583535   3.6694817 ]
Interceptor (constante): 100.99675969486202


********* Melhor Resultado do Fold ************
Linhas de Treino [0, 3, 4, 6, 8, 9, 10, 11, 12, 14, 15, 16, 17, 18, 20, 22, 24, 25, 26, 27, 29, 30, 31, 32, 33, 35, 36, 37, 38, 39, 40, 41, 42, 43, 44, 47, 48, 50, 51, 52, 54, 55, 56, 57, 58, 60, 61, 62, 63, 64, 65, 66, 67, 68, 70, 73, 74, 75, 76, 77, 78, 79, 81, 82, 83, 84, 85, 86, 87, 88, 89, 90, 92, 93, 94, 95, 96, 97, 98, 100, 102, 103, 104, 105, 107, 108, 109, 110, 111, 115, 118, 119, 120, 121, 122, 123, 124, 125, 126, 129, 131, 133, 135, 137, 139, 140, 141, 142, 143, 144, 145, 147, 149, 150, 151, 152, 153, 155, 158, 159, 160, 162, 163, 164, 165, 166, 167, 168, 169, 170, 171, 172, 173, 174, 176, 177, 178, 179, 180, 181, 182, 183, 184, 185, 187, 188, 189, 190, 192, 193, 194, 196, 197, 198, 199, 201, 202, 203, 204, 205, 206, 207, 208, 209, 210, 211, 212, 213, 214, 215, 216, 218, 219, 220, 221, 222, 223, 225, 226, 227, 228, 229, 230, 231, 233, 235, 237, 239, 240, 241, 243, 244, 245, 247, 248, 249, 250, 251, 252, 253, 254, 255, 256, 257, 258, 259, 260, 261, 262, 263, 264, 265, 266, 267, 269, 270, 271, 272, 273, 274, 275, 276, 278, 279, 280, 281, 282, 283, 284, 285, 286, 289, 291, 292, 293, 294, 295]
Linhas de Teste [1, 2, 5, 7, 13, 19, 21, 23, 28, 34, 45, 46, 49, 53, 59, 69, 71, 72, 80, 91, 99, 101, 106, 112, 113, 114, 116, 117, 127, 128, 130, 132, 134, 136, 138, 146, 148, 154, 156, 157, 161, 175, 186, 191, 195, 200, 217, 224, 232, 234, 236, 238, 242, 246, 268, 277, 287, 288, 290, 296]

Rodada 121 / 150  80.67 %
Parâmetros ('EV_CE', 'PRE_CE', 'WAI_CE', 'saz_sin', 'saz_cos')
R2 de Treino = 97.34
R2 de Teste = 96.08
Coeficientes (pesos): [ 53.65959622 -12.67189006  -4.60094934  -6.7674861  -10.32849356
   7.11175517   7.08902978 -12.98339432  -5.90206983  -8.99498028
   0.98464359  -2.61492793  -3.70450744   2.30624307  -3.39699489
  12.84787173   5.36292046  -4.63764401  10.5406118    4.68868927]
Interceptor (constante): 97.90941067264484


********* Melhor Resultado do Fold ************
Linhas de Treino [0, 1, 2, 3, 4, 5, 6, 7, 8, 9, 10, 11, 12, 13, 15, 16, 17, 19, 21, 23, 24, 25, 27, 28, 31, 32, 33, 34, 35, 37, 39, 41, 42, 43, 45, 46, 47, 48, 49, 50, 52, 53, 54, 55, 56, 57, 58, 59, 60, 62, 64, 67, 68, 69, 70, 71, 72, 73, 74, 75, 76, 77, 79, 80, 81, 82, 84, 87, 88, 89, 90, 91, 92, 94, 95, 96, 97, 98, 99, 100, 101, 102, 103, 104, 105, 106, 107, 108, 109, 110, 111, 112, 113, 114, 115, 116, 117, 120, 122, 123, 125, 126, 127, 128, 129, 130, 131, 132, 133, 134, 136, 138, 139, 140, 141, 142, 143, 145, 146, 147, 148, 150, 151, 152, 154, 155, 156, 157, 158, 159, 160, 161, 163, 164, 165, 166, 167, 168, 169, 170, 172, 175, 177, 178, 179, 180, 181, 182, 183, 185, 186, 187, 188, 189, 191, 194, 195, 196, 197, 200, 202, 203, 204, 205, 206, 207, 208, 209, 210, 211, 212, 215, 216, 217, 218, 220, 221, 222, 224, 226, 227, 228, 230, 231, 232, 233, 234, 236, 237, 238, 239, 240, 241, 242, 243, 244, 246, 247, 249, 250, 251, 252, 253, 254, 255, 257, 258, 260, 261, 263, 264, 265, 266, 267, 268, 269, 270, 271, 272, 274, 275, 276, 277, 278, 279, 280, 281, 282, 285, 286, 287, 288, 290, 291, 293, 295, 296]
Linhas de Teste [14, 18, 20, 22, 26, 29, 30, 36, 38, 40, 44, 51, 61, 63, 65, 66, 78, 83, 85, 86, 93, 118, 119, 121, 124, 135, 137, 144, 149, 153, 162, 171, 173, 174, 176, 184, 190, 192, 193, 198, 199, 201, 213, 214, 219, 223, 225, 229, 235, 245, 248, 256, 259, 262, 273, 283, 284, 289, 292, 294]

Rodada 122 / 150  81.33 %
Parâmetros ('EV_CE', 'PRE_CE', 'WAI_CE', 'saz_sin', 'saz_cos')
R2 de Treino = 97.4
R2 de Teste = 95.42
Coeficientes (pesos): [ 44.83933649 -13.99293089   2.93744867  -5.93763668  -8.18849094
  11.73494844   6.02410334 -12.15481943 -12.17010407  -8.22363058
   0.80829778  -1.13774641  -3.60289839   2.61861321  -7.05106451
  16.42472278   4.53241839  -2.56074704  10.32405177   3.37873633]
Interceptor (constante): 98.49966741726814


********* Melhor Resultado do Fold ************
Linhas de Treino [1, 2, 4, 5, 6, 7, 8, 10, 11, 12, 13, 14, 15, 17, 18, 19, 20, 21, 22, 23, 25, 26, 27, 28, 29, 30, 31, 32, 33, 34, 36, 38, 39, 40, 41, 43, 44, 45, 46, 49, 50, 51, 52, 53, 55, 56, 57, 59, 61, 63, 64, 65, 66, 67, 68, 69, 70, 71, 72, 73, 74, 75, 76, 77, 78, 79, 80, 81, 83, 84, 85, 86, 87, 88, 89, 91, 93, 96, 98, 99, 100, 101, 102, 103, 104, 105, 106, 107, 108, 109, 111, 112, 113, 114, 116, 117, 118, 119, 121, 122, 124, 126, 127, 128, 130, 131, 132, 134, 135, 136, 137, 138, 139, 142, 143, 144, 146, 148, 149, 150, 152, 153, 154, 155, 156, 157, 158, 159, 160, 161, 162, 164, 165, 167, 168, 170, 171, 173, 174, 175, 176, 177, 180, 181, 184, 185, 186, 187, 188, 190, 191, 192, 193, 195, 196, 197, 198, 199, 200, 201, 202, 203, 204, 205, 207, 209, 210, 213, 214, 215, 217, 218, 219, 220, 221, 223, 224, 225, 227, 228, 229, 230, 231, 232, 233, 234, 235, 236, 238, 239, 240, 242, 244, 245, 246, 247, 248, 249, 250, 251, 252, 253, 254, 255, 256, 257, 258, 259, 261, 262, 265, 267, 268, 269, 270, 272, 273, 274, 275, 276, 277, 278, 279, 280, 281, 283, 284, 285, 286, 287, 288, 289, 290, 292, 293, 294, 295, 296]
Linhas de Teste [0, 3, 9, 16, 24, 35, 37, 42, 47, 48, 54, 58, 60, 62, 82, 90, 92, 94, 95, 97, 110, 115, 120, 123, 125, 129, 133, 140, 141, 145, 147, 151, 163, 166, 169, 172, 178, 179, 182, 183, 189, 194, 206, 208, 211, 212, 216, 222, 226, 237, 241, 243, 260, 263, 264, 266, 271, 282, 291]

Rodada 123 / 150  82.0 %
Parâmetros ('EV_CE', 'PRE_CE', 'WAI_CE', 'saz_sin', 'saz_cos')
R2 de Treino = 97.21
R2 de Teste = 97.08
Coeficientes (pesos): [ 46.66157661 -13.7903778    2.24100289  -6.98435069  -9.65153532
  11.32860976   5.25644638 -14.67594505 -10.29211593  -9.3158571
   1.0690594   -1.92498903  -2.6427015    1.91150448  -5.20575985
  14.38699366   6.69296163  -3.80515817   9.4991271    2.33669774]
Interceptor (constante): 100.74015712885972


********* Melhor Resultado do Fold ************
Linhas de Treino [0, 1, 2, 3, 4, 5, 6, 7, 9, 12, 13, 14, 15, 16, 17, 18, 19, 20, 21, 22, 23, 24, 26, 28, 29, 30, 31, 33, 34, 35, 36, 37, 38, 39, 40, 41, 42, 44, 45, 46, 47, 48, 49, 51, 53, 54, 56, 58, 59, 60, 61, 62, 63, 64, 65, 66, 69, 71, 72, 75, 76, 78, 80, 81, 82, 83, 84, 85, 86, 87, 88, 89, 90, 91, 92, 93, 94, 95, 97, 98, 99, 101, 103, 105, 106, 107, 109, 110, 111, 112, 113, 114, 115, 116, 117, 118, 119, 120, 121, 123, 124, 125, 126, 127, 128, 129, 130, 132, 133, 134, 135, 136, 137, 138, 139, 140, 141, 142, 144, 145, 146, 147, 148, 149, 150, 151, 153, 154, 155, 156, 157, 159, 160, 161, 162, 163, 166, 168, 169, 171, 172, 173, 174, 175, 176, 177, 178, 179, 180, 181, 182, 183, 184, 185, 186, 187, 189, 190, 191, 192, 193, 194, 195, 197, 198, 199, 200, 201, 203, 206, 207, 208, 209, 211, 212, 213, 214, 216, 217, 219, 222, 223, 224, 225, 226, 227, 228, 229, 232, 234, 235, 236, 237, 238, 239, 241, 242, 243, 245, 246, 247, 248, 249, 250, 252, 253, 254, 256, 257, 258, 259, 260, 262, 263, 264, 265, 266, 268, 269, 271, 273, 274, 277, 278, 279, 280, 282, 283, 284, 287, 288, 289, 290, 291, 292, 294, 295, 296]
Linhas de Teste [8, 10, 11, 25, 27, 32, 43, 50, 52, 55, 57, 67, 68, 70, 73, 74, 77, 79, 96, 100, 102, 104, 108, 122, 131, 143, 152, 158, 164, 165, 167, 170, 188, 196, 202, 204, 205, 210, 215, 218, 220, 221, 230, 231, 233, 240, 244, 251, 255, 261, 267, 270, 272, 275, 276, 281, 285, 286, 293]

Rodada 124 / 150  82.67 %
Parâmetros ('EV_CE', 'PRE_CE', 'WAI_CE', 'saz_sin', 'saz_cos')
R2 de Treino = 97.12
R2 de Teste = 97.1
Coeficientes (pesos): [ 49.87170489 -13.43063104  -0.4677086   -7.31493764 -10.31078621
  10.80938056   5.67631777 -10.66860139 -15.15021532 -12.61971061
   1.22013737  -0.67085913  -3.21166025   0.86513455  -6.92079073
  17.0246259    7.32942669  -3.4883466   12.32830733   3.0323927 ]
Interceptor (constante): 100.09130154223251


********* Melhor Resultado do Fold ************
Linhas de Treino [0, 1, 2, 3, 5, 7, 8, 9, 10, 11, 13, 14, 16, 18, 19, 20, 21, 22, 23, 24, 25, 26, 27, 28, 29, 30, 32, 34, 35, 36, 37, 38, 40, 42, 43, 44, 45, 46, 47, 48, 49, 50, 51, 52, 53, 54, 55, 57, 58, 59, 60, 61, 62, 63, 65, 66, 67, 68, 69, 70, 71, 72, 73, 74, 77, 78, 79, 80, 82, 83, 85, 86, 90, 91, 92, 93, 94, 95, 96, 97, 99, 100, 101, 102, 104, 106, 108, 110, 112, 113, 114, 115, 116, 117, 118, 119, 120, 121, 122, 123, 124, 125, 127, 128, 129, 130, 131, 132, 133, 134, 135, 136, 137, 138, 140, 141, 143, 144, 145, 146, 147, 148, 149, 151, 152, 153, 154, 156, 157, 158, 161, 162, 163, 164, 165, 166, 167, 169, 170, 171, 172, 173, 174, 175, 176, 178, 179, 182, 183, 184, 186, 188, 189, 190, 191, 192, 193, 194, 195, 196, 198, 199, 200, 201, 202, 204, 205, 206, 208, 210, 211, 212, 213, 214, 215, 216, 217, 218, 219, 220, 221, 222, 223, 224, 225, 226, 229, 230, 231, 232, 233, 234, 235, 236, 237, 238, 240, 241, 242, 243, 244, 245, 246, 248, 251, 255, 256, 259, 260, 261, 262, 263, 264, 266, 267, 268, 270, 271, 272, 273, 275, 276, 277, 281, 282, 283, 284, 285, 286, 287, 288, 289, 290, 291, 292, 293, 294, 296]
Linhas de Teste [4, 6, 12, 15, 17, 31, 33, 39, 41, 56, 64, 75, 76, 81, 84, 87, 88, 89, 98, 103, 105, 107, 109, 111, 126, 139, 142, 150, 155, 159, 160, 168, 177, 180, 181, 185, 187, 197, 203, 207, 209, 227, 228, 239, 247, 249, 250, 252, 253, 254, 257, 258, 265, 269, 274, 278, 279, 280, 295]

Rodada 125 / 150  83.33 %
Parâmetros ('EV_CE', 'PRE_CE', 'WAI_CE', 'saz_sin', 'saz_cos')
R2 de Treino = 97.19
R2 de Teste = 97.63
Coeficientes (pesos): [ 55.48559165 -11.65770591  -6.5479308   -7.50007354 -11.5550526
   6.52701584   5.37828953 -12.52086609  -8.04291678  -7.7336614
   2.06187987  -3.39566728  -2.33131438   0.55256121  -2.57644048
  13.86244827   7.16788083  -3.87905038   8.78262577   4.33278263]
Interceptor (constante): 96.43546556692436


********* Melhor Resultado do Fold ************
Linhas de Treino [0, 1, 2, 3, 4, 5, 6, 8, 9, 10, 11, 12, 13, 14, 16, 17, 18, 19, 20, 21, 22, 23, 26, 30, 31, 33, 34, 35, 37, 38, 39, 40, 41, 42, 43, 44, 45, 46, 47, 49, 50, 51, 52, 53, 54, 55, 56, 57, 58, 59, 61, 62, 64, 65, 66, 67, 68, 69, 70, 71, 73, 75, 76, 77, 78, 80, 81, 83, 85, 86, 87, 88, 89, 91, 92, 94, 95, 98, 99, 100, 101, 102, 103, 104, 105, 107, 108, 109, 111, 114, 117, 118, 119, 121, 122, 123, 124, 125, 127, 128, 129, 130, 132, 133, 134, 136, 137, 138, 139, 140, 141, 142, 143, 144, 145, 146, 147, 148, 149, 150, 151, 152, 153, 155, 157, 158, 159, 160, 161, 162, 163, 164, 165, 166, 167, 168, 170, 171, 173, 175, 176, 178, 179, 180, 182, 183, 184, 185, 186, 187, 188, 189, 190, 191, 192, 193, 195, 196, 197, 198, 199, 200, 201, 202, 203, 204, 205, 206, 208, 209, 210, 211, 212, 213, 214, 215, 217, 219, 220, 221, 224, 225, 226, 227, 229, 231, 233, 234, 236, 237, 239, 240, 241, 242, 243, 245, 247, 248, 249, 250, 251, 253, 254, 255, 256, 257, 258, 260, 261, 262, 264, 265, 266, 267, 268, 269, 270, 271, 272, 273, 274, 275, 276, 279, 280, 281, 282, 283, 284, 285, 288, 290, 291, 293, 294, 295, 296]
Linhas de Teste [7, 15, 24, 25, 27, 28, 29, 32, 36, 48, 60, 63, 72, 74, 79, 82, 84, 90, 93, 96, 97, 106, 110, 112, 113, 115, 116, 120, 126, 131, 135, 154, 156, 169, 172, 174, 177, 181, 194, 207, 216, 218, 222, 223, 228, 230, 232, 235, 238, 244, 246, 252, 259, 263, 277, 278, 286, 287, 289, 292]

Rodada 126 / 150  84.0 %
Parâmetros ('EV_CE', 'PRE_CE', 'WAI_CE', 'saz_sin', 'saz_cos')
R2 de Treino = 97.45
R2 de Teste = 95.53
Coeficientes (pesos): [ 51.00516257 -12.75546415  -1.33836988  -7.19353307 -10.99975161
   6.28248308   7.53357494 -10.21530076  -7.44673946  -8.40009014
   1.61701623  -4.01461506  -3.06256346   0.78437516  -4.67843889
  13.53233451   6.0627615   -5.11838257   9.6030783    3.48287249]
Interceptor (constante): 97.02082178677414


********* Melhor Resultado do Fold ************
Linhas de Treino [0, 2, 3, 6, 7, 8, 9, 12, 13, 14, 15, 16, 17, 18, 20, 22, 23, 24, 25, 26, 27, 28, 29, 31, 32, 34, 35, 36, 37, 38, 39, 40, 41, 43, 44, 46, 47, 48, 50, 51, 53, 54, 55, 56, 57, 58, 60, 61, 62, 63, 64, 65, 66, 67, 68, 69, 70, 71, 72, 73, 74, 75, 77, 78, 79, 80, 81, 82, 84, 85, 86, 87, 88, 90, 92, 93, 94, 95, 96, 97, 98, 99, 100, 101, 102, 105, 106, 107, 108, 110, 111, 112, 113, 115, 116, 117, 118, 119, 120, 121, 122, 123, 124, 125, 126, 128, 131, 132, 133, 134, 135, 136, 137, 139, 140, 141, 144, 145, 147, 149, 151, 152, 153, 154, 155, 156, 157, 158, 159, 161, 162, 163, 165, 166, 167, 168, 169, 171, 172, 173, 174, 175, 176, 177, 178, 179, 181, 182, 183, 185, 186, 187, 188, 189, 190, 191, 193, 194, 195, 196, 197, 199, 200, 201, 202, 203, 207, 208, 209, 210, 212, 213, 215, 216, 217, 218, 219, 222, 223, 224, 225, 226, 227, 228, 230, 232, 235, 236, 237, 238, 239, 240, 241, 242, 243, 244, 245, 246, 248, 249, 250, 252, 253, 254, 255, 257, 258, 259, 260, 262, 263, 264, 266, 267, 268, 269, 270, 274, 275, 276, 277, 278, 279, 281, 282, 284, 285, 286, 287, 288, 289, 290, 292, 293, 294, 295, 296]
Linhas de Teste [1, 4, 5, 10, 11, 19, 21, 30, 33, 42, 45, 49, 52, 59, 76, 83, 89, 91, 103, 104, 109, 114, 127, 129, 130, 138, 142, 143, 146, 148, 150, 160, 164, 170, 180, 184, 192, 198, 204, 205, 206, 211, 214, 220, 221, 229, 231, 233, 234, 247, 251, 256, 261, 265, 271, 272, 273, 280, 283, 291]

Rodada 127 / 150  84.67 %
Parâmetros ('EV_CE', 'PRE_CE', 'WAI_CE', 'saz_sin', 'saz_cos')
R2 de Treino = 97.39
R2 de Teste = 95.8
Coeficientes (pesos): [ 52.4219334  -13.15520202  -3.78061674  -6.03473219  -9.50020642
   9.79614186   4.7951611  -13.2435468  -12.79823468  -9.88622305
   1.95100549  -1.64007462  -2.92677742   1.22534795  -3.76725839
  16.14991998   7.17570946  -2.69835382  10.1489972    3.64207054]
Interceptor (constante): 97.89744701178073


********* Melhor Resultado do Fold ************
Linhas de Treino [0, 1, 3, 4, 5, 7, 8, 9, 10, 11, 13, 14, 15, 16, 17, 18, 19, 21, 22, 24, 25, 26, 27, 28, 29, 30, 31, 32, 33, 34, 35, 36, 37, 38, 41, 42, 45, 46, 47, 48, 49, 52, 53, 54, 56, 58, 59, 60, 61, 62, 63, 64, 67, 70, 71, 72, 74, 75, 76, 78, 79, 80, 81, 82, 83, 84, 85, 86, 87, 89, 90, 91, 93, 94, 95, 96, 97, 98, 99, 102, 103, 104, 106, 108, 109, 110, 111, 112, 113, 114, 115, 116, 117, 120, 122, 123, 124, 126, 127, 128, 129, 130, 131, 132, 134, 135, 136, 138, 141, 142, 143, 145, 146, 147, 148, 149, 150, 151, 152, 154, 155, 156, 157, 158, 159, 160, 161, 162, 163, 164, 165, 166, 169, 170, 171, 172, 173, 174, 176, 177, 178, 180, 181, 183, 184, 186, 187, 189, 190, 191, 192, 194, 195, 196, 197, 198, 199, 200, 202, 203, 204, 205, 206, 207, 208, 209, 210, 211, 212, 213, 214, 215, 216, 217, 218, 219, 220, 221, 222, 223, 224, 228, 229, 230, 231, 232, 233, 234, 235, 236, 238, 239, 241, 243, 244, 245, 246, 247, 248, 250, 251, 252, 253, 255, 256, 257, 259, 260, 261, 262, 263, 264, 265, 266, 267, 269, 271, 272, 273, 274, 275, 276, 277, 278, 280, 282, 283, 285, 286, 287, 288, 289, 290, 291, 292, 294, 295, 296]
Linhas de Teste [2, 6, 12, 20, 23, 39, 40, 43, 44, 50, 51, 55, 57, 65, 66, 68, 69, 73, 77, 88, 92, 100, 101, 105, 107, 118, 119, 121, 125, 133, 137, 139, 140, 144, 153, 167, 168, 175, 179, 182, 185, 188, 193, 201, 225, 226, 227, 237, 240, 242, 249, 254, 258, 268, 270, 279, 281, 284, 293]

Rodada 128 / 150  85.33 %
Parâmetros ('EV_CE', 'PRE_CE', 'WAI_CE', 'saz_sin', 'saz_cos')
R2 de Treino = 96.93
R2 de Teste = 97.34
Coeficientes (pesos): [ 47.65319537 -14.53450522   1.14029503  -7.08079088  -8.77537946
  11.57002838   8.15808911 -12.98896131 -11.0895537  -11.39588553
   1.73883102  -2.88252045  -3.82266809   0.94213417  -6.58027484
  15.51648104   7.22574411  -3.33121693  10.18165743   3.78655688]
Interceptor (constante): 99.28365359890948


********* Melhor Resultado do Fold ************
Linhas de Treino [1, 2, 4, 5, 6, 7, 8, 10, 11, 12, 13, 14, 15, 16, 18, 19, 20, 21, 22, 23, 24, 25, 26, 27, 28, 29, 30, 31, 32, 33, 35, 36, 38, 39, 40, 41, 42, 43, 44, 45, 48, 49, 50, 51, 52, 54, 55, 56, 57, 59, 60, 61, 62, 63, 64, 65, 66, 68, 69, 72, 73, 74, 75, 76, 77, 78, 79, 80, 82, 83, 84, 86, 88, 89, 90, 91, 92, 93, 96, 97, 98, 99, 100, 101, 103, 104, 105, 106, 107, 108, 109, 110, 112, 113, 114, 115, 116, 117, 118, 119, 120, 121, 125, 126, 127, 128, 129, 130, 131, 133, 135, 137, 138, 139, 140, 142, 143, 144, 145, 146, 147, 148, 150, 151, 153, 154, 155, 156, 157, 160, 162, 164, 167, 168, 169, 170, 171, 172, 174, 175, 177, 179, 180, 181, 182, 183, 184, 185, 187, 188, 190, 192, 193, 194, 195, 196, 197, 198, 200, 201, 202, 203, 204, 205, 206, 207, 208, 209, 210, 211, 213, 214, 215, 216, 218, 220, 221, 222, 223, 225, 226, 227, 228, 229, 230, 231, 232, 233, 234, 235, 237, 238, 240, 242, 244, 245, 246, 247, 249, 250, 251, 252, 254, 256, 257, 258, 259, 260, 261, 263, 264, 265, 267, 268, 270, 271, 272, 273, 274, 275, 276, 277, 278, 279, 280, 281, 282, 283, 284, 285, 286, 287, 288, 289, 291, 292, 293, 294]
Linhas de Teste [0, 3, 9, 17, 34, 37, 46, 47, 53, 58, 67, 70, 71, 81, 85, 87, 94, 95, 102, 111, 122, 123, 124, 132, 134, 136, 141, 149, 152, 158, 159, 161, 163, 165, 166, 173, 176, 178, 186, 189, 191, 199, 212, 217, 219, 224, 236, 239, 241, 243, 248, 253, 255, 262, 266, 269, 290, 295, 296]

Rodada 129 / 150  86.0 %
Parâmetros ('EV_CE', 'PRE_CE', 'WAI_CE', 'saz_sin', 'saz_cos')
R2 de Treino = 97.04
R2 de Teste = 97.76
Coeficientes (pesos): [ 46.22668449 -13.81097614   2.40611234  -7.06598569  -9.87283006
  11.46140985   5.79303057 -16.27446249  -8.21147533  -7.9790059
   0.8777298   -1.65957164  -2.28787904   2.36546308  -4.39299023
  14.25492923   5.53599818  -4.1837633    9.00389167   3.63889302]
Interceptor (constante): 98.5507111084688


********* Melhor Resultado do Fold ************
Linhas de Treino [0, 1, 2, 3, 4, 5, 6, 7, 9, 10, 11, 12, 15, 17, 19, 20, 21, 23, 24, 25, 27, 28, 29, 30, 32, 33, 34, 36, 37, 39, 40, 42, 43, 44, 45, 46, 47, 48, 49, 50, 51, 52, 53, 55, 57, 58, 59, 60, 63, 65, 66, 67, 68, 69, 70, 71, 72, 73, 74, 76, 77, 79, 81, 82, 83, 84, 85, 87, 88, 89, 90, 91, 92, 93, 94, 95, 96, 97, 100, 101, 102, 103, 104, 105, 106, 107, 109, 110, 111, 112, 113, 114, 115, 116, 118, 119, 120, 121, 122, 123, 124, 125, 126, 127, 129, 130, 131, 132, 133, 134, 135, 136, 137, 138, 139, 140, 141, 142, 143, 144, 146, 148, 149, 150, 152, 153, 154, 156, 158, 159, 160, 161, 163, 164, 165, 166, 167, 168, 169, 170, 172, 173, 174, 175, 176, 177, 178, 179, 180, 181, 182, 184, 185, 186, 188, 189, 191, 192, 193, 194, 198, 199, 201, 204, 205, 206, 207, 211, 212, 214, 216, 217, 218, 219, 220, 221, 222, 223, 224, 225, 226, 227, 228, 229, 230, 231, 232, 233, 234, 235, 236, 237, 238, 239, 240, 241, 242, 243, 244, 246, 247, 248, 249, 251, 252, 253, 254, 255, 256, 258, 259, 261, 262, 263, 265, 266, 268, 269, 270, 271, 272, 273, 277, 278, 279, 280, 281, 283, 284, 286, 287, 289, 290, 291, 292, 293, 295, 296]
Linhas de Teste [8, 13, 14, 16, 18, 22, 26, 31, 35, 38, 41, 54, 56, 61, 62, 64, 75, 78, 80, 86, 98, 99, 108, 117, 128, 145, 147, 151, 155, 157, 162, 171, 183, 187, 190, 195, 196, 197, 200, 202, 203, 208, 209, 210, 213, 215, 245, 250, 257, 260, 264, 267, 274, 275, 276, 282, 285, 288, 294]

Rodada 130 / 150  86.67 %
Parâmetros ('EV_CE', 'PRE_CE', 'WAI_CE', 'saz_sin', 'saz_cos')
R2 de Treino = 97.36
R2 de Teste = 96.18
Coeficientes (pesos): [ 51.62270457 -12.58898863  -3.43006185  -6.66707866 -10.27810857
  11.49742253   4.535846   -11.65057125 -15.28878624 -11.32422135
   0.51585026   0.09769793  -4.08060544   2.57672033  -6.66896385
  17.47792956   6.00328221  -3.15062723  12.95996218   3.1931379 ]
Interceptor (constante): 100.91049730639503


********* Melhor Resultado do Fold ************
Linhas de Treino [0, 1, 2, 3, 4, 5, 6, 7, 8, 9, 10, 12, 13, 14, 15, 19, 20, 21, 23, 24, 25, 26, 27, 28, 30, 31, 32, 34, 35, 36, 37, 38, 40, 41, 42, 44, 45, 46, 47, 48, 49, 50, 52, 53, 54, 57, 58, 61, 63, 64, 65, 66, 67, 68, 69, 70, 71, 72, 73, 74, 75, 76, 78, 79, 80, 81, 83, 84, 85, 86, 87, 89, 90, 92, 93, 94, 96, 98, 99, 100, 101, 102, 104, 107, 108, 110, 111, 113, 114, 115, 116, 117, 118, 119, 121, 122, 123, 124, 125, 127, 128, 129, 130, 132, 133, 134, 135, 136, 137, 138, 139, 140, 141, 142, 143, 146, 147, 148, 150, 153, 154, 155, 156, 158, 160, 161, 163, 164, 165, 166, 167, 168, 169, 170, 171, 172, 173, 174, 175, 176, 177, 178, 179, 180, 181, 182, 184, 185, 186, 187, 188, 189, 190, 191, 192, 194, 195, 197, 199, 200, 201, 202, 203, 204, 206, 207, 208, 209, 210, 211, 212, 216, 217, 219, 220, 221, 222, 223, 224, 225, 226, 227, 229, 230, 233, 234, 235, 236, 237, 238, 239, 240, 241, 242, 244, 245, 246, 247, 248, 249, 251, 253, 256, 257, 258, 259, 260, 263, 264, 265, 266, 267, 268, 269, 270, 271, 272, 274, 275, 276, 277, 278, 279, 280, 281, 282, 283, 284, 285, 286, 287, 289, 290, 292, 293, 294, 295]
Linhas de Teste [11, 16, 17, 18, 22, 29, 33, 39, 43, 51, 55, 56, 59, 60, 62, 77, 82, 88, 91, 95, 97, 103, 105, 106, 109, 112, 120, 126, 131, 144, 145, 149, 151, 152, 157, 159, 162, 183, 193, 196, 198, 205, 213, 214, 215, 218, 228, 231, 232, 243, 250, 252, 254, 255, 261, 262, 273, 288, 291, 296]

Rodada 131 / 150  87.33 %
Parâmetros ('EV_CE', 'PRE_CE', 'WAI_CE', 'saz_sin', 'saz_cos')
R2 de Treino = 97.27
R2 de Teste = 96.88
Coeficientes (pesos): [ 49.67406055 -13.13822403  -0.63164659  -7.21497111 -10.84637344
  10.92354488   5.13131967 -14.3205827  -11.86390838  -9.50567555
   0.96084837  -0.83142379  -3.34664445   1.66452531  -5.01455999
  16.30191108   6.00924437  -3.76839127  10.43477788   2.97750795]
Interceptor (constante): 98.66473926386433


********* Melhor Resultado do Fold ************
Linhas de Treino [0, 1, 2, 4, 5, 6, 7, 8, 9, 10, 11, 12, 13, 14, 16, 17, 18, 19, 20, 21, 22, 23, 24, 25, 26, 28, 29, 30, 33, 35, 36, 37, 38, 39, 41, 42, 43, 45, 46, 47, 48, 50, 51, 52, 54, 55, 56, 57, 59, 60, 61, 62, 63, 65, 66, 68, 69, 70, 71, 72, 73, 75, 77, 79, 81, 82, 83, 84, 85, 86, 88, 89, 90, 91, 92, 93, 94, 95, 96, 97, 98, 101, 102, 103, 104, 105, 106, 108, 109, 110, 111, 112, 113, 114, 116, 117, 119, 120, 122, 124, 125, 126, 127, 128, 129, 130, 131, 132, 134, 135, 137, 138, 139, 141, 143, 144, 145, 146, 148, 149, 150, 151, 152, 153, 154, 155, 157, 158, 159, 160, 161, 162, 163, 164, 165, 168, 172, 173, 175, 176, 177, 178, 179, 180, 181, 183, 184, 185, 186, 187, 188, 189, 190, 191, 192, 193, 195, 196, 197, 198, 200, 201, 202, 203, 205, 207, 208, 209, 210, 212, 213, 214, 215, 217, 218, 220, 222, 223, 224, 225, 226, 228, 229, 230, 231, 232, 234, 235, 236, 238, 241, 242, 243, 244, 245, 246, 247, 249, 250, 251, 252, 254, 255, 256, 257, 259, 260, 261, 262, 263, 265, 266, 267, 268, 269, 270, 272, 273, 274, 276, 277, 278, 279, 280, 281, 282, 283, 284, 285, 287, 288, 289, 291, 292, 293, 294, 296]
Linhas de Teste [3, 15, 27, 31, 32, 34, 40, 44, 49, 53, 58, 64, 67, 74, 76, 78, 80, 87, 99, 100, 107, 115, 118, 121, 123, 133, 136, 140, 142, 147, 156, 166, 167, 169, 170, 171, 174, 182, 194, 199, 204, 206, 211, 216, 219, 221, 227, 233, 237, 239, 240, 248, 253, 258, 264, 271, 275, 286, 290, 295]

Rodada 132 / 150  88.0 %
Parâmetros ('EV_CE', 'PRE_CE', 'WAI_CE', 'saz_sin', 'saz_cos')
R2 de Treino = 97.11
R2 de Teste = 97.05
Coeficientes (pesos): [ 48.96572168 -13.80223455   0.26595884  -7.08212879 -10.05995927
   9.52950443  10.12806183  -9.97017997 -13.26292743 -13.24507679
   2.61839937  -5.72297971  -5.38823909  -0.34456894  -7.9174932
  18.60958989   9.59059925  -4.39674345  12.03276158   3.590375  ]
Interceptor (constante): 98.85570134819365


********* Melhor Resultado do Fold ************
Linhas de Treino [0, 1, 2, 3, 4, 6, 7, 8, 9, 10, 11, 12, 14, 15, 16, 17, 18, 19, 20, 22, 25, 27, 28, 29, 30, 31, 32, 33, 34, 37, 38, 39, 40, 42, 43, 44, 45, 46, 47, 48, 49, 50, 51, 52, 53, 54, 55, 56, 57, 58, 59, 60, 61, 62, 63, 64, 65, 67, 68, 69, 71, 74, 75, 76, 77, 78, 80, 82, 83, 84, 87, 88, 89, 90, 91, 92, 93, 94, 95, 96, 97, 98, 99, 100, 101, 102, 103, 105, 106, 107, 109, 110, 112, 113, 114, 115, 116, 118, 119, 120, 121, 122, 123, 124, 125, 126, 127, 129, 130, 131, 132, 133, 136, 137, 138, 140, 142, 143, 144, 145, 146, 147, 148, 149, 151, 152, 153, 154, 156, 157, 158, 159, 161, 162, 163, 164, 165, 166, 167, 169, 170, 171, 173, 174, 176, 178, 179, 181, 182, 183, 185, 186, 187, 188, 190, 191, 192, 193, 194, 196, 197, 198, 199, 201, 202, 204, 205, 206, 207, 209, 211, 212, 213, 214, 215, 216, 217, 218, 219, 220, 221, 222, 223, 225, 226, 227, 228, 229, 231, 232, 233, 235, 236, 237, 239, 240, 242, 243, 247, 248, 249, 250, 252, 253, 254, 255, 256, 258, 259, 260, 261, 262, 263, 264, 265, 267, 268, 269, 270, 271, 272, 273, 274, 275, 277, 278, 280, 283, 284, 286, 287, 288, 290, 291, 293, 294, 295, 296]
Linhas de Teste [5, 13, 21, 23, 24, 26, 35, 36, 41, 66, 70, 72, 73, 79, 81, 85, 86, 104, 108, 111, 117, 128, 134, 135, 139, 141, 150, 155, 160, 168, 172, 175, 177, 180, 184, 189, 195, 200, 203, 208, 210, 224, 230, 234, 238, 241, 244, 245, 246, 251, 257, 266, 276, 279, 281, 282, 285, 289, 292]

Rodada 133 / 150  88.67 %
Parâmetros ('EV_CE', 'PRE_CE', 'WAI_CE', 'saz_sin', 'saz_cos')
R2 de Treino = 97.26
R2 de Teste = 95.85
Coeficientes (pesos): [ 53.185741   -12.20113809  -3.78138532  -6.84879191 -10.55079492
   9.64945592   1.20595326 -12.53225711 -12.46389748  -8.91509646
   1.90855362  -0.10873164  -0.7398552    1.81688298  -5.01373049
  16.02231394   6.56928914  -3.708945     9.76924898   3.41272891]
Interceptor (constante): 99.8170996341633


********* Melhor Resultado do Fold ************
Linhas de Treino [1, 2, 3, 5, 6, 8, 9, 10, 11, 13, 15, 16, 17, 18, 20, 21, 22, 23, 24, 26, 27, 28, 29, 31, 32, 33, 34, 35, 36, 37, 38, 39, 40, 41, 42, 43, 44, 45, 46, 47, 49, 50, 51, 52, 53, 55, 56, 58, 59, 60, 62, 63, 64, 65, 66, 67, 68, 70, 72, 73, 74, 75, 76, 77, 78, 79, 80, 81, 82, 83, 85, 86, 87, 88, 90, 91, 95, 96, 97, 98, 99, 100, 101, 102, 103, 104, 105, 106, 107, 108, 109, 110, 111, 112, 113, 115, 117, 118, 120, 121, 122, 123, 124, 125, 126, 127, 128, 129, 131, 133, 134, 135, 136, 139, 140, 141, 142, 144, 145, 146, 147, 149, 150, 151, 152, 153, 155, 156, 157, 158, 159, 160, 161, 162, 163, 166, 167, 168, 169, 170, 171, 172, 174, 175, 177, 178, 180, 181, 182, 183, 184, 186, 187, 188, 189, 190, 191, 192, 193, 194, 195, 196, 198, 199, 200, 201, 202, 203, 204, 205, 206, 208, 209, 210, 211, 213, 214, 215, 216, 218, 219, 221, 222, 223, 224, 225, 227, 228, 229, 230, 231, 232, 233, 234, 235, 237, 238, 239, 240, 241, 243, 244, 245, 246, 248, 250, 251, 252, 253, 254, 255, 257, 258, 259, 260, 261, 262, 264, 266, 271, 273, 275, 276, 279, 280, 281, 282, 284, 285, 286, 288, 289, 290, 291, 292, 293, 295, 296]
Linhas de Teste [0, 4, 7, 12, 14, 19, 25, 30, 48, 54, 57, 61, 69, 71, 84, 89, 92, 93, 94, 114, 116, 119, 130, 132, 137, 138, 143, 148, 154, 164, 165, 173, 176, 179, 185, 197, 207, 212, 217, 220, 226, 236, 242, 247, 249, 256, 263, 265, 267, 268, 269, 270, 272, 274, 277, 278, 283, 287, 294]

Rodada 134 / 150  89.33 %
Parâmetros ('EV_CE', 'PRE_CE', 'WAI_CE', 'saz_sin', 'saz_cos')
R2 de Treino = 97.4
R2 de Teste = 96.44
Coeficientes (pesos): [ 51.16557498 -13.42329502  -2.78278906  -7.26860666  -9.60405364
   8.93376092   6.56073478 -15.56367169  -6.5553022   -8.07605781
   1.31705323  -3.79224499  -1.6890067    2.12067472  -1.84515314
  12.19703321   6.84398748  -3.55877927   8.11970282   3.99630987]
Interceptor (constante): 98.43940899062274


********* Melhor Resultado do Fold ************
Linhas de Treino [0, 3, 4, 5, 7, 11, 12, 13, 14, 15, 16, 17, 18, 19, 21, 22, 23, 24, 25, 26, 27, 29, 30, 31, 32, 33, 34, 35, 36, 39, 40, 41, 43, 44, 48, 49, 51, 53, 54, 55, 56, 57, 58, 59, 60, 61, 62, 64, 66, 67, 69, 70, 71, 72, 73, 74, 76, 77, 78, 79, 80, 81, 82, 84, 85, 86, 87, 88, 89, 91, 92, 93, 94, 95, 97, 99, 100, 103, 104, 105, 106, 107, 108, 109, 111, 112, 114, 115, 116, 117, 118, 119, 120, 121, 123, 126, 128, 130, 131, 132, 133, 134, 135, 136, 137, 138, 139, 140, 141, 142, 143, 144, 145, 147, 148, 149, 150, 151, 152, 154, 155, 156, 157, 159, 160, 162, 164, 165, 166, 167, 168, 169, 170, 171, 172, 173, 174, 175, 176, 177, 179, 180, 182, 183, 184, 185, 189, 193, 194, 195, 196, 197, 198, 199, 200, 203, 204, 205, 206, 207, 208, 210, 211, 212, 213, 214, 215, 216, 217, 218, 219, 220, 221, 224, 226, 227, 228, 230, 231, 232, 233, 234, 236, 237, 238, 239, 240, 241, 242, 243, 244, 245, 246, 247, 248, 249, 250, 251, 252, 253, 254, 255, 256, 257, 258, 261, 262, 263, 264, 265, 266, 267, 268, 269, 270, 271, 272, 273, 274, 275, 276, 277, 278, 279, 281, 282, 283, 285, 286, 287, 288, 289, 290, 291, 292, 294, 295, 296]
Linhas de Teste [1, 2, 6, 8, 9, 10, 20, 28, 37, 38, 42, 45, 46, 47, 50, 52, 63, 65, 68, 75, 83, 90, 96, 98, 101, 102, 110, 113, 122, 124, 125, 127, 129, 146, 153, 158, 161, 163, 178, 181, 186, 187, 188, 190, 191, 192, 201, 202, 209, 222, 223, 225, 229, 235, 259, 260, 280, 284, 293]

Rodada 135 / 150  90.0 %
Parâmetros ('EV_CE', 'PRE_CE', 'WAI_CE', 'saz_sin', 'saz_cos')
R2 de Treino = 97.25
R2 de Teste = 96.41
Coeficientes (pesos): [ 48.94531809 -13.80711054  -0.4769551   -6.04822156  -9.12407951
  10.28921565   6.49755645 -11.59899406 -11.29514688  -9.68162798
   1.00671095  -1.02064523  -3.84467407   2.08724934  -5.68047366
  14.82013782   5.12569517  -3.11695246  11.18744877   3.86656976]
Interceptor (constante): 97.88436677009187


********* Melhor Resultado do Fold ************
Linhas de Treino [1, 2, 4, 5, 7, 8, 9, 10, 11, 12, 13, 15, 16, 17, 18, 19, 21, 22, 24, 25, 26, 27, 28, 29, 30, 31, 32, 33, 34, 36, 37, 38, 39, 40, 41, 42, 43, 44, 45, 46, 47, 48, 49, 50, 51, 52, 54, 55, 56, 57, 61, 63, 64, 66, 67, 68, 69, 70, 71, 72, 73, 74, 76, 77, 78, 81, 82, 84, 85, 87, 91, 95, 96, 97, 98, 99, 101, 102, 103, 105, 106, 108, 109, 110, 111, 113, 114, 115, 116, 117, 118, 119, 121, 122, 123, 124, 125, 126, 127, 129, 130, 131, 132, 133, 134, 135, 136, 138, 139, 140, 142, 143, 145, 146, 148, 150, 151, 152, 153, 154, 156, 158, 159, 161, 162, 164, 165, 166, 167, 168, 169, 170, 171, 173, 177, 178, 179, 183, 184, 185, 186, 187, 188, 189, 191, 192, 193, 194, 195, 197, 198, 199, 203, 204, 205, 206, 207, 208, 209, 210, 211, 212, 213, 215, 216, 217, 218, 219, 220, 221, 222, 223, 224, 225, 227, 228, 229, 230, 231, 233, 234, 235, 236, 237, 238, 241, 242, 243, 245, 246, 247, 249, 250, 251, 252, 253, 254, 255, 256, 257, 258, 259, 260, 261, 262, 263, 264, 265, 266, 267, 269, 270, 271, 272, 273, 274, 275, 276, 277, 278, 279, 280, 281, 282, 283, 284, 285, 286, 287, 288, 289, 290, 291, 292, 293, 294, 296]
Linhas de Teste [0, 3, 6, 14, 20, 23, 35, 53, 58, 59, 60, 62, 65, 75, 79, 80, 83, 86, 88, 89, 90, 92, 93, 94, 100, 104, 107, 112, 120, 128, 137, 141, 144, 147, 149, 155, 157, 160, 163, 172, 174, 175, 176, 180, 181, 182, 190, 196, 200, 201, 202, 214, 226, 232, 239, 240, 244, 248, 268, 295]

Rodada 136 / 150  90.67 %
Parâmetros ('EV_CE', 'PRE_CE', 'WAI_CE', 'saz_sin', 'saz_cos')
R2 de Treino = 97.04
R2 de Teste = 96.62
Coeficientes (pesos): [ 49.6606911  -12.74873783  -0.37202866  -7.35228557  -9.69879179
  13.06693048   3.58558399 -13.84384824 -11.88909806 -10.49977515
   0.80591005  -0.30041897  -1.78389492   3.25495435  -6.17570774
  15.53015871   6.10399464  -3.35083246   9.2975404    3.53463681]
Interceptor (constante): 98.43434393289586


********* Melhor Resultado do Fold ************
Linhas de Treino [0, 2, 3, 4, 6, 7, 8, 10, 11, 12, 14, 15, 18, 19, 20, 21, 22, 23, 24, 25, 26, 27, 28, 29, 30, 31, 32, 35, 36, 39, 40, 41, 42, 43, 44, 45, 46, 48, 51, 52, 53, 54, 55, 56, 57, 58, 59, 60, 61, 62, 63, 65, 66, 67, 68, 70, 71, 72, 73, 74, 75, 76, 78, 79, 80, 81, 82, 83, 84, 86, 88, 89, 90, 91, 92, 93, 94, 95, 96, 97, 99, 100, 101, 102, 103, 104, 105, 107, 109, 110, 111, 112, 113, 114, 116, 117, 118, 119, 120, 122, 123, 124, 125, 126, 127, 128, 129, 130, 132, 133, 134, 136, 137, 139, 140, 141, 142, 143, 144, 145, 146, 147, 148, 149, 151, 153, 154, 155, 156, 157, 158, 160, 161, 162, 163, 168, 169, 170, 171, 172, 173, 174, 175, 176, 178, 179, 180, 181, 182, 184, 186, 188, 190, 192, 193, 195, 196, 198, 200, 201, 202, 203, 204, 205, 206, 207, 208, 209, 210, 211, 212, 213, 214, 215, 216, 217, 218, 220, 221, 226, 227, 228, 229, 230, 231, 232, 233, 234, 235, 237, 238, 239, 240, 241, 242, 243, 244, 246, 247, 248, 250, 252, 253, 254, 256, 257, 258, 259, 261, 262, 263, 265, 266, 267, 268, 269, 271, 274, 275, 276, 277, 279, 280, 281, 282, 283, 284, 285, 286, 287, 289, 290, 292, 293, 294, 295, 296]
Linhas de Teste [1, 5, 9, 13, 16, 17, 33, 34, 37, 38, 47, 49, 50, 64, 69, 77, 85, 87, 98, 106, 108, 115, 121, 131, 135, 138, 150, 152, 159, 164, 165, 166, 167, 177, 183, 185, 187, 189, 191, 194, 197, 199, 219, 222, 223, 224, 225, 236, 245, 249, 251, 255, 260, 264, 270, 272, 273, 278, 288, 291]

Rodada 137 / 150  91.33 %
Parâmetros ('EV_CE', 'PRE_CE', 'WAI_CE', 'saz_sin', 'saz_cos')
R2 de Treino = 97.15
R2 de Teste = 97.35
Coeficientes (pesos): [ 50.19666762 -12.47023122  -3.68658747  -5.89727316 -10.78615018
  11.34341654   6.59381425 -16.77407058 -10.85174695 -10.0211526
   1.13457317  -2.19414098  -3.99358995   1.57402645  -2.40382555
  14.77111567   6.41518102  -3.72996116  11.66036133   3.34584957]
Interceptor (constante): 100.61135713891821


********* Melhor Resultado do Fold ************
Linhas de Treino [0, 1, 2, 3, 5, 6, 7, 8, 9, 11, 13, 14, 16, 17, 19, 20, 23, 24, 25, 28, 29, 30, 31, 32, 33, 34, 35, 36, 37, 38, 40, 43, 44, 46, 47, 49, 50, 51, 53, 54, 55, 56, 57, 58, 59, 60, 61, 62, 63, 64, 65, 66, 67, 68, 69, 70, 73, 74, 75, 76, 77, 79, 80, 81, 83, 85, 86, 87, 88, 89, 90, 91, 92, 93, 94, 95, 96, 97, 98, 99, 100, 101, 104, 105, 106, 107, 108, 109, 111, 112, 113, 115, 117, 118, 119, 120, 121, 122, 125, 126, 128, 129, 130, 131, 132, 135, 136, 137, 138, 139, 140, 141, 142, 143, 144, 145, 147, 149, 150, 152, 153, 155, 156, 157, 158, 159, 160, 161, 162, 163, 164, 165, 166, 167, 169, 170, 171, 172, 173, 174, 175, 176, 177, 178, 180, 181, 182, 183, 184, 185, 187, 188, 189, 190, 191, 194, 195, 196, 197, 199, 200, 201, 202, 203, 204, 205, 206, 207, 208, 209, 210, 211, 214, 216, 217, 218, 219, 220, 221, 222, 223, 224, 225, 226, 228, 229, 230, 232, 233, 234, 235, 236, 237, 238, 239, 240, 241, 242, 244, 245, 246, 248, 249, 251, 252, 254, 255, 256, 258, 259, 260, 261, 262, 264, 266, 268, 269, 270, 272, 273, 274, 275, 276, 277, 278, 281, 282, 283, 284, 285, 286, 288, 290, 291, 293, 294, 295, 296]
Linhas de Teste [4, 10, 12, 15, 18, 21, 22, 26, 27, 39, 41, 42, 45, 48, 52, 71, 72, 78, 82, 84, 102, 103, 110, 114, 116, 123, 124, 127, 133, 134, 146, 148, 151, 154, 168, 179, 186, 192, 193, 198, 212, 213, 215, 227, 231, 243, 247, 250, 253, 257, 263, 265, 267, 271, 279, 280, 287, 289, 292]

Rodada 138 / 150  92.0 %
Parâmetros ('EV_CE', 'PRE_CE', 'WAI_CE', 'saz_sin', 'saz_cos')
R2 de Treino = 97.59
R2 de Teste = 95.07
Coeficientes (pesos): [ 51.61235437 -14.04070436  -1.66974514  -6.87446285 -10.18486177
   8.46598935   6.95839577  -8.88070693 -10.40920805 -10.18246309
   1.73914651  -2.42934609  -3.14751517   0.54986709  -7.35728865
  14.4112214    7.11441222  -4.38711118  10.18137961   3.87512336]
Interceptor (constante): 98.23523319657542


********* Melhor Resultado do Fold ************
Linhas de Treino [0, 1, 3, 4, 5, 6, 7, 8, 9, 10, 11, 12, 13, 14, 15, 16, 17, 18, 19, 20, 21, 22, 23, 26, 27, 28, 31, 33, 34, 35, 36, 37, 38, 39, 41, 42, 43, 45, 47, 48, 49, 50, 51, 52, 53, 56, 57, 58, 59, 60, 61, 62, 64, 65, 68, 69, 71, 72, 73, 74, 75, 77, 78, 79, 80, 81, 82, 83, 84, 85, 86, 87, 88, 89, 90, 91, 92, 93, 94, 96, 97, 98, 99, 100, 101, 102, 103, 104, 105, 106, 107, 108, 110, 111, 112, 113, 114, 115, 116, 117, 118, 119, 120, 121, 122, 123, 124, 127, 128, 131, 132, 133, 134, 135, 136, 137, 138, 139, 141, 142, 143, 144, 145, 146, 147, 148, 149, 150, 151, 152, 154, 155, 156, 157, 159, 160, 163, 164, 165, 166, 167, 168, 169, 170, 171, 172, 174, 175, 176, 177, 179, 180, 181, 182, 183, 184, 185, 186, 187, 189, 190, 191, 192, 193, 194, 195, 196, 197, 198, 199, 200, 201, 202, 204, 205, 207, 209, 210, 212, 213, 214, 215, 216, 219, 222, 223, 224, 225, 226, 227, 228, 229, 230, 231, 232, 235, 236, 239, 240, 241, 243, 244, 245, 246, 247, 248, 249, 250, 251, 253, 254, 255, 257, 259, 260, 263, 264, 265, 267, 268, 269, 270, 271, 272, 273, 274, 277, 278, 279, 280, 287, 288, 289, 290, 291, 292, 293, 295]
Linhas de Teste [2, 24, 25, 29, 30, 32, 40, 44, 46, 54, 55, 63, 66, 67, 70, 76, 95, 109, 125, 126, 129, 130, 140, 153, 158, 161, 162, 173, 178, 188, 203, 206, 208, 211, 217, 218, 220, 221, 233, 234, 237, 238, 242, 252, 256, 258, 261, 262, 266, 275, 276, 281, 282, 283, 284, 285, 286, 294, 296]

Rodada 139 / 150  92.67 %
Parâmetros ('EV_CE', 'PRE_CE', 'WAI_CE', 'saz_sin', 'saz_cos')
R2 de Treino = 97.17
R2 de Teste = 97.08
Coeficientes (pesos): [ 46.60477932 -13.56922237   2.52556581  -7.03742313  -8.4936391
  11.81639272   5.40574975 -14.42990356  -9.93555197 -10.38751553
   0.96901416  -1.36548891  -2.29158056   1.92068417  -5.87010095
  14.29012541   6.09174285  -2.86953025  10.44884679   4.17192522]
Interceptor (constante): 98.13167095973427


********* Melhor Resultado do Fold ************
Linhas de Treino [0, 1, 2, 3, 4, 5, 6, 9, 10, 12, 13, 14, 15, 16, 17, 18, 20, 21, 22, 23, 24, 25, 26, 27, 29, 30, 32, 33, 34, 35, 37, 38, 39, 40, 41, 42, 44, 45, 46, 47, 48, 49, 50, 52, 53, 54, 55, 58, 59, 60, 62, 63, 64, 65, 66, 67, 69, 70, 71, 72, 75, 76, 77, 78, 79, 80, 82, 83, 84, 85, 86, 87, 88, 89, 90, 92, 93, 94, 95, 98, 100, 102, 103, 104, 106, 107, 108, 109, 110, 112, 114, 115, 116, 120, 121, 123, 124, 125, 126, 127, 128, 129, 130, 131, 133, 134, 135, 137, 138, 140, 141, 144, 146, 147, 148, 149, 150, 151, 152, 153, 154, 155, 157, 158, 159, 160, 161, 162, 163, 164, 165, 166, 167, 168, 172, 173, 174, 175, 176, 177, 178, 179, 180, 181, 182, 183, 185, 186, 187, 188, 189, 190, 191, 192, 193, 194, 196, 197, 198, 199, 200, 201, 202, 203, 206, 208, 211, 212, 213, 214, 215, 217, 218, 219, 220, 221, 222, 223, 224, 225, 226, 227, 231, 232, 233, 234, 236, 237, 238, 239, 240, 242, 243, 244, 245, 247, 248, 249, 250, 251, 252, 253, 255, 256, 257, 258, 260, 261, 262, 263, 264, 265, 266, 267, 268, 270, 271, 272, 273, 275, 276, 278, 279, 280, 281, 282, 283, 284, 285, 286, 287, 288, 289, 291, 292, 294, 295, 296]
Linhas de Teste [7, 8, 11, 19, 28, 31, 36, 43, 51, 56, 57, 61, 68, 73, 74, 81, 91, 96, 97, 99, 101, 105, 111, 113, 117, 118, 119, 122, 132, 136, 139, 142, 143, 145, 156, 169, 170, 171, 184, 195, 204, 205, 207, 209, 210, 216, 228, 229, 230, 235, 241, 246, 254, 259, 269, 274, 277, 290, 293]

Rodada 140 / 150  93.33 %
Parâmetros ('EV_CE', 'PRE_CE', 'WAI_CE', 'saz_sin', 'saz_cos')
R2 de Treino = 97.22
R2 de Teste = 97.23
Coeficientes (pesos): [ 48.45321299 -12.62852666   0.32312519  -6.93219176 -10.87478872
   8.35845057   7.18969345 -14.47969162 -11.65740104  -7.98312921
   1.56187388  -3.41697176  -4.41722069   0.20192152  -2.80880841
  17.5411619    6.72837373  -3.91642006  10.67671274   2.65020547]
Interceptor (constante): 99.29604711316502


********* Melhor Resultado do Fold ************
Linhas de Treino [0, 1, 2, 3, 4, 6, 8, 10, 11, 12, 13, 14, 15, 16, 17, 18, 19, 20, 21, 22, 23, 24, 25, 26, 27, 28, 29, 30, 31, 32, 33, 34, 35, 36, 37, 38, 40, 42, 43, 44, 45, 46, 47, 48, 50, 51, 52, 53, 54, 56, 57, 58, 59, 60, 62, 63, 65, 66, 68, 69, 70, 71, 72, 73, 74, 75, 76, 78, 79, 80, 81, 83, 84, 85, 86, 87, 88, 89, 90, 91, 92, 93, 94, 95, 96, 97, 98, 99, 100, 101, 102, 103, 104, 105, 106, 107, 108, 109, 111, 112, 114, 115, 119, 120, 123, 125, 126, 127, 129, 130, 131, 132, 135, 136, 137, 139, 141, 142, 143, 144, 145, 146, 147, 148, 149, 150, 151, 152, 153, 155, 157, 158, 159, 160, 162, 163, 164, 167, 168, 169, 170, 171, 172, 173, 174, 175, 176, 177, 179, 180, 181, 182, 183, 184, 185, 187, 188, 189, 190, 191, 193, 195, 196, 197, 198, 199, 201, 203, 204, 205, 207, 208, 209, 211, 212, 213, 214, 215, 216, 217, 218, 219, 223, 224, 226, 227, 230, 232, 234, 235, 237, 239, 240, 241, 243, 244, 245, 246, 247, 248, 249, 250, 251, 252, 253, 254, 255, 256, 257, 258, 259, 261, 262, 263, 264, 265, 266, 267, 268, 269, 270, 272, 274, 275, 276, 279, 280, 282, 283, 284, 285, 286, 289, 290, 291, 293, 296]
Linhas de Teste [5, 7, 9, 39, 41, 49, 55, 61, 64, 67, 77, 82, 110, 113, 116, 117, 118, 121, 122, 124, 128, 133, 134, 138, 140, 154, 156, 161, 165, 166, 178, 186, 192, 194, 200, 202, 206, 210, 220, 221, 222, 225, 228, 229, 231, 233, 236, 238, 242, 260, 271, 273, 277, 278, 281, 287, 288, 292, 294, 295]

Rodada 141 / 150  94.0 %
Parâmetros ('EV_CE', 'PRE_CE', 'WAI_CE', 'saz_sin', 'saz_cos')
R2 de Treino = 97.43
R2 de Teste = 96.12
Coeficientes (pesos): [ 50.2254619  -13.76751949  -0.91468373  -6.70664721  -9.60730601
   8.82533565   4.66360641  -8.8588483  -13.65866126  -9.87704044
   0.43944302   1.40568649  -4.13879559   2.04891865  -8.79833623
  18.20637891   5.61587592  -3.36161203  11.85734227   3.7302292 ]
Interceptor (constante): 99.05065472389569


********* Melhor Resultado do Fold ************
Linhas de Treino [0, 1, 2, 3, 4, 5, 6, 7, 8, 9, 10, 11, 12, 13, 14, 15, 16, 17, 18, 19, 20, 21, 22, 23, 24, 25, 26, 27, 28, 30, 31, 32, 33, 34, 35, 37, 38, 39, 40, 41, 43, 46, 47, 48, 49, 50, 52, 54, 55, 56, 57, 59, 60, 61, 62, 64, 65, 66, 67, 68, 69, 72, 73, 75, 76, 77, 78, 79, 82, 83, 84, 86, 87, 88, 89, 90, 91, 92, 93, 98, 100, 102, 103, 104, 108, 110, 111, 112, 113, 114, 115, 116, 117, 118, 119, 120, 121, 122, 123, 124, 126, 127, 128, 129, 130, 132, 133, 134, 136, 137, 138, 139, 140, 141, 144, 145, 146, 147, 148, 150, 151, 152, 153, 154, 156, 157, 158, 159, 160, 161, 164, 165, 166, 167, 168, 170, 171, 172, 173, 174, 175, 177, 178, 179, 180, 181, 184, 185, 186, 187, 191, 192, 194, 197, 198, 199, 200, 202, 203, 204, 205, 206, 207, 209, 210, 211, 212, 213, 214, 215, 217, 218, 219, 220, 221, 222, 223, 224, 225, 226, 227, 228, 229, 230, 231, 232, 233, 235, 236, 237, 238, 241, 242, 243, 245, 246, 247, 248, 249, 250, 255, 256, 258, 259, 260, 261, 262, 264, 265, 266, 267, 268, 269, 271, 272, 273, 274, 275, 276, 277, 278, 279, 280, 281, 282, 285, 286, 287, 288, 289, 290, 291, 292, 293, 294, 295, 296]
Linhas de Teste [29, 36, 42, 44, 45, 51, 53, 58, 63, 70, 71, 74, 80, 81, 85, 94, 95, 96, 97, 99, 101, 105, 106, 107, 109, 125, 131, 135, 142, 143, 149, 155, 162, 163, 169, 176, 182, 183, 188, 189, 190, 193, 195, 196, 201, 208, 216, 234, 239, 240, 244, 251, 252, 253, 254, 257, 263, 270, 283, 284]

Rodada 142 / 150  94.67 %
Parâmetros ('EV_CE', 'PRE_CE', 'WAI_CE', 'saz_sin', 'saz_cos')
R2 de Treino = 97.13
R2 de Teste = 96.84
Coeficientes (pesos): [ 42.45310872 -12.49101408   6.53777147  -7.46897762  -9.91121486
   5.7708591   10.12345992  -9.48248778  -3.1130401   -9.20977544
   2.34084144  -5.7742754   -5.33473944  -0.64778964  -6.11156356
  10.17409571   6.51385934  -4.13790566  11.04085215   3.18496217]
Interceptor (constante): 98.49205383860777


********* Melhor Resultado do Fold ************
Linhas de Treino [0, 1, 3, 4, 5, 6, 7, 9, 10, 12, 14, 15, 16, 19, 20, 21, 23, 24, 25, 26, 27, 29, 30, 34, 35, 36, 37, 38, 39, 41, 42, 43, 44, 45, 46, 47, 48, 49, 50, 51, 52, 53, 55, 56, 57, 58, 60, 61, 62, 63, 64, 66, 67, 68, 70, 71, 73, 74, 75, 76, 77, 80, 81, 82, 84, 85, 86, 88, 92, 93, 94, 95, 96, 97, 98, 99, 100, 101, 102, 103, 104, 105, 106, 107, 108, 109, 110, 111, 113, 114, 115, 116, 117, 118, 120, 121, 122, 123, 124, 125, 126, 127, 128, 129, 130, 131, 132, 133, 134, 135, 136, 138, 139, 140, 142, 143, 145, 146, 147, 148, 149, 152, 154, 155, 156, 157, 158, 159, 160, 161, 162, 163, 164, 165, 166, 167, 168, 169, 171, 172, 173, 174, 176, 177, 178, 179, 181, 182, 183, 184, 186, 187, 188, 189, 190, 192, 193, 194, 195, 196, 197, 199, 200, 201, 202, 203, 204, 205, 206, 208, 209, 210, 211, 213, 214, 215, 216, 219, 220, 221, 222, 223, 224, 225, 226, 228, 229, 230, 231, 232, 233, 234, 236, 237, 238, 239, 240, 241, 242, 243, 244, 247, 248, 251, 252, 253, 254, 255, 257, 260, 261, 263, 265, 266, 267, 268, 269, 270, 271, 272, 273, 274, 275, 277, 278, 280, 281, 282, 283, 284, 287, 288, 289, 290, 292, 293, 294, 295]
Linhas de Teste [2, 8, 11, 13, 17, 18, 22, 28, 31, 32, 33, 40, 54, 59, 65, 69, 72, 78, 79, 83, 87, 89, 90, 91, 112, 119, 137, 141, 144, 150, 151, 153, 170, 175, 180, 185, 191, 198, 207, 212, 217, 218, 227, 235, 245, 246, 249, 250, 256, 258, 259, 262, 264, 276, 279, 285, 286, 291, 296]

Rodada 143 / 150  95.33 %
Parâmetros ('EV_CE', 'PRE_CE', 'WAI_CE', 'saz_sin', 'saz_cos')
R2 de Treino = 97.5
R2 de Teste = 95.13
Coeficientes (pesos): [ 53.33144427 -12.81655065  -5.17967758  -6.4167821   -9.95550579
  10.79557431   5.94235321 -13.86159794 -14.13708759 -10.41529905
   1.95516949  -2.78451844  -3.066206     1.05820069  -4.13950915
  18.17049935   7.66800138  -3.12063276  10.33781002   4.2971316 ]
Interceptor (constante): 99.48893578453605


********* Melhor Resultado do Fold ************
Linhas de Treino [1, 2, 5, 7, 8, 9, 10, 11, 13, 16, 17, 18, 19, 20, 22, 24, 25, 26, 27, 28, 29, 30, 31, 32, 33, 36, 37, 39, 40, 41, 42, 43, 44, 45, 49, 51, 53, 54, 55, 57, 58, 59, 60, 61, 63, 64, 65, 67, 68, 69, 70, 71, 72, 74, 75, 77, 78, 79, 80, 81, 82, 83, 84, 85, 86, 87, 89, 90, 91, 92, 93, 94, 95, 96, 97, 98, 99, 100, 101, 104, 105, 106, 107, 109, 110, 112, 113, 114, 116, 117, 118, 119, 120, 121, 122, 124, 125, 126, 128, 129, 131, 132, 133, 134, 135, 137, 138, 140, 141, 142, 143, 144, 147, 148, 149, 150, 151, 153, 154, 155, 156, 157, 159, 160, 161, 162, 163, 164, 165, 166, 167, 169, 170, 172, 173, 175, 176, 178, 179, 180, 182, 183, 185, 186, 188, 189, 190, 191, 192, 193, 194, 195, 196, 197, 198, 200, 201, 202, 203, 206, 207, 208, 210, 212, 213, 214, 215, 216, 217, 218, 219, 220, 221, 222, 225, 226, 227, 228, 229, 230, 231, 233, 234, 235, 236, 238, 239, 240, 241, 242, 243, 244, 245, 246, 247, 248, 249, 250, 251, 252, 253, 254, 255, 256, 257, 258, 259, 260, 261, 262, 263, 264, 266, 270, 271, 273, 274, 275, 276, 277, 278, 279, 280, 281, 282, 283, 284, 285, 286, 287, 288, 289, 291, 292, 293, 294, 295, 296]
Linhas de Teste [0, 3, 4, 6, 12, 14, 15, 21, 23, 34, 35, 38, 46, 47, 48, 50, 52, 56, 62, 66, 73, 76, 88, 102, 103, 108, 111, 115, 123, 127, 130, 136, 139, 145, 146, 152, 158, 168, 171, 174, 177, 181, 184, 187, 199, 204, 205, 209, 211, 223, 224, 232, 237, 265, 267, 268, 269, 272, 290]

Rodada 144 / 150  96.0 %
Parâmetros ('EV_CE', 'PRE_CE', 'WAI_CE', 'saz_sin', 'saz_cos')
R2 de Treino = 97.1
R2 de Teste = 97.27
Coeficientes (pesos): [ 49.28880975 -12.84625777  -1.46288331  -6.24834449 -10.09011085
  11.07245103   5.91708498 -15.47623512 -10.37965164  -9.86548525
   0.89258119  -3.03419938  -2.1861018    2.72742583  -3.35164959
  14.82680092   7.31151809  -3.70512236   9.12220539   3.43143997]
Interceptor (constante): 97.59424496086916


********* Melhor Resultado do Fold ************
Linhas de Treino [0, 2, 3, 4, 5, 6, 7, 8, 9, 11, 12, 13, 14, 15, 17, 18, 21, 22, 23, 28, 29, 31, 32, 33, 34, 35, 36, 38, 39, 40, 41, 42, 44, 45, 46, 47, 48, 49, 50, 51, 52, 53, 54, 55, 56, 58, 59, 61, 62, 63, 64, 65, 66, 67, 69, 70, 71, 72, 73, 74, 76, 77, 78, 79, 80, 81, 82, 83, 85, 87, 88, 89, 90, 91, 94, 95, 96, 97, 99, 101, 102, 103, 105, 106, 107, 108, 109, 110, 111, 112, 113, 115, 116, 117, 118, 119, 121, 122, 123, 124, 125, 127, 128, 130, 131, 133, 134, 135, 136, 137, 138, 139, 140, 141, 142, 143, 144, 145, 146, 149, 150, 151, 152, 153, 154, 155, 156, 158, 161, 162, 163, 165, 166, 168, 169, 170, 171, 174, 175, 176, 177, 178, 180, 181, 182, 183, 184, 185, 186, 187, 188, 189, 190, 191, 192, 193, 194, 195, 196, 198, 199, 200, 201, 202, 204, 205, 206, 207, 208, 209, 210, 211, 212, 216, 217, 218, 220, 221, 222, 223, 224, 225, 227, 228, 229, 231, 232, 233, 234, 235, 236, 237, 238, 239, 240, 242, 244, 245, 246, 249, 250, 251, 252, 253, 254, 256, 257, 258, 259, 260, 262, 263, 264, 265, 267, 268, 269, 270, 271, 272, 273, 276, 277, 278, 279, 281, 283, 284, 285, 286, 287, 288, 290, 291, 292, 294, 295, 296]
Linhas de Teste [1, 10, 16, 19, 20, 24, 25, 26, 27, 30, 37, 43, 57, 60, 68, 75, 84, 86, 92, 93, 98, 100, 104, 114, 120, 126, 129, 132, 147, 148, 157, 159, 160, 164, 167, 172, 173, 179, 197, 203, 213, 214, 215, 219, 226, 230, 241, 243, 247, 248, 255, 261, 266, 274, 275, 280, 282, 289, 293]

Rodada 145 / 150  96.67 %
Parâmetros ('EV_CE', 'PRE_CE', 'WAI_CE', 'saz_sin', 'saz_cos')
R2 de Treino = 97.16
R2 de Teste = 97.03
Coeficientes (pesos): [ 52.51255579 -13.7122964   -3.0785521   -7.2891581  -10.42878598
  11.29460386   5.18753392 -14.30291445 -11.43079305  -9.99585525
   0.85464097  -0.46439616  -2.84941123   2.52608668  -4.4167101
  14.72967514   5.06178259  -4.00581456  10.76691297   3.11922553]
Interceptor (constante): 99.54170614349671


********* Melhor Resultado do Fold ************
Linhas de Treino [0, 1, 2, 3, 4, 5, 6, 7, 8, 9, 10, 11, 12, 16, 19, 20, 21, 23, 24, 25, 26, 27, 29, 30, 31, 32, 33, 34, 35, 36, 37, 38, 39, 40, 41, 43, 45, 46, 47, 48, 51, 52, 53, 54, 55, 56, 57, 59, 61, 62, 63, 64, 66, 67, 68, 71, 72, 73, 75, 76, 77, 78, 79, 80, 82, 83, 84, 85, 86, 87, 88, 91, 92, 94, 95, 96, 97, 98, 99, 100, 102, 103, 104, 105, 106, 107, 109, 110, 111, 112, 114, 115, 117, 118, 119, 120, 121, 122, 123, 125, 126, 127, 130, 131, 133, 134, 135, 136, 137, 138, 139, 140, 141, 142, 144, 145, 146, 147, 148, 149, 150, 151, 152, 153, 154, 155, 156, 157, 160, 161, 162, 164, 166, 167, 169, 170, 171, 172, 173, 174, 175, 177, 178, 179, 180, 181, 182, 184, 185, 187, 188, 189, 190, 192, 193, 194, 195, 196, 198, 199, 200, 202, 203, 204, 205, 206, 208, 209, 210, 213, 214, 215, 216, 217, 218, 219, 220, 221, 222, 223, 224, 225, 226, 228, 229, 230, 232, 233, 234, 235, 236, 237, 238, 239, 240, 241, 242, 243, 245, 249, 250, 251, 252, 253, 254, 257, 258, 259, 260, 261, 262, 263, 264, 265, 266, 268, 270, 271, 273, 275, 276, 278, 279, 280, 282, 283, 285, 286, 287, 288, 290, 291, 292, 293, 294, 295, 296]
Linhas de Teste [13, 14, 15, 17, 18, 22, 28, 42, 44, 49, 50, 58, 60, 65, 69, 70, 74, 81, 89, 90, 93, 101, 108, 113, 116, 124, 128, 129, 132, 143, 158, 159, 163, 165, 168, 176, 183, 186, 191, 197, 201, 207, 211, 212, 227, 231, 244, 246, 247, 248, 255, 256, 267, 269, 272, 274, 277, 281, 284, 289]

Rodada 146 / 150  97.33 %
Parâmetros ('EV_CE', 'PRE_CE', 'WAI_CE', 'saz_sin', 'saz_cos')
R2 de Treino = 97.09
R2 de Teste = 97.37
Coeficientes (pesos): [ 49.62709122 -12.18340129  -2.53069059  -6.59011302 -10.16705163
   9.94444887   5.26966699 -12.48432874 -10.8583221   -9.70697644
   0.53687502  -1.4004206   -2.68664215   2.81471745  -4.26038349
  14.603538     6.36787961  -2.92091498  10.45148026   3.62919203]
Interceptor (constante): 98.04704010007245


********* Melhor Resultado do Fold ************
Linhas de Treino [0, 1, 2, 4, 5, 6, 7, 8, 11, 13, 14, 15, 16, 17, 18, 21, 22, 23, 24, 25, 26, 27, 28, 29, 31, 32, 33, 36, 37, 38, 39, 40, 41, 42, 43, 44, 45, 46, 47, 48, 49, 50, 51, 52, 53, 56, 57, 58, 60, 62, 65, 66, 67, 69, 70, 71, 73, 74, 77, 78, 79, 81, 82, 83, 86, 89, 90, 91, 92, 93, 95, 96, 97, 99, 100, 101, 102, 103, 104, 105, 106, 107, 108, 109, 110, 111, 113, 114, 115, 116, 117, 118, 119, 122, 123, 124, 125, 126, 128, 129, 131, 132, 134, 135, 136, 137, 138, 141, 142, 143, 146, 147, 149, 150, 151, 152, 153, 154, 155, 156, 157, 158, 159, 160, 161, 162, 163, 165, 166, 167, 168, 169, 171, 172, 173, 174, 175, 176, 177, 182, 183, 184, 186, 187, 188, 189, 190, 191, 192, 193, 194, 195, 196, 197, 198, 199, 201, 202, 203, 205, 206, 207, 208, 209, 210, 211, 212, 213, 214, 215, 216, 217, 219, 221, 222, 223, 224, 225, 226, 227, 228, 229, 230, 231, 232, 233, 235, 236, 238, 239, 240, 241, 242, 244, 245, 246, 247, 248, 249, 251, 252, 253, 255, 256, 257, 259, 261, 262, 263, 264, 265, 266, 267, 269, 270, 271, 272, 273, 274, 275, 277, 278, 279, 280, 281, 282, 283, 284, 286, 287, 289, 290, 292, 293, 294, 295, 296]
Linhas de Teste [3, 9, 10, 12, 19, 20, 30, 34, 35, 54, 55, 59, 61, 63, 64, 68, 72, 75, 76, 80, 84, 85, 87, 88, 94, 98, 112, 120, 121, 127, 130, 133, 139, 140, 144, 145, 148, 164, 170, 178, 179, 180, 181, 185, 200, 204, 218, 220, 234, 237, 243, 250, 254, 258, 260, 268, 276, 285, 288, 291]

Rodada 147 / 150  98.0 %
Parâmetros ('EV_CE', 'PRE_CE', 'WAI_CE', 'saz_sin', 'saz_cos')
R2 de Treino = 97.38
R2 de Teste = 96.41
Coeficientes (pesos): [ 51.48418347 -12.76695939  -1.86565124  -6.82331541 -10.69296347
   5.50213981   3.68154996  -6.06825862 -10.05904853  -7.25217376
   1.38814624  -0.83487908  -2.44324867   1.72607063  -8.37741144
  15.49877336   5.17938068  -4.30948817   9.48849561   3.05677902]
Interceptor (constante): 99.93997365024372


********* Melhor Resultado do Fold ************
Linhas de Treino [3, 4, 5, 6, 8, 9, 10, 11, 12, 13, 14, 15, 17, 18, 19, 20, 22, 23, 24, 25, 26, 27, 28, 29, 30, 33, 34, 35, 36, 38, 40, 41, 42, 43, 44, 46, 47, 48, 49, 50, 52, 54, 55, 57, 58, 59, 60, 61, 62, 63, 64, 65, 66, 67, 68, 69, 70, 71, 72, 73, 74, 75, 76, 77, 78, 79, 80, 81, 82, 84, 85, 87, 88, 89, 90, 91, 92, 93, 94, 97, 98, 99, 101, 102, 103, 105, 107, 108, 109, 110, 111, 112, 113, 114, 115, 116, 117, 118, 120, 121, 122, 123, 124, 126, 127, 128, 129, 130, 131, 132, 133, 134, 135, 137, 138, 139, 140, 141, 143, 144, 145, 146, 147, 148, 150, 152, 155, 157, 158, 159, 160, 161, 162, 163, 164, 165, 166, 167, 168, 170, 172, 174, 176, 178, 179, 180, 181, 183, 184, 185, 186, 188, 189, 191, 193, 196, 197, 198, 200, 201, 202, 203, 204, 205, 206, 207, 209, 210, 211, 212, 213, 214, 216, 218, 219, 220, 221, 222, 223, 224, 225, 226, 227, 228, 229, 231, 232, 233, 234, 235, 236, 237, 242, 243, 244, 245, 246, 247, 248, 249, 250, 254, 255, 256, 257, 258, 259, 260, 261, 262, 263, 266, 267, 268, 269, 270, 271, 272, 273, 274, 276, 277, 279, 280, 281, 282, 283, 284, 285, 286, 288, 289, 290, 291, 292, 293, 294, 295]
Linhas de Teste [0, 1, 2, 7, 16, 21, 31, 32, 37, 39, 45, 51, 53, 56, 83, 86, 95, 96, 100, 104, 106, 119, 125, 136, 142, 149, 151, 153, 154, 156, 169, 171, 173, 175, 177, 182, 187, 190, 192, 194, 195, 199, 208, 215, 217, 230, 238, 239, 240, 241, 251, 252, 253, 264, 265, 275, 278, 287, 296]

Rodada 148 / 150  98.67 %
Parâmetros ('EV_CE', 'PRE_CE', 'WAI_CE', 'saz_sin', 'saz_cos')
R2 de Treino = 97.27
R2 de Teste = 96.48
Coeficientes (pesos): [ 50.11056166 -13.18614163  -1.77081581  -7.25540204 -10.87635832
  11.39687298   8.07804873 -18.03493236  -7.28333276 -11.37582247
   1.16728347  -2.26063712  -4.59054879   1.42481378  -2.01762244
  12.26875951   6.17628977  -5.11383811  12.24391574   2.98385225]
Interceptor (constante): 99.75697715075177


********* Melhor Resultado do Fold ************
Linhas de Treino [0, 1, 2, 3, 4, 5, 6, 7, 9, 10, 11, 12, 13, 14, 15, 16, 17, 18, 19, 20, 21, 22, 23, 25, 28, 29, 30, 31, 32, 34, 35, 36, 37, 39, 41, 42, 43, 44, 45, 46, 48, 49, 50, 51, 53, 54, 55, 56, 58, 59, 60, 61, 62, 63, 64, 65, 66, 68, 69, 70, 71, 72, 74, 75, 76, 80, 81, 83, 84, 85, 86, 87, 88, 89, 90, 91, 92, 93, 94, 95, 96, 97, 98, 99, 100, 101, 102, 104, 105, 106, 108, 112, 113, 115, 116, 117, 119, 120, 121, 124, 125, 126, 127, 128, 129, 130, 132, 133, 134, 135, 136, 139, 140, 141, 142, 143, 144, 145, 148, 149, 151, 153, 154, 155, 156, 157, 158, 159, 161, 162, 163, 164, 165, 166, 167, 168, 169, 170, 171, 173, 174, 175, 176, 177, 178, 179, 180, 181, 182, 183, 184, 185, 186, 187, 190, 191, 192, 194, 195, 197, 198, 199, 200, 201, 202, 204, 205, 207, 208, 209, 211, 212, 213, 215, 217, 218, 219, 220, 221, 224, 225, 227, 228, 230, 231, 233, 234, 236, 237, 238, 239, 240, 241, 243, 244, 245, 246, 247, 248, 250, 251, 252, 253, 254, 255, 256, 257, 258, 260, 261, 264, 265, 267, 268, 269, 272, 273, 274, 275, 276, 277, 278, 279, 280, 281, 282, 284, 285, 286, 287, 288, 289, 290, 291, 292, 294, 295, 296]
Linhas de Teste [8, 24, 26, 27, 33, 38, 40, 47, 52, 57, 67, 73, 77, 78, 79, 82, 103, 107, 109, 110, 111, 114, 118, 122, 123, 131, 137, 138, 146, 147, 150, 152, 160, 172, 188, 189, 193, 196, 203, 206, 210, 214, 216, 222, 223, 226, 229, 232, 235, 242, 249, 259, 262, 263, 266, 270, 271, 283, 293]

Rodada 149 / 150  99.33 %
Parâmetros ('EV_CE', 'PRE_CE', 'WAI_CE', 'saz_sin', 'saz_cos')
R2 de Treino = 97.16
R2 de Teste = 97.05
Coeficientes (pesos): [ 4.84119443e+01 -1.40237881e+01 -3.27419961e-04 -6.24037325e+00
 -9.11334261e+00  9.79843607e+00  6.91887240e+00 -1.31277262e+01
 -1.25951070e+01 -8.64460755e+00  1.82467638e+00 -3.45121479e+00
 -3.71785607e+00  1.21189078e+00 -4.47550483e+00  1.74628531e+01
  5.93680066e+00 -3.31298579e+00  1.06049164e+01  3.69762940e+00]
Interceptor (constante): 97.18175434758572


********* Melhor Resultado do Fold ************
Linhas de Treino [0, 1, 2, 3, 7, 8, 9, 10, 12, 13, 14, 15, 16, 17, 18, 19, 20, 21, 22, 24, 26, 27, 28, 30, 31, 32, 33, 34, 35, 37, 38, 39, 40, 42, 44, 45, 47, 49, 50, 51, 52, 53, 54, 55, 56, 57, 58, 59, 60, 61, 63, 64, 65, 67, 68, 69, 70, 72, 73, 74, 75, 76, 77, 78, 79, 80, 81, 82, 83, 84, 85, 86, 87, 88, 89, 90, 93, 94, 95, 96, 98, 100, 101, 103, 104, 106, 107, 108, 109, 110, 111, 112, 113, 114, 116, 118, 119, 120, 121, 122, 123, 124, 125, 127, 128, 129, 130, 131, 132, 133, 136, 137, 138, 139, 140, 142, 143, 144, 145, 146, 147, 148, 149, 150, 151, 152, 153, 154, 156, 158, 159, 160, 163, 164, 165, 168, 169, 170, 171, 172, 173, 175, 176, 177, 178, 179, 180, 181, 182, 183, 185, 186, 187, 188, 189, 190, 191, 192, 193, 194, 195, 196, 197, 199, 200, 201, 203, 204, 206, 207, 208, 210, 211, 212, 214, 215, 216, 217, 218, 220, 222, 223, 226, 227, 229, 230, 231, 232, 234, 235, 237, 238, 239, 240, 241, 242, 243, 244, 246, 247, 248, 249, 250, 251, 252, 253, 254, 255, 256, 258, 259, 260, 262, 263, 264, 265, 266, 267, 268, 269, 270, 271, 272, 274, 275, 276, 277, 278, 281, 283, 284, 285, 287, 288, 289, 291, 293, 296]
Linhas de Teste [4, 5, 6, 11, 23, 25, 29, 36, 41, 43, 46, 48, 62, 66, 71, 91, 92, 97, 99, 102, 105, 115, 117, 126, 134, 135, 141, 155, 157, 161, 162, 166, 167, 174, 184, 198, 202, 205, 209, 213, 219, 221, 224, 225, 228, 233, 236, 245, 257, 261, 273, 279, 280, 282, 286, 290, 292, 294, 295]

Rodada 150 / 150  100.0 %
Parâmetros ('EV_CE', 'PRE_CE', 'WAI_CE', 'saz_sin', 'saz_cos')
R2 de Treino = 97.42
R2 de Teste = 95.97
Coeficientes (pesos): [ 51.79459761 -12.82443102  -1.30340837  -7.50834072  -9.66866167
  11.85120037   5.73570694 -15.90599774 -12.29087277 -10.47642344
   1.09101136  -1.56192371  -3.01462165   1.12308191  -5.22927713
  17.09663874   7.68591689  -2.81941302   9.50204175   4.33757173]
Interceptor (constante): 99.19067934778964

